pair,total_pnl,trade_count,avg_pnl,std_pnl,win_count,win_rate,trade_sharpe
IOTAUSDT-VETUSDT,1305.5264702084594,11,118.6842245644054,330.27766039474005,6,0.5454545454545454,0.35934681268650387
BLURUSDT-XVGUSDT,3473.9480011996216,9,385.9942223555135,629.6293847857778,5,0.5555555555555556,0.6130498856670141
FLOWUSDT-ZILUSDT,1966.0282342904093,9,218.44758158782327,827.0790250578084,5,0.5555555555555556,0.26411935857345065
IDEXUSDT-STEEMUSDT,674.415807924298,9,74.93508976936644,358.4495508308126,5,0.5555555555555556,0.20905337890836315
STRAXUSDT-VTHOUSDT,856.4790911115178,8,107.05988638893973,400.97099133394937,6,0.75,0.2670015754326096
GLMUSDT-POWRUSDT,1992.240508756464,8,249.030063594558,520.3427955665961,5,0.625,0.47858847228468226
MTLUSDT-VTHOUSDT,933.093894834855,8,116.63673685435687,361.83880443363125,5,0.625,0.32234446782711074
ATAUSDT-FLOWUSDT,7985.391016365648,7,1140.7701451950927,1400.537005987933,6,0.8571428571428571,0.8145233866136926
BICOUSDT-ZILUSDT,2919.0739100882456,7,417.0105585840351,469.7856757966835,6,0.8571428571428571,0.8876612891119977
ALGOUSDT-VETUSDT,4916.428488986789,7,702.3469269981126,1370.8473170989366,4,0.5714285714285714,0.512345115489928
BLURUSDT-ZRXUSDT,1403.868151715367,7,200.5525931021953,766.4230123343609,4,0.5714285714285714,0.2616735012840427
CVCUSDT-MINAUSDT,4572.593740322769,7,653.227677188967,1496.1977966223114,4,0.5714285714285714,0.43659179198341164
HOTUSDT-IOTAUSDT,557.4548201581913,7,79.63640287974161,232.1083169259916,4,0.5714285714285714,0.3431001695003196
POWRUSDT-ZILUSDT,288.8663542001258,7,41.266622028589396,459.1755841758186,4,0.5714285714285714,0.0898711156488416
STEEMUSDT-TLMUSDT,11044.347654671554,7,1577.7639506673647,5608.77843461932,4,0.5714285714285714,0.2813025989632359
NKNUSDT-VOXELUSDT,1038.2566040500155,6,173.04276734166925,131.4585173054911,6,1.0,1.3163298269943375
QNTUSDT-RENDERUSDT,8364.526057090843,6,1394.0876761818072,1430.7542015911145,6,1.0,0.974372589387799
ACHUSDT-VTHOUSDT,3298.358449687797,6,549.7264082812995,877.9672195815766,5,0.8333333333333334,0.6261354592980012
ARPAUSDT-NFPUSDT,6844.093889866595,6,1140.6823149777658,2052.317854680979,5,0.8333333333333334,0.555801974034416
CELOUSDT-POLYXUSDT,1823.1348671073938,6,303.85581118456565,889.3708156554264,5,0.8333333333333334,0.34165255463283617
EDUUSDT-MOVRUSDT,12333.936918879479,6,2055.65615314658,2635.4052735132163,5,0.8333333333333334,0.7800151930356495
FXSUSDT-XAIUSDT,7127.279372805,6,1187.8798954675,1639.5483316418363,5,0.8333333333333334,0.7245165467479464
PAXGUSDT-REZUSDT,5484.734546390348,6,914.1224243983914,2059.2528242486096,5,0.8333333333333334,0.4439097587407418
RADUSDT-VICUSDT,2542.472497312433,6,423.74541621873885,502.2586527648632,5,0.8333333333333334,0.8436796735826849
BATUSDT-MANTAUSDT,3084.1226496318723,6,514.020441605312,1230.0271967469141,4,0.6666666666666666,0.417893557934943
BATUSDT-ZRXUSDT,3711.4980303128345,6,618.5830050521391,804.4813107687372,4,0.6666666666666666,0.7689215358664336
CELRUSDT-VANRYUSDT,4656.934084397148,6,776.155680732858,1411.4904445789139,4,0.6666666666666666,0.5498837655712266
ENJUSDT-VICUSDT,732.4890155608246,6,122.08150259347076,1408.8168497590336,4,0.6666666666666666,0.08665533963080566
GALAUSDT-ZILUSDT,1877.0756764342846,6,312.84594607238074,1393.5670417523575,4,0.6666666666666666,0.22449292836244814
GLMUSDT-HIVEUSDT,2751.388270685629,6,458.5647117809381,768.5771642899009,4,0.6666666666666666,0.5966410831430471
IDEXUSDT-ILVUSDT,1614.3000675031403,6,269.05001125052337,745.5807811410076,4,0.6666666666666666,0.3608596386279965
MINAUSDT-SUSHIUSDT,4144.374292660945,6,690.7290487768241,1582.7195900319275,4,0.6666666666666666,0.4364190935192066
NKNUSDT-PORTALUSDT,1843.3795128938004,6,307.2299188156334,755.6089385033029,4,0.6666666666666666,0.4065991059134228
QTUMUSDT-STEEMUSDT,2299.333170253548,6,383.22219504225797,824.2770387321825,4,0.6666666666666666,0.4649191679919783
RADUSDT-STGUSDT,4673.670563272739,6,778.9450938787899,1174.4024563755058,4,0.6666666666666666,0.6632692989103629
SCUSDT-STORJUSDT,3369.7032988266956,6,561.617216471116,1083.2948059708942,4,0.6666666666666666,0.5184343295800916
VICUSDT-ZROUSDT,1812.2276675517944,6,302.03794459196575,1761.0290799948148,4,0.6666666666666666,0.1715121845647518
ANKRUSDT-KDAUSDT,4317.965954575746,5,863.5931909151492,1040.7890691640087,5,1.0,0.8297485210992961
ANKRUSDT-ZRXUSDT,4339.134366245914,5,867.8268732491828,798.9111971731963,5,1.0,1.0862619979790398
BATUSDT-SUSHIUSDT,2128.8954242900495,5,425.7790848580099,639.7648926895591,5,1.0,0.66552430388614
BICOUSDT-ICPUSDT,2927.038143777026,5,585.4076287554052,527.1849448973418,5,1.0,1.1104407180470623
CHESSUSDT-SEIUSDT,11440.417218596142,5,2288.0834437192284,2907.368431354701,5,1.0,0.7869946646745029
DGBUSDT-ICXUSDT,1937.825945101633,5,387.56518902032656,329.15966623593727,5,1.0,1.1774382732012039
GTCUSDT-SSVUSDT,7647.348222295229,5,1529.4696444590459,926.0075140514618,5,1.0,1.6516816777947303
HIVEUSDT-IDEXUSDT,9989.058630890433,5,1997.8117261780867,1659.7305484428648,5,1.0,1.2036964241288473
POWRUSDT-SLPUSDT,2888.961440057559,5,577.7922880115118,650.0531922663461,5,1.0,0.8888384748901798
RDNTUSDT-ZRXUSDT,2065.647191156841,5,413.1294382313682,480.77333541980715,5,1.0,0.8593018950824866
STEEMUSDT-WUSDT,6834.744314534485,5,1366.948862906897,1461.931976994167,5,1.0,0.9350290467805746
STRAXUSDT-ZKUSDT,1677.8859294313133,5,335.57718588626267,132.26382053369284,5,1.0,2.5371804967691665
TWTUSDT-YFIUSDT,2893.717499397841,5,578.7434998795682,333.8054117091199,5,1.0,1.7337750664866058
ALPACAUSDT-VIDTUSDT,3322.406823060628,5,664.4813646121256,906.5970166805571,4,0.8,0.7329401623723389
ANKRUSDT-OGNUSDT,901.4682095125977,5,180.29364190251954,441.42939601275407,4,0.8,0.4084314355388112
APEUSDT-CELRUSDT,2075.4524614496645,5,415.0904922899329,595.4318337140967,4,0.8,0.6971251263150355
APEUSDT-ZILUSDT,2214.6863245023255,5,442.9372649004651,953.5526812031492,4,0.8,0.4645126311653669
ARKMUSDT-LRCUSDT,2395.7723097927073,5,479.15446195854145,537.2387109533033,4,0.8,0.8918837235468489
ASTRUSDT-WLDUSDT,2395.3571937439706,5,479.0714387487941,688.9077844604793,4,0.8,0.6954072076917822
ATAUSDT-DYMUSDT,1719.3351380452136,5,343.86702760904274,524.0654568376389,4,0.8,0.6561528204587933
ATAUSDT-HIGHUSDT,2410.877395168304,5,482.17547903366074,664.320437528207,4,0.8,0.7258176202251607
BNTUSDT-YFIUSDT,7570.37880159817,5,1514.075760319634,2525.621141613697,4,0.8,0.5994864927968746
CELOUSDT-ONTUSDT,4197.421518503147,5,839.4843037006294,904.9043800683639,4,0.8,0.9277049842959185
COSUSDT-DOGEUSDT,2324.828330932349,5,464.96566618646983,665.7606359761096,4,0.8,0.6983976538425964
CTKUSDT-EGLDUSDT,5774.210986591902,5,1154.8421973183804,915.4019095674646,4,0.8,1.26156848183117
CTKUSDT-IOSTUSDT,577.2517392831187,5,115.45034785662374,559.6203077562467,4,0.8,0.2063012121906597
CTSIUSDT-PERPUSDT,2734.510492213552,5,546.9020984427104,1013.9346097464717,4,0.8,0.5393859655105965
EOSUSDT-RSRUSDT,4177.882139155835,5,835.5764278311669,1059.8371051485326,4,0.8,0.7884008059088135
FUNUSDT-RVNUSDT,2187.577286480617,5,437.51545729612343,1792.8139599282038,4,0.8,0.24403840391428258
HOTUSDT-SYSUSDT,264.3518694318934,5,52.87037388637869,1026.2257209019078,4,0.8,0.05151924455753562
ICPUSDT-QNTUSDT,438.0055261556636,5,87.60110523113272,201.46959289799807,4,0.8,0.4348105536475881
IOTAUSDT-ONEUSDT,3634.2443911912856,5,726.8488782382572,801.8778706087494,4,0.8,0.9064333920157522
IOTAUSDT-TRUUSDT,7189.447565996005,5,1437.889513199201,2175.4323841822325,4,0.8,0.6609672282412576
MAGICUSDT-TRUUSDT,1073.6540059872184,5,214.73080119744367,382.07328105650026,4,0.8,0.5620147020060523
MANTAUSDT-RVNUSDT,6374.322007394501,5,1274.8644014789002,2154.805477185843,4,0.8,0.5916378137036583
MINAUSDT-POWRUSDT,5170.45582060773,5,1034.091164121546,1216.6259795670958,4,0.8,0.8499663672228173
MLNUSDT-ONEUSDT,3411.367134385355,5,682.273426877071,838.768218349358,4,0.8,0.8134230791669017
MLNUSDT-ZROUSDT,3173.6512243649013,5,634.7302448729803,883.9448175077518,4,0.8,0.7180654632520813
PAXGUSDT-PORTALUSDT,3698.9769723430923,5,739.7953944686185,1656.2141533608365,4,0.8,0.44667858499301244
PAXGUSDT-SUSHIUSDT,3375.796591079149,5,675.1593182158298,1581.78078174777,4,0.8,0.42683494831048613
PAXGUSDT-SXPUSDT,4309.5103328641035,5,861.9020665728207,1508.5700177196757,4,0.8,0.5713371314880397
POWRUSDT-SUSHIUSDT,2290.482195960247,5,458.0964391920494,616.9148475477922,4,0.8,0.7425602431404617
SANTOSUSDT-ZRXUSDT,6111.838279622595,5,1222.367655924519,1541.070462301624,4,0.8,0.7931938777795307
SCUSDT-SLPUSDT,2022.605881963701,5,404.5211763927402,597.7449447083163,4,0.8,0.6767454580316623
SCUSDT-USTCUSDT,8838.608018078665,5,1767.7216036157329,2002.9487484955557,4,0.8,0.8825595786929119
SPELLUSDT-SUPERUSDT,6329.7745065050285,5,1265.9549013010057,2259.258205361494,4,0.8,0.5603409554059562
STEEMUSDT-XVGUSDT,1917.4116279887326,5,383.4823255977465,571.2016306650295,4,0.8,0.6713606982376291
STRAXUSDT-SUSHIUSDT,6419.895622708416,5,1283.9791245416832,2789.9651101518853,4,0.8,0.4602133266361111
STRAXUSDT-VETUSDT,3666.209721008427,5,733.2419442016854,762.9875403309155,4,0.8,0.9610143094652251
VICUSDT-ZRXUSDT,4948.042899893871,5,989.6085799787743,1331.228361733842,4,0.8,0.7433800303727535
1000SATSUSDT-XAIUSDT,6059.544048365188,5,1211.9088096730377,2166.5348213134603,3,0.6,0.559376566557245
AERGOUSDT-POWRUSDT,2286.57482626415,5,457.31496525283,883.2722846848919,3,0.6,0.5177508376321096
APEUSDT-IOTAUSDT,1181.7314615141486,5,236.3462923028297,832.1957685533854,3,0.6,0.2840032372595128
API3USDT-ZRXUSDT,240.86433064172166,5,48.17286612834433,491.36089008299155,3,0.6,0.09803968345996741
ARKUSDT-GUSDT,240.73743464535505,5,48.14748692907101,226.46100146595703,3,0.6,0.2126082928954495
ATAUSDT-GLMRUSDT,2928.1004590362068,5,585.6200918072414,872.0524679656263,3,0.6,0.6715422676039313
ATAUSDT-NFPUSDT,1081.088256950496,5,216.2176513900992,788.0589033641081,3,0.6,0.27436737338680867
AXSUSDT-VICUSDT,638.5125997109004,5,127.70251994218009,1535.351771703834,3,0.6,0.08317476313617961
BAKEUSDT-DENTUSDT,1782.782608360348,5,356.5565216720696,431.160367875215,3,0.6,0.8269696109343311
BANDUSDT-BNTUSDT,4701.309812607587,5,940.2619625215175,2160.8802360730383,3,0.6,0.435129141738208
BANDUSDT-CKBUSDT,3139.7687483488417,5,627.9537496697683,1031.6813827189935,3,0.6,0.6086702350049178
BATUSDT-IOTAUSDT,1203.6808052686454,5,240.73616105372906,609.7996091589641,3,0.6,0.3947791330757861
BLURUSDT-MINAUSDT,78.14389121625226,5,15.628778243250451,486.75117199745307,3,0.6,0.03210835256773091
CHESSUSDT-GTCUSDT,205.64525847549427,5,41.12905169509885,1201.199174866106,3,0.6,0.03423999329643511
COMPUSDT-TLMUSDT,1668.0796162097631,5,333.6159232419526,1001.336881249721,3,0.6,0.3331705138290546
COSUSDT-SLPUSDT,525.5402391804716,5,105.10804783609433,448.7376783165308,3,0.6,0.23423049348210329
CTKUSDT-ETCUSDT,798.2902520616233,5,159.65805041232466,668.4076085489397,3,0.6,0.23886330492097435
CTKUSDT-MTLUSDT,1857.9835968895036,5,371.59671937790074,642.81019449123,3,0.6,0.5780815590082719
CTKUSDT-PIXELUSDT,2446.3917324111917,5,489.27834648223836,1051.275469352691,3,0.6,0.465414023960347
CTKUSDT-XAIUSDT,266.09116143099243,5,53.218232286198486,1675.873111261704,3,0.6,0.0317555260768713
DASHUSDT-ENJUSDT,1725.5350965330695,5,345.1070193066139,764.9129506849724,3,0.6,0.4511716254739494
DASHUSDT-LRCUSDT,2373.2184233859025,5,474.6436846771805,918.3707856628868,3,0.6,0.5168322992053577
DENTUSDT-MANTAUSDT,988.1815606928333,5,197.63631213856667,944.3979848561355,3,0.6,0.20927227218583436
DGBUSDT-NEARUSDT,2450.154327166917,5,490.0308654333834,1186.9892656713914,3,0.6,0.41283512800447225
DGBUSDT-POWRUSDT,1099.1800519574526,5,219.83601039149053,678.8942852278788,3,0.6,0.32381478998265545
DOTUSDT-NEOUSDT,328.1472287298168,5,65.62944574596335,223.3835512981913,3,0.6,0.2937971276961015
DUSDT-XTZUSDT,321.1662633970501,5,64.23325267941001,440.6011440447501,3,0.6,0.14578548773102165
FLOWUSDT-GASUSDT,1025.2172530763253,5,205.04345061526504,350.28435661864086,3,0.6,0.5853628537528398
GALAUSDT-RDNTUSDT,1985.4973313608739,5,397.09946627217477,777.5260193710565,3,0.6,0.5107217718493716
GHSTUSDT-NEARUSDT,364.52418382256633,5,72.90483676451326,897.6430575503862,3,0.6,0.0812180700906507
GHSTUSDT-SUSHIUSDT,1626.2879497162864,5,325.2575899432573,468.59981009674163,3,0.6,0.6941052534274574
GLMRUSDT-SLPUSDT,295.7029849012083,5,59.14059698024166,472.8858595538522,3,0.6,0.12506315379368357
HFTUSDT-QTUMUSDT,1266.2715848807206,5,253.25431697614414,856.6655383013514,3,0.6,0.2956279967539166
HIFIUSDT-HOTUSDT,3618.2420876037363,5,723.6484175207472,1451.3636089895733,3,0.6,0.4985989817014531
HIGHUSDT-PHAUSDT,2662.934843141944,5,532.5869686283888,982.2545586846236,3,0.6,0.5422087013183196
HIGHUSDT-XVGUSDT,2122.295739283908,5,424.4591478567816,1101.2314960587835,3,0.6,0.38544043589007926
HOTUSDT-ICXUSDT,2994.0925289649153,5,598.818505792983,967.3119568606917,3,0.6,0.6190541753834874
HOTUSDT-OGNUSDT,1196.4707623327417,5,239.29415246654835,978.7083903382596,3,0.6,0.24449994996348595
HOTUSDT-ROSEUSDT,3235.760360321501,5,647.1520720643002,2394.087888391416,3,0.6,0.2703125792508481
ICPUSDT-POLYXUSDT,1617.2006435764247,5,323.4401287152849,492.29571443028243,3,0.6,0.6570037463957846
IDEXUSDT-THETAUSDT,3997.6960939289315,5,799.5392187857863,1417.2108927234342,3,0.6,0.5641638960658304
IDUSDT-SLPUSDT,1302.704215809001,5,260.5408431618002,463.54956636536264,3,0.6,0.5620560605949222
JOEUSDT-LRCUSDT,574.2598564643465,5,114.85197129286931,335.4670228455452,3,0.6,0.34236441578863963
LRCUSDT-VTHOUSDT,2483.9224729877815,5,496.7844945975563,997.3347356791181,3,0.6,0.4981120949921386
MANAUSDT-ZRXUSDT,882.0677832319193,5,176.41355664638385,448.786245988428,3,0.6,0.39309038149741493
NEOUSDT-QTUMUSDT,789.6315800708207,5,157.92631601416414,446.11578932012793,3,0.6,0.3540029736558773
ONEUSDT-PHAUSDT,1108.4870779497583,5,221.69741558995165,786.9959126270526,3,0.6,0.28170084753033686
ONGUSDT-STEEMUSDT,1663.8776808857497,5,332.77553617714995,543.3614871377247,3,0.6,0.6124385773642474
PAXGUSDT-TIAUSDT,4028.789811959365,5,805.757962391873,1899.3418123540082,3,0.6,0.4242300975795567
PAXGUSDT-UNIUSDT,935.1498869937328,5,187.02997739874655,577.4890299231683,3,0.6,0.32386758485027817
PAXGUSDT-YGGUSDT,2609.570074669598,5,521.9140149339196,1655.1713788078914,3,0.6,0.3153232478619943
PAXGUSDT-ZKUSDT,6177.781284894268,5,1235.5562569788535,2207.639626760333,3,0.6,0.5596729837613975
PHAUSDT-RIFUSDT,83.28328081941083,5,16.656656163882168,714.8145047471158,3,0.6,0.023302067953664275
POLYXUSDT-STEEMUSDT,7431.263444970038,5,1486.2526889940077,3532.877156083103,3,0.6,0.4206918676566197
RADUSDT-RLCUSDT,2190.629498182221,5,438.1258996364442,894.1659308446177,3,0.6,0.48998277000175583
RVNUSDT-TONUSDT,3087.5644207884816,5,617.5128841576964,1507.39541296009,3,0.6,0.4096555415045871
SCUSDT-SSVUSDT,1234.5048593250845,5,246.90097186501688,1499.337090818902,3,0.6,0.164673423592933
SCUSDT-SXPUSDT,1809.1792987443573,5,361.8358597488715,1685.1590354464595,3,0.6,0.21471911679422476
SFPUSDT-SYSUSDT,566.5540039842589,5,113.31080079685178,452.30656882067416,3,0.6,0.25051769885255876
SPELLUSDT-SUIUSDT,2227.523831546982,5,445.50476630939636,922.5223590488216,3,0.6,0.4829202912423063
VTHOUSDT-WOOUSDT,2328.5741055592894,5,465.7148211118579,1145.8702384118262,3,0.6,0.4064289354066283
1000SATSUSDT-SYSUSDT,10896.809596870204,4,2724.202399217551,3113.4874650578104,4,1.0,0.8749681602353805
ACEUSDT-PYTHUSDT,1777.5997088011213,4,444.39992720028033,536.9296860603506,4,1.0,0.827668759499973
ACTUSDT-CETUSUSDT,5053.76738253332,4,1263.44184563333,1048.4666453799937,4,1.0,1.2050377102606096
AIUSDT-CELOUSDT,487.85883311312733,4,121.96470827828183,74.17712121308577,4,1.0,1.6442362049602666
ALICEUSDT-ATAUSDT,10624.099498415195,4,2656.0248746037987,2190.5815749410904,4,1.0,1.2124747624042373
ALTUSDT-OXTUSDT,2444.4074808144433,4,611.1018702036108,382.9285077439862,4,1.0,1.5958641308893462
ANKRUSDT-LPTUSDT,2948.9550946287854,4,737.2387736571964,732.5044799090111,4,1.0,1.0064631601280762
APEUSDT-MTLUSDT,966.8324309063587,4,241.70810772658967,296.637605979849,4,1.0,0.814826248776459
ARKUSDT-ZRXUSDT,977.8860325509571,4,244.47150813773928,177.60491227503059,4,1.0,1.3764906893969364
ASTRUSDT-C98USDT,2357.3490128135095,4,589.3372532033774,288.84222841800386,4,1.0,2.040343118910252
ASTRUSDT-SCUSDT,4082.7318281551584,4,1020.6829570387896,883.3689074780268,4,1.0,1.1554436073064733
ATOMUSDT-RLCUSDT,1630.7294093815917,4,407.68235234539793,484.34635196771137,4,1.0,0.8417165746973063
AVAXUSDT-SUSDT,3555.448631149442,4,888.8621577873605,932.1602503757056,4,1.0,0.9535508057000994
BANANAUSDT-QNTUSDT,2816.521192290971,4,704.1302980727428,797.9867269798839,4,1.0,0.8823834711357209
BANDUSDT-RAYUSDT,4943.034937714148,4,1235.758734428537,1096.3303582085728,4,1.0,1.1271773377212624
CELOUSDT-NEARUSDT,4778.96009125737,4,1194.7400228143424,875.4381655256531,4,1.0,1.3647337640311419
CHRUSDT-SANTOSUSDT,6114.8981706831655,4,1528.7245426707914,1912.5391040234708,4,1.0,0.7993167509384586
DEGOUSDT-ETHFIUSDT,4729.344768973802,4,1182.3361922434506,1113.5212353310196,4,1.0,1.06179941138884
DENTUSDT-ICXUSDT,2110.035009512894,4,527.5087523782234,710.9504927387198,4,1.0,0.74197677301855
DOGSUSDT-IOUSDT,2550.385431990072,4,637.596357997518,320.2536008682054,4,1.0,1.9909108165185292
DYDXUSDT-REZUSDT,1901.9027074432913,4,475.47567686082283,402.7224084122349,4,1.0,1.1806536386575146
EGLDUSDT-MANTAUSDT,6662.379209670584,4,1665.594802417646,1311.6168987276976,4,1.0,1.2698790355883003
EGLDUSDT-TLMUSDT,3669.7199768508062,4,917.4299942127016,1213.5762468518217,4,1.0,0.755972273347173
ETCUSDT-ZRXUSDT,3741.134143185871,4,935.2835357964677,547.6566452542172,4,1.0,1.7077918142713628
FIDAUSDT-SUSHIUSDT,3480.5779794118553,4,870.1444948529638,764.7662742966311,4,1.0,1.137791406470233
FTTUSDT-GMXUSDT,20462.68278338598,4,5115.670695846495,7925.582963455841,4,1.0,0.6454630176019098
FUNUSDT-JOEUSDT,3640.768574621286,4,910.1921436553215,1005.5851766200321,4,1.0,0.9051367947911233
FXSUSDT-ILVUSDT,3154.1609418941616,4,788.5402354735404,513.5201450796351,4,1.0,1.5355585229304998
GTCUSDT-ZKUSDT,3034.043318393812,4,758.510829598453,635.0061095947582,4,1.0,1.1944937507491256
HOTUSDT-ILVUSDT,1274.4013583892297,4,318.6003395973074,468.999083851483,4,1.0,0.6793197483050903
IDEXUSDT-RDNTUSDT,1548.834006453629,4,387.20850161340724,264.60323520282526,4,1.0,1.4633551298668055
ILVUSDT-NFPUSDT,8781.448713169182,4,2195.3621782922955,655.6400945201046,4,1.0,3.3484257546805303
IOSTUSDT-SYNUSDT,5081.719297258852,4,1270.429824314713,758.8116983995563,4,1.0,1.6742359494380927
IOTXUSDT-NEARUSDT,3657.195369049985,4,914.2988422624962,629.7665751189614,4,1.0,1.4518059204551899
JOEUSDT-SLPUSDT,2664.5459538614723,4,666.1364884653681,341.88630491072934,4,1.0,1.948415244767714
KSMUSDT-NEOUSDT,4478.90545052941,4,1119.7263626323524,749.5311932141957,4,1.0,1.4939022855481947
MDTUSDT-STORJUSDT,9956.608511518662,4,2489.1521278796654,4078.3566574296024,4,1.0,0.6103321354558681
MLNUSDT-NKNUSDT,1836.9731066055547,4,459.24327665138867,341.14165663818835,4,1.0,1.3461952467987743
ONGUSDT-STRAXUSDT,2941.9595823046875,4,735.4898955761719,814.868040410104,4,1.0,0.90258773089937
PERPUSDT-POLYXUSDT,5810.922339332154,4,1452.7305848330384,687.8577620497119,4,1.0,2.1119636427509683
SSVUSDT-USTCUSDT,6030.84143694887,4,1507.7103592372175,1609.5124153517754,4,1.0,0.9367497540599536
STRAXUSDT-USTCUSDT,2522.7134923111416,4,630.6783730777854,539.9306667146042,4,1.0,1.168072887793848
TWTUSDT-UNIUSDT,2442.461130676984,4,610.615282669246,885.57009826793,4,1.0,0.6895165993787923
XLMUSDT-XRPUSDT,1523.4198716531337,4,380.8549679132834,246.31838297869734,4,1.0,1.5461897861931864
1INCHUSDT-NMRUSDT,2075.311285764291,4,518.8278214410727,762.7417511581899,3,0.75,0.6802142673496704
ACHUSDT-ANKRUSDT,3308.8743378876775,4,827.2185844719194,1233.3902588750582,3,0.75,0.6706868150770081
ADAUSDT-GMTUSDT,2665.616720125968,4,666.404180031492,693.2113579091045,3,0.75,0.961328997899761
ADAUSDT-ILVUSDT,6326.326383292024,4,1581.581595823006,1642.3702606680872,3,0.75,0.962987234790556
AERGOUSDT-FLOWUSDT,1067.442392864472,4,266.860598216118,434.29627432109936,3,0.75,0.6144666993362534
AGLDUSDT-KSMUSDT,533.762058705557,4,133.44051467638926,162.240674928778,3,0.75,0.8224849578255778
AIUSDT-OGNUSDT,4062.6542551660837,4,1015.6635637915209,1378.0214846004314,3,0.75,0.7370447958480276
ALGOUSDT-KSMUSDT,1991.3717882469803,4,497.84294706174506,763.0617919336797,3,0.75,0.6524280894738002
ALICEUSDT-ARUSDT,6104.69117177139,4,1526.1727929428475,1868.0585076317009,3,0.75,0.8169834010593751
ALICEUSDT-ZRXUSDT,771.95565716173,4,192.9889142904325,639.5043082852322,3,0.75,0.3017789118699032
ALPHAUSDT-AVAXUSDT,3050.3193852618565,4,762.5798463154641,1291.8129144401091,3,0.75,0.5903175589833591
ANKRUSDT-CHZUSDT,591.0508184704078,4,147.76270461760194,196.7630229296272,3,0.75,0.750967851670228
APEUSDT-STRKUSDT,2077.7453338118025,4,519.4363334529506,947.5461717052555,3,0.75,0.5481910528097484
API3USDT-ENJUSDT,454.99390812372474,4,113.74847703093118,731.5025300156971,3,0.75,0.1554997725414433
APTUSDT-MANTAUSDT,1073.5109101423586,4,268.37772753558966,616.8131036765623,3,0.75,0.4351038036252852
ARKMUSDT-ATAUSDT,3561.808333410424,4,890.452083352606,1764.793651592879,3,0.75,0.5045644189329987
ARKMUSDT-BATUSDT,1291.631960917708,4,322.907990229427,399.4161154613954,3,0.75,0.8084500793274499
ARPAUSDT-VICUSDT,3309.009186345027,4,827.2522965862568,4865.938633905221,3,0.75,0.17000878120863908
ARUSDT-GHSTUSDT,1772.5892269392953,4,443.1473067348238,701.3388198478505,3,0.75,0.6318590874963415
ATAUSDT-COMPUSDT,4671.049706798889,4,1167.7624266997223,1515.9950938668098,3,0.75,0.770294331046376
ATAUSDT-USTCUSDT,1020.4074241718798,4,255.10185604296996,549.5180640848547,3,0.75,0.46422833518276846
ATOMUSDT-DOTUSDT,986.7513901625421,4,246.68784754063552,1118.3145575105693,3,0.75,0.2205889620982637
ATOMUSDT-WOOUSDT,8336.420509174073,4,2084.1051272935183,3650.401193138046,3,0.75,0.5709249523617237
AVAUSDT-FLOWUSDT,1902.644278738148,4,475.661069684537,757.184203580358,3,0.75,0.6281972965565918
AVAUSDT-RDNTUSDT,2517.271761619506,4,629.3179404048765,659.0090162498091,3,0.75,0.9549458731021706
AVAXUSDT-DGBUSDT,3634.271302011904,4,908.567825502976,1301.8328363017222,3,0.75,0.6979143559506896
AVAXUSDT-ZILUSDT,2701.6131401816997,4,675.4032850454249,646.1405482141008,3,0.75,1.0452885009495299
AXLUSDT-ICPUSDT,2203.3260235765947,4,550.8315058941487,625.2459774180402,3,0.75,0.8809836860827368
AXSUSDT-OGNUSDT,2185.96832028677,4,546.4920800716925,509.8074873612561,3,0.75,1.0719577362433699
AXSUSDT-XAIUSDT,12730.357744306562,4,3182.5894360766406,3282.5541133107818,3,0.75,0.9695466780490278
BATUSDT-EGLDUSDT,459.91712459651285,4,114.97928114912821,240.47300386179364,3,0.75,0.4781380001191731
BELUSDT-VICUSDT,516.1939028058523,4,129.04847570146308,967.6729285131319,3,0.75,0.13335960105833614
BICOUSDT-MAVUSDT,2288.70212573743,4,572.1755314343575,1370.6889034611218,3,0.75,0.41743646569951726
BICOUSDT-OMNIUSDT,1532.1183507554902,4,383.02958768887254,907.3600172565078,3,0.75,0.4221362859331185
BLURUSDT-ZKUSDT,4095.8669464918357,4,1023.9667366229589,1764.054850583087,3,0.75,0.5804619602868353
BNTUSDT-NTRNUSDT,6375.118175221321,4,1593.7795438053301,2783.9612902947283,3,0.75,0.5724862444608927
BOMEUSDT-DIAUSDT,2056.938761686147,4,514.2346904215367,674.2804336846217,3,0.75,0.7626421659775723
BOMEUSDT-QNTUSDT,897.2197482477743,4,224.30493706194358,607.599795482584,3,0.75,0.3691655901295855
BOMEUSDT-STEEMUSDT,8146.981282330356,4,2036.745320582589,3813.8606671238963,3,0.75,0.5340376847375856
C98USDT-NEOUSDT,1242.5027023575958,4,310.62567558939895,531.5548565649414,3,0.75,0.5843718136576729
CAKEUSDT-IDUSDT,257.0936197122193,4,64.27340492805483,120.84419194159234,3,0.75,0.531870037735203
CELRUSDT-JOEUSDT,3426.5795320232064,4,856.6448830058016,1165.3855971103042,3,0.75,0.7350741978705954
CHRUSDT-MBOXUSDT,1701.05839399792,4,425.26459849948,610.3109020917649,3,0.75,0.6967999376087471
CHRUSDT-SLPUSDT,2477.653031734043,4,619.4132579335107,1029.9215883008924,3,0.75,0.6014178797391599
CHZUSDT-ENJUSDT,3090.100986566893,4,772.5252466417232,793.9362138349811,3,0.75,0.973031879866223
CHZUSDT-KSMUSDT,446.1434255438354,4,111.53585638595885,399.8682219620795,3,0.75,0.2789315335904239
CHZUSDT-YFIUSDT,1761.4956754420418,4,440.37391886051046,741.1316201660683,3,0.75,0.594191243333855
CHZUSDT-ZENUSDT,2561.1976266653796,4,640.2994066663449,688.106503251098,3,0.75,0.9305236960283345
CKBUSDT-METISUSDT,2566.872419809848,4,641.718104952462,1238.960967837035,3,0.75,0.5179486050095401
CKBUSDT-RLCUSDT,541.8812564529594,4,135.47031411323985,1056.2166359237863,3,0.75,0.12825997007210083
COMPUSDT-JASMYUSDT,1231.6513845066625,4,307.9128461266656,570.7799532593049,3,0.75,0.5394598117337541
COWUSDT-ENSUSDT,457.60897340783606,4,114.40224335195902,158.37170199856973,3,0.75,0.7223654346594834
CRVUSDT-JASMYUSDT,2418.4583854781804,4,604.6145963695451,873.8819054855626,3,0.75,0.691872199863891
CTKUSDT-MANTAUSDT,5536.598343769956,4,1384.149585942489,1904.9021002165425,3,0.75,0.7266250511168757
CTKUSDT-RONINUSDT,2437.4934522870753,4,609.3733630717688,817.5086142210538,3,0.75,0.7454029871628909
CTSIUSDT-LEVERUSDT,5324.944611994027,4,1331.2361529985067,1156.9597984518073,3,0.75,1.1506330252614727
CTSIUSDT-NFPUSDT,1148.677518515055,4,287.16937962876375,418.2770350237148,3,0.75,0.6865530631211495
CTSIUSDT-OPUSDT,4297.525488764175,4,1074.3813721910437,1341.9327194551656,3,0.75,0.8006223833839079
CTSIUSDT-TLMUSDT,1833.4178451595315,4,458.35446128988286,804.762525958487,3,0.75,0.5695524412546101
CVCUSDT-FLOWUSDT,185.11098090678573,4,46.27774522669643,98.65891000951794,3,0.75,0.46906807730018374
CVCUSDT-STEEMUSDT,1709.1432407321856,4,427.2858101830464,526.8954138850424,3,0.75,0.8109499512103767
DENTUSDT-INJUSDT,424.3977557643999,4,106.09943894109998,125.75124937890453,3,0.75,0.8437247300932085
DGBUSDT-ENJUSDT,6130.930765631605,4,1532.7326914079013,2124.474996011822,3,0.75,0.7214642178821727
DGBUSDT-GMTUSDT,4307.2530616211325,4,1076.8132654052831,1331.5179700929143,3,0.75,0.8087110272572156
DGBUSDT-HBARUSDT,3306.494148437642,4,826.6235371094104,972.8443259011751,3,0.75,0.8496976495634943
DIAUSDT-VICUSDT,4405.842788832867,4,1101.4606972082167,2838.0682308287464,3,0.75,0.38810226098284406
DOTUSDT-NEARUSDT,1685.949628958172,4,421.487407239543,753.2183020697796,3,0.75,0.5595820044220003
DUSDT-VELODROMEUSDT,636.4172473804178,4,159.10431184510446,300.7432112170671,3,0.75,0.5290370851638873
EDUUSDT-OMNIUSDT,3557.8779478740867,4,889.4694869685217,1201.5611042824792,3,0.75,0.7402615512422689
ENJUSDT-KSMUSDT,32.587615934012774,4,8.146903983503194,187.3982475854501,3,0.75,0.0434737468918345
EOSUSDT-POWRUSDT,1134.997327030684,4,283.749331757671,466.536221219372,3,0.75,0.6082042912253279
FILUSDT-ZENUSDT,3930.516447399265,4,982.6291118498162,1009.1442084823145,3,0.75,0.9737251659280934
FTTUSDT-KSMUSDT,34218.38437286848,4,8554.59609321712,8762.48145134064,3,0.75,0.9762755151862017
FTTUSDT-NKNUSDT,38163.245502047444,4,9540.811375511861,7091.573420244712,3,0.75,1.3453729955435803
FTTUSDT-SNXUSDT,21976.09822846358,4,5494.024557115895,7558.8896983624045,3,0.75,0.7268295710554088
FTTUSDT-UNIUSDT,17497.622154982484,4,4374.405538745621,7483.980891755895,3,0.75,0.5845024996742471
FTTUSDT-YGGUSDT,25410.10422308652,4,6352.52605577163,8098.874490912411,3,0.75,0.7843714658005475
FUNUSDT-GALAUSDT,994.7344884145526,4,248.68362210363816,336.1308836566879,3,0.75,0.7398416337060975
FUNUSDT-RAREUSDT,436.01943634915125,4,109.00485908728781,196.39599632430628,3,0.75,0.5550258718476594
GASUSDT-GLMUSDT,646.1190367541117,4,161.52975918852792,328.4143974769585,3,0.75,0.49184737462632344
GASUSDT-NMRUSDT,443.8486895190139,4,110.96217237975347,221.48984478345875,3,0.75,0.5009808575568622
GHSTUSDT-STRKUSDT,1854.1922098731588,4,463.5480524682897,907.9320550106636,3,0.75,0.5105536806527283
GLMUSDT-STXUSDT,1489.4815556704991,4,372.3703889176248,586.5843925843831,3,0.75,0.6348112797154886
GMXUSDT-LSKUSDT,3838.2521245559296,4,959.5630311389824,1909.8159700163021,3,0.75,0.5024374317755819
GRTUSDT-MLNUSDT,230.37627768191817,4,57.59406942047954,156.5059775963953,3,0.75,0.36799916722034565
GTCUSDT-ILVUSDT,2033.1905561830317,4,508.29763904575793,945.2901751539617,3,0.75,0.5377159864831667
GTCUSDT-SANDUSDT,1319.037496580549,4,329.75937414513726,483.8450561165391,3,0.75,0.6815392034629186
GTCUSDT-SKLUSDT,4833.27082123991,4,1208.3177053099776,1743.8731867083982,3,0.75,0.6928931039938206
GUSDT-HOTUSDT,1338.7021977725099,4,334.67554944312747,407.73717328938426,3,0.75,0.8208119626257314
HBARUSDT-TRUUSDT,435.59843953932136,4,108.89960988483034,1402.8967297540294,3,0.75,0.07762482267951666
HFTUSDT-USTCUSDT,2727.702846988498,4,681.9257117471245,829.7474042140719,3,0.75,0.8218473577426102
HIGHUSDT-HOTUSDT,1889.584698461828,4,472.396174615457,570.4620441109544,3,0.75,0.8280939625907459
HIGHUSDT-QTUMUSDT,3324.540610771608,4,831.135152692902,1490.6301443603106,3,0.75,0.5575730209384538
HIVEUSDT-HOTUSDT,6676.413240605356,4,1669.103310151339,3175.182354279247,3,0.75,0.5256716383239722
HOTUSDT-VETUSDT,2127.117508520516,4,531.779377130129,639.8940103487155,3,0.75,0.8310429048090815
ICPUSDT-STRKUSDT,2760.8115995236453,4,690.2028998809113,1427.832187536206,3,0.75,0.483392170246484
IDEXUSDT-PORTALUSDT,2596.6705437708165,4,649.1676359427041,859.4683661563336,3,0.75,0.7553130068601307
IDEXUSDT-UMAUSDT,5197.69095824752,4,1299.42273956188,1577.8877587313452,3,0.75,0.8235203881717437
IDEXUSDT-WOOUSDT,4261.559066131925,4,1065.3897665329812,1027.2746050195303,3,0.75,1.037103186749882
IDUSDT-ORDIUSDT,815.1670046737182,4,203.79175116842956,329.90769453113245,3,0.75,0.6177235467577077
ILVUSDT-MANTAUSDT,850.0823806526325,4,212.52059516315813,469.0860241282591,3,0.75,0.45305249833034894
IMXUSDT-MLNUSDT,3818.87768539134,4,954.719421347835,1123.5766649604348,3,0.75,0.8497145331702436
IOTAUSDT-SOLUSDT,1557.327338355449,4,389.33183458886225,706.7173315400347,3,0.75,0.5509017781415583
JOEUSDT-YGGUSDT,2654.4617348008,4,663.6154337002,1158.7767242034238,3,0.75,0.5726861955709269
KAVAUSDT-XAIUSDT,7910.674596255307,4,1977.6686490638267,3286.3165814542613,3,0.75,0.6017888417155076
KDAUSDT-SANDUSDT,2224.4876423903256,4,556.1219105975814,895.5534299788139,3,0.75,0.6209812747975714
KDAUSDT-SCRTUSDT,5068.402112448088,4,1267.100528112022,2387.677827668644,3,0.75,0.5306832075201843
LEVERUSDT-RDNTUSDT,3265.1911443527097,4,816.2977860881774,1271.7684135527381,3,0.75,0.6418604027189317
LOKAUSDT-POLYXUSDT,1208.7946757903926,4,302.19866894759815,303.6917917272127,3,0.75,0.9950834272763099
LRCUSDT-VETUSDT,15.841671832165666,4,3.9604179580414165,145.31948614460444,3,0.75,0.027253178930872944
LTCUSDT-SEIUSDT,8105.891315076844,4,2026.472828769211,2211.3592789172944,3,0.75,0.9163923963370593
LUMIAUSDT-NOTUSDT,2321.5863691576988,4,580.3965922894247,2167.6218000248205,3,0.75,0.26775731462138774
MDTUSDT-REIUSDT,9644.45725185853,4,2411.1143129646325,3532.9505374205164,3,0.75,0.6824647804792193
MLNUSDT-VANRYUSDT,3225.7404574859106,4,806.4351143714777,1226.642416781195,3,0.75,0.6574329269385826
MLNUSDT-VTHOUSDT,6141.724610621273,4,1535.4311526553183,2357.9757940401146,3,0.75,0.6511649341508029
NTRNUSDT-RLCUSDT,1644.6288246702125,4,411.1572061675531,660.7103764875127,3,0.75,0.6222956696296473
OGNUSDT-PHAUSDT,2340.559526850553,4,585.1398817126383,757.3674042945344,3,0.75,0.7725971284144173
ONTUSDT-PERPUSDT,3975.4010187394665,4,993.8502546848666,1106.7217366667917,3,0.75,0.8980127720976461
ONTUSDT-RIFUSDT,1347.0537237415956,4,336.7634309353989,666.489859208629,3,0.75,0.5052791520868182
OXTUSDT-RENDERUSDT,1523.7833103735923,4,380.94582759339806,479.42316944633734,3,0.75,0.7945920261495372
PAXGUSDT-PYTHUSDT,4889.829924941641,4,1222.4574812354103,2567.937271393578,3,0.75,0.47604647311809234
PHAUSDT-STRKUSDT,1257.447329820365,4,314.36183245509125,1152.451167434177,3,0.75,0.27277670528547254
PHBUSDT-SANDUSDT,4335.572560833274,4,1083.8931402083185,1101.8257311838129,3,0.75,0.9837246576586777
QNTUSDT-RSRUSDT,712.6055963348545,4,178.1513990837136,364.5320440966709,3,0.75,0.48871258910909166
QNTUSDT-TWTUSDT,407.734155906339,4,101.93353897658476,168.8231078929226,3,0.75,0.6037890206430563
RADUSDT-UMAUSDT,3668.6245942259275,4,917.1561485564819,1073.7850672231402,3,0.75,0.8541338267334
RADUSDT-WIFUSDT,4736.529755826319,4,1184.1324389565798,1428.553159587615,3,0.75,0.8289033075243816
RADUSDT-ZILUSDT,2328.4867119188016,4,582.1216779797004,2320.07340466926,3,0.75,0.2509065777005815
REIUSDT-UNIUSDT,6229.989780356167,4,1557.4974450890418,1873.2664588356472,3,0.75,0.8314340107584718
SANTOSUSDT-XAIUSDT,4358.395940946822,4,1089.5989852367054,1079.4051945030085,3,0.75,1.0094438963103105
SKLUSDT-YGGUSDT,188.49822091131148,4,47.12455522782787,763.692582485196,3,0.75,0.061706184279642876
SNXUSDT-STEEMUSDT,3847.3547705586698,4,961.8386926396674,1396.1839722797065,3,0.75,0.6889054105593013
STGUSDT-SXPUSDT,4461.027953444071,4,1115.2569883610176,1327.4551893956827,3,0.75,0.8401466183342375
STGUSDT-THETAUSDT,1571.4733969246647,4,392.8683492311662,457.42102377505125,3,0.75,0.8588768963631401
STGUSDT-ZILUSDT,922.4721508270192,4,230.6180377067548,780.2728122820986,3,0.75,0.2955607757654095
STPTUSDT-STRAXUSDT,1447.5152255941864,4,361.8788063985466,491.22303564986703,3,0.75,0.7366894061061213
STPTUSDT-XTZUSDT,3421.054881640225,4,855.2637204100563,1480.6141499669284,3,0.75,0.5776411906026697
STRAXUSDT-VANRYUSDT,5592.956070842118,4,1398.2390177105294,2967.886957984721,3,0.75,0.4711227339534432
SXPUSDT-THETAUSDT,1359.4499114025698,4,339.86247785064245,406.6869643492265,3,0.75,0.835685693527169
TRBUSDT-VTHOUSDT,5013.530229386804,4,1253.382557346701,2127.3457346280643,3,0.75,0.5891767083011719
VETUSDT-ZENUSDT,358.2154303699858,4,89.55385759249646,401.3963670743293,3,0.75,0.2231057999982176
VICUSDT-ZILUSDT,4383.016830737194,4,1095.7542076842985,1211.5853092720022,3,0.75,0.904397073238448
XAIUSDT-ZKUSDT,1890.5241006792453,4,472.6310251698113,889.8713625371968,3,0.75,0.5311228623227611
1000CATUSDT-TURBOUSDT,1027.1605316116643,3,342.38684387055474,249.44769504612367,3,1.0,1.372579705766559
1INCHUSDT-REIUSDT,674.3171520421774,3,224.77238401405916,340.52554692042173,3,1.0,0.6600749519288982
ACEUSDT-GALAUSDT,2386.1784238481073,3,795.3928079493691,658.6270366180386,3,1.0,1.2076528349543687
ACEUSDT-QUICKUSDT,1529.3624993994515,3,509.78749979981717,752.7899400494184,3,1.0,0.6771975456610793
ACTUSDT-APTUSDT,1150.3952506378564,3,383.46508354595215,378.0995702271887,3,1.0,1.014190741649189
ACTUSDT-LRCUSDT,3824.978478035613,3,1274.992826011871,71.96225073692482,3,1.0,17.71752290896114
AERGOUSDT-BANDUSDT,1135.3800056756393,3,378.46000189187976,569.6942336060156,3,1.0,0.6643212789715754
AEVOUSDT-DASHUSDT,731.946550704185,3,243.98218356806169,340.9611562738204,3,1.0,0.715571786048624
AEVOUSDT-HIGHUSDT,1065.9739548552457,3,355.3246516184152,243.09214295696128,3,1.0,1.461687108831503
AIUSDT-TRBUSDT,7861.509560384538,3,2620.503186794846,1922.3281764874755,3,1.0,1.3631924136819826
ALGOUSDT-SLPUSDT,2658.027920568261,3,886.0093068560869,1035.5732264288774,3,1.0,0.8555737868112386
ALICEUSDT-DYMUSDT,1631.7834559742828,3,543.9278186580942,401.920139300173,3,1.0,1.353323124352978
ALPACAUSDT-BAKEUSDT,3738.3277776915384,3,1246.1092592305129,1395.48114418326,3,1.0,0.8929602986214688
ALPHAUSDT-LRCUSDT,3236.0562411115734,3,1078.6854137038579,766.9403520845259,3,1.0,1.4064788881847412
ALTUSDT-API3USDT,1751.643498747365,3,583.8811662491216,499.69711337432045,3,1.0,1.1684701604664651
ALTUSDT-ARBUSDT,2384.674125298688,3,794.8913750995627,1227.5413373251356,3,1.0,0.6475475415204057
ALTUSDT-HOOKUSDT,2865.228645146379,3,955.0762150487931,804.6391224466124,3,1.0,1.1869621901365628
ALTUSDT-IDUSDT,14605.01514192612,3,4868.33838064204,4684.105354830498,3,1.0,1.0393315290446128
ALTUSDT-LPTUSDT,12862.66319533236,3,4287.55439844412,3127.7166389461167,3,1.0,1.370825715173741
ANKRUSDT-JOEUSDT,1709.6666549523766,3,569.8888849841255,694.9996926685453,3,1.0,0.8199843697713881
ANKRUSDT-MOVRUSDT,3910.952511656756,3,1303.6508372189187,840.8196413113791,3,1.0,1.5504524075884905
ANKRUSDT-NMRUSDT,2422.911780384859,3,807.6372601282864,652.8238503861214,3,1.0,1.2371442306383238
APEUSDT-LPTUSDT,3683.133342797897,3,1227.7111142659658,1663.45656052509,3,1.0,0.738048196388383
APEUSDT-MANTAUSDT,2406.0796570104376,3,802.0265523368125,472.1064099976382,3,1.0,1.69882580569246
APEUSDT-NMRUSDT,1398.8414217383138,3,466.28047391277124,600.5508175943701,3,1.0,0.7764213456249276
API3USDT-COOKIEUSDT,1442.734603926306,3,480.91153464210197,496.24957582776653,3,1.0,0.9690920820232843
API3USDT-ICPUSDT,4385.371849354203,3,1461.7906164514009,1952.7188348842062,3,1.0,0.7485924703225814
API3USDT-VICUSDT,5731.43146927568,3,1910.4771564252267,3148.184441109957,3,1.0,0.6068504537020228
ARKMUSDT-SPELLUSDT,517.0558303956514,3,172.35194346521712,257.5704975043722,3,1.0,0.6691447395379259
ARKMUSDT-USTCUSDT,851.6460462517942,3,283.88201541726477,277.6048833745516,3,1.0,1.0226117493554459
ARKUSDT-ENSUSDT,2033.386882073626,3,677.7956273578753,604.8456022125345,3,1.0,1.1206093338175702
ARKUSDT-VOXELUSDT,1693.9190570173869,3,564.6396856724623,704.5703630568969,3,1.0,0.8013957374288043
ARPAUSDT-GALAUSDT,606.1500698669371,3,202.05002328897902,30.87508400486252,3,1.0,6.544112503699039
ARPAUSDT-HIVEUSDT,1068.1560487014651,3,356.0520162338217,183.9746428900998,3,1.0,1.9353320144587265
ARPAUSDT-IOUSDT,4660.107384459845,3,1553.3691281532817,1333.1259248318097,3,1.0,1.1652081016647085
ARPAUSDT-QUICKUSDT,3758.717709471872,3,1252.9059031572906,996.0771711699152,3,1.0,1.2578401949376314
ARPAUSDT-REIUSDT,3619.4436512076804,3,1206.481217069227,864.2243781161104,3,1.0,1.3960277534628092
ARPAUSDT-TRUUSDT,1953.0721778841914,3,651.0240592947305,426.14147730050115,3,1.0,1.5277181264278799
ASTRUSDT-ATAUSDT,4106.093534924536,3,1368.697844974845,2053.3768051303387,3,1.0,0.6665595138481982
ASTRUSDT-DASHUSDT,2449.355825819014,3,816.4519419396714,509.3595300116963,3,1.0,1.6028991190582484
ASTRUSDT-ENSUSDT,268.4303829297825,3,89.47679430992751,44.60129848283843,3,1.0,2.006147743531641
ASTRUSDT-SXPUSDT,781.2873135494394,3,260.4291045164798,320.77025909025826,3,1.0,0.811886691911797
ATAUSDT-IOTAUSDT,1023.1965470423527,3,341.06551568078424,471.7748473037996,3,1.0,0.7229412878409666
ATOMUSDT-NTRNUSDT,5070.755512784303,3,1690.2518375947677,2648.3949254784256,3,1.0,0.6382174430761788
ATOMUSDT-SPELLUSDT,1019.2103822042014,3,339.7367940680671,102.59101096424733,3,1.0,3.311564930249731
ATOMUSDT-VICUSDT,7088.8378477740425,3,2362.945949258014,1909.8974280575758,3,1.0,1.237210917479062
AVAUSDT-ONTUSDT,5585.562957081491,3,1861.8543190271637,211.25083790640778,3,1.0,8.813476611401828
AVAXUSDT-GRTUSDT,1517.1322283196018,3,505.7107427732006,517.2161852130442,3,1.0,0.9777550610967356
AVAXUSDT-ROSEUSDT,3855.6873428441077,3,1285.2291142813692,1411.2487807514892,3,1.0,0.9107034364252811
AXSUSDT-KSMUSDT,2250.1905191852384,3,750.0635063950795,483.4308079606168,3,1.0,1.5515426283220746
AXSUSDT-RAREUSDT,4598.302689864473,3,1532.7675632881576,256.590243256491,3,1.0,5.973600335831876
BADGERUSDT-TLMUSDT,1485.3981255616777,3,495.1327085205592,541.9691311264129,3,1.0,0.9135810142756466
BADGERUSDT-XRPUSDT,1097.4598442279796,3,365.8199480759932,447.3147171798127,3,1.0,0.8178133515981321
BAKEUSDT-RVNUSDT,1717.080079747227,3,572.360026582409,358.3213389466685,3,1.0,1.5973372623158157
BAKEUSDT-UNIUSDT,1288.3963754431793,3,429.4654584810598,391.4273307259629,3,1.0,1.097178006667417
BANDUSDT-BATUSDT,2593.00236372347,3,864.3341212411566,708.3646183419755,3,1.0,1.2201825145703198
BANDUSDT-PERPUSDT,4867.557267592199,3,1622.5190891973998,748.2392274676819,3,1.0,2.1684496476997124
BANDUSDT-XVGUSDT,2842.8493702120086,3,947.6164567373362,1319.2326425084823,3,1.0,0.7183088306058523
BATUSDT-GLMUSDT,159.23418807412958,3,53.07806269137652,21.892847377046923,3,1.0,2.424447664447022
BATUSDT-METISUSDT,1468.2446093969816,3,489.41486979899383,205.39168121085027,3,1.0,2.3828368652212943
BBUSDT-BERAUSDT,12239.84284060152,3,4079.9476135338396,2508.512744282908,3,1.0,1.6264408553762988
BBUSDT-GMXUSDT,1671.22005441875,3,557.0733514729167,266.29453349514114,3,1.0,2.0919443751295823
BEAMXUSDT-SANDUSDT,3136.6805783203217,3,1045.5601927734406,761.9634064911097,3,1.0,1.372192133987526
BELUSDT-GLMUSDT,463.3770529113585,3,154.4590176371195,207.8693507859323,3,1.0,0.7430581615477514
BELUSDT-WIFUSDT,3310.0117096590566,3,1103.3372365530188,758.6585477466276,3,1.0,1.4543265080584118
BICOUSDT-MINAUSDT,1285.9662044594213,3,428.65540148647375,292.5134568838386,3,1.0,1.465421133280371
BLURUSDT-EGLDUSDT,1797.6073563809136,3,599.2024521269713,379.7750983190228,3,1.0,1.5777823632438974
BLURUSDT-GASUSDT,3117.0680014155473,3,1039.0226671385158,709.453806068239,3,1.0,1.4645388582756818
BLURUSDT-TNSRUSDT,2257.057333671001,3,752.3524445570002,51.65437303185367,3,1.0,14.565125862490818
BNTUSDT-ORDIUSDT,8898.703107279473,3,2966.2343690931575,3906.7993583757498,3,1.0,0.7592492209086387
C98USDT-COSUSDT,3818.594150770734,3,1272.864716923578,476.9838780849981,3,1.0,2.668569684228939
C98USDT-REIUSDT,2631.7343600570484,3,877.2447866856828,1029.812303556637,3,1.0,0.8518491997580184
C98USDT-STRAXUSDT,2200.500783701428,3,733.5002612338094,294.4648957896665,3,1.0,2.490959947082255
CELOUSDT-ENSUSDT,2644.3551744102724,3,881.4517248034241,772.9563114229278,3,1.0,1.1403642247008348
CELOUSDT-VETUSDT,1902.6746820394305,3,634.2248940131435,569.7767061351748,3,1.0,1.113111306910253
CELRUSDT-PHBUSDT,1575.0979153648761,3,525.0326384549587,392.52871424765806,3,1.0,1.337564920470251
CELRUSDT-SCRUSDT,7281.162286218963,3,2427.0540954063213,2128.174742668345,3,1.0,1.1404392913540717
CETUSUSDT-DUSDT,904.9545724105329,3,301.65152413684433,279.82771669122036,3,1.0,1.0779901565994827
CFXUSDT-FLUXUSDT,2549.2748240933915,3,849.7582746977972,521.1847105054744,3,1.0,1.6304359233287053
CFXUSDT-XVSUSDT,1538.183378305519,3,512.7277927685063,261.63252431769536,3,1.0,1.9597249772582204
CGPTUSDT-TUSDT,8339.198378724168,3,2779.732792908056,2594.183288725723,3,1.0,1.0715252098757742
CHESSUSDT-LISTAUSDT,1622.3393815207578,3,540.7797938402526,585.0442417114916,3,1.0,0.9243399990712711
CHRUSDT-ZRXUSDT,2762.066808034594,3,920.6889360115314,740.7469280017764,3,1.0,1.242919681753069
CHZUSDT-DYDXUSDT,823.4582547033265,3,274.4860849011088,199.34031929877182,3,1.0,1.3769722345518487
CKBUSDT-SKLUSDT,1690.3777344086895,3,563.4592448028965,340.89784888794696,3,1.0,1.6528682907239622
CKBUSDT-WLDUSDT,1157.1303780859294,3,385.7101260286431,167.32136152511782,3,1.0,2.305205518966216
CKBUSDT-ZILUSDT,1721.7932576726512,3,573.9310858908838,353.3594470960119,3,1.0,1.624213221430981
COMBOUSDT-MANTAUSDT,1173.6565367483563,3,391.21884558278543,409.2198943408178,3,1.0,0.9560113058847519
COMPUSDT-LRCUSDT,3661.347974978038,3,1220.4493249926793,1088.9771667025145,3,1.0,1.1207299494518053
COMPUSDT-WLDUSDT,3175.449524377331,3,1058.4831747924436,1309.2799315161612,3,1.0,0.8084468029435905
COSUSDT-PHAUSDT,1982.1654544923556,3,660.7218181641185,105.5062519050949,3,1.0,6.26239494090314
COSUSDT-ZROUSDT,2323.270590733778,3,774.4235302445927,711.1953735772586,3,1.0,1.0889040607073994
COTIUSDT-CTSIUSDT,2364.207764465428,3,788.0692548218094,772.1660617227282,3,1.0,1.0205955608351922
COTIUSDT-TRUUSDT,2599.5215814551357,3,866.5071938183786,815.3962019462201,3,1.0,1.0626824012058982
CTKUSDT-ENJUSDT,1434.1556720598282,3,478.0518906866094,599.6067882348326,3,1.0,0.7972756480858637
CTKUSDT-QTUMUSDT,2439.8754916251546,3,813.2918305417182,574.0216711132039,3,1.0,1.4168312303688748
CTSIUSDT-FETUSDT,631.4454016211093,3,210.4818005403698,16.901402251841102,3,1.0,12.45351109949718
CTSIUSDT-RDNTUSDT,3828.93242515984,3,1276.3108083866134,1130.466292855357,3,1.0,1.1290127060426358
CTSIUSDT-ZRXUSDT,1600.674911279058,3,533.558303759686,358.91121121824256,3,1.0,1.4866024996785239
CVCUSDT-UNIUSDT,3057.0536412995066,3,1019.0178804331689,764.24508845979,3,1.0,1.3333652984107904
CYBERUSDT-NEOUSDT,1066.920554043404,3,355.6401846811347,223.88582541568627,3,1.0,1.5884890614259373
DASHUSDT-ENSUSDT,4109.015386628422,3,1369.6717955428073,1467.7433272363503,3,1.0,0.9331820967101896
DASHUSDT-SLPUSDT,3395.5971590675895,3,1131.8657196891966,788.2958059008317,3,1.0,1.4358388199157641
DASHUSDT-SUSHIUSDT,808.2217365502522,3,269.4072455167507,89.94352693171852,3,1.0,2.995293321344556
DEGOUSDT-SEIUSDT,2261.0794763765175,3,753.6931587921725,369.4472702638597,3,1.0,2.040056103957363
DFUSDT-MDTUSDT,5414.805961627422,3,1804.935320542474,2109.1961874546396,3,1.0,0.8557455827381591
DGBUSDT-FILUSDT,3198.757376819493,3,1066.252458939831,794.1110973814847,3,1.0,1.3426993558655833
DGBUSDT-FTTUSDT,1932.0981117510823,3,644.0327039170274,747.3607895388485,3,1.0,0.8617426990174604
DGBUSDT-IDUSDT,894.4287102740316,3,298.1429034246772,413.19746822335975,3,1.0,0.7215506539926615
DGBUSDT-PYTHUSDT,255.29247967020723,3,85.09749322340241,51.6014949659574,3,1.0,1.6491284463665836
DIAUSDT-OGNUSDT,3625.304364531059,3,1208.4347881770198,1228.0059059655073,3,1.0,0.9840626843133137
DOGEUSDT-LTCUSDT,417.3406805435301,3,139.1135601811767,100.82861871275948,3,1.0,1.3797031235495087
DOTUSDT-FIDAUSDT,4599.316696678882,3,1533.1055655596274,1744.5107223611217,3,1.0,0.8788169346902228
DUSDT-UNIUSDT,3410.9494500611563,3,1136.9831500203854,324.9348472402392,3,1.0,3.499111159289609
DUSDT-WOOUSDT,1023.9574712789289,3,341.3191570929763,309.926511254293,3,1.0,1.1012906114795897
DUSKUSDT-PORTALUSDT,955.3543080575741,3,318.45143601919136,278.6540960542275,3,1.0,1.142819863509988
EGLDUSDT-ROSEUSDT,6235.629159908995,3,2078.543053302998,824.0925293848157,3,1.0,2.5222204779051065
EGLDUSDT-STRKUSDT,3582.49789869026,3,1194.1659662300867,1741.619438886689,3,1.0,0.6856641236121274
ENJUSDT-OMNIUSDT,3544.9042621562457,3,1181.634754052082,942.5846289639235,3,1.0,1.2536113127061272
ETHFIUSDT-RSRUSDT,3120.846349553751,3,1040.282116517917,332.13593077298225,3,1.0,3.132097494230333
FIOUSDT-LRCUSDT,4243.2000681405525,3,1414.4000227135175,462.4683185369419,3,1.0,3.0583717111435718
FIOUSDT-OMNIUSDT,5502.948632700738,3,1834.316210900246,2348.1917063222863,3,1.0,0.7811611828631885
FLOWUSDT-SKLUSDT,1760.7173688822543,3,586.9057896274181,850.1319821419878,3,1.0,0.690370203634327
FLUXUSDT-KSMUSDT,2315.450468857724,3,771.8168229525746,552.3967712219653,3,1.0,1.3972145804640148
FTTUSDT-GHSTUSDT,7701.587248846716,3,2567.195749615572,2699.7852723480173,3,1.0,0.9508888636105747
FTTUSDT-HIGHUSDT,16010.894554496273,3,5336.9648514987575,8718.981062702345,3,1.0,0.6121087788949306
FTTUSDT-LQTYUSDT,40360.92037526953,3,13453.640125089843,5052.880626712579,3,1.0,2.662568368222628
FTTUSDT-SCRTUSDT,31197.41203049548,3,10399.137343498494,8321.113163528073,3,1.0,1.2497291094511878
FTTUSDT-SUSHIUSDT,1921.7524549132254,3,640.5841516377418,611.5367345984007,3,1.0,1.0474990550787053
FTTUSDT-TLMUSDT,12189.315510121474,3,4063.1051700404914,4005.3824503872042,3,1.0,1.0144112879027838
FUNUSDT-GLMUSDT,2477.4677913169685,3,825.8225971056562,428.2535671563167,3,1.0,1.9283496050932436
FUNUSDT-KSMUSDT,1919.1930983539314,3,639.7310327846438,751.2252129929335,3,1.0,0.8515835487415431
FUNUSDT-OGNUSDT,2821.0956256230993,3,940.3652085410331,1173.4500427613325,3,1.0,0.8013679102419987
FUNUSDT-OMNIUSDT,2413.6538803675317,3,804.5512934558438,997.011533182831,3,1.0,0.8069628752311594
FUNUSDT-XAIUSDT,990.476574893978,3,330.15885829799265,139.52555254031617,3,1.0,2.366296726920989
GALAUSDT-IOTAUSDT,992.1254425124026,3,330.70848083746756,195.4477853580887,3,1.0,1.6920554010451518
GALAUSDT-OXTUSDT,509.4541347749141,3,169.81804492497136,98.31932413715047,3,1.0,1.7272092380139208
GALAUSDT-THETAUSDT,2759.978277239135,3,919.9927590797116,716.6745227465027,3,1.0,1.2836967547751454
GASUSDT-SANTOSUSDT,4016.9029150029855,3,1338.9676383343285,731.2214163237841,3,1.0,1.8311384328237934
GLMRUSDT-SANTOSUSDT,3354.7570724412717,3,1118.2523574804238,707.6795413002735,3,1.0,1.5801677061707529
GLMRUSDT-WUSDT,2716.1929416263856,3,905.3976472087952,375.1075583592372,3,1.0,2.413701422517602
GLMUSDT-TIAUSDT,3127.8576126244475,3,1042.619204208149,855.6444585301699,3,1.0,1.218519203641154
GMTUSDT-IOSTUSDT,1043.6959702286704,3,347.8986567428901,299.8061731083437,3,1.0,1.1604119192608044
GUSDT-NTRNUSDT,296.115630751142,3,98.70521025038067,45.23270859430932,3,1.0,2.182164484901058
GUSDT-RVNUSDT,1614.6679741173193,3,538.2226580391065,606.2887197401427,3,1.0,0.8877332540011472
HIFIUSDT-LPTUSDT,2096.829205047274,3,698.9430683490914,856.0342578373551,3,1.0,0.8164895995107351
HIFIUSDT-ONGUSDT,446.1760712822919,3,148.7253570940973,43.50290049656036,3,1.0,3.4187457708907605
HIGHUSDT-MLNUSDT,914.2552520578029,3,304.75175068593427,281.3081647110185,3,1.0,1.083337737455999
HIGHUSDT-PIXELUSDT,4706.8053120319355,3,1568.935104010645,1705.4796673163996,3,1.0,0.9199377360384426
HIVEUSDT-STRAXUSDT,2194.5254959156528,3,731.5084986385509,240.92198145894406,3,1.0,3.0362879061876242
HIVEUSDT-SUSHIUSDT,2768.883499430804,3,922.9611664769346,657.7201819571666,3,1.0,1.403273294321751
HIVEUSDT-XRPUSDT,2773.4300390596077,3,924.4766796865359,462.4188691434117,3,1.0,1.9992191957889687
HOOKUSDT-JOEUSDT,5012.0497416902535,3,1670.6832472300846,1445.780595688624,3,1.0,1.1555579402657148
HOTUSDT-NMRUSDT,3285.4011280202903,3,1095.1337093400969,544.967705158138,3,1.0,2.0095387285789945
ICPUSDT-KDAUSDT,2924.2809297564554,3,974.7603099188185,815.3798559579748,3,1.0,1.1954677354318382
IDEXUSDT-IOSTUSDT,5512.700355355217,3,1837.5667851184055,689.470695728918,3,1.0,2.665184751870715
IDEXUSDT-NFPUSDT,3447.6254218641598,3,1149.20847395472,328.31158251740226,3,1.0,3.5003592171281555
IDEXUSDT-OMNIUSDT,1587.4172834200945,3,529.1390944733648,25.55871519384754,3,1.0,20.70288316373346
IDEXUSDT-SKLUSDT,717.4887783501187,3,239.16292611670622,172.37234405877533,3,1.0,1.3874785275018173
IDUSDT-SUSHIUSDT,3688.6795156562266,3,1229.5598385520755,1299.0749486259451,3,1.0,0.9464887609853481
ILVUSDT-LRCUSDT,1161.57340287336,3,387.19113429112,478.90862444125145,3,1.0,0.808486451341027
IMXUSDT-NMRUSDT,961.0311613924996,3,320.34372046416655,463.7802265398838,3,1.0,0.6907231100690704
INJUSDT-WLDUSDT,2955.7456483258115,3,985.2485494419371,179.55712332348932,3,1.0,5.487103664870581
IOTXUSDT-JUPUSDT,3850.8355275010645,3,1283.611842500355,673.8166161092016,3,1.0,1.9049869234633525
JOEUSDT-VANRYUSDT,3185.2760438074574,3,1061.7586812691525,864.9928132431339,3,1.0,1.2274768819041173
JOEUSDT-VICUSDT,1018.1213876814795,3,339.3737958938265,145.79012942141392,3,1.0,2.327824230904199
KAVAUSDT-TLMUSDT,2349.8868072364485,3,783.2956024121495,1208.8573713431645,3,1.0,0.6479636233196211
KDAUSDT-OGNUSDT,3475.946042588431,3,1158.6486808628104,1007.4757627598942,3,1.0,1.1500511711455874
KDAUSDT-SOLUSDT,4671.40801792809,3,1557.13600597603,2131.4981323264224,3,1.0,0.7305359466942131
KNCUSDT-TWTUSDT,1421.4405864703592,3,473.81352882345305,189.91216370390615,3,1.0,2.4949088019563623
LDOUSDT-QUICKUSDT,3820.315879785965,3,1273.4386265953217,309.7264457628217,3,1.0,4.111494656063303
LEVERUSDT-MAVUSDT,1381.0601681955238,3,460.35338939850794,248.77739722733065,3,1.0,1.850463082776933
LEVERUSDT-MTLUSDT,842.0983905606346,3,280.6994635202115,215.51454883901945,3,1.0,1.3024617828928222
LPTUSDT-ROSEUSDT,10230.574709580433,3,3410.191569860144,5250.757484764361,3,1.0,0.6494665921545953
LSKUSDT-MLNUSDT,1120.2560498622452,3,373.41868328741504,181.70914920720284,3,1.0,2.055035120227248
LSKUSDT-POWRUSDT,929.6276134935354,3,309.8758711645118,322.78899351725164,3,1.0,0.9599951590293314
MANAUSDT-MANTAUSDT,4170.968944905911,3,1390.3229816353034,523.1137548799526,3,1.0,2.657783261605047
MANAUSDT-SUSHIUSDT,6093.789999585594,3,2031.2633331951981,3468.7466127792513,3,1.0,0.5855900012159425
MANTAUSDT-NFPUSDT,310.03666672502123,3,103.34555557500708,41.996461954162434,3,1.0,2.460815763189882
MANTAUSDT-XVGUSDT,653.282283755432,3,217.76076125181066,221.3808024591408,3,1.0,0.9836478991533231
MANTAUSDT-ZROUSDT,3777.7711965376707,3,1259.257065512557,907.4583766148426,3,1.0,1.3876747385483996
MASKUSDT-SAGAUSDT,842.266215498744,3,280.755405166248,232.15553900867144,3,1.0,1.2093418333463122
MBOXUSDT-OGNUSDT,1353.975322454764,3,451.3251074849213,237.29089959780293,3,1.0,1.9019907980031954
METISUSDT-SKLUSDT,680.2516540271944,3,226.75055134239813,144.11312340536745,3,1.0,1.5734205600733853
MINAUSDT-SOLUSDT,4533.794642683875,3,1511.264880894625,1927.2098085291202,3,1.0,0.7841724726629783
MLNUSDT-NEOUSDT,5061.445755732281,3,1687.1485852440937,1467.2236765218913,3,1.0,1.1498918755479346
MLNUSDT-NOTUSDT,921.762358893124,3,307.2541196310413,289.95936207922335,3,1.0,1.0596454531690294
MLNUSDT-OXTUSDT,562.0156177413489,3,187.3385392471163,30.797239527549078,3,1.0,6.082965295624506
MOVRUSDT-SSVUSDT,7285.232046529591,3,2428.4106821765304,1257.7207004992301,3,1.0,1.9308028254704048
MTLUSDT-OMNIUSDT,2243.4647680907624,3,747.8215893635875,650.9060740470999,3,1.0,1.148893241560801
MTLUSDT-QUICKUSDT,4219.958179346333,3,1406.6527264487777,1139.858126312215,3,1.0,1.2340594798404636
MTLUSDT-SANDUSDT,4155.171348453967,3,1385.0571161513224,1339.326147681417,3,1.0,1.0341447589514121
MTLUSDT-TLMUSDT,1892.4878843194056,3,630.8292947731352,825.1077309139271,3,1.0,0.7645417333254165
MTLUSDT-TWTUSDT,2689.6496443353244,3,896.5498814451081,753.7146981215337,3,1.0,1.1895082896480051
NMRUSDT-ONTUSDT,1921.038992551925,3,640.3463308506417,321.4633026675315,3,1.0,1.991973346683712
NMRUSDT-RIFUSDT,1069.9327172875342,3,356.64423909584474,56.4438486503339,3,1.0,6.318566993991381
NMRUSDT-XVGUSDT,5761.989087146811,3,1920.6630290489368,1859.0918547786512,3,1.0,1.033118952198097
NTRNUSDT-SCUSDT,4147.618583229427,3,1382.5395277431423,958.0512022909129,3,1.0,1.443074779758309
NTRNUSDT-XVGUSDT,1531.404343793729,3,510.4681145979096,295.6181693690612,3,1.0,1.7267819352491198
OGNUSDT-QUICKUSDT,2607.4620754132598,3,869.1540251377533,1106.596518591283,3,1.0,0.7854299290984592
OGNUSDT-UMAUSDT,3064.658518566856,3,1021.5528395222854,1104.4247998993878,3,1.0,0.9249636911588258
ONTUSDT-RSRUSDT,680.9324235972275,3,226.97747453240916,200.24884648147568,3,1.0,1.1334770637662877
ONTUSDT-STRAXUSDT,4487.767881762644,3,1495.9226272542146,1239.352997504136,3,1.0,1.2070190093272617
ONTUSDT-TLMUSDT,1373.2603125699877,3,457.75343752332924,620.292876579594,3,1.0,0.7379633956905384
OPUSDT-XVGUSDT,2658.3650819085656,3,886.1216939695219,1148.8733180500578,3,1.0,0.7712962604732652
OXTUSDT-TLMUSDT,1793.9958767172984,3,597.9986255724328,562.4510663508944,3,1.0,1.063201158906438
PERPUSDT-QTUMUSDT,7791.304814988979,3,2597.1016049963264,4167.358174212793,3,1.0,0.6232009576395278
PHAUSDT-WAXPUSDT,9300.890181135317,3,3100.296727045106,4868.984801065943,3,1.0,0.6367439730693701
PHBUSDT-RDNTUSDT,3123.9094646610424,3,1041.3031548870142,1363.6546310376134,3,1.0,0.7636120841643607
POLUSDT-SANDUSDT,1467.4514257018034,3,489.15047523393446,470.33839837225173,3,1.0,1.0399968978224776
POLYXUSDT-WOOUSDT,2761.2105552710045,3,920.4035184236682,915.8859972940515,3,1.0,1.0049324054991162
QNTUSDT-THETAUSDT,1346.0872614557936,3,448.6957538185979,327.2993196202443,3,1.0,1.3709034114070455
QNTUSDT-VICUSDT,2357.5113646427144,3,785.8371215475714,293.9892202711649,3,1.0,2.6730133874389814
QNTUSDT-WLDUSDT,1432.128942497997,3,477.376314165999,385.7959391014607,3,1.0,1.2373803500312468
QNTUSDT-WOOUSDT,2457.8441723552537,3,819.2813907850846,1116.2336046649848,3,1.0,0.7339694732008857
QTUMUSDT-VTHOUSDT,3777.9391196922998,3,1259.3130398974333,995.2468759334215,3,1.0,1.2653272975274097
RADUSDT-SANTOSUSDT,1865.1271940631086,3,621.7090646877028,275.3259262736951,3,1.0,2.2580839846868486
RADUSDT-STEEMUSDT,2926.2960372280013,3,975.4320124093338,510.457016098715,3,1.0,1.9108994129697678
RADUSDT-SUIUSDT,5459.996369906432,3,1819.9987899688106,1087.6954103364346,3,1.0,1.6732614412759794
RADUSDT-SXPUSDT,1445.6596816468002,3,481.8865605489334,363.83491089747565,3,1.0,1.3244648771066483
RADUSDT-TAOUSDT,1227.6529199387987,3,409.2176399795996,218.9503904648867,3,1.0,1.8689970778801888
RADUSDT-XAIUSDT,4873.359855465912,3,1624.453285155304,1392.4189065254868,3,1.0,1.166641215184886
RADUSDT-XVGUSDT,7082.55911158096,3,2360.8530371936536,1936.432025424753,3,1.0,1.219176819117007
RAREUSDT-RDNTUSDT,2028.2395368048756,3,676.0798456016252,386.7487883126968,3,1.0,1.7481110892453435
RDNTUSDT-RVNUSDT,1127.3938386132797,3,375.7979462044266,187.49911574479174,3,1.0,2.0042651652604677
RDNTUSDT-SLPUSDT,1549.6301868237351,3,516.5433956079117,337.09491244509974,3,1.0,1.5323381532553908
REIUSDT-SSVUSDT,3008.085605653355,3,1002.6952018844516,859.7802449917276,3,1.0,1.1662226571559562
REIUSDT-STXUSDT,3025.3401828767564,3,1008.4467276255855,636.9305533349024,3,1.0,1.5832914944109102
RSRUSDT-SXPUSDT,518.7654538029559,3,172.92181793431863,99.51797552813497,3,1.0,1.7375938067131549
RSRUSDT-WLDUSDT,9239.037906448782,3,3079.679302149594,4308.802850262009,3,1.0,0.714741288746206
SANTOSUSDT-STORJUSDT,13019.90569403994,3,4339.96856467998,3266.3742794789173,3,1.0,1.3286807307864095
SANTOSUSDT-WAXPUSDT,2142.2489673487134,3,714.0829891162379,170.71372022051563,3,1.0,4.182926762968068
SANTOSUSDT-YFIUSDT,8301.26104327617,3,2767.08701442539,3658.1907123990177,3,1.0,0.7564086270971784
SANTOSUSDT-ZECUSDT,1354.2116620401853,3,451.4038873467284,285.5848522912108,3,1.0,1.5806296577888244
SKLUSDT-ZENUSDT,1631.028708480952,3,543.6762361603173,560.8881801310198,3,1.0,0.969313056362354
SNXUSDT-TRUUSDT,3255.576803644729,3,1085.1922678815763,869.1781756968005,3,1.0,1.248526824792399
SPELLUSDT-ZROUSDT,3472.8789337198014,3,1157.6263112399338,1786.5558452348873,3,1.0,0.6479653654978442
STEEMUSDT-SXPUSDT,1802.5357575939586,3,600.8452525313195,645.4764423479428,3,1.0,0.9308554319127809
STEEMUSDT-ZENUSDT,423.87009315521595,3,141.29003105173865,143.2524751323372,3,1.0,0.9863008015827606
STRAXUSDT-SXPUSDT,4146.510922592581,3,1382.1703075308603,1499.3573084716606,3,1.0,0.9218418449833999
SUSHIUSDT-WLDUSDT,809.4379167850662,3,269.8126389283554,91.17518066382486,3,1.0,2.9592772612449307
TONUSDT-UNIUSDT,819.7468720288151,3,273.24895734293835,274.9706724753614,3,1.0,0.9937385499445315
TRBUSDT-VICUSDT,2560.9038029435137,3,853.6346009811713,483.3762569099001,3,1.0,1.7659837213317786
TUSDT-VTHOUSDT,1477.2378165163232,3,492.41260550544104,360.1468740543035,3,1.0,1.3672549756219579
WAXPUSDT-YFIUSDT,1720.7776318539584,3,573.5925439513195,588.6101714758895,3,1.0,0.9744862928771438
ZROUSDT-ZRXUSDT,2073.1735167928177,3,691.0578389309393,407.532274000387,3,1.0,1.6957131570155914
1000CATUSDT-ENSUSDT,2776.0591378101276,3,925.3530459367092,1265.0549034203468,2,0.6666666666666666,0.7314726368277132
1000SATSUSDT-ARPAUSDT,7431.55763840749,3,2477.1858794691634,2281.243114405091,2,0.6666666666666666,1.0858929781866633
1000SATSUSDT-SNTUSDT,8235.261665325335,3,2745.0872217751116,2896.7085711636396,2,0.6666666666666666,0.9476573684705811
1000SATSUSDT-WLDUSDT,197.71552898634354,3,65.90517632878118,1264.3747059095906,2,0.6666666666666666,0.05212471905736917
1INCHUSDT-ADAUSDT,153.08776224984865,3,51.029254083282886,337.2000571828659,2,0.6666666666666666,0.1513322818198971
1INCHUSDT-GLMUSDT,191.35055037192996,3,63.78351679064332,410.5185734153885,2,0.6666666666666666,0.15537303528067936
1INCHUSDT-ONEUSDT,1675.9715244117292,3,558.6571748039097,621.9753326134338,2,0.6666666666666666,0.8981982813635517
1INCHUSDT-STEEMUSDT,727.2555326490261,3,242.4185108830087,588.1426283672471,2,0.6666666666666666,0.4121763993812027
ACEUSDT-ATOMUSDT,1549.353071015557,3,516.4510236718523,1050.3587531080445,2,0.6666666666666666,0.49169012220220715
ACEUSDT-BATUSDT,1039.441690600892,3,346.48056353363063,410.95046895504464,2,0.6666666666666666,0.8431200100942905
ACEUSDT-FLMUSDT,98.87826616785071,3,32.959422055950235,552.5980854929012,2,0.6666666666666666,0.05964447384313936
ACEUSDT-HOOKUSDT,325.02065312110557,3,108.3402177070352,534.0097056253915,2,0.6666666666666666,0.20288061540034255
ACEUSDT-RSRUSDT,191.63010300285623,3,63.876701000952075,434.97854739449537,2,0.6666666666666666,0.1468502329219936
ACEUSDT-SKLUSDT,636.346905724166,3,212.11563524138867,300.5070444333901,2,0.6666666666666666,0.7058591110279476
ACHUSDT-ARPAUSDT,3501.0926625411425,3,1167.030887513714,1558.2153030746758,2,0.6666666666666666,0.7489535529595459
ACHUSDT-BICOUSDT,1618.7529304225654,3,539.5843101408551,3399.039055629461,2,0.6666666666666666,0.1587461342190817
ACHUSDT-KDAUSDT,1771.9037726213235,3,590.6345908737745,886.377611599284,2,0.6666666666666666,0.6663464680793294
ACHUSDT-VETUSDT,374.79942018350073,3,124.93314006116691,239.88761354079182,2,0.6666666666666666,0.5207986282289752
ACHUSDT-YFIUSDT,862.1130587856389,3,287.371019595213,523.1576245275295,2,0.6666666666666666,0.5493010253931433
ACTUSDT-BATUSDT,9827.048140496208,3,3275.682713498736,4839.915544007528,2,0.6666666666666666,0.6768057590497577
ACTUSDT-BICOUSDT,551.15330515103,3,183.71776838367668,554.1724616043404,2,0.6666666666666666,0.33151731836657866
ACTUSDT-ILVUSDT,479.86240761478973,3,159.95413587159658,730.673119042903,2,0.6666666666666666,0.21891339875910304
ACTUSDT-IOTAUSDT,2556.3834641975022,3,852.1278213991674,952.9765659107641,2,0.6666666666666666,0.8941750006043274
ACTUSDT-LUMIAUSDT,642.0874453033526,3,214.0291484344509,372.72517746354276,2,0.6666666666666666,0.5742277725667879
ACTUSDT-MOVRUSDT,264.5805582230105,3,88.19351940767017,513.6309299029845,2,0.6666666666666666,0.17170601354620196
ACTUSDT-PORTALUSDT,872.0816223731697,3,290.6938741243899,668.6347124904054,2,0.6666666666666666,0.43475737752481886
ACTUSDT-SKLUSDT,1956.2251783503734,3,652.0750594501245,1019.9380594699103,2,0.6666666666666666,0.6393280978151024
ACTUSDT-SUIUSDT,462.4784550205732,3,154.15948500685775,680.7514052205848,2,0.6666666666666666,0.22645489061738364
ACTUSDT-TRBUSDT,1276.5037871929303,3,425.5012623976434,506.22935885552846,2,0.6666666666666666,0.8405305914291632
ACTUSDT-UMAUSDT,1839.1189479267796,3,613.0396493089265,1065.0685276439815,2,0.6666666666666666,0.5755870475912196
ACTUSDT-USTCUSDT,1411.8299950575333,3,470.6099983525111,1221.7938952609413,2,0.6666666666666666,0.38517953001557753
ACTUSDT-VANRYUSDT,76.17607850765276,3,25.392026169217587,571.2947237653478,2,0.6666666666666666,0.04444645664126078
ACTUSDT-ZENUSDT,3034.156033732911,3,1011.385344577637,1533.1515036218243,2,0.6666666666666666,0.6596773653408692
ACTUSDT-ZILUSDT,1994.4146048651126,3,664.8048682883708,991.4622408526657,2,0.6666666666666666,0.6705296892765509
ADAUSDT-ALGOUSDT,460.8603229703653,3,153.62010765678843,318.07417118559306,2,0.6666666666666666,0.4829694504403901
ADAUSDT-MTLUSDT,261.9821653651567,3,87.32738845505223,95.10549652358212,2,0.6666666666666666,0.918215998519063
ADAUSDT-OXTUSDT,847.536352521802,3,282.5121175072673,603.4768958020529,2,0.6666666666666666,0.4681407349187638
ADAUSDT-SPELLUSDT,167.67122038898282,3,55.8904067963276,181.8516159320727,2,0.6666666666666666,0.3073407212240799
ADAUSDT-TWTUSDT,892.0661433114074,3,297.3553811038025,938.1615039750128,2,0.6666666666666666,0.3169554280834383
AERGOUSDT-APEUSDT,5604.071968482441,3,1868.023989494147,1695.0341316337147,2,0.6666666666666666,1.1020568581080432
AERGOUSDT-HIGHUSDT,1414.2531268549656,3,471.4177089516552,1507.0859834505677,2,0.6666666666666666,0.312800805082345
AERGOUSDT-KNCUSDT,1066.3072090719818,3,355.43573635732724,529.2427868268453,2,0.6666666666666666,0.6715929724586246
AEVOUSDT-REZUSDT,2120.0944448681666,3,706.6981482893889,1118.1505285733483,2,0.6666666666666666,0.6320241597444551
AEVOUSDT-SYSUSDT,5638.053049438715,3,1879.3510164795716,2685.2566899598414,2,0.6666666666666666,0.6998776033242757
AEVOUSDT-VANRYUSDT,492.22107494784956,3,164.07369164928318,289.2298061459028,2,0.6666666666666666,0.56727795048383
AGLDUSDT-LRCUSDT,227.05617619149356,3,75.68539206383119,398.5547338116833,2,0.6666666666666666,0.1898996189055239
AIUSDT-ASTRUSDT,1057.6584016118484,3,352.5528005372828,430.6695529593211,2,0.6666666666666666,0.8186155675847909
AIUSDT-HOOKUSDT,3143.493575598587,3,1047.8311918661957,2569.8920513092057,2,0.6666666666666666,0.4077335432561802
AIUSDT-NKNUSDT,1994.0985823215235,3,664.6995274405078,851.111295803529,2,0.6666666666666666,0.780978387571474
AIUSDT-SAGAUSDT,1991.1618704303075,3,663.7206234767692,684.6170007924927,2,0.6666666666666666,0.9694772737289106
ALGOUSDT-CHZUSDT,804.5467679014597,3,268.18225596715325,641.3053466260358,2,0.6666666666666666,0.4181818495324947
ALGOUSDT-GRTUSDT,1247.7551849096271,3,415.9183949698757,583.5251548506986,2,0.6666666666666666,0.7127685782051555
ALGOUSDT-STRKUSDT,538.3154585790185,3,179.43848619300616,591.3871800387635,2,0.6666666666666666,0.30341964156416873
ALICEUSDT-ARBUSDT,586.1887839556061,3,195.39626131853538,928.0475114366237,2,0.6666666666666666,0.21054553663536113
ALICEUSDT-CHZUSDT,128.39824722718993,3,42.79941574239664,765.6152883279977,2,0.6666666666666666,0.055901986800531225
ALICEUSDT-GTCUSDT,1281.5066007372563,3,427.16886691241876,485.22265308020917,2,0.6666666666666666,0.8803563976264028
ALICEUSDT-MOVRUSDT,1172.769547275058,3,390.9231824250193,510.9804690723064,2,0.6666666666666666,0.7650452533631019
ALICEUSDT-RLCUSDT,1166.730067791235,3,388.9100225970783,963.7451981361247,2,0.6666666666666666,0.4035402960753808
ALICEUSDT-SSVUSDT,2690.0702946858123,3,896.6900982286041,1192.749159784111,2,0.6666666666666666,0.7517843050846551
ALICEUSDT-SUIUSDT,2767.7240977065853,3,922.5746992355284,2019.9432591465352,2,0.6666666666666666,0.4567329775517229
ALICEUSDT-TAOUSDT,454.4330502868622,3,151.47768342895407,232.31551543792617,2,0.6666666666666666,0.652034295442606
ALPACAUSDT-NKNUSDT,7216.987766700404,3,2405.662588900135,3376.018458991001,2,0.6666666666666666,0.7125738849245277
ALPACAUSDT-QTUMUSDT,2266.6121831112673,3,755.5373943704225,1391.4260865665854,2,0.6666666666666666,0.5429949902942739
ALPACAUSDT-RIFUSDT,166.77185646283522,3,55.590618820945075,508.0341972436081,2,0.6666666666666666,0.10942298593787132
ALPHAUSDT-KNCUSDT,391.1886075937191,3,130.3962025312397,193.67343357734808,2,0.6666666666666666,0.6732787255468515
ALPHAUSDT-OXTUSDT,309.10315633120524,3,103.03438544373508,322.82322107032803,2,0.6666666666666666,0.31916658628868805
ALTUSDT-AVAXUSDT,122.15703270077839,3,40.71901090025946,431.85748814140845,2,0.6666666666666666,0.09428807423370723
ALTUSDT-BAKEUSDT,1958.870167286033,3,652.9567224286776,824.3625019251692,2,0.6666666666666666,0.7920747497657883
ALTUSDT-COSUSDT,6661.814238733137,3,2220.604746244379,3929.825088272067,2,0.6666666666666666,0.565064524849062
ALTUSDT-LQTYUSDT,6737.6532182277115,3,2245.884406075904,2574.0824847863437,2,0.6666666666666666,0.872499004732678
ALTUSDT-MINAUSDT,912.5833454583963,3,304.1944484861321,490.3189087222962,2,0.6666666666666666,0.6204012186248764
ALTUSDT-MTLUSDT,1315.2945043030873,3,438.4315014343624,1240.7633496042376,2,0.6666666666666666,0.3533562637663399
ALTUSDT-OGNUSDT,2269.085850912187,3,756.3619503040624,1263.3671822509293,2,0.6666666666666666,0.5986873499092001
ALTUSDT-ONGUSDT,2224.946707689422,3,741.6489025631407,1320.4797855399627,2,0.6666666666666666,0.5616510837080858
ALTUSDT-TIAUSDT,715.8006035716705,3,238.60020119055685,906.1503530996381,2,0.6666666666666666,0.2633119331404387
ALTUSDT-XVGUSDT,1359.8135627872382,3,453.2711875957461,514.7411152123249,2,0.6666666666666666,0.8805808865856322
ANKRUSDT-ATAUSDT,646.1103782788836,3,215.3701260929612,326.3663295550967,2,0.6666666666666666,0.6599030187536632
ANKRUSDT-CTSIUSDT,1459.6471072737404,3,486.5490357579135,753.5247562203824,2,0.6666666666666666,0.6456974794012118
ANKRUSDT-INJUSDT,2884.400528117692,3,961.4668427058973,1340.374663487713,2,0.6666666666666666,0.7173120090200146
ANKRUSDT-MINAUSDT,146.27485376206644,3,48.75828458735548,176.13946431634034,2,0.6666666666666666,0.2768163555884745
ANKRUSDT-VETUSDT,1920.813435594443,3,640.2711451981477,1099.7154164248232,2,0.6666666666666666,0.5822153037370981
ANKRUSDT-XAIUSDT,3875.404870309072,3,1291.8016234363574,2271.838683815792,2,0.6666666666666666,0.5686150309170018
ANKRUSDT-XVGUSDT,9288.423691618415,3,3096.1412305394715,3354.7933846950577,2,0.6666666666666666,0.922900720105272
APEUSDT-FLOWUSDT,2140.3333194047327,3,713.4444398015776,1466.043535541602,2,0.6666666666666666,0.4866461482932763
APEUSDT-GTCUSDT,627.7263002476731,3,209.2421000825577,1224.7061769299164,2,0.6666666666666666,0.170850857147699
APEUSDT-MEMEUSDT,2406.949532954207,3,802.3165109847356,896.4361028293957,2,0.6666666666666666,0.8950069151079557
APEUSDT-QTUMUSDT,2456.733199308496,3,818.9110664361652,1444.887044512249,2,0.6666666666666666,0.5667647651395513
APEUSDT-SKLUSDT,281.7890567988068,3,93.92968559960228,314.20218539996984,2,0.6666666666666666,0.29894663361438
APEUSDT-VANRYUSDT,2277.4856264804744,3,759.1618754934915,1768.5683798539906,2,0.6666666666666666,0.4292522042920197
APEUSDT-XAIUSDT,357.9748459646148,3,119.3249486548716,3524.040728863023,2,0.6666666666666666,0.03386026378116519
API3USDT-CAKEUSDT,4489.969752041586,3,1496.656584013862,2230.6425411619066,2,0.6666666666666666,0.6709531251180555
API3USDT-CYBERUSDT,4162.440047561596,3,1387.4800158538653,1771.2472813051768,2,0.6666666666666666,0.783335015103862
API3USDT-GMXUSDT,2467.2361890417,3,822.4120630139,1213.2518928738316,2,0.6666666666666666,0.6778576385039478
API3USDT-GRTUSDT,452.8149068310178,3,150.93830227700593,590.1844356198139,2,0.6666666666666666,0.25574768354995664
API3USDT-METISUSDT,22.604513958917664,3,7.534837986305888,164.89595907323758,2,0.6666666666666666,0.045694497479828074
API3USDT-ROSEUSDT,212.30773403084618,3,70.76924467694873,327.005152367577,2,0.6666666666666666,0.2164162985340337
APTUSDT-FILUSDT,910.1813917049873,3,303.39379723499576,817.3338498201997,2,0.6666666666666666,0.3711993542194998
APTUSDT-XRPUSDT,172.2187133705583,3,57.406237790186104,177.44517867791726,2,0.6666666666666666,0.32351534269851767
ARBUSDT-INJUSDT,5297.445779171371,3,1765.8152597237904,3348.04034441434,2,0.6666666666666666,0.5274175571598967
ARBUSDT-XVGUSDT,1947.1823250843652,3,649.0607750281217,1144.581461616783,2,0.6666666666666666,0.5670725909812382
ARBUSDT-ZILUSDT,670.3772821621452,3,223.4590940540484,912.2914810680631,2,0.6666666666666666,0.24494265121541436
ARKMUSDT-C98USDT,463.52459629651406,3,154.5081987655047,538.827164671283,2,0.6666666666666666,0.28674908931097415
ARKMUSDT-GALAUSDT,324.59425673836995,3,108.19808557945665,125.03305336093877,2,0.6666666666666666,0.8653558612786666
ARKMUSDT-KSMUSDT,757.4925516480255,3,252.4975172160085,500.9862777248967,2,0.6666666666666666,0.5040008647794957
ARKMUSDT-METISUSDT,2464.6297574303553,3,821.5432524767851,2053.6390574091956,2,0.6666666666666666,0.40004267035767105
ARKMUSDT-VICUSDT,787.0772882750907,3,262.3590960916969,763.6104646066769,2,0.6666666666666666,0.34357713553183655
ARKUSDT-IDEXUSDT,1605.5529849086984,3,535.1843283028994,1020.3902501137675,2,0.6666666666666666,0.5244898490976658
ARKUSDT-MOVRUSDT,484.84951765219955,3,161.61650588406653,565.6062337482067,2,0.6666666666666666,0.285740319396858
ARKUSDT-REIUSDT,440.4029168766997,3,146.80097229223324,353.24678127764855,2,0.6666666666666666,0.41557624887981387
ARKUSDT-SCUSDT,574.9199712862265,3,191.63999042874218,956.4602380596621,2,0.6666666666666666,0.20036378178931477
ARPAUSDT-FIDAUSDT,4742.559961227029,3,1580.8533204090097,2094.889008971092,2,0.6666666666666666,0.7546239030512878
ARPAUSDT-LPTUSDT,404.9938742127837,3,134.9979580709279,1218.361453833979,2,0.6666666666666666,0.11080288008629292
ARPAUSDT-MBOXUSDT,771.9076727198791,3,257.30255757329303,1222.2708111415427,2,0.6666666666666666,0.2105119055677888
ARPAUSDT-NKNUSDT,1358.9407972744325,3,452.9802657581442,399.9126962287337,2,0.6666666666666666,1.1326978863883281
ARPAUSDT-PIXELUSDT,4597.549132432703,3,1532.5163774775676,1366.8701015552888,2,0.6666666666666666,1.1211865529385703
ARPAUSDT-PORTALUSDT,3853.5465735572316,3,1284.5155245190772,1601.219539776899,2,0.6666666666666666,0.8022107478766162
ARPAUSDT-WUSDT,1085.1993763794385,3,361.7331254598128,478.88421464214656,2,0.6666666666666666,0.7553665675326621
ARUSDT-C98USDT,2177.1488585542775,3,725.7162861847592,715.2869033635569,2,0.6666666666666666,1.0145806986988846
ARUSDT-JOEUSDT,2832.245796814551,3,944.081932271517,1252.9175058142616,2,0.6666666666666666,0.7535068573073893
ARUSDT-USUALUSDT,619.2326376340326,3,206.4108792113442,363.314921605052,2,0.6666666666666666,0.5681321270798969
ARUSDT-WOOUSDT,140.49396647214394,3,46.831322157381315,344.01457171072036,2,0.6666666666666666,0.13613179791919242
ASTRUSDT-CAKEUSDT,1504.5641475726666,3,501.5213825242222,1046.0640156578875,2,0.6666666666666666,0.4794366071456983
ASTRUSDT-LPTUSDT,3185.07849527664,3,1061.69283175888,1948.7590049683465,2,0.6666666666666666,0.5448045802749862
ASTRUSDT-POLYXUSDT,733.5880917779135,3,244.52936392597118,1238.3907199542048,2,0.6666666666666666,0.19745736138511583
ASTRUSDT-RENDERUSDT,142.06794428092283,3,47.355981426974274,77.77685373673944,2,0.6666666666666666,0.6088698520419159
ASTRUSDT-VOXELUSDT,2934.8067278193225,3,978.2689092731075,1703.6187865547797,2,0.6666666666666666,0.574229937468262
ASTRUSDT-ZROUSDT,1185.5922248773131,3,395.19740829243773,705.7493532944818,2,0.6666666666666666,0.559968502199303
ATAUSDT-CELRUSDT,1277.6420121177516,3,425.8806707059172,657.9221193877947,2,0.6666666666666666,0.6473116774097896
ATAUSDT-MANTAUSDT,1865.1645016986777,3,621.7215005662259,955.0578878595483,2,0.6666666666666666,0.6509778186949615
ATAUSDT-POLYXUSDT,151.33147224855483,3,50.44382408285161,273.71855434362874,2,0.6666666666666666,0.18429084650039465
ATAUSDT-ZILUSDT,1371.1454140032743,3,457.04847133442473,2053.482719764437,2,0.6666666666666666,0.22257234839884824
ATOMUSDT-BSWUSDT,1519.6339496916912,3,506.5446498972304,679.9836907461624,2,0.6666666666666666,0.7449364694929473
ATOMUSDT-COWUSDT,235.2750914335976,3,78.42503047786586,315.6544918320847,2,0.6666666666666666,0.24845212885354653
ATOMUSDT-ICXUSDT,336.96561152342747,3,112.32187050780915,1558.0075464881984,2,0.6666666666666666,0.07209327757172065
ATOMUSDT-ILVUSDT,2258.367598496092,3,752.7891994986973,1083.1191020930598,2,0.6666666666666666,0.6950197794905281
ATOMUSDT-KSMUSDT,730.6183349499886,3,243.53944498332953,322.1635884894378,2,0.6666666666666666,0.755949628340181
ATOMUSDT-PEOPLEUSDT,1742.0519150966632,3,580.6839716988877,1941.2520975780456,2,0.6666666666666666,0.29912857398756376
ATOMUSDT-SOLUSDT,2572.7570204359176,3,857.5856734786393,2188.1880572006103,2,0.6666666666666666,0.3919158916239423
ATOMUSDT-STRKUSDT,1306.0724427494306,3,435.35748091647685,739.7336632721501,2,0.6666666666666666,0.5885327416231261
AUCTIONUSDT-CELOUSDT,1520.1632106015606,3,506.7210702005202,489.02705348020913,2,0.6666666666666666,1.03618208153187
AVAUSDT-CTKUSDT,1380.8820701201998,3,460.29402337339997,1032.6531708179155,2,0.6666666666666666,0.44573922434075613
AVAUSDT-NEOUSDT,684.0577412312718,3,228.01924707709063,398.18829493410277,2,0.6666666666666666,0.5726417626485634
AVAUSDT-ZRXUSDT,1250.7271622860378,3,416.90905409534594,572.4455858074347,2,0.6666666666666666,0.7282946439482026
AVAXUSDT-CHZUSDT,2140.792557566086,3,713.5975191886954,1085.6107588462953,2,0.6666666666666666,0.6573235511658457
AVAXUSDT-ORCAUSDT,2012.5793715821158,3,670.859790527372,1272.4450846552286,2,0.6666666666666666,0.5272210161502905
AXLUSDT-DEGOUSDT,2601.780633905966,3,867.2602113019888,2189.510656899681,2,0.6666666666666666,0.3960977347011492
AXLUSDT-PYTHUSDT,1069.1850399717446,3,356.39501332391484,1128.2477461467495,2,0.6666666666666666,0.3158836474888549
AXLUSDT-SNXUSDT,1742.0547483445366,3,580.6849161148456,823.0118557464976,2,0.6666666666666666,0.7055608155099371
AXLUSDT-STRAXUSDT,2594.1508418600824,3,864.7169472866941,1492.7386563653267,2,0.6666666666666666,0.5792822096482687
AXSUSDT-CELOUSDT,521.2870763850616,3,173.76235879502053,291.6414854912665,2,0.6666666666666666,0.5958080980911202
AXSUSDT-DASHUSDT,541.5296481411658,3,180.50988271372194,498.28162846440665,2,0.6666666666666666,0.36226477638762905
AXSUSDT-FLUXUSDT,422.2216450426396,3,140.74054834754654,211.65004908314788,2,0.6666666666666666,0.6649681819457356
AXSUSDT-JASMYUSDT,438.8069588778719,3,146.26898629262396,807.2948009253234,2,0.6666666666666666,0.1811841053912029
AXSUSDT-RVNUSDT,891.2908527365655,3,297.0969509121885,969.8328866209356,2,0.6666666666666666,0.30633829292727466
BADGERUSDT-BALUSDT,24672.39650907241,3,8224.132169690803,8447.441077998172,2,0.6666666666666666,0.9735649048930346
BAKEUSDT-BICOUSDT,3908.616499612998,3,1302.8721665376659,2881.322263279087,2,0.6666666666666666,0.4521785650782891
BAKEUSDT-FLUXUSDT,1051.4247580218146,3,350.47491934060486,524.0808000145435,2,0.6666666666666666,0.6687421468805556
BAKEUSDT-MANAUSDT,683.4524123935282,3,227.81747079784273,392.47802760718486,2,0.6666666666666666,0.580459171655479
BAKEUSDT-SCRTUSDT,268.0961959668333,3,89.3653986556111,961.6056940206188,2,0.6666666666666666,0.09293351652480432
BAKEUSDT-STEEMUSDT,919.6062728881233,3,306.53542429604107,583.9343990741278,2,0.6666666666666666,0.5249483928024726
BAKEUSDT-SYSUSDT,2782.2805096574193,3,927.4268365524731,1825.018985444056,2,0.6666666666666666,0.5081738019984573
BALUSDT-CELOUSDT,2217.10707693156,3,739.0356923105201,1178.1636273676654,2,0.6666666666666666,0.6272776337203048
BANANAUSDT-ICPUSDT,47.37661465443989,3,15.792204884813296,657.3301613521663,2,0.6666666666666666,0.02402476839390393
BANDUSDT-KSMUSDT,1998.0795730693335,3,666.0265243564445,1342.2300621788945,2,0.6666666666666666,0.496208916134137
BANDUSDT-LSKUSDT,1699.476376190233,3,566.4921253967443,874.9347949509146,2,0.6666666666666666,0.6474678212203523
BANDUSDT-MOVRUSDT,2031.9974961251244,3,677.3324987083748,1197.7260643812049,2,0.6666666666666666,0.5655153702097256
BANDUSDT-ONEUSDT,920.0004773258081,3,306.6668257752694,723.513977327609,2,0.6666666666666666,0.4238575001798615
BANDUSDT-RIFUSDT,1051.3148061008492,3,350.43826870028306,407.7608101772679,2,0.6666666666666666,0.8594211605277498
BANDUSDT-SLPUSDT,878.5011590281001,3,292.83371967603335,2328.8784458756913,2,0.6666666666666666,0.12574023354229796
BANDUSDT-UMAUSDT,1492.6069102819226,3,497.5356367606409,791.632838295346,2,0.6666666666666666,0.6284929233506835
BATUSDT-CHZUSDT,1727.6232030830254,3,575.8744010276752,973.119672521463,2,0.6666666666666666,0.5917816865581594
BATUSDT-GLMRUSDT,262.3116810002707,3,87.43722700009023,1340.7003199313529,2,0.6666666666666666,0.0652175774855989
BATUSDT-KNCUSDT,422.8765243088094,3,140.9588414362698,393.3202162050069,2,0.6666666666666666,0.35838188740036453
BATUSDT-RDNTUSDT,717.5021062190825,3,239.16736873969418,450.00252543868925,2,0.6666666666666666,0.5314800589319796
BATUSDT-SKLUSDT,3205.065652126754,3,1068.3552173755845,1285.8227131028968,2,0.6666666666666666,0.8308728773327325
BBUSDT-CAKEUSDT,1490.9418482726235,3,496.9806160908745,798.5153335522889,2,0.6666666666666666,0.622380804987173
BBUSDT-SPELLUSDT,1279.3867999659485,3,426.46226665531617,723.8739774489852,2,0.6666666666666666,0.5891388279465689
BCHUSDT-IOTAUSDT,858.2414684351806,3,286.08048947839353,538.1761361033292,2,0.6666666666666666,0.5315740893859819
BEAMXUSDT-LQTYUSDT,2265.4374102877264,3,755.1458034292422,1903.233730935613,2,0.6666666666666666,0.3967698718002539
BELUSDT-IMXUSDT,2384.400959661417,3,794.8003198871389,1489.8762347917402,2,0.6666666666666666,0.5334673453585483
BELUSDT-PNUTUSDT,783.3243716984798,3,261.10812389949325,818.9912518008506,2,0.6666666666666666,0.3188167435553822
BICOUSDT-CHESSUSDT,2184.4266193244985,3,728.1422064414995,740.1666275250549,2,0.6666666666666666,0.9837544403700526
BICOUSDT-PORTALUSDT,1365.6917826495364,3,455.23059421651215,1451.5744133902551,2,0.6666666666666666,0.3136116137189886
BICOUSDT-SUSHIUSDT,292.87848809598444,3,97.62616269866147,260.8330612215023,2,0.6666666666666666,0.3742859982606126
BLURUSDT-DASHUSDT,603.3806766126777,3,201.1268922042259,529.0781758361227,2,0.6666666666666666,0.3801458865438502
BLURUSDT-GRTUSDT,2153.650150338857,3,717.8833834462857,1051.1285353242054,2,0.6666666666666666,0.6829644133149377
BLURUSDT-ILVUSDT,1185.172748156534,3,395.0575827188447,465.30141774309,2,0.6666666666666666,0.8490358456998524
BLURUSDT-STORJUSDT,184.6525295439078,3,61.550843181302604,378.81114155947597,2,0.6666666666666666,0.1624842472370594
BNTUSDT-EOSUSDT,2069.4401129785715,3,689.8133709928571,898.9789641151656,2,0.6666666666666666,0.7673298247549285
BNTUSDT-FILUSDT,675.893317952368,3,225.2977726507893,903.4430210542681,2,0.6666666666666666,0.2493768476819703
BNTUSDT-JUPUSDT,306.83553614004785,3,102.27851204668262,113.36797853086951,2,0.6666666666666666,0.9021816686872715
BNTUSDT-QNTUSDT,335.2079489198929,3,111.73598297329762,294.0536332782852,2,0.6666666666666666,0.3799850446586845
BNXUSDT-SFPUSDT,876.9298617625712,3,292.3099539208571,447.75518820214177,2,0.6666666666666666,0.652834320233252
BOMEUSDT-MLNUSDT,5066.555084390546,3,1688.8516947968485,3474.7693821046937,2,0.6666666666666666,0.48603274320723366
BOMEUSDT-SSVUSDT,1357.7152759617557,3,452.57175865391855,847.8236395252276,2,0.6666666666666666,0.5338041280700241
BSWUSDT-GMTUSDT,1467.45474765472,3,489.1515825515733,1036.525327363291,2,0.6666666666666666,0.47191474210849743
C98USDT-GLMRUSDT,461.33369651154356,3,153.7778988371812,670.3305041051641,2,0.6666666666666666,0.2294060883331902
C98USDT-IDUSDT,1769.112017797233,3,589.704005932411,1511.7411745075306,2,0.6666666666666666,0.39008265163149686
C98USDT-NFPUSDT,1230.8248995704387,3,410.2749665234796,801.879198755972,2,0.6666666666666666,0.511641862215626
C98USDT-SCRTUSDT,1216.8955735616532,3,405.6318578538844,1710.118654021315,2,0.6666666666666666,0.23719515420760307
C98USDT-XAIUSDT,9671.83808441043,3,3223.94602813681,5008.647756658418,2,0.6666666666666666,0.643675935056712
CAKEUSDT-ETHFIUSDT,1726.3947918183437,3,575.4649306061145,813.0473869900366,2,0.6666666666666666,0.7077876884107943
CAKEUSDT-STRKUSDT,1003.5383367651323,3,334.5127789217108,668.8553050520678,2,0.6666666666666666,0.5001272717657076
CAKEUSDT-VTHOUSDT,617.7109246066564,3,205.9036415355521,570.816923105733,2,0.6666666666666666,0.3607174791091685
CATIUSDT-HMSTRUSDT,860.3056073551433,3,286.76853578504773,838.2808093857211,2,0.6666666666666666,0.342091256980089
CATIUSDT-SKLUSDT,2282.4939782885563,3,760.8313260961854,2066.667204202061,2,0.6666666666666666,0.36814409429308287
CATIUSDT-UMAUSDT,4360.807526042774,3,1453.6025086809248,1586.2478101570223,2,0.6666666666666666,0.9163779450936061
CELOUSDT-DOGEUSDT,687.2378858013719,3,229.07929526712397,620.2833856203296,2,0.6666666666666666,0.3693139306609472
CELOUSDT-HOOKUSDT,327.1549451053803,3,109.0516483684601,298.39984370999593,2,0.6666666666666666,0.36545477709580665
CELOUSDT-INJUSDT,1453.681032018589,3,484.5603440061963,1066.9644318468731,2,0.6666666666666666,0.4541485447339998
CELOUSDT-KSMUSDT,1357.616401933216,3,452.5388006444053,688.1309241405322,2,0.6666666666666666,0.657634738926493
CELOUSDT-MAVUSDT,1871.8675017279581,3,623.9558339093194,731.1212834270244,2,0.6666666666666666,0.853423157078149
CELOUSDT-OPUSDT,441.5599205135728,3,147.18664017119093,428.90221050549246,2,0.6666666666666666,0.3431706262313751
CELOUSDT-STRAXUSDT,961.74193892419,3,320.5806463080633,799.1740119486984,2,0.6666666666666666,0.40113997892194025
CELOUSDT-WAXPUSDT,1333.251709363225,3,444.41723645440834,752.0064046258499,2,0.6666666666666666,0.5909753344129055
CELRUSDT-CYBERUSDT,102.82269989292513,3,34.27423329764171,695.4448891729412,2,0.6666666666666666,0.04928389557712098
CELRUSDT-FIDAUSDT,2711.661903742555,3,903.8873012475183,1849.3804965368995,2,0.6666666666666666,0.48875139698948566
CELRUSDT-ILVUSDT,1321.5635710099364,3,440.5211903366455,1436.670334832759,2,0.6666666666666666,0.30662649576315365
CELRUSDT-LUMIAUSDT,341.1464083474348,3,113.71546944914492,135.50266391043985,2,0.6666666666666666,0.8392120580323416
CELRUSDT-MAGICUSDT,991.7478587358427,3,330.58261957861424,923.8214007582226,2,0.6666666666666666,0.35784256492357713
CELRUSDT-TLMUSDT,3343.4564185647378,3,1114.4854728549126,1029.439175340331,2,0.6666666666666666,1.0826142034923678
CELRUSDT-XVGUSDT,2931.582495251456,3,977.1941650838186,1224.4429970981355,2,0.6666666666666666,0.7980724030434382
CELRUSDT-ZROUSDT,3142.54676618109,3,1047.51558872703,1761.4716872014199,2,0.6666666666666666,0.5946820470281275
CFXUSDT-DENTUSDT,403.6527398965246,3,134.55091329884155,530.7897157072371,2,0.6666666666666666,0.25349193723462154
CFXUSDT-PHAUSDT,826.5847843448261,3,275.5282614482754,829.7321929437475,2,0.6666666666666666,0.33206890583665116
CFXUSDT-TRUUSDT,3888.462145942842,3,1296.154048647614,3370.320483937924,2,0.6666666666666666,0.3845788716013059
CFXUSDT-VOXELUSDT,3166.5040159193077,3,1055.5013386397693,2024.1487013430103,2,0.6666666666666666,0.5214544454858729
CHESSUSDT-ETHFIUSDT,1959.1531192019318,3,653.0510397339773,1366.4675243107122,2,0.6666666666666666,0.4779118626060258
CHESSUSDT-USTCUSDT,4445.60977430178,3,1481.86992476726,1660.0957291190232,2,0.6666666666666666,0.8926412487993426
CHRUSDT-ENSUSDT,776.4300534323079,3,258.8100178107693,226.50662651052392,2,0.6666666666666666,1.1426156567598014
CHRUSDT-FLUXUSDT,2637.9119792970855,3,879.3039930990285,1701.5913697942362,2,0.6666666666666666,0.5167539097270796
CHRUSDT-GRTUSDT,601.9130419632164,3,200.63768065440547,407.5702930170831,2,0.6666666666666666,0.4922774895323292
CHRUSDT-GTCUSDT,1382.696125582571,3,460.8987085275237,732.4713562891042,2,0.6666666666666666,0.629237859706296
CHRUSDT-LRCUSDT,5972.799020098331,3,1990.9330066994437,3576.0585384085025,2,0.6666666666666666,0.5567394899484764
CHZUSDT-KAVAUSDT,51.28033382913969,3,17.09344460971323,482.2388586217706,2,0.6666666666666666,0.03544601249796826
CHZUSDT-KDAUSDT,3385.4252614404245,3,1128.4750871468082,2037.767740801276,2,0.6666666666666666,0.5537800331960685
CHZUSDT-MINAUSDT,891.6240388306594,3,297.2080129435531,383.4067324065775,2,0.6666666666666666,0.7751768235211469
CHZUSDT-NOTUSDT,906.6119035485663,3,302.2039678495221,887.5541500868839,2,0.6666666666666666,0.34049073830587007
CHZUSDT-ONGUSDT,1041.8115440841716,3,347.2705146947239,782.9504763457857,2,0.6666666666666666,0.44354084349691847
CHZUSDT-RLCUSDT,1099.1262896959554,3,366.3754298986518,771.7158264022403,2,0.6666666666666666,0.4747543297209594
CHZUSDT-ROSEUSDT,3465.6632798269397,3,1155.2210932756466,1160.9885289084077,2,0.6666666666666666,0.9950323061002301
CHZUSDT-VOXELUSDT,6154.470860033031,3,2051.490286677677,3246.7928338918364,2,0.6666666666666666,0.6318513042356987
CKBUSDT-COMPUSDT,343.18309687523924,3,114.39436562507974,151.6502649172403,2,0.6666666666666666,0.7543301403891901
CKBUSDT-FLUXUSDT,168.24166739167362,3,56.08055579722454,730.6778884615609,2,0.6666666666666666,0.07675140671808464
CKBUSDT-GMTUSDT,59.44058228953243,3,19.813527429844143,169.84704862915498,2,0.6666666666666666,0.11665511758820792
CKBUSDT-GRTUSDT,1483.46717746895,3,494.48905915631667,1306.5083784561937,2,0.6666666666666666,0.3784813532850196
CKBUSDT-LRCUSDT,2692.765066221533,3,897.5883554071776,1057.5842709391832,2,0.6666666666666666,0.8487156816449984
CKBUSDT-ONTUSDT,680.0311485790571,3,226.67704952635236,334.94670946309293,2,0.6666666666666666,0.676755564757472
COMBOUSDT-GMXUSDT,73.19639761036672,3,24.39879920345557,644.5211201004892,2,0.6666666666666666,0.03785570160936151
COMPUSDT-IMXUSDT,1149.9952617465597,3,383.33175391551987,874.3183447927222,2,0.6666666666666666,0.4384349890386867
COMPUSDT-JOEUSDT,1462.0933255125387,3,487.3644418375129,863.7618383861222,2,0.6666666666666666,0.5642347464066239
COMPUSDT-LTCUSDT,68.21625521244822,3,22.73875173748274,43.678295953308755,2,0.6666666666666666,0.5205961276921156
COMPUSDT-UNIUSDT,724.5168855056515,3,241.50562850188385,558.624630924214,2,0.6666666666666666,0.4323218403426393
COSUSDT-COTIUSDT,475.83379716143105,3,158.611265720477,491.17087442684175,2,0.6666666666666666,0.32292481899616715
COSUSDT-HIVEUSDT,6814.854726007942,3,2271.6182420026475,3567.1269436726534,2,0.6666666666666666,0.6368201294411541
COSUSDT-MBOXUSDT,1752.6553638610762,3,584.2184546203588,1176.734059377737,2,0.6666666666666666,0.4964745007289893
COSUSDT-STGUSDT,1878.9182259730862,3,626.306075324362,697.1406278397208,2,0.6666666666666666,0.8983927349997392
COSUSDT-VANRYUSDT,436.5676617054426,3,145.5225539018142,311.10596398358274,2,0.6666666666666666,0.46775880487297095
COSUSDT-XVSUSDT,1028.3161460171668,3,342.77204867238896,749.0669673076718,2,0.6666666666666666,0.4575986709231015
COSUSDT-ZILUSDT,1686.215589072203,3,562.0718630240677,994.1774382698554,2,0.6666666666666666,0.5653637282316814
COTIUSDT-GASUSDT,411.8185757802776,3,137.27285859342587,330.1989273097851,2,0.6666666666666666,0.4157277545139921
COTIUSDT-GLMUSDT,951.3885794915914,3,317.1295264971971,547.0273853136816,2,0.6666666666666666,0.579732450351358
COTIUSDT-JUPUSDT,3405.2165676261898,3,1135.07218920873,1847.859318348548,2,0.6666666666666666,0.6142633142782516
COTIUSDT-KAVAUSDT,188.36190718647282,3,62.78730239549094,396.43680840442886,2,0.6666666666666666,0.15837909362704247
COTIUSDT-SPELLUSDT,3804.3012884592736,3,1268.1004294864244,1475.6994671458085,2,0.6666666666666666,0.859321601531166
COTIUSDT-STEEMUSDT,3990.286913918904,3,1330.095637972968,2210.5181762876246,2,0.6666666666666666,0.6017121470617126
CRVUSDT-ENJUSDT,94.55944474026295,3,31.519814913420984,152.01485240983487,2,0.6666666666666666,0.20734694283978894
CTKUSDT-DYMUSDT,2054.7179555022167,3,684.9059851674056,1478.596542270688,2,0.6666666666666666,0.4632135715099077
CTKUSDT-FIDAUSDT,9202.804202870977,3,3067.601400956992,4925.870440739882,2,0.6666666666666666,0.6227531637020133
CTKUSDT-GRTUSDT,3387.307598418476,3,1129.1025328061587,1324.5694560798377,2,0.6666666666666666,0.8524298424846833
CTKUSDT-IDEXUSDT,1389.1337685006158,3,463.0445895002053,521.7279356081972,2,0.6666666666666666,0.8875211731961744
CTKUSDT-NTRNUSDT,1465.006846731872,3,488.33561557729064,698.4690620962434,2,0.6666666666666666,0.6991513899151083
CTKUSDT-RADUSDT,2115.909166462422,3,705.303055487474,1064.198441813799,2,0.6666666666666666,0.662755204081458
CTKUSDT-STRKUSDT,755.4437965987114,3,251.81459886623713,1158.1832990283144,2,0.6666666666666666,0.21742206011561643
CTKUSDT-SYNUSDT,1521.654885089431,3,507.21829502981035,1042.8312828050032,2,0.6666666666666666,0.48638576862164773
CTKUSDT-TRUUSDT,4711.285930274624,3,1570.4286434248745,1818.0300275453253,2,0.6666666666666666,0.8638078687540941
CTKUSDT-WLDUSDT,1374.4143802952517,3,458.1381267650839,1108.180825892438,2,0.6666666666666666,0.41341459449646856
CTKUSDT-XVGUSDT,3437.1484191522213,3,1145.716139717407,1274.518695275505,2,0.6666666666666666,0.8989402383538552
CTKUSDT-ZRXUSDT,2180.3941780623227,3,726.7980593541075,2111.5817294645935,2,0.6666666666666666,0.344196035233925
CTSIUSDT-FIDAUSDT,1580.0017522195867,3,526.6672507398622,619.916449456671,2,0.6666666666666666,0.84957779584888
CTSIUSDT-PENDLEUSDT,2312.3021475879527,3,770.7673825293176,1456.8867933053903,2,0.6666666666666666,0.5290509777912104
CTSIUSDT-PHAUSDT,474.71938919187073,3,158.23979639729023,908.4027736397675,2,0.6666666666666666,0.17419563324675752
CTSIUSDT-SAGAUSDT,3921.033114048634,3,1307.0110380162114,1923.0236151531833,2,0.6666666666666666,0.6796645801523857
CTSIUSDT-SPELLUSDT,1791.1585943378263,3,597.0528647792754,982.3765391394516,2,0.6666666666666666,0.6077637657168458
CTSIUSDT-STXUSDT,4680.768442111696,3,1560.2561473705653,2824.4280351415846,2,0.6666666666666666,0.552414905941249
CTSIUSDT-XVGUSDT,1999.9990715645622,3,666.6663571881874,662.6540214822447,2,0.6666666666666666,1.0060549480963954
CVCUSDT-IOSTUSDT,1118.3364444318954,3,372.7788148106318,658.468480960179,2,0.6666666666666666,0.5661300815295601
CVCUSDT-MTLUSDT,140.6566715938406,3,46.885557197946866,176.59295862618885,2,0.6666666666666666,0.26550071737114955
CVCUSDT-NMRUSDT,3143.2459709168484,3,1047.7486569722828,1827.9044338228684,2,0.6666666666666666,0.573196627561665
CVCUSDT-TROYUSDT,405.19912627914607,3,135.06637542638202,268.5538199433336,2,0.6666666666666666,0.5029396917715853
CVXUSDT-LTCUSDT,2929.6576622580747,3,976.5525540860249,1693.3834889616269,2,0.6666666666666666,0.5766871830578916
CYBERUSDT-INJUSDT,615.4809055280044,3,205.16030184266813,467.94553289202736,2,0.6666666666666666,0.4384277387471211
CYBERUSDT-LOKAUSDT,2220.255814237149,3,740.085271412383,1607.254400183738,2,0.6666666666666666,0.46046554380425275
CYBERUSDT-MLNUSDT,152.01553134810786,3,50.67184378270262,538.0196521803131,2,0.6666666666666666,0.09418214293354538
CYBERUSDT-TRUUSDT,219.470043966576,3,73.156681322192,294.8240879421852,2,0.6666666666666666,0.2481367171617876
DASHUSDT-ETCUSDT,2384.700378342682,3,794.9001261142274,1441.532921579249,2,0.6666666666666666,0.5514269665401654
DASHUSDT-IDUSDT,265.4514159744681,3,88.4838053248227,330.75446161704514,2,0.6666666666666666,0.2675211239546973
DASHUSDT-SCRTUSDT,268.2212130643875,3,89.4070710214625,502.89975866622774,2,0.6666666666666666,0.17778308595451436
DASHUSDT-VTHOUSDT,279.27658732575384,3,93.09219577525128,150.12116179251822,2,0.6666666666666666,0.62011374454931
DASHUSDT-XTZUSDT,1410.8056425671198,3,470.26854752237324,1035.3625692421203,2,0.6666666666666666,0.4542066339780925
DASHUSDT-ZROUSDT,3535.033900369945,3,1178.3446334566484,2855.717936427626,2,0.6666666666666666,0.4126264076804113
DENTUSDT-JUPUSDT,408.6631056039676,3,136.22103520132254,396.58678759561695,2,0.6666666666666666,0.34348354373373996
DENTUSDT-WAXPUSDT,581.824637299044,3,193.94154576634799,386.97684668317595,2,0.6666666666666666,0.5011709290326897
DEXEUSDT-REZUSDT,1274.0009655706556,3,424.6669885235519,993.7714024297788,2,0.6666666666666666,0.42732864669403625
DEXEUSDT-SCRTUSDT,1703.5331125222467,3,567.8443708407489,796.9099320987946,2,0.6666666666666666,0.7125577784496129
DFUSDT-EOSUSDT,1975.126597134313,3,658.3755323781044,1469.9713297046576,2,0.6666666666666666,0.4478832471585574
DGBUSDT-GASUSDT,804.2657313197259,3,268.0885771065753,1196.8866904764188,2,0.6666666666666666,0.22398826826277354
DGBUSDT-JASMYUSDT,767.6360853365925,3,255.8786951121975,1149.8445440061153,2,0.6666666666666666,0.22253329499716848
DGBUSDT-ONTUSDT,957.4329115945104,3,319.1443038648368,571.4328226800735,2,0.6666666666666666,0.5584983767086044
DGBUSDT-RAREUSDT,2217.7012634481016,3,739.2337544827005,859.4094873472607,2,0.6666666666666666,0.8601647589026431
DGBUSDT-TUSDT,944.1673900504716,3,314.72246335015717,675.9750398784365,2,0.6666666666666666,0.46558296502597946
DGBUSDT-XRPUSDT,1041.6037775753716,3,347.20125919179054,1084.6311254188965,2,0.6666666666666666,0.3201099904427854
DGBUSDT-XTZUSDT,1088.2464155402934,3,362.7488051800978,1366.407206505853,2,0.6666666666666666,0.26547635540338754
DOTUSDT-SKLUSDT,2064.303775814315,3,688.1012586047717,1211.589148164416,2,0.6666666666666666,0.5679328340364059
DUSDT-IDUSDT,5765.489141948408,3,1921.8297139828028,4701.730682110775,2,0.6666666666666666,0.4087494252478163
DUSDT-IOTAUSDT,318.4240906177969,3,106.14136353926563,307.6467343807986,2,0.6666666666666666,0.3450105321380922
DUSDT-OPUSDT,1891.3355789654481,3,630.4451929884827,858.6836849635146,2,0.6666666666666666,0.7341995708411186
DUSDT-SSVUSDT,2020.1409509778157,3,673.3803169926052,1493.3191111601657,2,0.6666666666666666,0.4509286139581066
DUSKUSDT-ICPUSDT,3955.750753393551,3,1318.583584464517,2085.8607440305645,2,0.6666666666666666,0.6321532193547027
DUSKUSDT-PEOPLEUSDT,806.0280727300957,3,268.67602424336525,291.5084122676763,2,0.6666666666666666,0.9216750287009031
DUSKUSDT-ZKUSDT,439.6899283440616,3,146.56330944802053,399.4485356831776,2,0.6666666666666666,0.3669141237364984
DYMUSDT-SUSHIUSDT,537.4726282936837,3,179.1575427645612,1304.2884695695159,2,0.6666666666666666,0.1373603669314754
EDUUSDT-FLMUSDT,3305.7023494517484,3,1101.9007831505828,2096.117988783435,2,0.6666666666666666,0.5256864303665055
EDUUSDT-HIVEUSDT,600.1102332468888,3,200.0367444156296,427.00879624727537,2,0.6666666666666666,0.46846047709937777
EDUUSDT-MLNUSDT,8766.963771678427,3,2922.3212572261423,2561.6675471796957,2,0.6666666666666666,1.1407886477866784
EDUUSDT-SNXUSDT,1811.1752905836738,3,603.7250968612246,1134.2632703990823,2,0.6666666666666666,0.5322618766001374
EGLDUSDT-SEIUSDT,868.239086169312,3,289.413028723104,748.4322696870228,2,0.6666666666666666,0.386692344043543
EGLDUSDT-SPELLUSDT,2640.26178726758,3,880.0872624225267,1609.6864805527514,2,0.6666666666666666,0.5467445201629033
ENJUSDT-ENSUSDT,2079.4306587284245,3,693.1435529094748,1404.9231411083713,2,0.6666666666666666,0.4933675961537941
ENJUSDT-GLMRUSDT,2417.395130215468,3,805.7983767384893,1441.0096076344053,2,0.6666666666666666,0.559190148677292
ENJUSDT-HOTUSDT,2211.445445615135,3,737.1484818717117,1048.0838588004406,2,0.6666666666666666,0.7033296769930198
ENJUSDT-IOTAUSDT,3269.2518981890066,3,1089.750632729669,1064.993845168408,2,0.6666666666666666,1.02324594425928
ENJUSDT-LPTUSDT,1230.8551201271187,3,410.2850400423729,1097.0965006177307,2,0.6666666666666666,0.3739735199331672
ENJUSDT-MTLUSDT,3373.9133731875163,3,1124.6377910625054,994.0783495730994,2,0.6666666666666666,1.1313371743238083
ENJUSDT-QTUMUSDT,577.3809842392453,3,192.46032807974845,281.7460243364144,2,0.6666666666666666,0.6830986472055565
ENJUSDT-RADUSDT,3186.187571725024,3,1062.0625239083413,1669.8333774736977,2,0.6666666666666666,0.6360290423198648
ENJUSDT-RLCUSDT,2892.3788213951384,3,964.1262737983794,1643.584348396719,2,0.6666666666666666,0.5865998144475297
ENJUSDT-SANTOSUSDT,151.744732411104,3,50.581577470367996,786.2603337837578,2,0.6666666666666666,0.06433184442479996
ENJUSDT-SPELLUSDT,307.8460109708349,3,102.61533699027831,180.72660201053029,2,0.6666666666666666,0.5677932072462651
ENJUSDT-STRKUSDT,458.8582904115145,3,152.95276347050483,566.3096927504821,2,0.6666666666666666,0.2700867836600782
ENSUSDT-FLUXUSDT,1531.0583845536148,3,510.3527948512049,631.8917910303522,2,0.6666666666666666,0.8076585296653912
ENSUSDT-RLCUSDT,1981.5095493478748,3,660.5031831159582,893.8770381163115,2,0.6666666666666666,0.7389195101239566
ENSUSDT-SNXUSDT,1105.2707107058948,3,368.42357023529826,788.6964573356729,2,0.6666666666666666,0.467129738961786
EOSUSDT-NEOUSDT,804.304151130763,3,268.1013837102543,836.861503737584,2,0.6666666666666666,0.320365296423437
EOSUSDT-ZROUSDT,964.1170956127783,3,321.37236520425944,684.1102663961193,2,0.6666666666666666,0.46976690891841655
ETCUSDT-GMTUSDT,2113.6144034544523,3,704.5381344848174,2047.3824373140667,2,0.6666666666666666,0.34411652734947334
ETCUSDT-QTUMUSDT,351.3206204270653,3,117.10687347568843,646.0466872545497,2,0.6666666666666666,0.181266889508168
ETCUSDT-UMAUSDT,1738.5316874539114,3,579.5105624846371,1016.1263990939685,2,0.6666666666666666,0.5703134600196974
ETCUSDT-VANRYUSDT,2938.1523631709447,3,979.3841210569816,2091.3622712499737,2,0.6666666666666666,0.46829960285724165
ETHFIUSDT-SLPUSDT,1412.821680263041,3,470.9405600876803,1296.8546799323283,2,0.6666666666666666,0.36314057956921947
ETHFIUSDT-VTHOUSDT,1134.169223110444,3,378.0564077034813,675.186779727376,2,0.6666666666666666,0.5599286287212721
FIDAUSDT-JOEUSDT,330.69774077408067,3,110.23258025802689,491.62941010358276,2,0.6666666666666666,0.22421884857295596
FIDAUSDT-JUPUSDT,1013.2283647885582,3,337.74278826285274,785.8656230022818,2,0.6666666666666666,0.42977167899590396
FIDAUSDT-NKNUSDT,4017.609967042905,3,1339.2033223476349,1326.5288225406773,2,0.6666666666666666,1.009554635822147
FIDAUSDT-RDNTUSDT,1335.0915297477582,3,445.03050991591937,1180.0300932635455,2,0.6666666666666666,0.3771348819462074
FIDAUSDT-TUSDT,1325.5687105851396,3,441.85623686171317,865.9877541006653,2,0.6666666666666666,0.5102338165515795
FILUSDT-NMRUSDT,20.873091713233286,3,6.957697237744429,180.09347835310285,2,0.6666666666666666,0.03863381007113828
FILUSDT-ONGUSDT,153.15947485343264,3,51.05315828447755,161.30742196909256,2,0.6666666666666666,0.31649602765494345
FILUSDT-ZILUSDT,2017.4339230251721,3,672.477974341724,948.1366468789352,2,0.6666666666666666,0.7092627170939747
FLMUSDT-GASUSDT,5958.016540850017,3,1986.0055136166723,3393.4716277839593,2,0.6666666666666666,0.5852429993391737
FLMUSDT-LOKAUSDT,1799.5793914807875,3,599.8597971602625,1329.6014565008127,2,0.6666666666666666,0.45115759630630026
FLMUSDT-TWTUSDT,84.35593532272799,3,28.118645107575997,235.9756128264604,2,0.6666666666666666,0.11915911466772976
FLMUSDT-YFIUSDT,294.2770719825101,3,98.09235732750336,382.0471885072326,2,0.6666666666666666,0.25675455880405296
FLOWUSDT-MOVRUSDT,5865.38956730089,3,1955.1298557669634,2195.074863495355,2,0.6666666666666666,0.8906893738711433
FLOWUSDT-STORJUSDT,681.2776655335955,3,227.09255517786517,511.18058013296536,2,0.6666666666666666,0.4442511394286441
FLOWUSDT-TRBUSDT,782.2340310043185,3,260.74467700143947,547.8185069781614,2,0.6666666666666666,0.4759690913688573
FLOWUSDT-VELODROMEUSDT,3569.548106343986,3,1189.8493687813286,1819.616346290802,2,0.6666666666666666,0.6539012309967306
FLOWUSDT-VTHOUSDT,1259.669728327815,3,419.88990944260496,803.9686110556629,2,0.6666666666666666,0.5222715211372024
FLOWUSDT-XTZUSDT,2083.2380645097605,3,694.4126881699202,1082.299092546255,2,0.6666666666666666,0.6416088611293395
FLOWUSDT-YGGUSDT,708.2690471614703,3,236.08968238715678,377.5722376976055,2,0.6666666666666666,0.6252834790682865
FLUXUSDT-LOKAUSDT,1889.6414251449728,3,629.8804750483242,1657.6058484398743,2,0.6666666666666666,0.3799941196160491
FLUXUSDT-THETAUSDT,587.3217997994543,3,195.77393326648476,817.6276311587651,2,0.6666666666666666,0.23944143495863562
FTTUSDT-GALAUSDT,24209.93524879411,3,8069.978416264704,8140.40081178636,2,0.6666666666666666,0.9913490260307954
FTTUSDT-NMRUSDT,16006.124658702363,3,5335.374886234121,8557.069857131917,2,0.6666666666666666,0.6235048883920628
FTTUSDT-OMNIUSDT,19494.14346297965,3,6498.047820993216,9448.445226750351,2,0.6666666666666666,0.6877372588874202
FTTUSDT-ORCAUSDT,20243.145083234263,3,6747.7150277447545,7876.274363140205,2,0.6666666666666666,0.8567140651325021
FTTUSDT-PERPUSDT,20919.757551459526,3,6973.252517153175,8849.191724888871,2,0.6666666666666666,0.788010106905074
FTTUSDT-POWRUSDT,3211.2559150167363,3,1070.4186383389122,1870.161423814101,2,0.6666666666666666,0.5723669757639673
FTTUSDT-REZUSDT,3363.18690004519,3,1121.0623000150633,2349.8188730163747,2,0.6666666666666666,0.4770845586817496
FTTUSDT-RONINUSDT,29485.635362783934,3,9828.545120927978,8666.076395907972,2,0.6666666666666666,1.1341401427719828
FTTUSDT-SYNUSDT,21369.851385713424,3,7123.283795237808,9486.301386218183,2,0.6666666666666666,0.750902117192545
FTTUSDT-SYSUSDT,1300.7125332805558,3,433.5708444268519,798.9705095046037,2,0.6666666666666666,0.5426618871022969
FTTUSDT-TWTUSDT,5720.245817672991,3,1906.748605890997,2343.425241550989,2,0.6666666666666666,0.8136588153454475
FTTUSDT-XVSUSDT,3531.0668360547847,3,1177.0222786849283,2237.819293407653,2,0.6666666666666666,0.5259684203064541
FTTUSDT-ZKUSDT,13546.14291871824,3,4515.38097290608,4402.589663304481,2,0.6666666666666666,1.0256193100487454
FUNUSDT-MLNUSDT,493.7730511066287,3,164.5910170355429,569.0424951201092,2,0.6666666666666666,0.2892420486115053
FUNUSDT-NEOUSDT,551.5661106389857,3,183.85537021299524,2053.5038464581453,2,0.6666666666666666,0.08953251805693299
FUNUSDT-NKNUSDT,3688.4745395856276,3,1229.491513195209,1812.6047327218544,2,0.6666666666666666,0.678300950560232
FUNUSDT-QNTUSDT,54.926190120714836,3,18.308730040238277,427.962549381331,2,0.6666666666666666,0.04278115004853964
FUNUSDT-RIFUSDT,818.963321470663,3,272.98777382355433,1972.0747163689698,2,0.6666666666666666,0.1384266891906539
FUNUSDT-XTZUSDT,301.10339646463547,3,100.36779882154515,287.722126940845,2,0.6666666666666666,0.3488358712230031
FXSUSDT-ORCAUSDT,389.5008831143541,3,129.8336277047847,301.80108945833655,2,0.6666666666666666,0.4301960206234052
FXSUSDT-VANAUSDT,4007.593781603017,3,1335.8645938676723,1274.2085841701328,2,0.6666666666666666,1.0483876897891837
GALAUSDT-HIGHUSDT,2522.957920170895,3,840.9859733902982,1630.8420192256804,2,0.6666666666666666,0.5156759290452892
GASUSDT-JOEUSDT,1236.8508943160616,3,412.2836314386872,1782.1278617904816,2,0.6666666666666666,0.23134346321507537
GASUSDT-MINAUSDT,1956.7029859989516,3,652.2343286663172,1175.66024536779,2,0.6666666666666666,0.5547813079809245
GASUSDT-PERPUSDT,1688.2514119668049,3,562.7504706556016,1035.5090373152466,2,0.6666666666666666,0.5434529785608041
GHSTUSDT-HBARUSDT,1206.8988239149924,3,402.2996079716641,608.0057835678676,2,0.6666666666666666,0.6616706926880048
GHSTUSDT-LEVERUSDT,1933.7614144407517,3,644.5871381469173,726.1841899675524,2,0.6666666666666666,0.8876358740001197
GHSTUSDT-MINAUSDT,565.5899546790571,3,188.52998489301902,931.8975868453698,2,0.6666666666666666,0.20230762216181367
GHSTUSDT-SKLUSDT,22.414515519889562,3,7.471505173296521,440.78240453390947,2,0.6666666666666666,0.01695055223721331
GHSTUSDT-XVSUSDT,1234.6492415189336,3,411.5497471729779,615.4301894840021,2,0.6666666666666666,0.6687188152372496
GLMRUSDT-KAVAUSDT,1742.241874711261,3,580.7472915704203,817.3437315694929,2,0.6666666666666666,0.7105300611472831
GLMRUSDT-RLCUSDT,1158.7120869044406,3,386.23736230148023,539.2767268900255,2,0.6666666666666666,0.7162136673853634
GLMRUSDT-RPLUSDT,4068.1730185015585,3,1356.0576728338528,1820.603695778819,2,0.6666666666666666,0.7448395694120338
GLMUSDT-KSMUSDT,165.66619673585774,3,55.222065578619244,459.13674619806255,2,0.6666666666666666,0.12027367888955141
GLMUSDT-MINAUSDT,566.6238020995925,3,188.87460069986415,275.9650492580319,2,0.6666666666666666,0.6844149330057491
GLMUSDT-STEEMUSDT,746.7273851448219,3,248.9091283816073,353.8147734494843,2,0.6666666666666666,0.7035012301914102
GLMUSDT-VELODROMEUSDT,545.3291550978039,3,181.7763850326013,511.8043612789827,2,0.6666666666666666,0.3551677140428189
GLMUSDT-WAXPUSDT,684.4991735388808,3,228.1663911796269,251.74898515935493,2,0.6666666666666666,0.9063249690369142
GLMUSDT-WUSDT,4185.951248992024,3,1395.3170829973415,1565.289808452435,2,0.6666666666666666,0.8914113383111198
GMTUSDT-NFPUSDT,273.76701750744166,3,91.25567250248055,401.04080317340276,2,0.6666666666666666,0.22754710189183233
GMXUSDT-STXUSDT,1802.5932256132296,3,600.8644085377432,1691.2627250952053,2,0.6666666666666666,0.3552756172190332
GMXUSDT-WIFUSDT,901.0407625963144,3,300.3469208654381,1295.0240216030115,2,0.6666666666666666,0.23192382214938495
GRTUSDT-METISUSDT,1530.6643562831207,3,510.22145209437355,810.1516384005545,2,0.6666666666666666,0.6297851265248078
GRTUSDT-PYTHUSDT,2617.506344843095,3,872.5021149476984,1766.1841612374435,2,0.6666666666666666,0.4940040422151653
GRTUSDT-RADUSDT,3142.580748395363,3,1047.5269161317876,1831.6237317865885,2,0.6666666666666666,0.5719116311678365
GRTUSDT-VTHOUSDT,399.0762307406703,3,133.02541024689012,3133.527665120699,2,0.6666666666666666,0.04245228523992181
GRTUSDT-XAIUSDT,2426.7764503302305,3,808.9254834434101,815.2285956631354,2,0.6666666666666666,0.9922682886085491
GRTUSDT-XVSUSDT,1513.676236290653,3,504.55874543021764,1169.5466632340901,2,0.6666666666666666,0.4314139497734841
GTCUSDT-IDEXUSDT,786.1403369968252,3,262.04677899894176,347.0949355066613,2,0.6666666666666666,0.7549714852981849
GTCUSDT-ROSEUSDT,39.91302266237824,3,13.304340887459412,912.0373597099574,2,0.6666666666666666,0.014587495507520008
GTCUSDT-THETAUSDT,7882.532898471009,3,2627.5109661570027,4391.309429759942,2,0.6666666666666666,0.5983433889559998
GUSDT-STRAXUSDT,524.891708102511,3,174.963902700837,206.9833834812278,2,0.6666666666666666,0.8453041000593422
HBARUSDT-UMAUSDT,644.6780441698759,3,214.89268138995863,217.9500712255626,2,0.6666666666666666,0.9859720631500056
HFTUSDT-SKLUSDT,248.98269820221526,3,82.99423273407176,199.6189547789098,2,0.6666666666666666,0.41576328673794005
HIFIUSDT-ICXUSDT,840.2909092022071,3,280.09696973406903,318.79590020723157,2,0.6666666666666666,0.8786090710451216
HIFIUSDT-RDNTUSDT,332.1357549598864,3,110.71191831996214,622.7756563640374,2,0.6666666666666666,0.17777175004934131
HIFIUSDT-TUSDT,4846.312661177687,3,1615.4375537258957,2892.6557695729653,2,0.6666666666666666,0.5584617328885899
HIGHUSDT-KDAUSDT,468.09775421031173,3,156.0325847367706,430.65558435601514,2,0.6666666666666666,0.36231408671989096
HIGHUSDT-NFPUSDT,2694.4319063302914,3,898.1439687767638,1633.021819766376,2,0.6666666666666666,0.549988957836004
HIGHUSDT-USTCUSDT,4395.623398793965,3,1465.2077995979882,2803.754748246676,2,0.6666666666666666,0.5225877193838918
HIGHUSDT-YGGUSDT,3294.8043180124005,3,1098.2681060041334,1416.9414823018185,2,0.6666666666666666,0.7750977155527969
HIGHUSDT-ZKUSDT,2964.6118139172772,3,988.2039379724257,1274.9729993187643,2,0.6666666666666666,0.7750783259727356
HIVEUSDT-PYTHUSDT,7161.192972243295,3,2387.064324081098,4034.662361825557,2,0.6666666666666666,0.5916391782040039
HIVEUSDT-SCUSDT,223.91087479694357,3,74.63695826564786,569.4356494352935,2,0.6666666666666666,0.13107180475908906
HIVEUSDT-TLMUSDT,6004.830665408427,3,2001.610221802809,3498.952909590865,2,0.6666666666666666,0.5720597771739828
HOOKUSDT-ONEUSDT,244.1383089337171,3,81.37943631123903,1026.4653454470024,2,0.6666666666666666,0.07928123114161262
HOOKUSDT-ZILUSDT,920.4318999191643,3,306.81063330638807,1148.3071564842287,2,0.6666666666666666,0.2671851617173144
HOTUSDT-JASMYUSDT,2397.217562949274,3,799.0725209830913,1141.7502948203514,2,0.6666666666666666,0.699866270767043
HOTUSDT-JOEUSDT,687.1560405108171,3,229.0520135036057,1293.8637319286634,2,0.6666666666666666,0.1770294721548269
HOTUSDT-KSMUSDT,451.99231911766606,3,150.66410637255535,1396.0739057549972,2,0.6666666666666666,0.10791986423603853
HOTUSDT-PERPUSDT,3589.8248564511737,3,1196.6082854837246,1474.7128004664696,2,0.6666666666666666,0.8114178469904261
HOTUSDT-RENDERUSDT,2318.8982825953303,3,772.9660941984434,1248.2046460784109,2,0.6666666666666666,0.6192623113741291
HOTUSDT-SANTOSUSDT,2145.425013717972,3,715.141671239324,1117.2067301953073,2,0.6666666666666666,0.640115792279827
HOTUSDT-SUSHIUSDT,1759.9843823390547,3,586.661460779685,719.1250221052824,2,0.6666666666666666,0.8157989817433938
HOTUSDT-VTHOUSDT,929.5355229292015,3,309.84517430973386,668.6889832573912,2,0.6666666666666666,0.4633621639770137
ICPUSDT-ONEUSDT,3182.9282689998495,3,1060.9760896666164,2382.7606596887936,2,0.6666666666666666,0.4452717839504652
ICPUSDT-SEIUSDT,968.37710065275,3,322.79236688425,409.6019037233524,2,0.6666666666666666,0.7880636392311934
ICPUSDT-TLMUSDT,1260.23095675518,3,420.07698558505996,1055.9256113508184,2,0.6666666666666666,0.3978282002722392
ICXUSDT-ONEUSDT,136.97441942195593,3,45.65813980731864,94.6493668938356,2,0.6666666666666666,0.4823924481030237
IDEXUSDT-INJUSDT,162.49258392967818,3,54.16419464322606,327.81001710046314,2,0.6666666666666666,0.1652304439086939
IDEXUSDT-LEVERUSDT,3284.765887202672,3,1094.9219624008906,2003.3852018352857,2,0.6666666666666666,0.5465359140108658
IDEXUSDT-MDTUSDT,1240.9338679170946,3,413.6446226390315,1009.5682038818162,2,0.6666666666666666,0.40972429702971735
IDEXUSDT-MEMEUSDT,86.8489472078063,3,28.94964906926877,86.4678863449416,2,0.6666666666666666,0.3348023213355941
IDEXUSDT-MOVRUSDT,321.94116451094783,3,107.31372150364928,584.0127669873799,2,0.6666666666666666,0.18375235537610815
IDEXUSDT-OPUSDT,1248.8351316143649,3,416.2783772047883,955.0116459480741,2,0.6666666666666666,0.4358882731650187
IDEXUSDT-RVNUSDT,556.9170440810972,3,185.63901469369907,290.8291250350968,2,0.6666666666666666,0.6383095732633258
IDEXUSDT-SANDUSDT,81.0836340714821,3,27.027878023827366,412.1895344177888,2,0.6666666666666666,0.0655714805132154
IDEXUSDT-WAXPUSDT,642.2141541780886,3,214.07138472602955,562.0918444501493,2,0.6666666666666666,0.3808476974709336
IDEXUSDT-YGGUSDT,582.9947035913999,3,194.33156786379996,1762.5321618990256,2,0.6666666666666666,0.1102570336387048
IDUSDT-IOSTUSDT,2873.998246234321,3,957.9994154114403,1174.9361234902865,2,0.6666666666666666,0.8153629769809017
IDUSDT-MEMEUSDT,1733.2582505142805,3,577.7527501714268,1133.1656772725144,2,0.6666666666666666,0.5098572624985034
IDUSDT-PYTHUSDT,308.4284882644686,3,102.80949608815621,457.9891771315731,2,0.6666666666666666,0.22448018691633984
IDUSDT-SYNUSDT,3923.7111810457027,3,1307.9037270152342,3583.236952721013,2,0.6666666666666666,0.36500620647541815
IDUSDT-WAXPUSDT,3240.459284850062,3,1080.1530949500207,1333.9616583823238,2,0.6666666666666666,0.8097332394545034
IDUSDT-WUSDT,265.35123802674525,3,88.45041267558175,1672.4580134580842,2,0.6666666666666666,0.05288647724716022
ILVUSDT-KSMUSDT,686.0955915255586,3,228.69853050851953,499.4796054653311,2,0.6666666666666666,0.457873610866367
ILVUSDT-SKLUSDT,678.1855610284975,3,226.06185367616584,496.20623953699084,2,0.6666666666666666,0.455580433424424
ILVUSDT-WLDUSDT,4525.596624962699,3,1508.5322083208996,1340.6165649666673,2,0.6666666666666666,1.1252525500148562
IMXUSDT-PYTHUSDT,513.7018765456662,3,171.2339588485554,727.6030037213656,2,0.6666666666666666,0.23533981851747438
INJUSDT-ONGUSDT,1380.7890343614622,3,460.26301145382075,1106.6271822564088,2,0.6666666666666666,0.41591515085988234
INJUSDT-SLPUSDT,422.66225142898884,3,140.88741714299627,642.5834192127215,2,0.6666666666666666,0.21925156007854715
IOSTUSDT-METISUSDT,730.470108279737,3,243.49003609324566,404.79500930533345,2,0.6666666666666666,0.601514422104901
IOSTUSDT-NEOUSDT,24.756105672740475,3,8.252035224246825,37.44442689014362,2,0.6666666666666666,0.22038086598192755
IOSTUSDT-NFPUSDT,74.5854247235458,3,24.861808241181933,384.1516838151074,2,0.6666666666666666,0.06471872775428976
IOSTUSDT-OXTUSDT,457.6904676288582,3,152.5634892096194,483.2599511891637,2,0.6666666666666666,0.31569652902998596
IOSTUSDT-STRAXUSDT,993.5936711393852,3,331.19789037979507,558.7284969743887,2,0.6666666666666666,0.5927707145300246
IOSTUSDT-VICUSDT,3455.194264197925,3,1151.7314213993084,1458.523332925217,2,0.6666666666666666,0.7896558083094865
IOSTUSDT-XTZUSDT,335.2460761298071,3,111.74869204326903,155.2143547854005,2,0.6666666666666666,0.7199636412351993
IOTAUSDT-MEUSDT,2320.435542733828,3,773.4785142446093,865.9630421527106,2,0.6666666666666666,0.89320037529755
IOTAUSDT-ZRXUSDT,225.08054709850836,3,75.02684903283613,306.19737220096135,2,0.6666666666666666,0.24502773650060922
IOTXUSDT-LINKUSDT,635.2233492228199,3,211.74111640760665,1099.2865448208697,2,0.6666666666666666,0.19261685445455004
IOTXUSDT-MEUSDT,969.6440012041119,3,323.2146670680373,967.8589839234606,2,0.6666666666666666,0.33394809826303934
IOTXUSDT-TRUUSDT,923.1775264459977,3,307.7258421486659,939.5873788037127,2,0.6666666666666666,0.32751168128765623
JASMYUSDT-RIFUSDT,533.9949859203311,3,177.99832864011037,172.4913279752693,2,0.6666666666666666,1.0319262465509609
JOEUSDT-ORDIUSDT,3326.9627441704424,3,1108.9875813901474,1873.349850539225,2,0.6666666666666666,0.5919810339061529
JOEUSDT-RPLUSDT,3288.3323298090822,3,1096.1107766030275,1629.899799558265,2,0.6666666666666666,0.6725019396284945
JOEUSDT-ZILUSDT,367.7875252020273,3,122.59584173400911,1152.7733018926428,2,0.6666666666666666,0.1063486129777027
KAVAUSDT-OGNUSDT,3049.1506754750153,3,1016.3835584916718,1191.9618644276145,2,0.6666666666666666,0.8526980508556319
KDAUSDT-OPUSDT,105.28879276882446,3,35.09626425627482,179.0108305511008,2,0.6666666666666666,0.19605665281942908
KDAUSDT-PEOPLEUSDT,23657.18865740554,3,7885.729552468513,11283.926165348994,2,0.6666666666666666,0.6988462558966612
KDAUSDT-RVNUSDT,2676.8855206997478,3,892.2951735665825,1636.5579309146271,2,0.6666666666666666,0.5452267571535969
KNCUSDT-METISUSDT,152.52630539291846,3,50.84210179763949,557.7189435618458,2,0.6666666666666666,0.0911607941321462
KNCUSDT-YGGUSDT,1588.3182778428338,3,529.4394259476113,828.2083612886153,2,0.6666666666666666,0.6392587308873008
KNCUSDT-ZILUSDT,1221.7678439807223,3,407.2559479935741,747.2125484524332,2,0.6666666666666666,0.5450336036741487
KSMUSDT-PIXELUSDT,1048.7889005234208,3,349.5963001744736,537.6877382181463,2,0.6666666666666666,0.6501846245053077
KSMUSDT-ZROUSDT,85.70297847363135,3,28.56765949121045,164.74000767440353,2,0.6666666666666666,0.17341057521177441
LEVERUSDT-OXTUSDT,464.03593102481886,3,154.67864367493962,488.3777283458464,2,0.6666666666666666,0.31671928242682557
LEVERUSDT-SCUSDT,4182.753966435864,3,1394.251322145288,1493.6283003322494,2,0.6666666666666666,0.9334660583460721
LEVERUSDT-SFPUSDT,924.5000504539637,3,308.1666834846546,822.7123875556445,2,0.6666666666666666,0.3745740165651895
LEVERUSDT-SUIUSDT,1545.0631706781003,3,515.0210568927001,757.0682143758146,2,0.6666666666666666,0.6802835558448629
LINKUSDT-LQTYUSDT,475.44693686645724,3,158.4823122888191,621.2835215456912,2,0.6666666666666666,0.2550885494186792
LINKUSDT-LSKUSDT,1283.757273845741,3,427.9190912819137,506.8137081620949,2,0.6666666666666666,0.8443321172856907
LINKUSDT-POLYXUSDT,4340.384259980595,3,1446.794753326865,2402.210385588403,2,0.6666666666666666,0.6022764542217578
LINKUSDT-ROSEUSDT,5690.023418513192,3,1896.6744728377307,2189.9513870258406,2,0.6666666666666666,0.8660806281246236
LINKUSDT-VOXELUSDT,1529.512175798391,3,509.83739193279695,737.2271834749184,2,0.6666666666666666,0.6915607608629943
LOKAUSDT-TLMUSDT,3614.9495346702715,3,1204.983178223424,1727.7413126851275,2,0.6666666666666666,0.697432636110743
LRCUSDT-VICUSDT,183.62976745222397,3,61.20992248407466,1674.0793772693921,2,0.6666666666666666,0.03656333344474668
LSKUSDT-MEUSDT,4906.48210253969,3,1635.4940341798965,2720.442474032333,2,0.6666666666666666,0.6011867737661482
LSKUSDT-MTLUSDT,406.82069058481005,3,135.60689686160336,152.9060033022134,2,0.6666666666666666,0.8868644391520786
LSKUSDT-STRAXUSDT,736.9518209517057,3,245.6506069839019,450.42702798949443,2,0.6666666666666666,0.545372705719674
LSKUSDT-SXPUSDT,628.6686111022574,3,209.55620370075246,556.907902098052,2,0.6666666666666666,0.37628520427037676
LTCUSDT-STXUSDT,1782.0561599881373,3,594.0187199960458,2111.0405395980724,2,0.6666666666666666,0.2813866947856638
MANAUSDT-PIXELUSDT,351.1843420906426,3,117.06144736354753,233.86177994976836,2,0.6666666666666666,0.5005582673179491
MANAUSDT-RVNUSDT,1861.1332201616663,3,620.3777400538887,986.754694298221,2,0.6666666666666666,0.6287051317197946
MANAUSDT-SANDUSDT,216.08506275728774,3,72.02835425242925,257.8564471331313,2,0.6666666666666666,0.2793350914946912
MANAUSDT-STRKUSDT,655.4090902475837,3,218.46969674919455,676.9107420442879,2,0.6666666666666666,0.32274520579982297
MANAUSDT-YFIUSDT,1581.3767161654082,3,527.1255720551361,927.213671772744,2,0.6666666666666666,0.568504960725312
MANTAUSDT-PIXELUSDT,158.29451746228034,3,52.764839154093444,134.58629375274316,2,0.6666666666666666,0.3920521004243642
MANTAUSDT-RAYUSDT,5166.441231621567,3,1722.1470772071889,2790.3035892815474,2,0.6666666666666666,0.617189858416306
MANTAUSDT-WLDUSDT,3511.4215514714238,3,1170.4738504904747,1448.8623662230166,2,0.6666666666666666,0.8078571697198111
MASKUSDT-ZILUSDT,44.13126942368132,3,14.710423141227105,251.76185458821865,2,0.6666666666666666,0.05842991252700872
MBOXUSDT-YFIUSDT,531.0801781330006,3,177.02672604433351,893.359799005542,2,0.6666666666666666,0.19815837498104763
MBOXUSDT-ZENUSDT,966.3783043352844,3,322.1261014450948,655.4135102890713,2,0.6666666666666666,0.4914852934646106
MBOXUSDT-ZKUSDT,1439.814036685049,3,479.93801222834963,817.8580186418735,2,0.6666666666666666,0.5868231420232691
MDTUSDT-SCUSDT,42.37451919741238,3,14.124839732470795,123.53049987815155,2,0.6666666666666666,0.11434293349742213
METISUSDT-PNUTUSDT,1258.7829359718417,3,419.5943119906139,881.1321513773278,2,0.6666666666666666,0.476199071086819
METISUSDT-REZUSDT,5116.285846553315,3,1705.4286155177717,2880.9617664082484,2,0.6666666666666666,0.5919650289715448
MEUSDT-RUNEUSDT,3059.4895132914626,3,1019.8298377638208,1020.030398902863,2,0.6666666666666666,0.9998033772922279
MINAUSDT-STRKUSDT,1241.5290750792833,3,413.84302502642777,737.5946686006879,2,0.6666666666666666,0.5610710633409828
MLNUSDT-SEIUSDT,143.0047969221013,3,47.66826564070043,665.8004843322717,2,0.6666666666666666,0.07159542049373352
MLNUSDT-TROYUSDT,2333.32913935095,3,777.77637978365,1403.2939360496962,2,0.6666666666666666,0.5542505100343467
MLNUSDT-VICUSDT,3334.4365034182683,3,1111.478834472756,2407.7189995040867,2,0.6666666666666666,0.46163145894586755
MLNUSDT-ZRXUSDT,429.07896063195506,3,143.02632021065168,413.08228861328985,2,0.6666666666666666,0.34624171539958437
MOVRUSDT-RVNUSDT,28.363585326881548,3,9.45452844229385,1357.105000880568,2,0.6666666666666666,0.006966688971125451
MTLUSDT-ONGUSDT,1263.9761591241863,3,421.3253863747288,569.5809286113675,2,0.6666666666666666,0.7397111897723047
MTLUSDT-STEEMUSDT,1216.9284874591465,3,405.6428291530488,731.3504016054402,2,0.6666666666666666,0.5546490823859437
MTLUSDT-STGUSDT,2040.0056302518317,3,680.0018767506106,1105.2363632051624,2,0.6666666666666666,0.6152547087562513
NEARUSDT-RENDERUSDT,2075.0588250871397,3,691.6862750290466,1359.053463761911,2,0.6666666666666666,0.5089470675527605
NEIROUSDT-PIXELUSDT,5428.327972738634,3,1809.4426575795449,3189.0905229197538,2,0.6666666666666666,0.5673851665781252
NEOUSDT-OXTUSDT,1285.8853359411853,3,428.62844531372843,718.2667413163024,2,0.6666666666666666,0.5967538529324355
NEOUSDT-SCUSDT,2094.7651231054806,3,698.2550410351602,1212.4766891975873,2,0.6666666666666666,0.5758915179616878
NEOUSDT-SYSUSDT,126.77701866443476,3,42.25900622147825,512.8437552556516,2,0.6666666666666666,0.08240132747723958
NEOUSDT-ZILUSDT,2305.3468736144464,3,768.4489578714821,970.003396791671,2,0.6666666666666666,0.7922126462785192
NFPUSDT-SANDUSDT,3261.282320681657,3,1087.0941068938857,1514.7256817243683,2,0.6666666666666666,0.7176838156307844
NFPUSDT-TRBUSDT,960.7794207153777,3,320.2598069051259,500.44878944986607,2,0.6666666666666666,0.6399452124905357
NILUSDT-PIXELUSDT,981.6815239328052,3,327.2271746442684,363.13584460025015,2,0.6666666666666666,0.901115049670982
NILUSDT-PNUTUSDT,5456.943134777212,3,1818.9810449257375,2488.674267541596,2,0.6666666666666666,0.730903625536577
NKNUSDT-QTUMUSDT,7689.344256753983,3,2563.114752251328,5029.204286537369,2,0.6666666666666666,0.5096461798365413
NKNUSDT-RSRUSDT,7979.070890091161,3,2659.690296697054,4576.00460949559,2,0.6666666666666666,0.5812254408961861
NKNUSDT-TLMUSDT,18.843056735538994,3,6.281018911846331,163.32096928144722,2,0.6666666666666666,0.03845812904173008
NMRUSDT-ONEUSDT,2198.860593079431,3,732.953531026477,1068.0433458346345,2,0.6666666666666666,0.6862582252724043
OGNUSDT-SOLUSDT,3678.134451743936,3,1226.0448172479787,1670.8234594521589,2,0.6666666666666666,0.7337967457375675
OGNUSDT-ZRXUSDT,597.7824168043559,3,199.26080560145195,539.5936809965389,2,0.6666666666666666,0.3692793533709489
OMNIUSDT-QUICKUSDT,1640.4054066874485,3,546.8018022291495,1000.4663423694099,2,0.6666666666666666,0.5465469242415051
OMUSDT-PHAUSDT,587.540766294442,3,195.84692209814736,444.83001368557314,2,0.6666666666666666,0.44027362379504636
OMUSDT-ZENUSDT,4928.291872515779,3,1642.7639575052597,2967.4884833252113,2,0.6666666666666666,0.5535873068206367
ONGUSDT-PIXELUSDT,5980.074019344953,3,1993.3580064483176,1951.2061702183948,2,0.6666666666666666,1.0216029637837833
ONGUSDT-SFPUSDT,306.7630708859495,3,102.25435696198316,183.23681466785638,2,0.6666666666666666,0.5580448292955441
ONGUSDT-VETUSDT,153.39015446158987,3,51.130051487196624,629.435104858115,2,0.6666666666666666,0.08123164896994771
ONGUSDT-WUSDT,4693.5863627671715,3,1564.5287875890572,2262.4488737162274,2,0.6666666666666666,0.6915200629569195
OPUSDT-RVNUSDT,36.333904377684405,3,12.111301459228136,685.4681651706754,2,0.6666666666666666,0.017668656364533762
ORDIUSDT-SANDUSDT,1134.5609891119148,3,378.18699637063827,1654.4547571820312,2,0.6666666666666666,0.2285870887244989
OXTUSDT-STEEMUSDT,1444.8163743005744,3,481.60545810019147,720.2210451951787,2,0.6666666666666666,0.6686911765674345
OXTUSDT-STRAXUSDT,1308.691813489755,3,436.23060449658504,641.243582442545,2,0.6666666666666666,0.6802884526889921
PAXGUSDT-SANTOSUSDT,1009.9532900663279,3,336.65109668877597,865.5006286535962,2,0.6666666666666666,0.38896690024648795
PAXGUSDT-SUPERUSDT,4899.20119283487,3,1633.06706427829,3000.6487902912318,2,0.6666666666666666,0.5442379893182336
PENDLEUSDT-ZILUSDT,615.2735295506352,3,205.0911765168784,386.0756105992145,2,0.6666666666666666,0.5312202348098694
PHAUSDT-ROSEUSDT,2395.3505466169618,3,798.450182205654,1315.9336871904545,2,0.6666666666666666,0.6067556366843694
PHAUSDT-SCUSDT,662.0491206195177,3,220.6830402065059,1017.7284265248726,2,0.6666666666666666,0.21683882895955697
PHAUSDT-YFIUSDT,905.1670443628528,3,301.7223481209509,698.3241529649927,2,0.6666666666666666,0.4320663216929809
PHBUSDT-QTUMUSDT,1224.1461895303426,3,408.0487298434475,824.3346272005583,2,0.6666666666666666,0.4950037477246123
PIXELUSDT-STGUSDT,360.32591564357284,3,120.10863854785761,376.27805289658886,2,0.6666666666666666,0.3192018179728028
POLUSDT-RVNUSDT,15.872890552769036,3,5.290963517589678,617.9501174795063,2,0.6666666666666666,0.008562120740700641
POLUSDT-ZRXUSDT,850.1481999615391,3,283.38273332051307,769.208226542755,2,0.6666666666666666,0.368408349705503
POLYXUSDT-SXPUSDT,3202.3087772534764,3,1067.4362590844921,1239.2257296827433,2,0.6666666666666666,0.8613735443967651
POLYXUSDT-WAXPUSDT,28.248915524680882,3,9.416305174893628,141.5719643261528,2,0.6666666666666666,0.06651249927704889
PORTALUSDT-SAGAUSDT,727.7895347252404,3,242.59651157508014,543.4923362777632,2,0.6666666666666666,0.4463660209756777
POWRUSDT-RIFUSDT,204.1044968205994,3,68.03483227353313,296.5804792824937,2,0.6666666666666666,0.22939753971039265
POWRUSDT-STRAXUSDT,630.4656347487648,3,210.15521158292162,601.5542638338063,2,0.6666666666666666,0.34935370625347606
PROMUSDT-SUSHIUSDT,63.70001108558881,3,21.233337028529604,1208.4754220097152,2,0.6666666666666666,0.017570350742606086
PYTHUSDT-VICUSDT,220.22350550077516,3,73.40783516692505,350.1478673875048,2,0.6666666666666666,0.20964810014303303
QNTUSDT-ROSEUSDT,1834.8591873655878,3,611.6197291218626,1199.5556066832703,2,0.6666666666666666,0.5098719273322977
QNTUSDT-TURBOUSDT,828.6870314373739,3,276.2290104791246,394.635166594717,2,0.6666666666666666,0.6999604542663748
QTUMUSDT-SKLUSDT,2074.179326505308,3,691.3931088351027,1235.269095120318,2,0.6666666666666666,0.559710521024376
QTUMUSDT-XAIUSDT,4934.053100898011,3,1644.6843669660036,2571.0404300841255,2,0.6666666666666666,0.6396960342285201
QTUMUSDT-XVGUSDT,894.1643020883348,3,298.05476736277825,859.2764476683805,2,0.6666666666666666,0.34686714406235675
RADUSDT-RDNTUSDT,3278.5829539670785,3,1092.8609846556928,1939.9478157616618,2,0.6666666666666666,0.5633455579456471
RADUSDT-SANDUSDT,3137.706666988878,3,1045.902222329626,1056.1279194124309,2,0.6666666666666666,0.9903177475996527
RADUSDT-SFPUSDT,1562.0181151911502,3,520.6727050637168,811.3378925878714,2,0.6666666666666666,0.6417458247918892
RADUSDT-SKLUSDT,5663.793087881628,3,1887.931029293876,2026.4614884509392,2,0.6666666666666666,0.9316392342284491
RADUSDT-SPELLUSDT,4576.60765931556,3,1525.53588643852,1608.6753348442226,2,0.6666666666666666,0.9483180685344732
RADUSDT-STRAXUSDT,1426.6487078939108,3,475.54956929797027,667.2277340184276,2,0.6666666666666666,0.7127245242549173
RADUSDT-SUSHIUSDT,619.7267234900155,3,206.57557449667183,1562.3951413988361,2,0.6666666666666666,0.13221724071141286
RADUSDT-TRBUSDT,443.9958895388395,3,147.99862984627984,180.46927455539998,2,0.6666666666666666,0.8200766042357399
RADUSDT-VOXELUSDT,775.4315692892922,3,258.4771897630974,626.4778064427184,2,0.6666666666666666,0.41258794342738
RADUSDT-WUSDT,696.2666599438276,3,232.08888664794253,558.8385785922316,2,0.6666666666666666,0.41530577082311837
RAREUSDT-SANDUSDT,1442.7034296699967,3,480.9011432233322,493.96780532897895,2,0.6666666666666666,0.973547543048996
RAREUSDT-SKLUSDT,551.5076758482955,3,183.83589194943184,381.37093161880404,2,0.6666666666666666,0.48203960162643805
RAREUSDT-SLPUSDT,1618.4156147117292,3,539.4718715705764,642.4804634525971,2,0.6666666666666666,0.8396704682217613
RAREUSDT-SYSUSDT,84.08238855086802,3,28.02746285028934,269.3217310040302,2,0.6666666666666666,0.10406684505480893
RAREUSDT-VANRYUSDT,2730.8528673866585,3,910.2842891288861,1132.6552513436563,2,0.6666666666666666,0.8036728634322103
RAREUSDT-VELODROMEUSDT,1367.7477507537776,3,455.91591691792587,743.1978527029714,2,0.6666666666666666,0.6134516068093896
RAREUSDT-WAXPUSDT,1164.0693299259874,3,388.02310997532913,694.7106244381891,2,0.6666666666666666,0.5585391907445241
RAYUSDT-SEIUSDT,3125.9866760614495,3,1041.99555868715,2366.133020685882,2,0.6666666666666666,0.4403791120691523
RDNTUSDT-THETAUSDT,314.82324560926014,3,104.94108186975338,492.22175568957806,2,0.6666666666666666,0.21319878826309935
RDNTUSDT-ZILUSDT,1825.6520670152158,3,608.550689005072,695.8194768275677,2,0.6666666666666666,0.8745812804488053
REIUSDT-SYSUSDT,2441.859241378786,3,813.9530804595953,906.7046495808,2,0.6666666666666666,0.8977047606802425
REIUSDT-THETAUSDT,1784.1229338461858,3,594.7076446153952,687.3320266195909,2,0.6666666666666666,0.8652407011212074
REIUSDT-XAIUSDT,4484.366712194979,3,1494.7889040649932,1521.1770522072052,2,0.6666666666666666,0.9826528094780793
RLCUSDT-THEUSDT,1428.1033737164594,3,476.0344579054865,679.7471503887695,2,0.6666666666666666,0.7003110754244823
RLCUSDT-VANAUSDT,7048.1510201340825,3,2349.3836733780277,3446.3229570733,2,0.6666666666666666,0.6817073450867706
RLCUSDT-VETUSDT,2764.9702577414514,3,921.6567525804838,1114.790853385832,2,0.6666666666666666,0.8267530629456071
RLCUSDT-ZENUSDT,478.0388983722241,3,159.34629945740804,400.5420793665709,2,0.6666666666666666,0.39782661464534014
RONINUSDT-SCUSDT,2301.070293004103,3,767.0234310013676,1257.3256073749099,2,0.6666666666666666,0.6100435929264075
RONINUSDT-STXUSDT,17.090870005112833,3,5.6969566683709445,515.4815277418339,2,0.6666666666666666,0.011051718367731934
ROSEUSDT-SCUSDT,1784.6254617548689,3,594.8751539182896,1828.3889958656093,2,0.6666666666666666,0.3253548097606327
ROSEUSDT-TRUUSDT,45.12953181419567,3,15.043177271398557,290.37613000665726,2,0.6666666666666666,0.05180583290731808
RVNUSDT-SSVUSDT,2134.756524306879,3,711.5855081022929,1221.0632608923909,2,0.6666666666666666,0.5827589207640594
RVNUSDT-ZILUSDT,1268.7313323071003,3,422.91044410236674,767.3927325449738,2,0.6666666666666666,0.5511004029186342
SAGAUSDT-SPELLUSDT,933.71909542034,3,311.23969847344665,769.9662097889762,2,0.6666666666666666,0.40422513938468513
SANTOSUSDT-SKLUSDT,1130.44414282322,3,376.8147142744067,636.0270329650709,2,0.6666666666666666,0.5924507839199037
SANTOSUSDT-STGUSDT,4423.379791569957,3,1474.459930523319,2387.7994791280807,2,0.6666666666666666,0.6174973834326016
SANTOSUSDT-SUSHIUSDT,1858.60683480551,3,619.5356116018366,3650.8447008423377,2,0.6666666666666666,0.16969651200416574
SANTOSUSDT-TAOUSDT,4860.118343844526,3,1620.0394479481754,2154.9163062322796,2,0.6666666666666666,0.7517876417115712
SANTOSUSDT-TWTUSDT,2303.3165355547753,3,767.7721785182584,4858.812872805333,2,0.6666666666666666,0.1580164123659633
SCRTUSDT-SUSHIUSDT,893.633400750869,3,297.8778002502897,351.8347457422171,2,0.6666666666666666,0.8466412253340645
SCUSDT-STXUSDT,1657.9093495629534,3,552.6364498543178,1555.13233839588,2,0.6666666666666666,0.3553629721470281
SCUSDT-TNSRUSDT,6047.742069304504,3,2015.9140231015015,2332.9581381685343,2,0.6666666666666666,0.8641020985846213
SCUSDT-TONUSDT,2739.2110086069706,3,913.0703362023236,1385.0543561785848,2,0.6666666666666666,0.6592306880442712
SCUSDT-VOXELUSDT,1435.9202416035337,3,478.64008053451124,435.53204782246314,2,0.6666666666666666,1.0989778661009586
SCUSDT-WLDUSDT,667.5189353839168,3,222.50631179463892,406.76436805744487,2,0.6666666666666666,0.5470152483051703
SEIUSDT-VANRYUSDT,2758.651156541485,3,919.5503855138282,1080.0092290282978,2,0.6666666666666666,0.8514282663502449
SEIUSDT-WOOUSDT,264.97490958003345,3,88.32496986001115,255.21796161238458,2,0.6666666666666666,0.34607662133966804
SFPUSDT-WUSDT,600.1902092584573,3,200.06340308615245,2507.3417485545756,2,0.6666666666666666,0.07979103893654878
SLPUSDT-ZRXUSDT,3040.166246018997,3,1013.388748672999,1793.8519402270992,2,0.6666666666666666,0.5649232949207086
SNXUSDT-ZRXUSDT,921.8495777469323,3,307.28319258231073,613.9996239044119,2,0.6666666666666666,0.5004615322535586
SOLUSDT-TURBOUSDT,4585.23459647611,3,1528.4115321587033,2660.368238729028,2,0.6666666666666666,0.5745112687440935
SPELLUSDT-VANRYUSDT,1413.3422680801993,3,471.11408936006643,677.6203773068396,2,0.6666666666666666,0.6952478188930509
SPELLUSDT-ZILUSDT,1320.4140598595236,3,440.13801995317453,564.0610923036321,2,0.6666666666666666,0.7803020381279016
SSVUSDT-SUSHIUSDT,1653.4635152570627,3,551.1545050856876,944.1992202093968,2,0.6666666666666666,0.5837269225486725
SSVUSDT-ZENUSDT,1150.6006224086693,3,383.5335408028898,2508.5046771046655,2,0.6666666666666666,0.1528932930854915
STRAXUSDT-TWTUSDT,878.9538309184973,3,292.98461030616573,386.07044630461786,2,0.6666666666666666,0.7588889880345687
STRAXUSDT-ZILUSDT,1255.9118323525452,3,418.6372774508484,892.5592430655564,2,0.6666666666666666,0.46903024163752954
SXPUSDT-XTZUSDT,205.8717711238579,3,68.62392370795264,270.75406791232865,2,0.6666666666666666,0.2534548205945085
SXPUSDT-YFIUSDT,2633.441933322353,3,877.8139777741177,1309.9165251501763,2,0.6666666666666666,0.6701297074433655
TRBUSDT-XVGUSDT,286.9405231272357,3,95.64684104241189,588.5775401921379,2,0.6666666666666666,0.16250508133760677
TRUMPUSDT-VANRYUSDT,400.8291842804204,3,133.60972809347348,400.8056411007873,2,0.6666666666666666,0.33335291321380317
TURBOUSDT-VETUSDT,1840.4593436352982,3,613.4864478784327,1593.1969159628804,2,0.6666666666666666,0.38506630393999974
TURBOUSDT-WIFUSDT,4671.080266861416,3,1557.026755620472,2526.761306806415,2,0.6666666666666666,0.616214420976869
TWTUSDT-XTZUSDT,143.6964080401811,3,47.89880268006036,417.96438605932116,2,0.6666666666666666,0.11460020106416949
VANAUSDT-WUSDT,4180.385416613106,3,1393.461805537702,1995.6200938714537,2,0.6666666666666666,0.6982600595258692
VANRYUSDT-XAIUSDT,1440.5162654261503,3,480.1720884753834,944.5349276628735,2,0.6666666666666666,0.5083688007848536
VTHOUSDT-XAIUSDT,3312.5495031197415,3,1104.1831677065804,2089.3602961584593,2,0.6666666666666666,0.5284790611445782
WAXPUSDT-ZRXUSDT,2306.67285298444,3,768.8909509948134,1368.3768705882005,2,0.6666666666666666,0.5618999908002709
ZILUSDT-ZKUSDT,882.1952857213812,3,294.0650952404604,622.843462823908,2,0.6666666666666666,0.47213322896125387
1000CATUSDT-ALTUSDT,2083.355996038996,2,1041.677998019498,399.7280171969074,2,1.0,2.6059669405318764
1000CATUSDT-BANDUSDT,976.452245066816,2,488.226122533408,288.96415638810686,2,1.0,1.68957329738043
1000SATSUSDT-KSMUSDT,2766.923485104821,2,1383.4617425524104,1769.9373402783317,2,1.0,0.7816444746766312
1000SATSUSDT-NEIROUSDT,1740.3839690190503,2,870.1919845095251,1223.943162126183,2,1.0,0.7109741787338097
1000SATSUSDT-UNIUSDT,4958.627833855235,2,2479.3139169276174,2864.116001543002,2,1.0,0.8656471719692646
1000SATSUSDT-WOOUSDT,5323.513688758474,2,2661.756844379237,2643.63490146042,2,1.0,1.006854934056441
1INCHUSDT-ACEUSDT,414.44172866082374,2,207.22086433041187,142.7487794179177,2,1.0,1.451647188686236
1INCHUSDT-AGLDUSDT,625.0478435043866,2,312.5239217521933,97.44367876314342,2,1.0,3.207226222563353
1INCHUSDT-ARBUSDT,151.61143371214894,2,75.80571685607447,34.2780482863056,2,1.0,2.2114945466822147
1INCHUSDT-DGBUSDT,782.7383458689726,2,391.3691729344863,332.94677628987046,2,1.0,1.1754706782136015
1INCHUSDT-DOTUSDT,436.7601438501622,2,218.3800719250811,29.025584662263373,2,1.0,7.523709667388734
1INCHUSDT-LSKUSDT,659.3046479088608,2,329.6523239544304,144.47426637148195,2,1.0,2.281737310275078
1INCHUSDT-NTRNUSDT,2618.1057877313565,2,1309.0528938656782,1511.5992894169908,2,1.0,0.8660052323592764
1INCHUSDT-ONTUSDT,760.8820740340295,2,380.44103701701476,72.00453555295897,2,1.0,5.283570459769195
1INCHUSDT-PERPUSDT,1664.1225536313273,2,832.0612768156636,642.3004325699573,2,1.0,1.2954393841623923
1INCHUSDT-RDNTUSDT,366.5644622117849,2,183.28223110589246,130.3718859460559,2,1.0,1.405841679560648
1INCHUSDT-RUNEUSDT,1271.3880823462787,2,635.6940411731393,797.1054743433143,2,1.0,0.7975030427395423
1MBABYDOGEUSDT-AERGOUSDT,8525.687065005437,2,4262.8435325027185,2093.955381467309,2,1.0,2.0357852751932053
1MBABYDOGEUSDT-AVAUSDT,2626.9629229757534,2,1313.4814614878767,1457.8549229903233,2,1.0,0.9009685674303513
1MBABYDOGEUSDT-CETUSUSDT,765.1747856040265,2,382.58739280201326,99.23000521951559,2,1.0,3.855561550719033
1MBABYDOGEUSDT-GMXUSDT,7324.234203104093,2,3662.1171015520463,3396.8232135257917,2,1.0,1.0781005873281488
1MBABYDOGEUSDT-IOSTUSDT,5681.98808720747,2,2840.994043603735,1223.2396094755252,2,1.0,2.3225163913894487
1MBABYDOGEUSDT-KSMUSDT,2136.4304527936047,2,1068.2152263968023,1326.2220181861985,2,1.0,0.8054573154031495
1MBABYDOGEUSDT-RENDERUSDT,3629.859927107108,2,1814.929963553554,2103.4937983131435,2,1.0,0.8628168835149418
1MBABYDOGEUSDT-SANDUSDT,5654.815599193863,2,2827.4077995969315,321.72884065966105,2,1.0,8.788170167771462
1MBABYDOGEUSDT-SUIUSDT,2543.75204522213,2,1271.876022611065,1309.4233601474843,2,1.0,0.9713252881541764
1MBABYDOGEUSDT-TAOUSDT,5583.282949843663,2,2791.6414749218316,3759.259312639483,2,1.0,0.7426041256413728
1MBABYDOGEUSDT-USTCUSDT,314.964144022298,2,157.482072011149,41.58556503334987,2,1.0,3.786940778244927
1MBABYDOGEUSDT-VANRYUSDT,419.52888729287184,2,209.76444364643592,92.70218092796823,2,1.0,2.2627778715306364
1MBABYDOGEUSDT-YFIUSDT,6681.792066479507,2,3340.8960332397537,190.1189254764475,2,1.0,17.572664188308988
AAVEUSDT-CELRUSDT,4398.293630845629,2,2199.1468154228146,988.6961743536585,2,1.0,2.224289799503336
AAVEUSDT-PEOPLEUSDT,850.5031294224626,2,425.2515647112313,573.9938520264416,2,1.0,0.7408643197308004
AAVEUSDT-SCUSDT,4245.842242376126,2,2122.921121188063,1800.0854394312098,2,1.0,1.1793446436958361
AAVEUSDT-XLMUSDT,90.02587174853261,2,45.012935874266304,21.791277991831773,2,1.0,2.065640018503684
ACEUSDT-ALPHAUSDT,2474.8825912088114,2,1237.4412956044057,457.9714104663396,2,1.0,2.70200555607686
ACEUSDT-ARKUSDT,370.9869651622083,2,185.49348258110416,24.450053707690795,2,1.0,7.586628839296044
ACEUSDT-AVAXUSDT,1389.385135997631,2,694.6925679988155,160.09369267484826,2,1.0,4.339287553381272
ACEUSDT-ETHFIUSDT,489.51902657481094,2,244.75951328740547,157.5538863273893,2,1.0,1.5534971494058047
ACEUSDT-FIDAUSDT,1863.1042255590835,2,931.5521127795417,1013.9050621822199,2,1.0,0.918776468848641
ACEUSDT-MTLUSDT,440.27144680177753,2,220.13572340088876,43.09503515391465,2,1.0,5.108145813425382
ACEUSDT-ONTUSDT,5128.684081564323,2,2564.3420407821613,3213.753533802635,2,1.0,0.7979274122331138
ACEUSDT-RLCUSDT,778.6592361536792,2,389.3296180768396,496.1738521958518,2,1.0,0.7846637148528371
ACEUSDT-ROSEUSDT,684.0710635387322,2,342.0355317693661,477.91206091172234,2,1.0,0.7156871729013453
ACEUSDT-RVNUSDT,2396.867347074211,2,1198.4336735371055,153.92374920592746,2,1.0,7.78589190894627
ACEUSDT-SCUSDT,2380.547275088567,2,1190.2736375442835,1534.255987405332,2,1.0,0.7757985937908727
ACEUSDT-SNXUSDT,2502.1695901137587,2,1251.0847950568793,33.15464475415964,2,1.0,37.73482733214676
ACEUSDT-TLMUSDT,539.4970772793849,2,269.74853863969247,269.55628707101954,2,1.0,1.000713214930959
ACEUSDT-TRUUSDT,1327.6501954709781,2,663.8250977354891,95.1550501775408,2,1.0,6.976246625869259
ACHUSDT-CGPTUSDT,3132.1432712126452,2,1566.0716356063226,1138.8064445840316,2,1.0,1.375186839742865
ACHUSDT-COTIUSDT,1258.4312600743497,2,629.2156300371748,267.63249689873885,2,1.0,2.351043454469747
ACHUSDT-DOTUSDT,1163.1554220526236,2,581.5777110263118,621.1344566488389,2,1.0,0.9363153256125177
ACHUSDT-GLMRUSDT,546.8108174635796,2,273.4054087317898,154.71380643217424,2,1.0,1.7671687810980812
ACHUSDT-MEMEUSDT,800.3868203586243,2,400.19341017931214,438.40981099084934,2,1.0,0.9128295036893349
ACHUSDT-OGNUSDT,1129.1231558472718,2,564.5615779236359,707.8566932706802,2,1.0,0.797564794245367
ACHUSDT-PENGUUSDT,2194.0443454170572,2,1097.0221727085286,1214.4862310885305,2,1.0,0.9032808644732677
ACHUSDT-PERPUSDT,2208.4321086504146,2,1104.2160543252073,845.4933991429303,2,1.0,1.3060019811444323
ACHUSDT-POLYXUSDT,939.0910601512985,2,469.54553007564925,58.463797304068784,2,1.0,8.031389538957834
ACHUSDT-POWRUSDT,711.5259220387793,2,355.76296101938965,171.4944919027392,2,1.0,2.0744862244389504
ACHUSDT-SFPUSDT,9493.707260743879,2,4746.853630371939,608.4593155147339,2,1.0,7.801431434008497
ACHUSDT-XVGUSDT,1887.52319331359,2,943.761596656795,891.7843955050347,2,1.0,1.0582844927694934
ACTUSDT-ADAUSDT,1638.1426355951803,2,819.0713177975902,721.9406627246706,2,1.0,1.1345410503771038
ACTUSDT-AEVOUSDT,839.1089044658082,2,419.5544522329041,548.612410514328,2,1.0,0.7647556712024959
ACTUSDT-ALPHAUSDT,1994.4840356110715,2,997.2420178055357,440.87167911027154,2,1.0,2.261977951992929
ACTUSDT-APEUSDT,1418.0222062637658,2,709.0111031318829,711.5315080688902,2,1.0,0.9964577746615217
ACTUSDT-ARKMUSDT,851.2436342305657,2,425.62181711528285,533.1744000626977,2,1.0,0.7982787940779463
ACTUSDT-ATAUSDT,1256.0037796570991,2,628.0018898285496,506.4028092113702,2,1.0,1.2401232347161495
ACTUSDT-AVAUSDT,918.0464694495928,2,459.0232347247964,403.9788283480708,2,1.0,1.1362556711246734
ACTUSDT-BAKEUSDT,2700.5097983168084,2,1350.2548991584042,56.81718626357254,2,1.0,23.764902628134884
ACTUSDT-CYBERUSDT,1043.3032818916322,2,521.6516409458161,380.91751273819153,2,1.0,1.369460902954999
ACTUSDT-DASHUSDT,2632.1409751401097,2,1316.0704875700549,430.574458747186,2,1.0,3.0565456469464958
ACTUSDT-DUSKUSDT,587.1949800920503,2,293.59749004602514,10.130208788926256,2,1.0,28.98237303528912
ACTUSDT-ETHFIUSDT,990.5159318867559,2,495.25796594337794,131.5678682769819,2,1.0,3.764277497456607
ACTUSDT-FIDAUSDT,2304.043032327279,2,1152.0215161636395,235.07300842001166,2,1.0,4.900696698045782
ACTUSDT-GUSDT,2787.39532166976,2,1393.69766083488,15.044742584976861,2,1.0,92.6368565605487
ACTUSDT-IMXUSDT,824.1154854242749,2,412.05774271213744,214.4967462592189,2,1.0,1.9210442577724067
ACTUSDT-KAVAUSDT,3219.8912412098875,2,1609.9456206049438,981.700955940282,2,1.0,1.6399552336820569
ACTUSDT-MAVUSDT,797.7549992315082,2,398.8774996157541,125.73305116268692,2,1.0,3.1724156530620067
ACTUSDT-NEIROUSDT,852.7683420132656,2,426.3841710066328,59.80770206357901,2,1.0,7.129251857116364
ACTUSDT-ONEUSDT,701.843680744033,2,350.9218403720165,359.21231298436726,2,1.0,0.9769204108192373
ACTUSDT-PENGUUSDT,2155.982624409627,2,1077.9913122048135,812.2855939647615,2,1.0,1.327108741327227
ACTUSDT-POLYXUSDT,572.6895205822592,2,286.3447602911296,199.37662136325213,2,1.0,1.436200284332368
ACTUSDT-PYTHUSDT,2430.55428382394,2,1215.27714191197,700.1856446371506,2,1.0,1.7356498968809184
ACTUSDT-RDNTUSDT,1611.3366205359519,2,805.6683102679759,556.4246216674658,2,1.0,1.4479379216785717
ACTUSDT-RPLUSDT,1601.427958927111,2,800.7139794635555,285.199534972334,2,1.0,2.8075571004743374
ACTUSDT-RVNUSDT,2503.308599264551,2,1251.6542996322755,42.36818674385299,2,1.0,29.54231454840046
ACTUSDT-SANDUSDT,1065.2792274383235,2,532.6396137191617,163.40372718119025,2,1.0,3.259654004884137
ACTUSDT-SFPUSDT,1670.8116622479256,2,835.4058311239628,867.6251478969872,2,1.0,0.9628649344119176
ACTUSDT-SLPUSDT,2031.203524007105,2,1015.6017620035525,612.30548905148,2,1.0,1.6586520620235123
ACTUSDT-SOLUSDT,3124.4406441953597,2,1562.2203220976799,354.83101979718685,2,1.0,4.402716321111408
ACTUSDT-TRUMPUSDT,1530.4156927142094,2,765.2078463571047,804.385036669479,2,1.0,0.9512954760140918
ACTUSDT-VTHOUSDT,1787.3644310652664,2,893.6822155326332,562.9186400197225,2,1.0,1.5875868233841433
ACTUSDT-XRPUSDT,1406.9309421264036,2,703.4654710632018,884.7502594461872,2,1.0,0.7951006100902854
ACTUSDT-YFIUSDT,2736.991522190977,2,1368.4957610954884,165.01911507631687,2,1.0,8.292952973736384
ACTUSDT-YGGUSDT,1494.429192608642,2,747.214596304321,831.3100127626199,2,1.0,0.8988398850402007
ACXUSDT-API3USDT,807.1016328961292,2,403.5508164480646,475.62793641624177,2,1.0,0.8484590276356276
ACXUSDT-DENTUSDT,3310.409227673328,2,1655.204613836664,624.7862451836621,2,1.0,2.6492334403906415
ACXUSDT-KDAUSDT,10526.222273155485,2,5263.111136577742,6979.086048007624,2,1.0,0.7541261277442259
ACXUSDT-PERPUSDT,982.9584545267844,2,491.4792272633922,313.72320856574873,2,1.0,1.5666014303190774
ACXUSDT-SYNUSDT,4619.940206704285,2,2309.9701033521424,1067.8071574509809,2,1.0,2.163283966803889
ACXUSDT-THETAUSDT,1250.1482254681846,2,625.0741127340923,48.15351919144629,2,1.0,12.980860448619646
ACXUSDT-TRUUSDT,4651.561729111741,2,2325.7808645558707,206.20232386869392,2,1.0,11.279120530362635
ADAUSDT-ENSUSDT,3156.1868322591085,2,1578.0934161295543,1114.4919676032275,2,1.0,1.415975585291409
ADAUSDT-GALAUSDT,1278.943827285428,2,639.471913642714,852.8924469738671,2,1.0,0.7497685269832242
ADAUSDT-GLMUSDT,169.44029469838222,2,84.72014734919111,11.406689864777102,2,1.0,7.427233347581387
ADAUSDT-LINKUSDT,243.63337145548434,2,121.81668572774217,124.82941540780106,2,1.0,0.9758652263954236
ADAUSDT-LPTUSDT,502.12653600603113,2,251.06326800301557,310.4750847505941,2,1.0,0.8086422400196644
ADAUSDT-MANTAUSDT,1609.9024595542292,2,804.9512297771146,692.1666791437405,2,1.0,1.1629442069833478
ADAUSDT-ONEUSDT,176.05318186402172,2,88.02659093201086,122.43381627164014,2,1.0,0.7189728590727661
ADAUSDT-QNTUSDT,129.6422675997453,2,64.82113379987265,83.66331852222947,2,1.0,0.7747855923578931
AERGOUSDT-ARBUSDT,2304.094992057446,2,1152.047496028723,37.95798546686958,2,1.0,30.350596372777762
AERGOUSDT-ARPAUSDT,4957.11426012036,2,2478.55713006018,2861.200584799107,2,1.0,0.8662647223085921
AERGOUSDT-ASTRUSDT,1449.9952082283903,2,724.9976041141952,453.13292526967865,2,1.0,1.5999667287092816
AERGOUSDT-ATAUSDT,1536.4993137860852,2,768.2496568930426,555.1554753548015,2,1.0,1.3838459512662682
AERGOUSDT-BALUSDT,2023.8861749942325,2,1011.9430874971163,819.4597775189011,2,1.0,1.234890491588253
AERGOUSDT-HFTUSDT,903.8181372637721,2,451.90906863188604,511.4672811213765,2,1.0,0.8835542082791475
AERGOUSDT-HIVEUSDT,2805.3405468706724,2,1402.6702734353362,1317.0320831207,2,1.0,1.0650236174290584
AERGOUSDT-LDOUSDT,223.4367443134248,2,111.7183721567124,145.90495035117195,2,1.0,0.7656928149992346
AERGOUSDT-ONGUSDT,748.7248265439781,2,374.36241327198906,331.9892105751971,2,1.0,1.1276342764976521
AERGOUSDT-PERPUSDT,1537.1417544881626,2,768.5708772440813,940.0062228963452,2,1.0,0.8176231800635982
AERGOUSDT-ROSEUSDT,3368.630101877117,2,1684.3150509385584,2318.5081180570346,2,1.0,0.7264650219771733
AERGOUSDT-ZROUSDT,560.7755581231247,2,280.38777906156236,326.88241947190176,2,1.0,0.8577634108146461
AEVOUSDT-BROCCOLI714USDT,6220.118079803008,2,3110.059039901504,168.35073147010706,2,1.0,18.47368890377371
AEVOUSDT-KDAUSDT,2453.0081714081643,2,1226.5040857040822,1419.97194091292,2,1.0,0.8637523393001311
AEVOUSDT-PNUTUSDT,4693.037609116155,2,2346.5188045580776,976.9022345585707,2,1.0,2.4019996285691683
AEVOUSDT-STRKUSDT,1577.750972153332,2,788.875486076666,342.11532842866234,2,1.0,2.3058758860644324
AGLDUSDT-AIUSDT,425.3819931382917,2,212.69099656914585,274.07695473908603,2,1.0,0.7760265607578062
AGLDUSDT-CTKUSDT,748.542950839989,2,374.2714754199945,246.25675935582677,2,1.0,1.5198424457425506
AGLDUSDT-GHSTUSDT,1038.3745094712192,2,519.1872547356096,694.8876454083905,2,1.0,0.7471528068835926
AGLDUSDT-GRTUSDT,2740.606876750882,2,1370.303438375441,1074.0947235602937,2,1.0,1.2757752257019814
AGLDUSDT-HBARUSDT,2119.8804583965575,2,1059.9402291982788,1127.1263437323294,2,1.0,0.9403916740056197
AGLDUSDT-ONTUSDT,439.3547465106522,2,219.6773732553261,150.40377125980402,2,1.0,1.4605842088617609
AGLDUSDT-SCRTUSDT,2214.338043240272,2,1107.169021620136,814.6866103703755,2,1.0,1.3590121741620267
AGLDUSDT-SUSHIUSDT,1508.6630604566783,2,754.3315302283391,77.30154133880276,2,1.0,9.758298698368776
AGLDUSDT-ZILUSDT,6569.796842093694,2,3284.898421046847,4377.001865486383,2,1.0,0.7504905234217488
AIUSDT-BCHUSDT,1292.2979100067623,2,646.1489550033812,270.71923295823535,2,1.0,2.3867862949473726
AIUSDT-CTSIUSDT,7225.607499263828,2,3612.803749631914,4522.943346402415,2,1.0,0.7987727178819444
AIUSDT-GUSDT,3824.476451159719,2,1912.2382255798595,1071.963489146954,2,1.0,1.783865070909811
AIUSDT-KSMUSDT,3576.3419538155813,2,1788.1709769077906,2074.5708218946374,2,1.0,0.8619474245158393
AIUSDT-LAYERUSDT,1207.1819960855446,2,603.5909980427723,671.8722614920339,2,1.0,0.8983716587768802
AIUSDT-OPUSDT,2363.873921915714,2,1181.936960957857,934.6461080537649,2,1.0,1.2645823384628772
AIUSDT-PARTIUSDT,3307.477307327502,2,1653.738653663751,581.6743493878928,2,1.0,2.8430661510242152
AIUSDT-POLYXUSDT,868.6033680602994,2,434.3016840301497,181.73187206454355,2,1.0,2.3897937059488603
AIUSDT-SLPUSDT,278.66582774349,2,139.332913871745,44.71975056021997,2,1.0,3.115690765853405
AIUSDT-TONUSDT,1146.824817857386,2,573.412408928693,474.11478355699995,2,1.0,1.2094379437543
AIUSDT-ZROUSDT,440.24042943748594,2,220.12021471874297,217.23124360287343,2,1.0,1.0132990589565052
AIXBTUSDT-BNTUSDT,6902.425140051979,2,3451.2125700259894,3255.7995923111434,2,1.0,1.060019965042176
AIXBTUSDT-IDUSDT,23409.571583865545,2,11704.785791932773,2177.698539617852,2,1.0,5.374842100039594
ALGOUSDT-ALTUSDT,5419.061533352176,2,2709.530766676088,1928.3746046459294,2,1.0,1.4050852775950073
ALGOUSDT-CTSIUSDT,425.33699384779254,2,212.66849692389627,269.48483705493896,2,1.0,0.7891668386542292
ALGOUSDT-EGLDUSDT,2375.135013492143,2,1187.5675067460716,438.30522798821977,2,1.0,2.7094532095747432
ALGOUSDT-KDAUSDT,2599.0337741724825,2,1299.5168870862412,1771.8264600111374,2,1.0,0.7334335028939982
ALGOUSDT-OXTUSDT,300.95396572502807,2,150.47698286251403,56.47853820726319,2,1.0,2.664321486336956
ALGOUSDT-QNTUSDT,4207.943904867921,2,2103.9719524339607,2922.7418958829016,2,1.0,0.7198623851793773
ALGOUSDT-ROSEUSDT,1692.256660226066,2,846.128330113033,1059.3234337016058,2,1.0,0.7987440881548303
ALGOUSDT-WUSDT,5308.444626422442,2,2654.222313211221,3072.0689191001475,2,1.0,0.863985276081853
ALGOUSDT-XTZUSDT,447.32736060025695,2,223.66368030012848,23.025583918692377,2,1.0,9.713702857218587
ALICEUSDT-APEUSDT,790.1519226021112,2,395.0759613010556,161.6663148050946,2,1.0,2.443774151574868
ALICEUSDT-APTUSDT,1470.4074280817401,2,735.2037140408701,972.1186705805242,2,1.0,0.7562900870958742
ALICEUSDT-CELRUSDT,242.10214045995212,2,121.05107022997606,121.39566419621801,2,1.0,0.9971613980736168
ALICEUSDT-CVCUSDT,1485.1658736639747,2,742.5829368319874,274.78499025687796,2,1.0,2.702414481001297
ALICEUSDT-DASHUSDT,1651.2209854956675,2,825.6104927478337,974.4923009972703,2,1.0,0.8472211549572277
ALICEUSDT-FXSUSDT,845.3138269427689,2,422.6569134713844,82.39196458659076,2,1.0,5.129831720752191
ALICEUSDT-GALAUSDT,3199.7665483193396,2,1599.8832741596698,1556.321232940705,2,1.0,1.0279903918914306
ALICEUSDT-NFPUSDT,841.2365742555907,2,420.6182871277953,409.7144460010643,2,1.0,1.026613269883832
ALICEUSDT-RAREUSDT,1074.868944668586,2,537.434472334293,615.8511778018085,2,1.0,0.8726693910898854
ALICEUSDT-REZUSDT,4261.17032062314,2,2130.58516031157,2021.2516116815448,2,1.0,1.0540920031915606
ALICEUSDT-SANTOSUSDT,2208.9123699025927,2,1104.4561849512963,1057.77915227992,2,1.0,1.04412738951299
ALICEUSDT-SKLUSDT,1345.6085555498125,2,672.8042777749063,108.34849985634847,2,1.0,6.209631685412621
ALICEUSDT-SLPUSDT,1834.513166895852,2,917.256583447926,527.2364312436753,2,1.0,1.7397443141101783
ALICEUSDT-SUSHIUSDT,411.2180278394633,2,205.60901391973164,62.61090806758451,2,1.0,3.2839168168235116
ALICEUSDT-SYSUSDT,1675.9153164054562,2,837.9576582027281,474.74812881909247,2,1.0,1.7650573163649903
ALICEUSDT-TIAUSDT,835.4906208956095,2,417.74531044780474,109.72759902096655,2,1.0,3.807112469197314
ALICEUSDT-ZILUSDT,2064.95707963648,2,1032.47853981824,632.2844320917089,2,1.0,1.6329336725919663
ALPACAUSDT-ARKMUSDT,4531.249248790813,2,2265.6246243954065,639.985597218481,2,1.0,3.5401181436618456
ALPACAUSDT-FLUXUSDT,1622.6430317000152,2,811.3215158500076,993.0781986205726,2,1.0,0.816976464670121
ALPACAUSDT-NEOUSDT,2381.7342939315795,2,1190.8671469657897,1489.3435876184465,2,1.0,0.7995919523647735
ALPACAUSDT-STEEMUSDT,1218.402348451843,2,609.2011742259215,294.32136865934274,2,1.0,2.0698503034315223
ALPACAUSDT-SUSHIUSDT,329.9873887571898,2,164.9936943785949,13.183786478011125,2,1.0,12.514894310051467
ALPACAUSDT-WLDUSDT,5682.337880374916,2,2841.168940187458,3861.4987084336103,2,1.0,0.7357684553881304
ALPHAUSDT-BAKEUSDT,3888.361199500442,2,1944.180599750221,2723.8365516596027,2,1.0,0.7137655152493103
ALPHAUSDT-ENJUSDT,1625.2505206041674,2,812.6252603020837,435.9038340428094,2,1.0,1.864230586745142
ALPHAUSDT-LUMIAUSDT,4559.877024091189,2,2279.9385120455945,3056.0453808636976,2,1.0,0.7460420994799625
ALPHAUSDT-MINAUSDT,2494.9032551615815,2,1247.4516275807907,1727.745311528394,2,1.0,0.7220112937116137
ALPHAUSDT-POLYXUSDT,604.5894113861668,2,302.2947056930834,68.06679357956327,2,1.0,4.441148022342659
ALPHAUSDT-RADUSDT,5240.517346714974,2,2620.258673357487,677.7431265839281,2,1.0,3.866153075671227
ALPHAUSDT-RIFUSDT,1451.0286524373755,2,725.5143262186878,497.26397559496877,2,1.0,1.4590124397220228
ALPHAUSDT-SNXUSDT,707.6555766910666,2,353.8277883455333,430.0784271371091,2,1.0,0.8227052695966378
ALPHAUSDT-TRBUSDT,6733.72206399314,2,3366.86103199657,229.60843159999789,2,1.0,14.663490397695837
ALPHAUSDT-UMAUSDT,1159.018236243452,2,579.509118121726,187.62667965840845,2,1.0,3.0886285424694155
ALTUSDT-C98USDT,9333.180618372135,2,4666.590309186067,3108.0976361581143,2,1.0,1.5014297668442582
ALTUSDT-HIFIUSDT,1271.251474579986,2,635.625737289993,638.2142611877264,2,1.0,0.9959441146098552
ALTUSDT-INJUSDT,490.6442909651205,2,245.32214548256025,204.4244716851721,2,1.0,1.2000625143371944
ALTUSDT-JASMYUSDT,1939.8972259709062,2,969.9486129854531,1002.5154048007624,2,1.0,0.9675149213075868
ALTUSDT-KSMUSDT,736.2005576648781,2,368.1002788324391,359.8161768506407,2,1.0,1.0230231504717395
ALTUSDT-QNTUSDT,272.73858667245526,2,136.36929333622763,106.75013171052818,2,1.0,1.277462530032441
ALTUSDT-STGUSDT,2330.5928728613444,2,1165.2964364306722,189.27562324962247,2,1.0,6.1566112763176255
ALTUSDT-STXUSDT,296.73756623917825,2,148.36878311958912,208.4433687455725,2,1.0,0.7117942106409206
ALTUSDT-WUSDT,1396.7050459025793,2,698.3525229512896,874.260749156765,2,1.0,0.7987920350134202
ANIMEUSDT-BIOUSDT,3366.971061104857,2,1683.4855305524286,2055.758722223683,2,1.0,0.8189120213151414
ANIMEUSDT-GHSTUSDT,9244.535904204246,2,4622.267952102123,6239.327194209851,2,1.0,0.7408279463836465
ANKRUSDT-BANANAUSDT,1686.5723008115335,2,843.2861504057668,1162.1292192131139,2,1.0,0.7256388846128161
ANKRUSDT-BBUSDT,2757.0798930750557,2,1378.5399465375278,1627.7213209788508,2,1.0,0.8469139826149881
ANKRUSDT-ENSUSDT,1773.489081569793,2,886.7445407848965,100.88474161267898,2,1.0,8.78967945607993
ANKRUSDT-GRTUSDT,5207.9012256906,2,2603.9506128453,3680.3202269278117,2,1.0,0.7075337069293497
ANKRUSDT-NILUSDT,10544.73564076527,2,5272.367820382635,4105.886178197541,2,1.0,1.284099848743779
ANKRUSDT-NKNUSDT,4669.649586331858,2,2334.824793165929,1831.2243201791653,2,1.0,1.2750075277164798
ANKRUSDT-ORDIUSDT,2184.7381494365845,2,1092.3690747182923,1077.9525257836356,2,1.0,1.0133740109975402
ANKRUSDT-RSRUSDT,803.5583826987933,2,401.7791913493966,280.8748331118993,2,1.0,1.4304563598595164
ANKRUSDT-SLPUSDT,900.8076317795445,2,450.40381588977226,65.30301500382188,2,1.0,6.897136615566865
ANKRUSDT-TRUUSDT,3143.6668699122,2,1571.8334349561,1436.2871616271932,2,1.0,1.0943726832281535
ANKRUSDT-UMAUSDT,4077.9861606813975,2,2038.9930803406987,1305.9047205300515,2,1.0,1.561364353988318
ANKRUSDT-YFIUSDT,457.8727184288475,2,228.93635921442376,89.13574876459795,2,1.0,2.5684011453028868
APEUSDT-ASTRUSDT,1431.3257982158275,2,715.6628991079137,871.7627608453214,2,1.0,0.8209376808134791
APEUSDT-BATUSDT,2260.836607790981,2,1130.4183038954905,1038.8704475553884,2,1.0,1.0881224955003075
APEUSDT-BCHUSDT,1899.3672060004737,2,949.6836030002369,1342.4132444154882,2,1.0,0.7074450486472568
APEUSDT-COWUSDT,1483.1308250629982,2,741.5654125314991,727.8079952014755,2,1.0,1.0189025366864997
APEUSDT-CTSIUSDT,771.2746057613163,2,385.6373028806581,187.08677324175775,2,1.0,2.0612750767919272
APEUSDT-DENTUSDT,2713.1583949267897,2,1356.5791974633948,759.7174155579461,2,1.0,1.7856365665477156
APEUSDT-EGLDUSDT,392.0298306750302,2,196.0149153375151,75.1918518689248,2,1.0,2.6068637819854508
APEUSDT-GLMRUSDT,494.1987393820376,2,247.0993696910188,327.727134534769,2,1.0,0.7539789771811028
APEUSDT-HFTUSDT,588.968423910357,2,294.4842119551785,63.87081101379392,2,1.0,4.61062271295694
APEUSDT-JOEUSDT,626.0196646943178,2,313.0098323471589,436.6838136608835,2,1.0,0.7167882631670741
APEUSDT-JUPUSDT,2389.33234411059,2,1194.666172055295,1685.9614483249713,2,1.0,0.7085963758199894
APEUSDT-MLNUSDT,1230.4532523490705,2,615.2266261745352,565.6264388947809,2,1.0,1.0876907157605147
APEUSDT-NEOUSDT,11293.767858960771,2,5646.883929480386,4241.877299148245,2,1.0,1.3312228363168972
APEUSDT-NTRNUSDT,397.76153105169294,2,198.88076552584647,27.925647869706935,2,1.0,7.121795936615941
APEUSDT-RENDERUSDT,3389.549403545092,2,1694.774701772546,522.8992457851127,2,1.0,3.241111390833827
APEUSDT-ROSEUSDT,3092.219615281054,2,1546.109807640527,848.1273845965478,2,1.0,1.82296885552871
APEUSDT-STGUSDT,543.503973413238,2,271.751986706619,54.94765675386453,2,1.0,4.945651966996871
APEUSDT-SUSHIUSDT,4928.1275684870825,2,2464.0637842435412,3389.458013780281,2,1.0,0.7269787010860056
APEUSDT-VICUSDT,2164.510487441872,2,1082.255243720936,1401.2465946148343,2,1.0,0.7723517387162103
API3USDT-BSWUSDT,2934.3516214875367,2,1467.1758107437684,2068.7388225105783,2,1.0,0.7092126830023108
API3USDT-FIDAUSDT,2231.648041279147,2,1115.8240206395735,385.17041625496995,2,1.0,2.8969618993296082
API3USDT-LPTUSDT,2647.8781102367693,2,1323.9390551183847,136.33512170012466,2,1.0,9.710917030099179
API3USDT-MAGICUSDT,2303.960221021566,2,1151.980110510783,1403.5236265151177,2,1.0,0.8207771417222913
API3USDT-PHAUSDT,2319.965464345363,2,1159.9827321726816,1222.0574313758118,2,1.0,0.949204761078008
API3USDT-STRAXUSDT,4749.215944485191,2,2374.6079722425957,72.86876107798993,2,1.0,32.5874618576416
API3USDT-YGGUSDT,3644.1454131033615,2,1822.0727065516808,400.29484912870777,2,1.0,4.551826511177079
APTUSDT-ASTRUSDT,822.2071665073813,2,411.10358325369066,368.5829476500771,2,1.0,1.1153624601319905
APTUSDT-CTKUSDT,2108.122276576746,2,1054.061138288373,251.69632251638077,2,1.0,4.187828919191989
APTUSDT-IOTAUSDT,110.74734829351283,2,55.373674146756414,62.69162591009363,2,1.0,0.8832706656255507
APTUSDT-JOEUSDT,2119.739501053531,2,1059.8697505267655,337.07673352925974,2,1.0,3.144298152618606
APTUSDT-LRCUSDT,475.7333899182648,2,237.8666949591324,236.13487908310293,2,1.0,1.0073340113190985
APTUSDT-METISUSDT,599.059713760005,2,299.5298568800025,179.427394215366,2,1.0,1.6693652504392835
ARBUSDT-CELOUSDT,2216.6811994381796,2,1108.3405997190898,782.5950439899401,2,1.0,1.4162376930837515
ARBUSDT-GRTUSDT,488.8446629108648,2,244.4223314554324,44.1789430716392,2,1.0,5.532552715421117
ARBUSDT-ICXUSDT,656.1825845580834,2,328.0912922790417,205.4528795210721,2,1.0,1.5969174685886613
ARBUSDT-JASMYUSDT,549.3482279062055,2,274.67411395310273,133.53314059344672,2,1.0,2.056973368052295
ARBUSDT-MANTAUSDT,5534.0524283715995,2,2767.0262141857997,1446.182661492392,2,1.0,1.9133310665821146
ARBUSDT-RAYUSDT,1669.2261827465422,2,834.6130913732711,832.5430350277404,2,1.0,1.0024864256361976
ARBUSDT-SEIUSDT,500.04737551278157,2,250.02368775639079,42.92283179139825,2,1.0,5.824957891210142
ARBUSDT-THEUSDT,1621.6501495499124,2,810.8250747749562,57.76511075838759,2,1.0,14.036588247296367
ARKMUSDT-DASHUSDT,455.10181930485555,2,227.55090965242778,244.97692643270304,2,1.0,0.9288667017174684
ARKMUSDT-QTUMUSDT,533.43722930022,2,266.71861465011,243.7317618726817,2,1.0,1.0943120937575463
ARKMUSDT-SCRTUSDT,332.8858036285294,2,166.4429018142647,140.5878547805418,2,1.0,1.1839066900486015
ARKMUSDT-XVGUSDT,3795.9255066138376,2,1897.9627533069188,58.88542408671568,2,1.0,32.23145256646104
ARKUSDT-EOSUSDT,342.3843450448458,2,171.1921725224229,123.55367657032693,2,1.0,1.3855692301068847
ARKUSDT-ETHFIUSDT,560.632586045593,2,280.3162930227965,95.11148765235276,2,1.0,2.947239076392076
ARKUSDT-GMTUSDT,483.98542621896604,2,241.99271310948302,41.58637344570023,2,1.0,5.819038619115357
ARKUSDT-LSKUSDT,1586.6641999326973,2,793.3320999663487,100.82535706182632,2,1.0,7.868378779753547
ARKUSDT-ORDIUSDT,5457.8203448928325,2,2728.9101724464163,107.2531469700218,2,1.0,25.443637315454907
ARKUSDT-THETAUSDT,757.6930003007715,2,378.84650015038574,532.6920515688757,2,1.0,0.7111923277897865
ARKUSDT-TNSRUSDT,5451.591973834982,2,2725.795986917491,1723.9103079972085,2,1.0,1.5811704206840353
ARKUSDT-UNIUSDT,5266.866063825348,2,2633.433031912674,2772.0707831888735,2,1.0,0.9499876582816847
ARKUSDT-WOOUSDT,2346.639796489587,2,1173.3198982447934,575.5762851229555,2,1.0,2.0385132754282034
ARPAUSDT-CFXUSDT,2876.233090877151,2,1438.1165454385755,1219.154885541968,2,1.0,1.1796011831583395
ARPAUSDT-EDUUSDT,1858.212133807794,2,929.106066903897,1132.8560860746359,2,1.0,0.8201448342156717
ARPAUSDT-VANRYUSDT,4381.572701838935,2,2190.7863509194676,3039.0047194391877,2,1.0,0.7208894204428058
ARPAUSDT-ZKUSDT,826.2716634579191,2,413.13583172895954,581.4751724101128,2,1.0,0.7104960819162474
ARUSDT-DOGEUSDT,3624.3327143480765,2,1812.1663571740382,126.72719340374861,2,1.0,14.299743476528645
ARUSDT-DYMUSDT,751.0697361596157,2,375.53486807980784,454.92982596595243,2,1.0,0.8254786708750843
ARUSDT-JASMYUSDT,436.31083502802244,2,218.15541751401122,266.6800735236551,2,1.0,0.8180416880478337
ARUSDT-MASKUSDT,2017.2809279513046,2,1008.6404639756523,929.5024219556128,2,1.0,1.0851402214246395
ARUSDT-MLNUSDT,3389.835562989836,2,1694.917781494918,154.95686113379026,2,1.0,10.937997640720926
ARUSDT-NFPUSDT,4257.440403116698,2,2128.720201558349,845.8469783180677,2,1.0,2.516672939816162
ARUSDT-PEOPLEUSDT,670.6078057109744,2,335.3039028554872,444.7638661770996,2,1.0,0.7538919601035513
ARUSDT-RSRUSDT,3351.2216333519564,2,1675.6108166759782,1498.4411569840581,2,1.0,1.118235980683094
ARUSDT-SNTUSDT,3640.3592616935134,2,1820.1796308467567,1126.8363689570679,2,1.0,1.6153007490620894
ARUSDT-VANAUSDT,6687.889301357225,2,3343.9446506786126,417.61154446097134,2,1.0,8.007308933460596
ASTRUSDT-CELOUSDT,1904.4198587073633,2,952.2099293536817,1320.1301248885004,2,1.0,0.7213000532308179
ASTRUSDT-COMPUSDT,543.5821161656021,2,271.79105808280104,287.85308299414805,2,1.0,0.9442006153129389
ASTRUSDT-EGLDUSDT,34.67200059639268,2,17.33600029819634,3.871480696787318,2,1.0,4.4778733657595975
ASTRUSDT-GALAUSDT,904.5267356112479,2,452.26336780562394,287.40858312045583,2,1.0,1.5735903322555813
ASTRUSDT-GASUSDT,1475.2341037528272,2,737.6170518764136,550.9444559438479,2,1.0,1.3388228956996553
ASTRUSDT-NEOUSDT,374.47648894680464,2,187.23824447340232,58.00501182460394,2,1.0,3.2279666632872166
ASTRUSDT-RIFUSDT,2753.196433758733,2,1376.5982168793664,1650.0358679162875,2,1.0,0.8342838138529521
ASTRUSDT-SLPUSDT,2287.079931360719,2,1143.5399656803595,175.4154810925353,2,1.0,6.519036738137831
ASTRUSDT-STORJUSDT,2792.8063569646524,2,1396.4031784823262,1113.4306775674336,2,1.0,1.254144695862985
ASTRUSDT-XLMUSDT,2644.61195498025,2,1322.305977490125,1763.7828108547178,2,1.0,0.7496988684504438
ASTRUSDT-YFIUSDT,1741.661464457158,2,870.830732228579,1077.3664106645645,2,1.0,0.8082957883301878
ATAUSDT-BAKEUSDT,2176.2199180167795,2,1088.1099590083898,447.1497839044278,2,1.0,2.4334350550440127
ATAUSDT-CATIUSDT,5079.670443322575,2,2539.8352216612875,515.4934843894026,2,1.0,4.926997718835766
ATAUSDT-DASHUSDT,3901.363891922979,2,1950.6819459614894,2370.548045202039,2,1.0,0.8228822655206869
ATAUSDT-GALAUSDT,2113.0582255282825,2,1056.5291127641412,460.9638039806426,2,1.0,2.2920001606210896
ATAUSDT-GASUSDT,240.46293402669153,2,120.23146701334576,12.843237234328697,2,1.0,9.361461197024298
ATAUSDT-HOOKUSDT,1089.8124221386065,2,544.9062110693033,218.5281685830323,2,1.0,2.4935284755395726
ATAUSDT-ILVUSDT,5221.745528772241,2,2610.8727643861207,1246.1741740023153,2,1.0,2.09511063449568
ATAUSDT-MEUSDT,1431.208083581593,2,715.6040417907965,748.2109489058846,2,1.0,0.9564201684528013
ATAUSDT-MINAUSDT,858.5258423123116,2,429.2629211561558,383.7760939904503,2,1.0,1.1185243892936108
ATAUSDT-RADUSDT,2197.905871717649,2,1098.9529358588245,1345.5835920772556,2,1.0,0.8167110109913773
ATAUSDT-SNXUSDT,1678.5038484135453,2,839.2519242067726,485.52055945631315,2,1.0,1.7285610420835082
ATAUSDT-SYNUSDT,1187.5181533174537,2,593.7590766587268,257.1081591148898,2,1.0,2.3093746954697116
ATAUSDT-THETAUSDT,1246.125050941519,2,623.0625254707595,324.9177689316932,2,1.0,1.917600651756736
ATAUSDT-TIAUSDT,200.57305148060846,2,100.28652574030423,72.17569781230227,2,1.0,1.389477743618164
ATAUSDT-TNSRUSDT,842.4850169832397,2,421.24250849161984,343.74732011702713,2,1.0,1.225442305552258
ATAUSDT-TURBOUSDT,964.4058825932585,2,482.20294129662926,528.203740498901,2,1.0,0.9129108795048992
ATAUSDT-WIFUSDT,4158.728889930664,2,2079.364444965332,631.1935818734186,2,1.0,3.294337117297137
ATOMUSDT-BANDUSDT,244.66171568794755,2,122.33085784397377,127.59542527830807,2,1.0,0.9587401552771085
ATOMUSDT-BLURUSDT,2735.0340022807804,2,1367.5170011403902,860.4360641964565,2,1.0,1.589330175760922
ATOMUSDT-CHRUSDT,687.3207006222956,2,343.6603503111478,448.802629975354,2,1.0,0.7657271311668113
ATOMUSDT-DOGSUSDT,954.7074939420553,2,477.35374697102765,8.188528037448847,2,1.0,58.295428041270796
ATOMUSDT-OGNUSDT,1391.4313566995827,2,695.7156783497913,678.15061423055,2,1.0,1.0259014203491819
ATOMUSDT-ONEUSDT,1465.9905575612265,2,732.9952787806133,116.79166057974696,2,1.0,6.276092617761128
ATOMUSDT-PENGUUSDT,1490.1091902216854,2,745.0545951108427,48.18691098364519,2,1.0,15.461762953921593
ATOMUSDT-TRUUSDT,901.1040294977561,2,450.55201474887804,262.189605656231,2,1.0,1.7184205820104776
ATOMUSDT-VETUSDT,853.7634238382972,2,426.8817119191486,284.44535417545353,2,1.0,1.5007512186535361
ATOMUSDT-VIDTUSDT,2480.2640780745296,2,1240.1320390372648,408.19835249721785,2,1.0,3.0380623328109024
AUCTIONUSDT-ENAUSDT,2212.29109692164,2,1106.14554846082,749.0400754983625,2,1.0,1.4767508236790439
AVAUSDT-CELOUSDT,2866.9355619012085,2,1433.4677809506043,1023.509847191448,2,1.0,1.4005412697143045
AVAUSDT-CETUSUSDT,1745.5522854995418,2,872.7761427497709,1222.946552559078,2,1.0,0.7136666282949506
AVAUSDT-COSUSDT,73.42612288977597,2,36.713061444887984,3.378508815597487,2,1.0,10.866646632797169
AVAUSDT-FUNUSDT,574.6414516430531,2,287.32072582152654,400.92362873973997,2,1.0,0.7166470250822785
AVAUSDT-IMXUSDT,2498.471678080641,2,1249.2358390403206,1614.38297441129,2,1.0,0.7738162869909316
AVAUSDT-MANAUSDT,2354.687216024091,2,1177.3436080120455,165.92461129552305,2,1.0,7.095653856407813
AVAUSDT-TROYUSDT,3505.9110566372333,2,1752.9555283186166,1973.0304389642454,2,1.0,0.8884584311019761
AVAUSDT-TUSDT,1273.2532968520045,2,636.6266484260022,855.7722876776278,2,1.0,0.7439206171932289
AVAXUSDT-C98USDT,3238.484950367617,2,1619.2424751838084,546.6553950988185,2,1.0,2.9620899925282895
AVAXUSDT-DIAUSDT,4480.907085573579,2,2240.4535427867895,454.39210318258034,2,1.0,4.930661266105999
AVAXUSDT-DUSKUSDT,586.4981950651581,2,293.24909753257907,157.17094136298152,2,1.0,1.8657971695628466
AVAXUSDT-HOTUSDT,672.584376346234,2,336.292188173117,194.8017497449201,2,1.0,1.726330428825558
AVAXUSDT-LTCUSDT,1510.9194670516956,2,755.4597335258478,585.7389613521608,2,1.0,1.2897549648770021
AVAXUSDT-OGNUSDT,1057.8829317066006,2,528.9414658533003,708.8878151583327,2,1.0,0.7461568030128424
AVAXUSDT-SUPERUSDT,2055.4425625694394,2,1027.7212812847197,1006.3766214641357,2,1.0,1.0212094154070575
AVAXUSDT-VTHOUSDT,1896.9507079790237,2,948.4753539895119,1042.9792474324445,2,1.0,0.9093904373691253
AVAXUSDT-ZRXUSDT,1010.1599604952607,2,505.0799802476304,227.08114888836528,2,1.0,2.224226813719052
AXLUSDT-ROSEUSDT,4022.855255614089,2,2011.4276278070445,2591.867336873833,2,1.0,0.776053465079396
AXLUSDT-RSRUSDT,2190.93305270335,2,1095.466526351675,260.1378698425945,2,1.0,4.211099779568908
AXLUSDT-VTHOUSDT,3779.133513904353,2,1889.5667569521765,72.53733733386002,2,1.0,26.04957428000514
AXSUSDT-BANDUSDT,3570.5869343066825,2,1785.2934671533412,2278.6835269792077,2,1.0,0.7834758298007529
AXSUSDT-CHRUSDT,3674.7936740829546,2,1837.3968370414773,1344.4765589219892,2,1.0,1.3666261600832335
AXSUSDT-DENTUSDT,4547.193397437989,2,2273.5966987189945,1933.285334828872,2,1.0,1.176027489455014
AXSUSDT-JOEUSDT,3683.608881163258,2,1841.804440581629,2483.3051851476953,2,1.0,0.7416746244469695
AXSUSDT-JUPUSDT,4150.678690033076,2,2075.339345016538,1944.1806381424808,2,1.0,1.0674622019687274
AXSUSDT-LEVERUSDT,529.2610464582839,2,264.63052322914194,244.37786105957534,2,1.0,1.0828743736513404
AXSUSDT-ONTUSDT,1299.5818939425587,2,649.7909469712794,330.767217039744,2,1.0,1.9644962181763086
AXSUSDT-PHAUSDT,990.2132616261908,2,495.1066308130954,391.6330458517401,2,1.0,1.2642105564312547
AXSUSDT-RLCUSDT,4779.969462425519,2,2389.9847312127595,1932.1176600739059,2,1.0,1.236976805605793
AXSUSDT-TAOUSDT,577.4919801233528,2,288.7459900616764,162.20890934343032,2,1.0,1.780087118706535
AXSUSDT-WAXPUSDT,364.7540565887849,2,182.37702829439246,139.97609158551114,2,1.0,1.302915563855265
BADGERUSDT-CTSIUSDT,1425.8838946094957,2,712.9419473047478,276.3185194919742,2,1.0,2.58014536490543
BADGERUSDT-MEMEUSDT,3081.7381807185457,2,1540.8690903592728,629.8868524745455,2,1.0,2.4462632999972658
BADGERUSDT-STPTUSDT,1181.4589843904532,2,590.7294921952266,811.8409125941922,2,1.0,0.7276419345602867
BAKEUSDT-FIDAUSDT,1893.1001830411196,2,946.5500915205598,175.0850600246469,2,1.0,5.406229928397734
BAKEUSDT-MTLUSDT,865.0391788475206,2,432.5195894237603,69.04840160032944,2,1.0,6.264005819096277
BAKEUSDT-NEOUSDT,289.1619472610072,2,144.5809736305036,159.3777852406297,2,1.0,0.9071588829786675
BAKEUSDT-TRUUSDT,7324.783015423537,2,3662.3915077117686,4377.527945890196,2,1.0,0.8366346378554071
BALUSDT-ENSUSDT,680.8149191109621,2,340.40745955548107,472.88908712329703,2,1.0,0.7198462997449678
BALUSDT-MANTAUSDT,1429.5740061320748,2,714.7870030660374,834.7779283480164,2,1.0,0.8562600648540923
BALUSDT-MDTUSDT,3223.566651114356,2,1611.783325557178,1546.5681789350656,2,1.0,1.0421676506153243
BANANAUSDT-CVXUSDT,5998.2527859738675,2,2999.1263929869338,1567.6786832521911,2,1.0,1.9131001939537549
BANANAUSDT-ENAUSDT,2236.885189675026,2,1118.442594837513,1378.1781408795925,2,1.0,0.8115370296931942
BANANAUSDT-ETCUSDT,1960.020494792117,2,980.0102473960585,1261.2579582617138,2,1.0,0.7770101595606378
BANANAUSDT-LDOUSDT,2128.146926298484,2,1064.073463149242,1120.805420091242,2,1.0,0.9493828670659161
BANANAUSDT-OMNIUSDT,676.5630649773959,2,338.28153248869796,22.441645040779623,2,1.0,15.073829564365397
BANANAUSDT-USTCUSDT,1865.005846887274,2,932.502923443637,113.62431115664529,2,1.0,8.206896164660266
BANDUSDT-CFXUSDT,533.479210075494,2,266.739605037747,247.80443014356987,2,1.0,1.0764117690842199
BANDUSDT-DEGOUSDT,423.45332198103165,2,211.72666099051582,225.17613783527818,2,1.0,0.9402713050589713
BANDUSDT-EDUUSDT,3945.912444266026,2,1972.956222133013,2532.7826566000613,2,1.0,0.778967834840379
BANDUSDT-GMXUSDT,290.9007209047347,2,145.45036045236736,160.0921842117032,2,1.0,0.9085412955577286
BANDUSDT-HIFIUSDT,256.2746777205958,2,128.1373388602979,16.072302071467707,2,1.0,7.972556656197572
BANDUSDT-NFPUSDT,2842.556994383463,2,1421.2784971917315,1814.030171795273,2,1.0,0.7834922038728547
BANDUSDT-PHAUSDT,616.1864509586453,2,308.09322547932265,115.47635832065892,2,1.0,2.668019930311608
BANDUSDT-PYTHUSDT,513.3040306390209,2,256.65201531951044,170.2119978716007,2,1.0,1.507837394124918
BANDUSDT-QUICKUSDT,1349.4304025115375,2,674.7152012557688,898.9138208885843,2,1.0,0.7505894175581891
BANDUSDT-RDNTUSDT,757.8172426216835,2,378.90862131084174,154.64022876511734,2,1.0,2.4502590583098858
BANDUSDT-USUALUSDT,3543.134929958039,2,1771.5674649790194,2146.5585195339268,2,1.0,0.8253059252089118
BANDUSDT-WAXPUSDT,951.8013033263092,2,475.9006516631546,390.859974221141,2,1.0,1.2175732565389241
BANDUSDT-ZROUSDT,698.7062225591535,2,349.35311127957675,18.67693449144908,2,1.0,18.70505630565456
BATUSDT-BBUSDT,4247.3558581227,2,2123.67792906135,1780.460946174944,2,1.0,1.1927686106363393
BATUSDT-BNTUSDT,2798.667198337362,2,1399.333599168681,1642.4211182931003,2,1.0,0.8519944023996416
BATUSDT-GMTUSDT,1595.0448261951763,2,797.5224130975881,752.5047447754924,2,1.0,1.0598237667398716
BATUSDT-IDEXUSDT,549.0827282171085,2,274.54136410855426,136.82858163968746,2,1.0,2.0064621062250554
BATUSDT-KSMUSDT,329.39862393220176,2,164.69931196610088,165.6734020691984,2,1.0,0.9941204195065019
BATUSDT-QTUMUSDT,1055.0356737218156,2,527.5178368609078,597.413730400367,2,1.0,0.8830025324449485
BATUSDT-VETUSDT,546.0288374571161,2,273.01441872855804,116.82259157712969,2,1.0,2.3370001901413557
BATUSDT-XAIUSDT,3206.974430748141,2,1603.4872153740705,1887.922784634289,2,1.0,0.8493394054167757
BATUSDT-XTZUSDT,2520.0927692104387,2,1260.0463846052194,486.3853228969217,2,1.0,2.590634061694862
BATUSDT-ZENUSDT,289.31684854207356,2,144.65842427103678,36.91088608735456,2,1.0,3.919126295930236
BBUSDT-CELRUSDT,1619.2804493747901,2,809.6402246873951,635.5845997817363,2,1.0,1.2738512307652365
BBUSDT-HFTUSDT,1435.099099512132,2,717.549549756066,607.9853736204143,2,1.0,1.1802085722609115
BBUSDT-KSMUSDT,1507.6571975496763,2,753.8285987748382,371.099200669336,2,1.0,2.0313398611885694
BBUSDT-ONTUSDT,6499.704572541584,2,3249.852286270792,1585.0727539861005,2,1.0,2.0502858800002373
BCHUSDT-DASHUSDT,743.8836474847562,2,371.9418237423781,340.22089502561414,2,1.0,1.0932362743751403
BCHUSDT-XAIUSDT,4457.319087279522,2,2228.659543639761,2740.8583438164937,2,1.0,0.8131246726660364
BCHUSDT-XLMUSDT,453.5386053925191,2,226.76930269625956,207.3566979353348,2,1.0,1.093619376437884
BEAMXUSDT-CHESSUSDT,4339.2778745467385,2,2169.6389372733693,1427.9278688104412,2,1.0,1.5194317476840218
BEAMXUSDT-CHZUSDT,3397.0163138164908,2,1698.5081569082454,403.5034706036625,2,1.0,4.209401605312558
BEAMXUSDT-LRCUSDT,673.7168212686377,2,336.85841063431883,247.48223435713,2,1.0,1.3611417866391744
BEAMXUSDT-MASKUSDT,207.55025161226843,2,103.77512580613421,127.29554772656213,2,1.0,0.8152298148639803
BEAMXUSDT-STORJUSDT,296.6645826812103,2,148.33229134060514,120.60615027702917,2,1.0,1.229889943422369
BEAMXUSDT-SXPUSDT,2312.8397846903335,2,1156.4198923451668,1241.7024405173936,2,1.0,0.9313180473925048
BEAMXUSDT-TAOUSDT,1112.7347405417684,2,556.3673702708842,148.44213177573712,2,1.0,3.7480421738447607
BEAMXUSDT-UMAUSDT,2150.309828140487,2,1075.1549140702434,568.2056941643061,2,1.0,1.892193135536133
BEAMXUSDT-USTCUSDT,2730.784815011798,2,1365.392407505899,1769.3937067360685,2,1.0,0.7716724674151719
BELUSDT-DYMUSDT,1408.144020561121,2,704.0720102805604,307.7964342829314,2,1.0,2.2874599308495114
BELUSDT-GLMRUSDT,1357.6649917985303,2,678.8324958992652,478.46246214741257,2,1.0,1.4187790048409676
BELUSDT-HFTUSDT,1549.8631680195654,2,774.9315840097827,875.8004095835362,2,1.0,0.8848266974187429
BELUSDT-MDTUSDT,302.33198863857416,2,151.16599431928708,68.6354159902837,2,1.0,2.2024488689729327
BELUSDT-MEUSDT,1182.193500956152,2,591.096750478076,716.0725898632077,2,1.0,0.8254704325311406
BELUSDT-POLYXUSDT,256.0945047039055,2,128.04725235195275,149.7148801432968,2,1.0,0.8552740531161279
BELUSDT-SANDUSDT,1313.2235670553837,2,656.6117835276918,349.63085140025515,2,1.0,1.8780144283549134
BELUSDT-XTZUSDT,315.5863233801903,2,157.79316169009516,50.01236946823718,2,1.0,3.1550826998970622
BELUSDT-YFIUSDT,601.3248706878268,2,300.6624353439134,273.8499071662502,2,1.0,1.097909575559526
BELUSDT-ZILUSDT,792.7679195865052,2,396.3839597932526,483.0660953015693,2,1.0,0.8205584363063141
BICOUSDT-CELRUSDT,514.750455823467,2,257.3752279117335,243.0000261200371,2,1.0,1.059157202660527
BICOUSDT-FILUSDT,423.8477536273521,2,211.92387681367606,277.9330323254342,2,1.0,0.762499782917248
BICOUSDT-FLUXUSDT,632.6263525343256,2,316.3131762671628,235.96441386293853,2,1.0,1.3405122030430208
BICOUSDT-HOOKUSDT,477.28942683257776,2,238.64471341628888,136.7734606272005,2,1.0,1.7448173960206792
BICOUSDT-IOTAUSDT,330.0794919294458,2,165.0397459647229,139.82662897001902,2,1.0,1.180316990979665
BICOUSDT-KSMUSDT,1569.363797087195,2,784.6818985435975,58.91052497784723,2,1.0,13.319893157269776
BICOUSDT-LTCUSDT,854.271081633789,2,427.1355408168945,569.1552355081722,2,1.0,0.7504728309061852
BICOUSDT-MBOXUSDT,3338.210469327283,2,1669.1052346636416,1565.9871894377666,2,1.0,1.0658485879842332
BICOUSDT-MTLUSDT,1587.824165393744,2,793.912082696872,477.3945343936188,2,1.0,1.663010414866375
BICOUSDT-QTUMUSDT,2617.7255199936717,2,1308.8627599968358,58.579861248259014,2,1.0,22.34322055577991
BICOUSDT-RUNEUSDT,299.30114285723346,2,149.65057142861673,29.249121618069708,2,1.0,5.11641249890269
BICOUSDT-SCUSDT,5545.577425803982,2,2772.788712901991,2795.23617768187,2,1.0,0.9919693852851837
BICOUSDT-TRBUSDT,1506.5684624764401,2,753.2842312382201,718.6207139550389,2,1.0,1.0482361788493477
BICOUSDT-TURBOUSDT,1296.0252538303191,2,648.0126269151596,494.98494718767046,2,1.0,1.3091562290872445
BICOUSDT-XAIUSDT,6298.1829592016,2,3149.0914796008,746.658395668176,2,1.0,4.217579950711884
BIOUSDT-DASHUSDT,812.6357386847022,2,406.3178693423511,94.70658504891699,2,1.0,4.290281073195528
BIOUSDT-MUBARAKUSDT,449.8677406061871,2,224.93387030309356,219.8344630762811,2,1.0,1.0231965778042862
BLURUSDT-CELOUSDT,4105.386987248653,2,2052.6934936243265,2610.1868757596835,2,1.0,0.7864162955868433
BLURUSDT-HIFIUSDT,105.25489084666496,2,52.62744542333248,42.664758386786716,2,1.0,1.2335109212673103
BLURUSDT-IMXUSDT,2985.512002796649,2,1492.7560013983245,287.236272008475,2,1.0,5.1969620374208185
BLURUSDT-ONGUSDT,699.2702438441141,2,349.63512192205707,439.2544942501821,2,1.0,0.7959739205830837
BLURUSDT-OXTUSDT,5891.228748762527,2,2945.6143743812636,1059.2021989112402,2,1.0,2.780974565016082
BLURUSDT-RPLUSDT,1996.021373780557,2,998.0106868902785,263.63522104556733,2,1.0,3.7855741844060358
BLURUSDT-SANDUSDT,1968.2540875950633,2,984.1270437975317,1250.334566355356,2,1.0,0.7870909677129043
BLURUSDT-VTHOUSDT,2795.1115934542413,2,1397.5557967271207,640.9936099882854,2,1.0,2.1802959888362414
BNTUSDT-CELRUSDT,3400.066491495393,2,1700.0332457476966,576.75028095138,2,1.0,2.947607139338367
BNTUSDT-DENTUSDT,6700.185558144392,2,3350.092779072196,4609.379487434058,2,1.0,0.7267990817864121
BNTUSDT-DOTUSDT,1070.470555390481,2,535.2352776952405,652.6973137922269,2,1.0,0.8200359743867767
BNTUSDT-MLNUSDT,1376.4995964153654,2,688.2497982076827,452.6774331739755,2,1.0,1.5203978545649541
BNTUSDT-RENDERUSDT,7133.569001146565,2,3566.7845005732825,1290.5451738073223,2,1.0,2.7637812088752205
BNTUSDT-SEIUSDT,2079.3540409230427,2,1039.6770204615214,11.096734450362476,2,1.0,93.6921600775587
BNTUSDT-SSVUSDT,1895.3396043774987,2,947.6698021887494,959.731397541205,2,1.0,0.9874323218107098
BNTUSDT-TNSRUSDT,1966.971992184024,2,983.485996092012,1244.5211218764387,2,1.0,0.790252554821369
BOMEUSDT-CHESSUSDT,1068.1604757858086,2,534.0802378929043,398.6663240835418,2,1.0,1.3396672997666743
BOMEUSDT-FETUSDT,1412.211002504094,2,706.105501252047,531.4938066939991,2,1.0,1.3285300644313593
BOMEUSDT-FLUXUSDT,2500.753813255851,2,1250.3769066279256,746.6686977233231,2,1.0,1.6746073733109015
BOMEUSDT-LRCUSDT,651.1310808808821,2,325.56554044044105,294.92240138541115,2,1.0,1.1039023787649984
BOMEUSDT-SOLUSDT,1868.3464649336943,2,934.1732324668471,430.62314528105054,2,1.0,2.1693521184448867
BOMEUSDT-SPELLUSDT,3831.9573281098455,2,1915.9786640549228,530.275332142282,2,1.0,3.6131770571232846
BROCCOLI714USDT-SCRTUSDT,599.2413902490534,2,299.6206951245267,293.1872653925915,2,1.0,1.0219430735619455
BROCCOLI714USDT-TRUUSDT,11048.887358958007,2,5524.443679479004,2967.546047691366,2,1.0,1.861620204268373
BROCCOLI714USDT-YFIUSDT,1482.859445511893,2,741.4297227559465,533.9814159722644,2,1.0,1.3884934954261727
BSWUSDT-DOGEUSDT,863.0822356841836,2,431.5411178420918,531.5442013660235,2,1.0,0.8118630900931056
BSWUSDT-KAVAUSDT,1023.8904114523255,2,511.9452057261627,644.2420957627927,2,1.0,0.7946472437818761
BSWUSDT-KDAUSDT,348.538108912525,2,174.2690544562625,63.346540340039994,2,1.0,2.751042969683867
BSWUSDT-QUICKUSDT,187.98434072643744,2,93.99217036321872,27.68568628219344,2,1.0,3.3949734677038337
BSWUSDT-SANTOSUSDT,1031.1759342848218,2,515.5879671424109,725.7970133790916,2,1.0,0.7103748811833616
BSWUSDT-TRBUSDT,1935.7118646520807,2,967.8559323260404,667.8638932027395,2,1.0,1.4491814008460464
C98USDT-ICPUSDT,2150.7039164378866,2,1075.3519582189433,1471.5148730499923,2,1.0,0.7307788578378915
C98USDT-LRCUSDT,1145.5745113088803,2,572.7872556544402,785.3270557173471,2,1.0,0.7293614188947494
C98USDT-OMUSDT,3701.350186098057,2,1850.6750930490284,1370.1841955248426,2,1.0,1.3506761347076668
C98USDT-QUICKUSDT,448.75806017503817,2,224.37903008751908,314.25281661039577,2,1.0,0.7140080159271878
C98USDT-SYSUSDT,191.26674581281742,2,95.63337290640871,33.93199244010337,2,1.0,2.8183836559323887
CAKEUSDT-COTIUSDT,1493.5015991512923,2,746.7507995756462,404.44524635108206,2,1.0,1.8463582062414028
CAKEUSDT-ENSUSDT,2792.225518390979,2,1396.1127591954894,635.0961973736622,2,1.0,2.1982697502660042
CAKEUSDT-GLMRUSDT,3706.670621196454,2,1853.335310598227,1869.9142143687322,2,1.0,0.9911338693277423
CAKEUSDT-ILVUSDT,4128.766896095621,2,2064.3834480478104,2853.672145023059,2,1.0,0.7234129721762866
CAKEUSDT-LSKUSDT,1529.5908305901175,2,764.7954152950588,920.5359413392904,2,1.0,0.8308153771620864
CAKEUSDT-PHAUSDT,1014.0271315167166,2,507.0135657583583,635.0811573836677,2,1.0,0.7983445263076185
CAKEUSDT-REZUSDT,3558.452209669054,2,1779.226104834527,2225.240900761398,2,1.0,0.7995656129750893
CAKEUSDT-SXPUSDT,262.74465194943735,2,131.37232597471868,173.25869085466405,2,1.0,0.7582437875218552
CAKEUSDT-VANRYUSDT,584.4630562552131,2,292.23152812760657,294.55307086813957,2,1.0,0.9921184228917027
CAKEUSDT-XVGUSDT,5799.110852179704,2,2899.555426089852,2780.0360441984726,2,1.0,1.0429920259993746
CELOUSDT-DASHUSDT,2422.1585556300006,2,1211.0792778150003,1654.6168585438534,2,1.0,0.7319394043167259
CELOUSDT-EOSUSDT,3552.7186936828593,2,1776.3593468414297,165.59705342354997,2,1.0,10.726998519098101
CELOUSDT-SXPUSDT,3184.3566879217947,2,1592.1783439608973,774.217600025658,2,1.0,2.056499805620709
CELOUSDT-THETAUSDT,3264.569084434668,2,1632.284542217334,323.1024948852745,2,1.0,5.0519094344873965
CELOUSDT-VANRYUSDT,477.37011799809574,2,238.68505899904787,199.42002264816017,2,1.0,1.1968961583168787
CELRUSDT-NEARUSDT,1515.7945605360933,2,757.8972802680466,803.7105553277968,2,1.0,0.9429977934767013
CELRUSDT-NOTUSDT,803.2149016232613,2,401.60745081163066,155.15118338689484,2,1.0,2.5884910578487617
CELRUSDT-STEEMUSDT,3957.565305947147,2,1978.7826529735735,858.7681225374727,2,1.0,2.3042106490011554
CETUSUSDT-FLUXUSDT,14614.244165867747,2,7307.122082933874,8783.352298911155,2,1.0,0.8319286115666469
CETUSUSDT-SXPUSDT,6728.706499720291,2,3364.3532498601453,527.3103790081432,2,1.0,6.380214355325993
CETUSUSDT-TRUUSDT,2281.888981475248,2,1140.944490737624,1274.5136763697853,2,1.0,0.8951998804653016
CFXUSDT-DUSKUSDT,5374.913101636306,2,2687.456550818153,973.8706133284192,2,1.0,2.7595622190849083
CFXUSDT-FILUSDT,1250.1082416515017,2,625.0541208257508,5.942235217230589,2,1.0,105.18838416447956
CFXUSDT-IDEXUSDT,3025.2367067937,2,1512.61835339685,1654.790019399937,2,1.0,0.9140847694654083
CFXUSDT-JTOUSDT,898.5754146154743,2,449.28770730773715,506.23890098978364,2,1.0,0.8875013485318944
CFXUSDT-LQTYUSDT,1711.3088918925123,2,855.6544459462561,216.6045201296143,2,1.0,3.9503074332624264
CFXUSDT-MEUSDT,885.5250432212741,2,442.76252161063707,335.5994175571754,2,1.0,1.319318504285558
CFXUSDT-SYSUSDT,5977.011576293964,2,2988.505788146982,4021.7133292699737,2,1.0,0.7430926929566756
CFXUSDT-VANRYUSDT,2248.381047537804,2,1124.190523768902,1580.7041449049937,2,1.0,0.7111960371537269
CFXUSDT-VTHOUSDT,1453.5497176828778,2,726.7748588414389,955.4723753586535,2,1.0,0.7606445540287139
CGPTUSDT-QNTUSDT,451.73474509215913,2,225.86737254607957,1.879370904608643,2,1.0,120.1824355119054
CHESSUSDT-COSUSDT,8657.438861448945,2,4328.719430724473,3225.3193337943244,2,1.0,1.3421056902393873
CHESSUSDT-GLMRUSDT,3348.7257356954387,2,1674.3628678477194,2141.3949174810045,2,1.0,0.7819028868422501
CHESSUSDT-HMSTRUSDT,2327.8077151272255,2,1163.9038575636127,792.7992895504858,2,1.0,1.4680939714559302
CHESSUSDT-IOTAUSDT,1279.1845259472323,2,639.5922629736161,738.3227665926961,2,1.0,0.8662773138166743
CHESSUSDT-IOUSDT,1183.5255942201388,2,591.7627971100694,84.84636067496838,2,1.0,6.974521858126709
CHESSUSDT-LINAUSDT,4767.613142982436,2,2383.806571491218,2087.3855688760273,2,1.0,1.142005869464165
CHESSUSDT-NOTUSDT,2047.3920283702353,2,1023.6960141851176,1322.9980892843473,2,1.0,0.7737698357061635
CHESSUSDT-PEOPLEUSDT,3895.482569021009,2,1947.7412845105046,240.2258420748042,2,1.0,8.107959025923593
CHESSUSDT-PORTALUSDT,6092.802757893365,2,3046.4013789466826,1489.1603625846583,2,1.0,2.0457174764302763
CHESSUSDT-QUICKUSDT,380.3008625396868,2,190.1504312698434,110.16413616285212,2,1.0,1.726064742056799
CHESSUSDT-REZUSDT,3695.052622478916,2,1847.526311239458,818.8244455217888,2,1.0,2.25631552812537
CHRUSDT-COTIUSDT,783.0393813357349,2,391.51969066786745,283.7923553485766,2,1.0,1.379599144546975
CHRUSDT-DENTUSDT,958.8498192942081,2,479.4249096471041,568.3884740880594,2,1.0,0.8434810547773839
CHRUSDT-DUSKUSDT,2521.145409240992,2,1260.572704620496,1650.2427898097924,2,1.0,0.7638710572798747
CHRUSDT-EGLDUSDT,581.6374502210759,2,290.81872511053797,348.11445867454063,2,1.0,0.8354112214064351
CHRUSDT-GLMRUSDT,2608.462410223729,2,1304.2312051118645,1388.5273342972698,2,1.0,0.9392909832574039
CHRUSDT-METISUSDT,2167.9335091215116,2,1083.9667545607558,1304.614363512103,2,1.0,0.8308713937831023
CHRUSDT-RENDERUSDT,1724.4148489620081,2,862.2074244810041,830.1011414844503,2,1.0,1.038677555531533
CHRUSDT-SCUSDT,2099.5506016390086,2,1049.7753008195043,1005.140533637468,2,1.0,1.0444064941053657
CHRUSDT-SNXUSDT,444.4658702053535,2,222.23293510267675,258.8714192814436,2,1.0,0.8584684076733334
CHRUSDT-VETUSDT,346.56747333300746,2,173.28373666650373,34.35119931229446,2,1.0,5.04447414167821
CHZUSDT-DENTUSDT,713.5740353446492,2,356.7870176723246,35.91749437547462,2,1.0,9.93351635118367
CHZUSDT-HIFIUSDT,2827.7288576675787,2,1413.8644288337894,1959.4811890520523,2,1.0,0.721550396468864
CHZUSDT-IDEXUSDT,2157.086576697842,2,1078.543288348921,1327.0636320305352,2,1.0,0.8127291429866447
CHZUSDT-JTOUSDT,2909.941886824102,2,1454.970943412051,1536.6792625815222,2,1.0,0.9468279938702325
CHZUSDT-MOVRUSDT,7645.261803293977,2,3822.6309016469886,630.165855606037,2,1.0,6.06607112657782
CHZUSDT-MUBARAKUSDT,2144.705670051327,2,1072.3528350256636,1165.5216009507126,2,1.0,0.9200626004279531
CHZUSDT-ONEUSDT,1357.2393661191165,2,678.6196830595583,126.94767935034865,2,1.0,5.3456643440224845
CHZUSDT-STRAXUSDT,1837.2254500396948,2,918.6127250198474,770.8177229068897,2,1.0,1.1917379397500056
CHZUSDT-USTCUSDT,143.53655011763465,2,71.76827505881732,50.476370684650774,2,1.0,1.4218192410699835
CHZUSDT-VELODROMEUSDT,5761.336977901905,2,2880.6684889509525,2022.3046661874228,2,1.0,1.4244483223102935
CHZUSDT-WOOUSDT,1778.6361064626612,2,889.3180532313306,1224.7263663383899,2,1.0,0.7261361212383776
CKBUSDT-HIVEUSDT,387.42229914874423,2,193.71114957437212,196.68355915318472,2,1.0,0.9848873510749439
CKBUSDT-ILVUSDT,1243.7798064895348,2,621.8899032447674,580.1370148106485,2,1.0,1.071970736857304
CKBUSDT-KAVAUSDT,5494.329203578929,2,2747.1646017894645,624.448589705338,2,1.0,4.399344713206549
CKBUSDT-LINAUSDT,2786.3422924581387,2,1393.1711462290693,380.40009258125434,2,1.0,3.662383825344324
CKBUSDT-LINKUSDT,1752.0982932145237,2,876.0491466072618,589.9046502623935,2,1.0,1.4850690636488275
CKBUSDT-MAGICUSDT,1778.0028833509286,2,889.0014416754643,312.30908032060967,2,1.0,2.846543689228744
CKBUSDT-WUSDT,3447.6001855008985,2,1723.8000927504493,1844.5267226023589,2,1.0,0.9345487227847901
COMBOUSDT-ENJUSDT,1098.8011079988341,2,549.4005539994171,674.9422101983282,2,1.0,0.8139964365808128
COMBOUSDT-NFPUSDT,4678.708893445592,2,2339.354446722796,1185.6671045797661,2,1.0,1.973028042767476
COMBOUSDT-PORTALUSDT,3121.858031169051,2,1560.9290155845256,228.40375072613193,2,1.0,6.834077858275459
COMPUSDT-GTCUSDT,2248.023811874785,2,1124.0119059373926,1460.0546085470216,2,1.0,0.7698423739478875
COMPUSDT-IOTAUSDT,3439.371691139776,2,1719.685845569888,1034.9284958227447,2,1.0,1.6616470147561033
COMPUSDT-LUMIAUSDT,8675.398377688609,2,4337.699188844304,3831.050278385262,2,1.0,1.1322480452207973
COMPUSDT-MEMEUSDT,1659.7924709897259,2,829.8962354948629,1040.7886242674992,2,1.0,0.7973725078701153
COMPUSDT-POWRUSDT,176.76608054337981,2,88.38304027168991,2.603204258504606,2,1.0,33.95163479121726
COMPUSDT-ROSEUSDT,1228.0666986441402,2,614.0333493220701,21.362270947660555,2,1.0,28.743823670550096
COMPUSDT-RPLUSDT,782.1642781167544,2,391.0821390583772,499.29333215801375,2,1.0,0.7832713034000814
COSUSDT-MANTAUSDT,628.7371037515395,2,314.36855187576975,35.270340661348946,2,1.0,8.913113567407954
COSUSDT-MAVUSDT,1184.2655451691605,2,592.1327725845803,819.4349166856086,2,1.0,0.722611107395321
COSUSDT-RDNTUSDT,2508.896581150628,2,1254.448290575314,140.91260583143563,2,1.0,8.90231419093851
COTIUSDT-DENTUSDT,4519.263836391737,2,2259.6319181958684,2477.1276661704574,2,1.0,0.9121984098983364
COTIUSDT-LRCUSDT,1007.8721748662042,2,503.9360874331021,70.10083352539654,2,1.0,7.188731746685055
COTIUSDT-LSKUSDT,90.4144056879555,2,45.20720284397775,15.588538078440425,2,1.0,2.9000283808846143
COTIUSDT-MEUSDT,3681.130798913291,2,1840.5653994566455,2359.461554153515,2,1.0,0.7800785718320257
COTIUSDT-PHBUSDT,912.7246449367495,2,456.36232246837477,634.4197450991808,2,1.0,0.7193381448066851
COTIUSDT-QNTUSDT,1293.8037119240294,2,646.9018559620147,101.80632404213203,2,1.0,6.354240387800443
COTIUSDT-SNXUSDT,1740.3271959044657,2,870.1635979522329,850.6768630448202,2,1.0,1.0229073291562956
COTIUSDT-VTHOUSDT,2177.6464233641886,2,1088.8232116820943,509.19769525584854,2,1.0,2.1383113510264624
COTIUSDT-YFIUSDT,4190.334276203139,2,2095.1671381015694,1887.2683025681372,2,1.0,1.1101586007938191
COTIUSDT-ZRXUSDT,3610.518414353512,2,1805.259207176756,1925.417498623476,2,1.0,0.9375936431799213
COWUSDT-HEIUSDT,1046.3938325883069,2,523.1969162941534,487.1490007100436,2,1.0,1.0739977204747793
COWUSDT-OXTUSDT,2468.621200740616,2,1234.310600370308,1432.2499498114166,2,1.0,0.8617983198622761
CRVUSDT-DYMUSDT,554.8551124680919,2,277.42755623404594,330.2296408827968,2,1.0,0.8401049508832823
CRVUSDT-EOSUSDT,1026.5405119306943,2,513.2702559653471,526.6719181127872,2,1.0,0.9745540597731848
CRVUSDT-MDTUSDT,857.9340069125665,2,428.96700345628324,448.16394429309116,2,1.0,0.957165360843367
CRVUSDT-TURBOUSDT,2374.5156608095294,2,1187.2578304047647,256.6308076915395,2,1.0,4.62632620410798
CRVUSDT-XTZUSDT,286.87378213116347,2,143.43689106558173,139.95468215503948,2,1.0,1.024880974733555
CTKUSDT-DUSKUSDT,1905.8213637737497,2,952.9106818868748,1335.2231359983784,2,1.0,0.7136714877055816
CTKUSDT-FILUSDT,1998.394227741337,2,999.1971138706685,637.745839065358,2,1.0,1.5667638307684324
CTKUSDT-FLOWUSDT,645.0910503550924,2,322.5455251775462,268.3343447642341,2,1.0,1.2020284822688037
CTKUSDT-HIFIUSDT,1088.6495378203017,2,544.3247689101509,69.26937560811854,2,1.0,7.8580868404183315
CTKUSDT-HOOKUSDT,2728.4008029411225,2,1364.2004014705612,1134.3008075236448,2,1.0,1.2026795647345283
CTKUSDT-ICXUSDT,888.8096885935161,2,444.40484429675803,619.7039502831989,2,1.0,0.7171244335196979
CTKUSDT-IOTXUSDT,307.31461067456553,2,153.65730533728276,99.48553621268682,2,1.0,1.544519044545168
CTKUSDT-NEARUSDT,3579.295634895355,2,1789.6478174476774,1822.0444476104408,2,1.0,0.9822196268563862
CTKUSDT-ORCAUSDT,499.06475965896357,2,249.53237982948178,84.42405804314039,2,1.0,2.955702267971668
CTKUSDT-PROMUSDT,4601.821827447084,2,2300.910913723542,1287.467125781011,2,1.0,1.7871609050427206
CTKUSDT-SLPUSDT,5028.034411815314,2,2514.017205907657,692.5246520303023,2,1.0,3.630220525055985
CTKUSDT-STEEMUSDT,2587.1604831090394,2,1293.5802415545197,87.27596816394987,2,1.0,14.821723193313652
CTKUSDT-STPTUSDT,1627.01008124776,2,813.50504062388,577.795863799262,2,1.0,1.4079454208528364
CTKUSDT-SUPERUSDT,10406.465090616126,2,5203.232545308063,7204.862361903272,2,1.0,0.7221834760953784
CTKUSDT-VICUSDT,2179.090722010106,2,1089.545361005053,1109.099389071916,2,1.0,0.9823694537572277
CTKUSDT-WOOUSDT,3331.89306677913,2,1665.946533389565,415.3283589768574,2,1.0,4.0111552639784795
CTSIUSDT-DEGOUSDT,8571.78267548067,2,4285.891337740335,346.1679452034173,2,1.0,12.380959580823793
CTSIUSDT-DENTUSDT,321.28811883129424,2,160.64405941564712,188.57090475874153,2,1.0,0.851902681493605
CTSIUSDT-EGLDUSDT,759.9260365227785,2,379.96301826138927,321.8211915236351,2,1.0,1.180665003639091
CTSIUSDT-FLOWUSDT,1232.4660138938693,2,616.2330069469347,512.9083237442942,2,1.0,1.2014486379327158
CTSIUSDT-HBARUSDT,33.72706344420849,2,16.863531722104245,22.22022319121727,2,1.0,0.7589271978496462
CTSIUSDT-ILVUSDT,704.7427716207809,2,352.37138581039045,233.0370466680474,2,1.0,1.5120831251879465
CTSIUSDT-MASKUSDT,299.3416486826344,2,149.6708243413172,82.27891473803116,2,1.0,1.8190665836788922
CTSIUSDT-ONTUSDT,923.4737446378836,2,461.7368723189418,157.89695369348843,2,1.0,2.9242924674485566
CTSIUSDT-ORDIUSDT,2490.940308165279,2,1245.4701540826395,1434.7727308501708,2,1.0,0.8680609320924573
CTSIUSDT-QNTUSDT,237.39309323566005,2,118.69654661783002,42.87820668895764,2,1.0,2.7682255342175437
CTSIUSDT-RLCUSDT,5495.114794406246,2,2747.557397203123,367.85489566575615,2,1.0,7.469133698031941
CTSIUSDT-RSRUSDT,840.9459226450496,2,420.4729613225248,482.7720786323162,2,1.0,0.8709554258268548
CTSIUSDT-RUNEUSDT,574.1549195834034,2,287.0774597917017,201.73000863999258,2,1.0,1.4230776161023233
CTSIUSDT-SANTOSUSDT,2011.5260358574542,2,1005.7630179287271,442.74839294198625,2,1.0,2.2716356150851422
CTSIUSDT-SSVUSDT,1593.5602300660491,2,796.7801150330246,730.9159384898035,2,1.0,1.0901118351301897
CTSIUSDT-TNSRUSDT,2033.3200137733554,2,1016.6600068866777,123.77799464654095,2,1.0,8.213576329054616
CTSIUSDT-UMAUSDT,2463.224444389481,2,1231.6122221947405,1211.9555549633003,2,1.0,1.0162189670660287
CTSIUSDT-WUSDT,3206.5000027717138,2,1603.2500013858569,1495.4441448913672,2,1.0,1.0720895239469617
CTSIUSDT-YFIUSDT,1927.5169457918832,2,963.7584728959416,327.54385525059394,2,1.0,2.9423799514071147
CTSIUSDT-YGGUSDT,3379.064758889577,2,1689.5323794447886,1445.5039032361046,2,1.0,1.1688189673250748
CVCUSDT-LTCUSDT,630.395715581308,2,315.197857790654,124.95401499354448,2,1.0,2.5225108437447017
CVCUSDT-MANAUSDT,1091.1313128224858,2,545.5656564112429,569.799693746266,2,1.0,0.9574691990869784
CVCUSDT-NKNUSDT,59.84927436114006,2,29.92463718057003,36.682219069415645,2,1.0,0.8157804500306294
CVCUSDT-PIXELUSDT,5153.106521050331,2,2576.5532605251656,684.5404149262848,2,1.0,3.763916935134682
CVCUSDT-RDNTUSDT,843.2808867879436,2,421.6404433939718,251.22565000896586,2,1.0,1.678333575329287
CVCUSDT-SCUSDT,974.0014422054139,2,487.00072110270696,24.83947406130692,2,1.0,19.605919187367995
CVCUSDT-STGUSDT,1808.6743896241267,2,904.3371948120633,1100.3455181289464,2,1.0,0.8218665681937977
CVCUSDT-VELODROMEUSDT,717.6287503069308,2,358.8143751534654,401.26112604678457,2,1.0,0.8942166381490687
CVXUSDT-DYDXUSDT,1821.5264640615599,2,910.7632320307799,676.4931506186792,2,1.0,1.346300744062008
CYBERUSDT-DFUSDT,4329.107537524725,2,2164.5537687623623,1603.5428429659237,2,1.0,1.349857148037772
CYBERUSDT-MBOXUSDT,894.8547346622346,2,447.4273673311173,147.46979385603805,2,1.0,3.0340272108056365
CYBERUSDT-MEMEUSDT,1228.2833934615978,2,614.1416967307989,170.3061211012235,2,1.0,3.606104658832411
CYBERUSDT-OPUSDT,1515.6044120102633,2,757.8022060051317,212.51299868204785,2,1.0,3.565909900593518
CYBERUSDT-PERPUSDT,1319.730784564911,2,659.8653922824554,749.5729281027201,2,1.0,0.8803218039806645
CYBERUSDT-POLYXUSDT,2424.8903087025906,2,1212.4451543512953,1698.385978087226,2,1.0,0.7138808080109021
CYBERUSDT-PYTHUSDT,2882.6337100751593,2,1441.3168550375797,1349.9479103792664,2,1.0,1.0676833113009843
CYBERUSDT-QUICKUSDT,1486.0301646991927,2,743.0150823495964,832.4222984534331,2,1.0,0.8925939198530032
CYBERUSDT-STGUSDT,5899.946615267674,2,2949.973307633837,4101.3413702869875,2,1.0,0.7192703657894772
CYBERUSDT-UNIUSDT,906.7229525315486,2,453.3614762657743,361.0058252118033,2,1.0,1.2558287002703783
CYBERUSDT-WLDUSDT,710.1365393228823,2,355.06826966144115,55.91790716968023,2,1.0,6.349813282246122
CYBERUSDT-ZKUSDT,1088.3386160088244,2,544.1693080044122,398.80924519427475,2,1.0,1.364485188249152
DASHUSDT-EGLDUSDT,234.91582090116717,2,117.45791045058358,85.60779857422713,2,1.0,1.3720468509506232
DASHUSDT-ICPUSDT,89.89079187339647,2,44.94539593669823,45.59458938369456,2,1.0,0.9857616121611901
DASHUSDT-MAGICUSDT,1296.8427488912714,2,648.4213744456357,578.0476852995517,2,1.0,1.1217437435280369
DASHUSDT-NEARUSDT,5564.900905231138,2,2782.450452615569,1451.9849474268358,2,1.0,1.9163080564619792
DASHUSDT-PENDLEUSDT,4284.093362960173,2,2142.0466814800866,1522.2555372130128,2,1.0,1.4071531547205303
DASHUSDT-PHAUSDT,5296.301958779747,2,2648.1509793898736,3358.289479154827,2,1.0,0.7885416060250791
DASHUSDT-SKLUSDT,640.029846490718,2,320.014923245359,358.4893072025507,2,1.0,0.8926763415695039
DASHUSDT-SUIUSDT,880.0432291393744,2,440.0216145696872,436.1739064711105,2,1.0,1.0088214999602034
DASHUSDT-TWTUSDT,475.82166980545844,2,237.91083490272922,95.74494882085678,2,1.0,2.4848395433149313
DASHUSDT-WLDUSDT,561.2685391210312,2,280.6342695605156,10.338774466244473,2,1.0,27.14386221275751
DASHUSDT-XVGUSDT,3130.7322517030034,2,1565.3661258515017,166.24214217668194,2,1.0,9.416181152116247
DEGOUSDT-HOTUSDT,4664.171145244998,2,2332.085572622499,333.92982462489755,2,1.0,6.983759462761747
DEGOUSDT-LDOUSDT,4422.6524834390275,2,2211.3262417195137,1141.871001777339,2,1.0,1.9365814862427997
DEGOUSDT-LINKUSDT,2959.5090980796563,2,1479.7545490398281,1813.9699336210106,2,1.0,0.8157547275802811
DEGOUSDT-MAVUSDT,3344.7456605238526,2,1672.3728302619263,2340.512562502835,2,1.0,0.714532729734024
DEGOUSDT-MLNUSDT,1741.5981757092625,2,870.7990878546312,1230.505923625359,2,1.0,0.7076756569273985
DEGOUSDT-TURBOUSDT,1666.802508342593,2,833.4012541712965,367.51289950075443,2,1.0,2.2676789176745227
DEGOUSDT-ZENUSDT,6821.25675170933,2,3410.628375854665,2510.379443309854,2,1.0,1.3586107012403916
DENTUSDT-DOTUSDT,3408.2288153222817,2,1704.1144076611408,1054.5743608956216,2,1.0,1.6159262645204862
DENTUSDT-GTCUSDT,410.55707522201897,2,205.27853761100948,71.85967653375242,2,1.0,2.8566582471964
DENTUSDT-MAGICUSDT,931.3528104211478,2,465.6764052105739,582.247777893318,2,1.0,0.7997907813327836
DENTUSDT-NEARUSDT,603.9381119199672,2,301.9690559599836,345.5485646900512,2,1.0,0.8738831146089194
DENTUSDT-NKNUSDT,331.8124841825644,2,165.9062420912822,225.9827416339742,2,1.0,0.7341544796372179
DENTUSDT-OXTUSDT,564.5237974514068,2,282.2618987257034,240.46344137892888,2,1.0,1.173824582677029
DENTUSDT-SUSHIUSDT,873.2270145351883,2,436.6135072675942,467.37928032473906,2,1.0,0.9341738618884248
DEXEUSDT-GLMRUSDT,626.5557714864244,2,313.2778857432122,334.0299775569408,2,1.0,0.9378735646258244
DEXEUSDT-NEOUSDT,1156.3850331346107,2,578.1925165673053,570.0280075412637,2,1.0,1.0143229962704081
DFUSDT-HOTUSDT,1897.2012443854487,2,948.6006221927244,1078.7234145909551,2,1.0,0.8793733494256519
DFUSDT-MTLUSDT,1874.8975621302927,2,937.4487810651464,1203.0662352043387,2,1.0,0.7792162672622279
DFUSDT-OPUSDT,2225.8297977797824,2,1112.9148988898912,685.2637819614515,2,1.0,1.6240678818663972
DFUSDT-QUICKUSDT,578.7868252266012,2,289.3934126133006,34.542129682977674,2,1.0,8.377984081158534
DGBUSDT-GALAUSDT,3185.003648783022,2,1592.501824391511,442.3085651323694,2,1.0,3.6004318024339503
DGBUSDT-LUMIAUSDT,2464.3852288457692,2,1232.1926144228846,1236.670557608698,2,1.0,0.9963790330753308
DGBUSDT-MTLUSDT,2021.64025013662,2,1010.82012506831,332.373742169464,2,1.0,3.041215345323318
DGBUSDT-POLYXUSDT,1592.3136700430662,2,796.1568350215331,507.65729551857584,2,1.0,1.5682958603170525
DGBUSDT-SCRUSDT,546.1817982044272,2,273.0908991022136,355.40672847912475,2,1.0,0.7683897833640871
DGBUSDT-STRKUSDT,5339.367231992148,2,2669.683615996074,1447.8511442511908,2,1.0,1.8438937086842573
DGBUSDT-SYSUSDT,1889.7732640284366,2,944.8866320142183,995.6939458259735,2,1.0,0.9489729609939446
DGBUSDT-VETUSDT,1971.655114135326,2,985.827557067663,1261.7753072277205,2,1.0,0.7813019888886956
DGBUSDT-VTHOUSDT,723.3505567291991,2,361.67527836459954,5.23176577960723,2,1.0,69.1306326774728
DIAUSDT-HBARUSDT,3481.666916826448,2,1740.833458413224,708.6734721058954,2,1.0,2.4564676496781517
DIAUSDT-SYSUSDT,1333.7513376155161,2,666.8756688077581,397.50103467337226,2,1.0,1.677670271615096
DIAUSDT-WOOUSDT,1078.2576526543808,2,539.1288263271904,642.1680210827491,2,1.0,0.8395448054516542
DOGEUSDT-LSKUSDT,1760.915926913746,2,880.457963456873,478.06929867281303,2,1.0,1.8416952644755624
DOGEUSDT-WIFUSDT,1763.4395937821928,2,881.7197968910964,570.1237985119801,2,1.0,1.5465409428485184
DOGEUSDT-WLDUSDT,5456.0573069145685,2,2728.0286534572842,453.16643733872684,2,1.0,6.019926518561157
DOGSUSDT-DUSDT,374.92710117838953,2,187.46355058919477,31.863917733921966,2,1.0,5.883254914056698
DOGSUSDT-IOTAUSDT,11953.03532361598,2,5976.51766180799,8151.880413332801,2,1.0,0.7331458950297041
DOGSUSDT-PHAUSDT,984.2306823822812,2,492.1153411911406,441.0481761805003,2,1.0,1.1157859113099267
DOGSUSDT-VANRYUSDT,937.0141815630036,2,468.5070907815018,611.804617596966,2,1.0,0.7657789387430495
DOTUSDT-OGNUSDT,4840.172452925648,2,2420.086226462824,811.4173509284946,2,1.0,2.982541874035045
DOTUSDT-OPUSDT,3646.3176540100626,2,1823.1588270050313,581.3347073389023,2,1.0,3.136160294558466
DOTUSDT-RIFUSDT,248.6812623668469,2,124.34063118342345,15.985899841072596,2,1.0,7.7781440156377615
DOTUSDT-RVNUSDT,1704.6266085139207,2,852.3133042569604,976.0753502432183,2,1.0,0.8732044140286721
DOTUSDT-STXUSDT,178.7749992584774,2,89.3874996292387,101.58364773683066,2,1.0,0.8799398487915289
DOTUSDT-ZRXUSDT,1862.4428376198252,2,931.2214188099126,426.59585338164663,2,1.0,2.182912495346764
DUSDT-ENAUSDT,1780.5193481440062,2,890.2596740720031,230.93827179750593,2,1.0,3.8549681139582237
DUSDT-ETCUSDT,438.4005382284955,2,219.20026911424776,15.305617684912193,2,1.0,14.321556543930184
DUSDT-ETHFIUSDT,4950.202823337149,2,2475.1014116685747,1672.1136058664206,2,1.0,1.4802232354219012
DUSDT-FLOWUSDT,691.6582842955039,2,345.82914214775195,349.6536008000706,2,1.0,0.9890621499576507
DUSDT-ICPUSDT,1650.938064175385,2,825.4690320876925,19.648526668891325,2,1.0,42.011752127686115
DUSDT-LAYERUSDT,1243.4300549613235,2,621.7150274806618,613.9778865884878,2,1.0,1.012601660517718
DUSDT-NEARUSDT,313.4227860822825,2,156.71139304114126,16.27114907445242,2,1.0,9.631243148475372
DUSDT-QTUMUSDT,4528.686908997984,2,2264.343454498992,3008.8039835635022,2,1.0,0.7525726058821545
DUSDT-RDNTUSDT,857.3387451382448,2,428.6693725691224,223.44019068448935,2,1.0,1.9184971658676602
DUSDT-RLCUSDT,93.28322446954807,2,46.64161223477404,60.86966297452948,2,1.0,0.7662538275313093
DUSDT-SCRUSDT,765.7008717067529,2,382.85043585337644,431.7336509184245,2,1.0,0.8867746005875172
DUSDT-STXUSDT,959.1649828620343,2,479.58249143101716,195.05832106601585,2,1.0,2.458662049432418
DUSDT-SYSUSDT,1291.4975108053293,2,645.7487554026646,547.6047520802013,2,1.0,1.1792241629562947
DUSDT-THETAUSDT,2074.6323834535974,2,1037.3161917267987,1294.83748476546,2,1.0,0.8011168999441599
DUSDT-TRUUSDT,13366.686857748617,2,6683.343428874308,751.3392861451683,2,1.0,8.895240209205566
DUSKUSDT-SCRTUSDT,516.3875071120856,2,258.1937535560428,11.41595646046866,2,1.0,22.616918210061495
DUSKUSDT-WAXPUSDT,9851.345823647402,2,4925.672911823701,4642.375098481075,2,1.0,1.0610243264132873
DUSKUSDT-ZILUSDT,3861.1594500445244,2,1930.5797250222622,1987.5607864901317,2,1.0,0.9713311603573678
DYDXUSDT-IDUSDT,1867.1060058668281,2,933.5530029334141,156.00081378770594,2,1.0,5.9842829038305005
DYDXUSDT-MLNUSDT,1187.864260849961,2,593.9321304249805,264.7634066135053,2,1.0,2.2432561131530804
DYDXUSDT-QUICKUSDT,3863.106044792845,2,1931.5530223964224,1662.552236442934,2,1.0,1.1617999002118704
DYDXUSDT-REIUSDT,4754.616666390726,2,2377.308333195363,1154.5623076181848,2,1.0,2.0590559015386996
DYDXUSDT-RIFUSDT,786.4877513589547,2,393.24387567947736,549.8792047096177,2,1.0,0.7151459307997345
DYDXUSDT-SAGAUSDT,161.75131193383012,2,80.87565596691506,83.97880807456816,2,1.0,0.9630483906737795
DYDXUSDT-XTZUSDT,503.82069327907743,2,251.91034663953872,107.30463459217121,2,1.0,2.3476185124432427
DYMUSDT-MAVUSDT,1010.3009246674014,2,505.1504623337007,509.73170491179934,2,1.0,0.9910124433423435
DYMUSDT-MTLUSDT,677.1044489507635,2,338.55222447538176,4.917302679084926,2,1.0,68.84917333142157
DYMUSDT-RADUSDT,425.6994722122455,2,212.84973610612275,146.5527162675557,2,1.0,1.4523766022700741
EDUUSDT-HIFIUSDT,2430.051561618853,2,1215.0257808094266,10.02604829816939,2,1.0,121.18690681265444
EDUUSDT-JUPUSDT,1856.6049251909503,2,928.3024625954752,422.38120995328836,2,1.0,2.1977835204793728
EDUUSDT-MEMEUSDT,1893.1168807595345,2,946.5584403797673,139.84248966381298,2,1.0,6.768747057173625
EDUUSDT-SCUSDT,3525.2155201670125,2,1762.6077600835063,2003.1543096974542,2,1.0,0.8799161160728157
EGLDUSDT-ETHFIUSDT,2815.35196109014,2,1407.67598054507,1898.7820825909698,2,1.0,0.7413573118534148
EGLDUSDT-HOTUSDT,643.8320536363412,2,321.9160268181706,268.73275487181905,2,1.0,1.1979039435357222
EGLDUSDT-JASMYUSDT,482.650614293673,2,241.3253071468365,187.27811520401332,2,1.0,1.2885932074014432
EGLDUSDT-PHBUSDT,1166.0347417734943,2,583.0173708867471,35.77018483531469,2,1.0,16.298975629311087
EGLDUSDT-PNUTUSDT,3895.9515954275244,2,1947.9757977137622,40.41214847807738,2,1.0,48.20272791906851
EGLDUSDT-RIFUSDT,1010.5052022106839,2,505.25260110534197,64.01818127719166,2,1.0,7.892329819831244
EGLDUSDT-TONUSDT,762.7614863048509,2,381.38074315242545,427.70887832407226,2,1.0,0.8916830173056537
EGLDUSDT-VETUSDT,801.3838114430384,2,400.6919057215192,180.03480308929974,2,1.0,2.225635815108318
EGLDUSDT-WIFUSDT,3156.4081908915173,2,1578.2040954457586,2156.9370043065633,2,1.0,0.731687616418421
EIGENUSDT-RDNTUSDT,329.61525520355207,2,164.80762760177603,108.11188503180117,2,1.0,1.5244172974441967
EIGENUSDT-STRAXUSDT,547.4080228309014,2,273.7040114154507,136.0518551873637,2,1.0,2.011762434540267
ENAUSDT-GHSTUSDT,2515.7691195162556,2,1257.8845597581278,972.5978919776601,2,1.0,1.2933243739613416
ENAUSDT-HOTUSDT,2020.9794253411646,2,1010.4897126705823,111.22801835896884,2,1.0,9.084848652157092
ENAUSDT-NEARUSDT,391.6591773686637,2,195.82958868433184,62.843990672063846,2,1.0,3.1161227444358386
ENAUSDT-POLYXUSDT,3576.814176788128,2,1788.407088394064,895.6697721288697,2,1.0,1.9967259631228758
ENAUSDT-PYTHUSDT,1267.1842769173275,2,633.5921384586637,813.5041890892334,2,1.0,0.778843117166991
ENAUSDT-RIFUSDT,928.5655967994564,2,464.2827983997282,339.13724919591726,2,1.0,1.3690115123022515
ENJUSDT-ICXUSDT,1716.9873373290218,2,858.4936686645109,884.011029348888,2,1.0,0.9711345675141952
ENJUSDT-IMXUSDT,1806.4783442571184,2,903.2391721285592,1002.7458314110434,2,1.0,0.9007658210431446
ENJUSDT-LSKUSDT,4542.1109423488415,2,2271.0554711744207,1099.2622153440495,2,1.0,2.065981564247272
ENJUSDT-NTRNUSDT,794.6494763052746,2,397.3247381526373,300.82804249746323,2,1.0,1.3207702807692463
ENJUSDT-SUSHIUSDT,735.4913327060394,2,367.7456663530197,307.4855688863367,2,1.0,1.195976993928318
ENSUSDT-LDOUSDT,248.62757022795543,2,124.31378511397772,41.369193045815656,2,1.0,3.0049845298239775
ENSUSDT-ONEUSDT,777.3274978908979,2,388.66374894544896,380.017099558485,2,1.0,1.0227533166191993
ENSUSDT-PENDLEUSDT,3193.214251513223,2,1596.6071257566116,1262.4631348091307,2,1.0,1.2646762362672868
ENSUSDT-PEOPLEUSDT,192.14278055135932,2,96.07139027567966,69.67778806889547,2,1.0,1.378795064227454
ENSUSDT-STRAXUSDT,4264.181784006309,2,2132.0908920031543,755.7175839972506,2,1.0,2.8212799822994605
ENSUSDT-VTHOUSDT,1100.4189461246565,2,550.2094730623282,679.1947540652543,2,1.0,0.8100908756569494
EOSUSDT-SCUSDT,2275.4362256656214,2,1137.7181128328107,796.6388557090019,2,1.0,1.4281479050130579
EOSUSDT-VANRYUSDT,6112.934603843343,2,3056.4673019216716,116.93272229847038,2,1.0,26.138682499155788
ETCUSDT-LPTUSDT,258.64040257314434,2,129.32020128657217,23.637447840932182,2,1.0,5.470988329908979
ETCUSDT-ZILUSDT,1429.8473544370186,2,714.9236772185093,662.4139833506179,2,1.0,1.0792702074347635
ETHFIUSDT-MAGICUSDT,901.9946022356377,2,450.99730111781884,344.0537173534807,2,1.0,1.310833972633594
ETHFIUSDT-NEARUSDT,583.9028641202607,2,291.95143206013034,332.679386482167,2,1.0,0.87757596028806
ETHFIUSDT-ROSEUSDT,1924.3651286905215,2,962.1825643452607,141.46782307875708,2,1.0,6.801423414917472
ETHFIUSDT-TRBUSDT,5958.11428563567,2,2979.057142817835,1888.1557136413953,2,1.0,1.5777603093298835
FETUSDT-FILUSDT,963.1535231738715,2,481.57676158693573,337.76751200625813,2,1.0,1.425764007694183
FETUSDT-MINAUSDT,1803.9299804785571,2,901.9649902392786,710.0965267519441,2,1.0,1.270200537897236
FETUSDT-MOVRUSDT,153.38802075621675,2,76.69401037810837,89.73503234526031,2,1.0,0.8546718976266047
FETUSDT-OGNUSDT,2121.8829864264553,2,1060.9414932132277,459.13057046287275,2,1.0,2.3107620390941053
FETUSDT-OPUSDT,3137.224730389092,2,1568.612365194546,157.36742241060648,2,1.0,9.96783413724404
FETUSDT-PROMUSDT,4144.005820537936,2,2072.002910268968,2742.69449931058,2,1.0,0.7554625244589943
FETUSDT-ROSEUSDT,1341.7458135922134,2,670.8729067961067,649.6536651097999,2,1.0,1.0326623904795802
FETUSDT-TRUUSDT,1071.9999021325043,2,535.9999510662522,62.966326712560665,2,1.0,8.512485626056533
FETUSDT-VICUSDT,5767.797681249699,2,2883.8988406248495,3479.498608310625,2,1.0,0.8288259790467476
FETUSDT-WUSDT,7784.642245590933,2,3892.3211227954666,4646.499332228919,2,1.0,0.8376889448358805
FIDAUSDT-LTCUSDT,7182.1361347638285,2,3591.0680673819143,4593.76470636884,2,1.0,0.7817266004946275
FIDAUSDT-QNTUSDT,2839.0667674765164,2,1419.5333837382582,1913.3842489340707,2,1.0,0.7418966600822954
FIDAUSDT-SCUSDT,4823.708954911808,2,2411.854477455904,2145.0458362270774,2,1.0,1.1243836549889845
FILUSDT-FLUXUSDT,1685.4137790802324,2,842.7068895401162,681.5256033379442,2,1.0,1.2365007057882285
FILUSDT-LDOUSDT,1132.690301670226,2,566.345150835113,708.3819795313237,2,1.0,0.7994911886519411
FILUSDT-MAGICUSDT,261.0335048703871,2,130.51675243519355,139.19730948124536,2,1.0,0.937638471042277
FILUSDT-PERPUSDT,2551.7147138465193,2,1275.8573569232597,1010.5924387319534,2,1.0,1.2624845665025448
FILUSDT-REIUSDT,2198.0484229483422,2,1099.0242114741711,483.7731693052714,2,1.0,2.2717758677118014
FILUSDT-WIFUSDT,5335.716602218086,2,2667.858301109043,3594.7215970166403,2,1.0,0.7421599222936133
FILUSDT-XVGUSDT,2077.237002439195,2,1038.6185012195974,109.12699839817806,2,1.0,9.517521021057771
FIOUSDT-MANAUSDT,2176.4467922448857,2,1088.2233961224429,1076.6374430685307,2,1.0,1.0107612391975622
FIOUSDT-NKNUSDT,4022.7664140479255,2,2011.3832070239628,1899.180243134436,2,1.0,1.0590796815073988
FIOUSDT-OPUSDT,240.48259593662212,2,120.24129796831106,144.73526641871197,2,1.0,0.8307671028874118
FIOUSDT-WUSDT,242.82857866265363,2,121.41428933132681,91.61015783504838,2,1.0,1.3253365369148606
FLMUSDT-LINAUSDT,4032.3342156877984,2,2016.1671078438992,2608.845080507179,2,1.0,0.7728197902237803
FLMUSDT-MTLUSDT,2557.169082582983,2,1278.5845412914914,179.3682172482568,2,1.0,7.12826698568259
FLMUSDT-POLYXUSDT,3399.9378645430315,2,1699.9689322715158,340.45587328697957,2,1.0,4.993213704492522
FLMUSDT-UMAUSDT,2240.3735746942434,2,1120.1867873471217,475.3691070191759,2,1.0,2.3564568475459104
FLMUSDT-USTCUSDT,2510.883499225171,2,1255.4417496125855,743.5434474409553,2,1.0,1.6884578217095778
FLOWUSDT-ILVUSDT,1013.0966701725746,2,506.5483350862873,38.87469741173302,2,1.0,13.030283675813326
FLOWUSDT-MTLUSDT,847.0015361904971,2,423.50076809524853,270.11561545501013,2,1.0,1.5678500014960663
FLOWUSDT-NEOUSDT,52.38047695198626,2,26.19023847599313,36.789280082349876,2,1.0,0.7118986405107239
FLOWUSDT-QTUMUSDT,921.7325811423899,2,460.86629057119495,211.62408578517872,2,1.0,2.177759156578349
FLOWUSDT-RVNUSDT,258.8618024575042,2,129.4309012287521,161.94305653629263,2,1.0,0.799237114557892
FLOWUSDT-SEIUSDT,758.9111870267457,2,379.45559351337283,47.49579810453645,2,1.0,7.989245547115673
FLOWUSDT-STXUSDT,1931.7149927330731,2,965.8574963665366,935.8603238558863,2,1.0,1.0320530443977551
FLOWUSDT-USTCUSDT,979.6545775781541,2,489.82728878907704,642.1762192958678,2,1.0,0.7627614883126036
FLUXUSDT-LPTUSDT,817.8209325703617,2,408.91046628518086,244.20709218486155,2,1.0,1.674441403919756
FLUXUSDT-SLPUSDT,72.2629249377672,2,36.1314624688836,28.052690841838626,2,1.0,1.2879856222204555
FLUXUSDT-SSVUSDT,620.1395706361106,2,310.0697853180553,432.50181712919226,2,1.0,0.7169213470042708
FLUXUSDT-STRKUSDT,970.5075076221327,2,485.25375381106636,472.1329162491515,2,1.0,1.0277905587819487
FLUXUSDT-VTHOUSDT,645.6866822757272,2,322.8433411378636,381.7759984929582,2,1.0,0.845635509859896
FORMUSDT-GHSTUSDT,1641.328443624888,2,820.664221812444,325.4791106962499,2,1.0,2.5214036626096124
FORMUSDT-HOOKUSDT,551.9988513821642,2,275.9994256910821,175.02569963027338,2,1.0,1.5769079985059733
FORMUSDT-LQTYUSDT,3059.3814243033344,2,1529.6907121516672,1372.2799263906193,2,1.0,1.1147074898742204
FORMUSDT-REZUSDT,8647.671895752466,2,4323.835947876233,506.2224060382701,2,1.0,8.541376075616364
FORMUSDT-TRBUSDT,691.4580808682147,2,345.72904043410733,68.58633373187276,2,1.0,5.040786139490695
FTTUSDT-FXSUSDT,12814.008625853512,2,6407.004312926756,8514.914028882024,2,1.0,0.752444979619832
FTTUSDT-ILVUSDT,21049.95462022801,2,10524.977310114005,8838.70571444954,2,1.0,1.1907826383344504
FTTUSDT-LINKUSDT,23197.15319432084,2,11598.57659716042,6397.204587848472,2,1.0,1.8130695115163245
FTTUSDT-MASKUSDT,776.7801962966086,2,388.3900981483043,538.3688345551274,2,1.0,0.7214200994179842
FTTUSDT-MEMEUSDT,3779.324267472472,2,1889.662133736236,2334.6229624904895,2,1.0,0.8094078419071208
FTTUSDT-MOVEUSDT,5502.715980381262,2,2751.357990190631,1586.0668892567178,2,1.0,1.7347048909645963
FTTUSDT-MTLUSDT,8207.661301521273,2,4103.830650760637,5147.77742911117,2,1.0,0.7972043677632767
FTTUSDT-OMUSDT,13240.59709409711,2,6620.298547048555,9015.676743934893,2,1.0,0.7343096625000692
FTTUSDT-PEOPLEUSDT,3187.306667217897,2,1593.6533336089485,719.156472533665,2,1.0,2.2160036021011362
FTTUSDT-RDNTUSDT,3605.911690958964,2,1802.955845479482,1932.947599101923,2,1.0,0.9327494683855696
FTTUSDT-ROSEUSDT,18233.920628330234,2,9116.960314165117,10352.381046876693,2,1.0,0.8806631317841317
FTTUSDT-RVNUSDT,24999.198328008235,2,12499.599164004117,6799.173091104847,2,1.0,1.8383999048879878
FTTUSDT-STRAXUSDT,3994.322003491535,2,1997.1610017457674,526.966555270326,2,1.0,3.789919837932131
FTTUSDT-TIAUSDT,2968.4272190635106,2,1484.2136095317553,1623.7640292861868,2,1.0,0.9140574509365266
FTTUSDT-TURBOUSDT,9549.501043550605,2,4774.750521775302,1239.6846196454665,2,1.0,3.851584867722904
FTTUSDT-VELODROMEUSDT,22056.540362011812,2,11028.270181005906,9598.98380090534,2,1.0,1.1488997595730666
FTTUSDT-XAIUSDT,18204.399329634904,2,9102.199664817452,12398.436117514253,2,1.0,0.7341409495960157
FTTUSDT-XTZUSDT,8996.22259265675,2,4498.111296328375,4885.177209998415,2,1.0,0.920767272704491
FUNUSDT-GRTUSDT,655.8230080162028,2,327.9115040081014,54.524632959629706,2,1.0,6.014006627993051
FUNUSDT-ICXUSDT,1733.409955424353,2,866.7049777121765,677.5513255141515,2,1.0,1.2791724332536552
FUNUSDT-IDUSDT,302.518046908498,2,151.259023454249,66.89806427739835,2,1.0,2.2610373721284516
FUNUSDT-IMXUSDT,472.0731046662715,2,236.03655233313575,222.04129022235225,2,1.0,1.0630299981447984
FUNUSDT-JUPUSDT,401.42511214080776,2,200.71255607040388,257.8349101338982,2,1.0,0.7784537631702795
FUNUSDT-LOKAUSDT,971.1687563869452,2,485.5843781934726,667.4781163392082,2,1.0,0.727491083687756
FUNUSDT-MBOXUSDT,4490.019523803301,2,2245.0097619016506,2688.0422994360697,2,1.0,0.835183941254435
FUNUSDT-MEMEUSDT,448.3718639382005,2,224.18593196910024,107.46412995981431,2,1.0,2.086146624487012
FUNUSDT-OPUSDT,628.0168136062956,2,314.0084068031478,63.79078368384287,2,1.0,4.922472944672114
FUNUSDT-PHBUSDT,411.0515420888532,2,205.5257710444266,206.60936860907756,2,1.0,0.9947553319002623
FUNUSDT-PORTALUSDT,416.08452526699796,2,208.04226263349898,287.7102646668579,2,1.0,0.7230964208885382
FUNUSDT-PROMUSDT,625.842240218794,2,312.921120109397,179.94507995011958,2,1.0,1.7389812502577904
FUNUSDT-RAYUSDT,727.2479912606939,2,363.62399563034694,98.34693118541487,2,1.0,3.6973598590971934
FUNUSDT-SANDUSDT,540.3200658419379,2,270.16003292096894,144.54108185046053,2,1.0,1.8690882167359963
FUNUSDT-STRKUSDT,690.524804533283,2,345.2624022666415,56.24660938741713,2,1.0,6.138368268361432
FUNUSDT-TIAUSDT,919.5775665082472,2,459.7887832541236,92.41553117621986,2,1.0,4.975232814248384
FUNUSDT-TRUUSDT,2034.6974886588316,2,1017.3487443294158,883.2691291983425,2,1.0,1.1517992769120826
FUNUSDT-TUSDT,776.6334141788839,2,388.31670708944193,63.46486430952888,2,1.0,6.118609270092436
FUNUSDT-VIDTUSDT,1753.8036243170864,2,876.9018121585432,813.7105396292027,2,1.0,1.077658171366609
FUNUSDT-VTHOUSDT,1298.3509764142468,2,649.1754882071234,407.41973787219706,2,1.0,1.5933825189656432
FUNUSDT-XVGUSDT,961.962227578602,2,480.981113789301,297.3605012360617,2,1.0,1.617501691683896
FXSUSDT-LRCUSDT,2038.3699047422485,2,1019.1849523711243,426.80653753855375,2,1.0,2.387931914653628
FXSUSDT-MANTAUSDT,874.8636802497667,2,437.43184012488337,71.71709216206226,2,1.0,6.0994084804275035
FXSUSDT-MLNUSDT,1730.9622754551388,2,865.4811377275694,159.37198212006183,2,1.0,5.4305727155703245
FXSUSDT-ZILUSDT,3046.426794588133,2,1523.2133972940665,1715.0730533300436,2,1.0,0.8881332455993894
GALAUSDT-JOEUSDT,3145.6439771140112,2,1572.8219885570056,486.4692463413141,2,1.0,3.2331375526532056
GALAUSDT-LQTYUSDT,330.54702966549,2,165.273514832745,24.581786747411943,2,1.0,6.723413417055438
GALAUSDT-NOTUSDT,1357.2522359835818,2,678.6261179917909,811.7698252962128,2,1.0,0.8359834239270496
GALAUSDT-QUICKUSDT,3225.5780817562777,2,1612.7890408781388,2077.6256382503984,2,1.0,0.7762654691902503
GALAUSDT-SKLUSDT,1405.8875653801042,2,702.9437826900521,112.67673015720588,2,1.0,6.238588763707549
GALAUSDT-SLPUSDT,1433.1646605401336,2,716.5823302700668,751.0684685406338,2,1.0,0.9540838955234329
GALAUSDT-SUIUSDT,4257.584422539085,2,2128.7922112695423,762.0813850616282,2,1.0,2.793392218991664
GALAUSDT-TRUUSDT,241.24323010862508,2,120.62161505431254,60.542472255457035,2,1.0,1.992347034415005
GASUSDT-KSMUSDT,451.19202005732427,2,225.59601002866214,205.8507060264252,2,1.0,1.0959205065816107
GASUSDT-MOVRUSDT,9863.594986807006,2,4931.797493403503,4437.19202727059,2,1.0,1.1114681228788637
GASUSDT-MTLUSDT,1221.2258647637161,2,610.6129323818581,695.6459096797859,2,1.0,0.8777639944191299
GASUSDT-NEARUSDT,1729.030100520204,2,864.515050260102,1203.7227812017993,2,1.0,0.718201120524585
GASUSDT-SOLUSDT,5371.6156372547985,2,2685.8078186273992,780.7037102255937,2,1.0,3.4402395985172185
GASUSDT-SUIUSDT,2256.7407126490816,2,1128.3703563245408,787.1802334781128,2,1.0,1.4334332956239235
GASUSDT-ZKUSDT,9136.894043405244,2,4568.447021702622,5296.242295095039,2,1.0,0.8625827081086447
GHSTUSDT-LOKAUSDT,353.95283752149305,2,176.97641876074653,14.520038746916464,2,1.0,12.188426067274095
GHSTUSDT-NULSUSDT,1482.8737510043857,2,741.4368755021928,653.5220467837762,2,1.0,1.134524656285244
GHSTUSDT-OGNUSDT,3374.7018032161677,2,1687.3509016080839,1676.502321905426,2,1.0,1.0064709601417836
GHSTUSDT-RUNEUSDT,600.2383722565661,2,300.11918612828305,27.81217172299008,2,1.0,10.790929565568543
GHSTUSDT-TURBOUSDT,754.2500704322905,2,377.12503521614525,496.2006071807664,2,1.0,0.7600253400712954
GLMRUSDT-NULSUSDT,1460.9736324702394,2,730.4868162351197,153.4849599907624,2,1.0,4.759338089406835
GLMRUSDT-PORTALUSDT,158.5258473699539,2,79.26292368497695,60.51482272462188,2,1.0,1.3098100616715014
GLMRUSDT-RDNTUSDT,676.3831000144651,2,338.19155000723254,472.8315984921427,2,1.0,0.7152473546305355
GLMRUSDT-TLMUSDT,1532.6308075592742,2,766.3154037796371,720.2102352386304,2,1.0,1.0640162639812116
GLMUSDT-GMXUSDT,1195.7759834420342,2,597.8879917210171,712.7302686417706,2,1.0,0.8388699316227931
GLMUSDT-KAIAUSDT,75.40204219013181,2,37.701021095065904,45.93762742663389,2,1.0,0.8207002234775291
GLMUSDT-LPTUSDT,477.25572922679737,2,238.62786461339869,13.066691305460521,2,1.0,18.262302141757722
GLMUSDT-MASKUSDT,715.7828350116283,2,357.89141750581416,398.83578002175375,2,1.0,0.897340297518677
GLMUSDT-MOVEUSDT,1474.0527975198308,2,737.0263987599154,905.8181474588555,2,1.0,0.8136582390489069
GLMUSDT-RADUSDT,1562.5935319088182,2,781.2967659544091,1013.0931400922489,2,1.0,0.7711993448926787
GLMUSDT-RAYUSDT,4026.646339510963,2,2013.3231697554816,1166.2195219960456,2,1.0,1.726367233425808
GLMUSDT-RIFUSDT,222.02026146433099,2,111.01013073216549,42.74650386733172,2,1.0,2.59694058435041
GLMUSDT-SANDUSDT,1643.259679256381,2,821.6298396281906,842.3486673339814,2,1.0,0.9754035015317759
GLMUSDT-USUALUSDT,2234.265863772387,2,1117.1329318861935,264.7943894698134,2,1.0,4.218869342824754
GLMUSDT-XAIUSDT,4681.950034137921,2,2340.9750170689604,3053.1027187220557,2,1.0,0.7667527865059279
GMTUSDT-HMSTRUSDT,163.75536630084576,2,81.87768315042288,63.55708702655582,2,1.0,1.2882541818855267
GMTUSDT-LDOUSDT,317.9859991845356,2,158.9929995922678,6.65300761966593,2,1.0,23.897913347084277
GMTUSDT-RSRUSDT,537.9993679250933,2,268.99968396254667,137.57700411616236,2,1.0,1.9552663302321827
GMTUSDT-SEIUSDT,282.09342989280077,2,141.04671494640039,157.7626963476484,2,1.0,0.8940435109931666
GMXUSDT-HIGHUSDT,1990.7014581454391,2,995.3507290727196,305.4523764396258,2,1.0,3.2586118355816938
GMXUSDT-IDUSDT,469.2283843525802,2,234.6141921762901,271.890961829767,2,1.0,0.8628980919313671
GMXUSDT-MLNUSDT,3897.3206194323902,2,1948.6603097161951,785.6947649331236,2,1.0,2.480174740482152
GMXUSDT-PORTALUSDT,2294.7865264357415,2,1147.3932632178708,965.4841836648604,2,1.0,1.1884122833193451
GMXUSDT-RDNTUSDT,1175.4890680923636,2,587.7445340461818,687.628892506044,2,1.0,0.8547408936005634
GMXUSDT-ROSEUSDT,943.1971944339402,2,471.5985972169701,276.96063272795186,2,1.0,1.7027640086315223
GMXUSDT-SPELLUSDT,6442.157127018367,2,3221.0785635091834,1256.636961452893,2,1.0,2.563253081291713
GRTUSDT-HFTUSDT,1474.0396428617028,2,737.0198214308514,973.0852719751907,2,1.0,0.7574051757404895
GRTUSDT-NEOUSDT,228.0469793283764,2,114.0234896641882,74.89384644539123,2,1.0,1.5224680674844002
GRTUSDT-OPUSDT,2356.6982319425615,2,1178.3491159712808,219.8114589832116,2,1.0,5.360726512721427
GRTUSDT-PERPUSDT,378.1818011630985,2,189.09090058154925,19.248512639266895,2,1.0,9.823662956471997
GRTUSDT-USTCUSDT,1477.6174907024806,2,738.8087453512403,286.4785195279226,2,1.0,2.5789324329401593
GRTUSDT-ZKUSDT,647.6056500566934,2,323.8028250283467,151.72424841838367,2,1.0,2.1341534290250808
GTCUSDT-HBARUSDT,699.8063020414845,2,349.90315102074226,113.33130783574919,2,1.0,3.0874359230712853
GTCUSDT-ICPUSDT,835.9554915469824,2,417.9777457734912,396.19831173596253,2,1.0,1.0549710420069713
GTCUSDT-LRCUSDT,1167.2388083082074,2,583.6194041541037,5.470098979525903,2,1.0,106.69265882364094
GTCUSDT-STEEMUSDT,1927.1395055220937,2,963.5697527610469,1128.6542822633444,2,1.0,0.8537333069155192
GTCUSDT-STRAXUSDT,524.2498814925923,2,262.12494074629615,15.259736508855172,2,1.0,17.17755353076942
GTCUSDT-YFIUSDT,387.98064447825146,2,193.99032223912573,212.808146279638,2,1.0,0.9115737608287563
GUSDT-MEMEUSDT,2880.345322061875,2,1440.1726610309374,751.561858694613,2,1.0,1.916239687219322
GUSDT-NKNUSDT,1383.6335447286842,2,691.8167723643421,954.7883497848235,2,1.0,0.7245760513523797
GUSDT-POLUSDT,325.39399624631085,2,162.69699812315542,162.1427130192573,2,1.0,1.003418501476735
GUSDT-RLCUSDT,1290.8545901808313,2,645.4272950904157,258.2856376150519,2,1.0,2.498889605516349
GUSDT-RUNEUSDT,8638.068447156167,2,4319.034223578084,4461.51338135989,2,1.0,0.9680648368383066
GUSDT-ZKUSDT,223.8623093192574,2,111.9311546596287,69.37393116818045,2,1.0,1.6134469068543698
HBARUSDT-NFPUSDT,2397.9279119909365,2,1198.9639559954683,1069.5531155579486,2,1.0,1.1209952442333924
HBARUSDT-TIAUSDT,265.86318287616115,2,132.93159143808057,10.148883044900462,2,1.0,13.098149899842928
HEIUSDT-ILVUSDT,988.9403677916483,2,494.47018389582416,526.0298971077965,2,1.0,0.9400039553160512
HEIUSDT-MINAUSDT,4193.570406422356,2,2096.785203211178,1153.1742477189764,2,1.0,1.818272656850169
HEIUSDT-SSVUSDT,988.3887625583309,2,494.19438127916544,43.843992974586186,2,1.0,11.271655425308118
HFTUSDT-HIFIUSDT,1349.134085415565,2,674.5670427077825,845.4132609113445,2,1.0,0.7979139598314415
HFTUSDT-LPTUSDT,7518.965923392855,2,3759.4829616964275,4632.36832852969,2,1.0,0.8115682292667958
HFTUSDT-LQTYUSDT,4506.77347380748,2,2253.38673690374,1417.7965354172568,2,1.0,1.589358332181683
HFTUSDT-OGNUSDT,5115.655819471736,2,2557.827909735868,2689.909080186401,2,1.0,0.9508975335176088
HFTUSDT-PHBUSDT,1147.4512230497828,2,573.7256115248914,779.4585783073338,2,1.0,0.7360565750277449
HFTUSDT-QUICKUSDT,7199.490936043085,2,3599.7454680215424,409.72548897958904,2,1.0,8.785749397692141
HFTUSDT-RADUSDT,3464.26589136997,2,1732.132945684985,1575.3371295398122,2,1.0,1.0995315943521093
HIFIUSDT-PENDLEUSDT,5053.930571209695,2,2526.9652856048474,2680.2269387164292,2,1.0,0.9428176581252559
HIGHUSDT-KSMUSDT,1178.0449789617965,2,589.0224894808982,654.8548228687932,2,1.0,0.8994703389378791
HIGHUSDT-PEOPLEUSDT,1703.0434617169485,2,851.5217308584743,81.17663585096125,2,1.0,10.489739097119667
HIGHUSDT-SYNUSDT,1523.3635944984067,2,761.6817972492033,959.5012371226653,2,1.0,0.7938309694454597
HIGHUSDT-VTHOUSDT,4168.030227838067,2,2084.0151139190334,183.55455879589357,2,1.0,11.353654889260405
HIVEUSDT-PARTIUSDT,2859.3724010961096,2,1429.6862005480548,725.9101605765618,2,1.0,1.969508457372344
HIVEUSDT-RADUSDT,1665.6719154097018,2,832.8359577048509,1101.7067859854442,2,1.0,0.7559506470316453
HIVEUSDT-SNTUSDT,668.2009047324884,2,334.1004523662442,357.2855826453342,2,1.0,0.9351075682723388
HMSTRUSDT-MEMEUSDT,2600.3403109919013,2,1300.1701554959507,1804.043440463872,2,1.0,0.7206978093396904
HMSTRUSDT-STGUSDT,1371.1314964158432,2,685.5657482079216,518.5506934966434,2,1.0,1.3220804770023113
HMSTRUSDT-TWTUSDT,1882.8143553700716,2,941.4071776850358,837.4984330304944,2,1.0,1.1240703750078036
HMSTRUSDT-ZILUSDT,612.0192374032417,2,306.00961870162087,405.2778301726732,2,1.0,0.7550613330397126
HOOKUSDT-JUPUSDT,3038.3593617686724,2,1519.1796808843362,1556.3077884254556,2,1.0,0.9761434673672856
HOOKUSDT-OMNIUSDT,707.2211520044858,2,353.6105760022429,294.2859793774422,2,1.0,1.2015882535426972
HOOKUSDT-SYNUSDT,660.8257684160742,2,330.4128842080371,245.91947510512466,2,1.0,1.3435816096581759
HOOKUSDT-VANRYUSDT,999.8587885156298,2,499.9293942578149,37.99966517018633,2,1.0,13.156152613945874
HOOKUSDT-XAIUSDT,3761.8299737727893,2,1880.9149868863947,2380.9891781361416,2,1.0,0.7899720856181256
HOTUSDT-KAIAUSDT,1741.8570727515762,2,870.9285363757881,35.610175564620036,2,1.0,24.457294089869254
HOTUSDT-LINKUSDT,1109.789960825706,2,554.894980412853,694.51962166728,2,1.0,0.7989622799723918
HOTUSDT-TUSDT,675.8516984743657,2,337.92584923718283,301.62296151118363,2,1.0,1.120358501700651
HOTUSDT-VIDTUSDT,704.7444374446881,2,352.37221872234403,404.93555633466605,2,1.0,0.870193326345291
HOTUSDT-WOOUSDT,1751.5894095365811,2,875.7947047682906,192.77170414889108,2,1.0,4.5431704234551615
HOTUSDT-YFIUSDT,1172.425544285572,2,586.212772142786,46.83725214129286,2,1.0,12.515951413511011
ICPUSDT-NFPUSDT,882.8721107861305,2,441.43605539306526,520.6681614159096,2,1.0,0.8478260975140484
ICPUSDT-PERPUSDT,1848.446972109436,2,924.223486054718,5.266795099259026,2,1.0,175.48119276270023
ICPUSDT-PHAUSDT,1036.1969331667801,2,518.0984665833901,298.403638256826,2,1.0,1.736233745707484
ICPUSDT-SKLUSDT,562.299141826904,2,281.149570913452,94.67045760184652,2,1.0,2.9697709088496924
ICPUSDT-USTCUSDT,3775.621262327465,2,1887.8106311637325,2278.898501506164,2,1.0,0.8283873239269083
ICPUSDT-VANRYUSDT,3126.7872835716908,2,1563.3936417858454,1627.019058158072,2,1.0,0.960894486113607
ICPUSDT-WOOUSDT,3630.4930410757756,2,1815.2465205378878,1250.8120402310026,2,1.0,1.4512544348411007
ICXUSDT-QUICKUSDT,1521.9958874351473,2,760.9979437175737,977.640386417242,2,1.0,0.7784027279257584
ICXUSDT-REZUSDT,3302.9811084995604,2,1651.4905542497802,2009.5158840988831,2,1.0,0.8218350336605325
ICXUSDT-XAIUSDT,1683.9684270475555,2,841.9842135237777,1114.2634277349707,2,1.0,0.7556419716972395
IDEXUSDT-KDAUSDT,2114.8322942728173,2,1057.4161471364087,1281.8738123052424,2,1.0,0.824898782536806
IDEXUSDT-PARTIUSDT,9206.33393297315,2,4603.166966486575,3751.9013065357262,2,1.0,1.2268891397724038
IDEXUSDT-ROSEUSDT,184.13082403502,2,92.06541201751,20.111157343325118,2,1.0,4.577827642926103
IDEXUSDT-SPELLUSDT,237.36278453211426,2,118.68139226605713,44.874365389613075,2,1.0,2.6447480924939817
IDEXUSDT-TNSRUSDT,4254.574436912215,2,2127.2872184561074,2777.819586068669,2,1.0,0.7658118724214078
IDEXUSDT-WUSDT,3764.6788342134855,2,1882.3394171067428,1138.9964303961547,2,1.0,1.6526297772961815
IDEXUSDT-ZKUSDT,1510.6670063666645,2,755.3335031833323,971.8494873157334,2,1.0,0.7772124315973841
IDUSDT-KAVAUSDT,3124.126397648244,2,1562.063198824122,463.2231642910284,2,1.0,3.372161237262149
IDUSDT-MBOXUSDT,1034.967055204142,2,517.483527602071,534.6033125116339,2,1.0,0.9679766576283787
IDUSDT-PIXELUSDT,3648.0724059929103,2,1824.0362029964551,828.4902969876047,2,1.0,2.201638582405444
IDUSDT-SANDUSDT,1916.2193149965756,2,958.1096574982878,470.56087264006544,2,1.0,2.036101412603319
IDUSDT-SCRUSDT,971.5647001993482,2,485.7823500996741,102.48409709457326,2,1.0,4.740075425081705
IDUSDT-SCUSDT,129.75700441527275,2,64.87850220763637,82.98241516148354,2,1.0,0.7818343450402473
IDUSDT-STPTUSDT,1965.1298555057044,2,982.5649277528522,856.4116198428064,2,1.0,1.1473045262197645
IDUSDT-STRAXUSDT,5946.866343006046,2,2973.433171503023,2902.608494542707,2,1.0,1.0244003547476266
IDUSDT-TLMUSDT,4282.213498354044,2,2141.106749177022,1808.8088871800987,2,1.0,1.183710874239992
IDUSDT-TNSRUSDT,1580.3634913266053,2,790.1817456633026,484.700521665629,2,1.0,1.630247359643673
IDUSDT-ZENUSDT,1284.3891783737063,2,642.1945891868531,904.3771779117253,2,1.0,0.7100959697697465
ILVUSDT-IOTAUSDT,3083.658451838496,2,1541.829225919248,1933.6956689249864,2,1.0,0.7973484404484437
ILVUSDT-KDAUSDT,3420.147372908113,2,1710.0736864540565,1373.5314993045308,2,1.0,1.2450196353850853
ILVUSDT-METISUSDT,3374.5312433891118,2,1687.2656216945559,2220.6861181881704,2,1.0,0.759794735453732
ILVUSDT-MOVRUSDT,2228.721656112465,2,1114.3608280562325,1287.3269075463356,2,1.0,0.8656393504430208
ILVUSDT-MTLUSDT,3772.5275125653498,2,1886.2637562826749,1149.61062177472,2,1.0,1.6407849062587307
ILVUSDT-NEARUSDT,2463.831667107467,2,1231.9158335537336,537.4729872860936,2,1.0,2.2920516243507367
ILVUSDT-ONEUSDT,4005.478496937913,2,2002.7392484689565,497.88934300703824,2,1.0,4.022458557504504
ILVUSDT-PEOPLEUSDT,6551.203224864359,2,3275.6016124321795,1782.9569722157291,2,1.0,1.8371736746745493
ILVUSDT-QTUMUSDT,2279.583659824799,2,1139.7918299123994,894.3340963398304,2,1.0,1.2744586554142734
ILVUSDT-RVNUSDT,4453.413112869686,2,2226.706556434843,26.826177745966547,2,1.0,83.0049877966547
ILVUSDT-SANTOSUSDT,1922.7715662257804,2,961.3857831128902,673.8372615359449,2,1.0,1.4267328893648699
ILVUSDT-XLMUSDT,2204.8189055804855,2,1102.4094527902428,1097.6081194106227,2,1.0,1.0043743602973694
ILVUSDT-ZILUSDT,580.1017675285193,2,290.05088376425965,87.95619789482677,2,1.0,3.2976741913183503
ILVUSDT-ZROUSDT,2166.995789483401,2,1083.4978947417005,1404.0970288862081,2,1.0,0.7716688180739041
IMXUSDT-PIXELUSDT,2180.4650859640815,2,1090.2325429820407,1472.4213316930154,2,1.0,0.7404351726747076
INJUSDT-MASKUSDT,528.726623912833,2,264.3633119564165,85.98198093456932,2,1.0,3.074636209621549
INJUSDT-QTUMUSDT,252.13054547405358,2,126.06527273702679,40.300914257105696,2,1.0,3.12809957443582
INJUSDT-ROSEUSDT,2432.089715353378,2,1216.044857676689,1670.7280411738566,2,1.0,0.7278532637916902
INJUSDT-STXUSDT,8072.407487671346,2,4036.203743835673,3068.811511760888,2,1.0,1.3152335125071575
IOSTUSDT-JASMYUSDT,606.3527268939928,2,303.1763634469964,84.01055494283621,2,1.0,3.6087889629260093
IOSTUSDT-MOVRUSDT,130.91264075294012,2,65.45632037647006,37.71206170208306,2,1.0,1.7356866058811766
IOSTUSDT-NTRNUSDT,372.55456052971573,2,186.27728026485786,222.24988505505934,2,1.0,0.83814342679507
IOSTUSDT-OGNUSDT,2877.332984222613,2,1438.6664921113065,52.80503563184585,2,1.0,27.244873048502793
IOSTUSDT-QNTUSDT,2502.2260144625716,2,1251.1130072312858,527.319518887165,2,1.0,2.372589980874569
IOSTUSDT-RVNUSDT,1239.5176614950865,2,619.7588307475432,284.55747387449316,2,1.0,2.1779741797289565
IOSTUSDT-TRBUSDT,6131.6803465824305,2,3065.8401732912153,51.101424842566594,2,1.0,59.995199404644076
IOSTUSDT-TWTUSDT,1414.5787141317107,2,707.2893570658554,264.76914471076157,2,1.0,2.6713435881605867
IOSTUSDT-XVGUSDT,688.7460769863376,2,344.3730384931688,243.94089656910703,2,1.0,1.4117068656243539
IOSTUSDT-ZRXUSDT,135.14372464750917,2,67.57186232375459,93.96998457746642,2,1.0,0.7190792105329132
IOTAUSDT-NMRUSDT,829.0945963061786,2,414.5472981530893,563.5244639339936,2,1.0,0.7356331884140629
IOTXUSDT-JOEUSDT,857.9593712106176,2,428.9796856053088,594.4754426361905,2,1.0,0.7216104397904247
IOTXUSDT-LINAUSDT,1991.5543763484395,2,995.7771881742198,1100.4968076094788,2,1.0,0.9048433228418599
IOUSDT-POLYXUSDT,2701.042415367972,2,1350.521207683986,281.25594135249787,2,1.0,4.801751746788448
IOUSDT-VANRYUSDT,637.8901024597485,2,318.94505122987425,312.16705350627353,2,1.0,1.0217127260787773
JASMYUSDT-JOEUSDT,1904.6281805873193,2,952.3140902936597,1158.21288307363,2,1.0,0.822227160663623
JASMYUSDT-NMRUSDT,1216.3152165840606,2,608.1576082920303,669.3362287052895,2,1.0,0.9085980740477798
JASMYUSDT-OGNUSDT,2945.741524736156,2,1472.870762368078,1143.4181006881581,2,1.0,1.2881296539574116
JASMYUSDT-OPUSDT,307.0728180031523,2,153.53640900157615,61.56701340337042,2,1.0,2.4938095989104934
JASMYUSDT-VETUSDT,1626.7465205643311,2,813.3732602821656,525.3461497117985,2,1.0,1.5482615809183657
JASMYUSDT-VICUSDT,2755.4129302647134,2,1377.7064651323567,1323.7100210822869,2,1.0,1.0407917468252763
JOEUSDT-NTRNUSDT,1763.3196292758928,2,881.6598146379464,1238.444638939903,2,1.0,0.7119089436186982
JOEUSDT-POLUSDT,1061.9961007824347,2,530.9980503912174,449.0540280262979,2,1.0,1.1824814326353634
JOEUSDT-QTUMUSDT,898.63785049896,2,449.31892524948,291.9848981940133,2,1.0,1.5388430293094268
JTOUSDT-JUPUSDT,3301.3034508771316,2,1650.6517254385658,417.9394946683848,2,1.0,3.9494992612466064
JTOUSDT-USTCUSDT,534.3540184617588,2,267.1770092308794,127.21249771404584,2,1.0,2.10024183183206
JUPUSDT-NMRUSDT,341.52070897472396,2,170.76035448736198,219.85758618901934,2,1.0,0.7766862060450044
JUPUSDT-PIXELUSDT,3148.5066914465765,2,1574.2533457232882,706.234845816726,2,1.0,2.2290791158891934
JUPUSDT-RENDERUSDT,2377.447393801984,2,1188.723696900992,1556.9578579480028,2,1.0,0.76349124726322
JUPUSDT-STXUSDT,547.1252140898819,2,273.56260704494093,265.27711762061955,2,1.0,1.031233336288623
JUPUSDT-VOXELUSDT,1867.9299444044095,2,933.9649722022048,1025.8927873518724,2,1.0,0.9103923760035783
KAIAUSDT-POLYXUSDT,2582.4111356912526,2,1291.2055678456263,879.8628793691771,2,1.0,1.4675077198067088
KAIAUSDT-YFIUSDT,152.11056783404442,2,76.05528391702221,50.780644864941884,2,1.0,1.4977219001314714
KAVAUSDT-METISUSDT,4784.052119776875,2,2392.0260598884374,208.2736147357465,2,1.0,11.485017259259621
KAVAUSDT-NTRNUSDT,4349.883752699971,2,2174.9418763499857,937.775127815089,2,1.0,2.3192573697463663
KAVAUSDT-RADUSDT,128.8596356337597,2,64.42981781687985,61.41568446223617,2,1.0,1.049077583047976
KAVAUSDT-SKLUSDT,2338.693077780459,2,1169.3465388902296,1277.420766845826,2,1.0,0.9153965312287428
KAVAUSDT-STRAXUSDT,2174.2753764943564,2,1087.1376882471782,1287.444571693258,2,1.0,0.8444151399988937
KAVAUSDT-TRUUSDT,1159.273881429236,2,579.636940714618,617.488658209751,2,1.0,0.9387005461689383
KDAUSDT-PORTALUSDT,121.01387815632332,2,60.50693907816166,25.715718746915954,2,1.0,2.352916505023534
KDAUSDT-PYTHUSDT,1071.7617567361087,2,535.8808783680544,216.2119362144808,2,1.0,2.478498124342516
KDAUSDT-SUPERUSDT,1809.3708296885347,2,904.6854148442674,825.9200340051216,2,1.0,1.0953668364928624
KDAUSDT-VICUSDT,240.53386595265675,2,120.26693297632838,64.37350991621244,2,1.0,1.8682674462347315
KNCUSDT-LINKUSDT,1994.3585999504758,2,997.1792999752379,319.74536420797983,2,1.0,3.118666950638315
KNCUSDT-RPLUSDT,419.97568468149206,2,209.98784234074603,270.3815493781833,2,1.0,0.7766352505327039
KNCUSDT-YFIUSDT,251.35849038807058,2,125.67924519403529,96.95779328958321,2,1.0,1.2962263365325355
KSMUSDT-STRKUSDT,129.425658772455,2,64.7128293862275,10.250086252084827,2,1.0,6.313393643206189
KSMUSDT-VOXELUSDT,272.71858854167596,2,136.35929427083798,18.083686176764502,2,1.0,7.540459004760009
KSMUSDT-ZKUSDT,487.42609729036485,2,243.71304864518243,227.91558577953418,2,1.0,1.0693127800436137
LAYERUSDT-POLYXUSDT,2495.107054436985,2,1247.5535272184925,601.000060199372,2,1.0,2.0757960104107758
LDOUSDT-RONINUSDT,3255.662952852704,2,1627.831476426352,1343.4919307593123,2,1.0,1.211642168558718
LDOUSDT-SNXUSDT,220.3541671710731,2,110.17708358553655,43.12802306084178,2,1.0,2.554651842726642
LEVERUSDT-LPTUSDT,639.4926101794942,2,319.7463050897471,225.61801223909524,2,1.0,1.4172020306202364
LEVERUSDT-RLCUSDT,4796.809838681352,2,2398.404919340676,3144.1455885408027,2,1.0,0.7628161138854181
LEVERUSDT-SSVUSDT,1100.8269680233288,2,550.4134840116644,176.70110282667966,2,1.0,3.1149408532642098
LEVERUSDT-TUSDT,1896.0653647053223,2,948.0326823526611,1031.1715647362569,2,1.0,0.9193743454273197
LEVERUSDT-VICUSDT,4350.368453991679,2,2175.1842269958397,2961.7259803098177,2,1.0,0.7344312881937511
LINAUSDT-PHBUSDT,852.5747557705826,2,426.2873778852913,589.9977893311716,2,1.0,0.7225236866879376
LINAUSDT-RADUSDT,3419.906702867129,2,1709.9533514335644,1570.4660882917265,2,1.0,1.088819022697628
LINAUSDT-SANTOSUSDT,1114.6878431557743,2,557.3439215778872,628.7134581748667,2,1.0,0.8864832052360342
LINAUSDT-SNXUSDT,591.4739675102109,2,295.7369837551054,362.70587837460556,2,1.0,0.8153630844925702
LINAUSDT-STEEMUSDT,2851.5936405443526,2,1425.7968202721763,1476.9779296661884,2,1.0,0.9653474108407433
LINAUSDT-TLMUSDT,1520.984238012014,2,760.492119006007,830.7001482720266,2,1.0,0.9154833071691847
LINKUSDT-PHAUSDT,2034.2688927830036,2,1017.1344463915018,1283.9444761502418,2,1.0,0.7921950405840454
LINKUSDT-POWRUSDT,1131.8940388351068,2,565.9470194175534,773.3523855932515,2,1.0,0.7318100130814312
LINKUSDT-QNTUSDT,888.2118055261615,2,444.10590276308073,619.2718238558941,2,1.0,0.7171421105482512
LINKUSDT-QTUMUSDT,1250.7032138195373,2,625.3516069097686,605.7701315721044,2,1.0,1.0323249270921397
LINKUSDT-RLCUSDT,2529.4667117100216,2,1264.7333558550108,1442.1294894447885,2,1.0,0.8769901490204779
LINKUSDT-SUIUSDT,913.8688851713218,2,456.9344425856609,533.2543789477659,2,1.0,0.8568789317535436
LINKUSDT-SYSUSDT,3513.670999719136,2,1756.835499859568,876.5420285930238,2,1.0,2.004279820648808
LINKUSDT-TAOUSDT,2481.8553289831248,2,1240.9276644915624,1394.2707266771079,2,1.0,0.8900191625259178
LISTAUSDT-NFPUSDT,5889.2628589507385,2,2944.6314294753693,2153.8181860936293,2,1.0,1.3671680592576083
LISTAUSDT-WUSDT,3997.8129236770983,2,1998.9064618385491,628.4784204725765,2,1.0,3.180549079689158
LISTAUSDT-YGGUSDT,5664.187947368023,2,2832.0939736840114,642.7564774710456,2,1.0,4.40616947934467
LISTAUSDT-ZILUSDT,3796.6539222066976,2,1898.3269611033488,978.6512496431656,2,1.0,1.9397379421888177
LOKAUSDT-RAREUSDT,2303.05888435982,2,1151.52944217991,916.8807702001784,2,1.0,1.2559205947012082
LOKAUSDT-SEIUSDT,4411.331924895173,2,2205.6659624475865,312.07278398982476,2,1.0,7.067793398220535
LOKAUSDT-SUPERUSDT,1866.2360896988462,2,933.1180448494231,861.2751139034964,2,1.0,1.0834146137351142
LOKAUSDT-WLDUSDT,3310.8937192762733,2,1655.4468596381366,1392.5779025873076,2,1.0,1.1887642742014202
LPTUSDT-MOVRUSDT,573.3382069042666,2,286.6691034521333,377.7184100925175,2,1.0,0.7589492484147574
LPTUSDT-MTLUSDT,1633.9715812924183,2,816.9857906462091,18.579071934197533,2,1.0,43.973444612291196
LPTUSDT-OXTUSDT,3961.7065166908465,2,1980.8532583454232,2748.400783105702,2,1.0,0.7207294039943667
LPTUSDT-POLYXUSDT,577.6402405530507,2,288.82012027652536,32.051930376564755,2,1.0,9.011005480272118
LPTUSDT-PYTHUSDT,3565.9027065686414,2,1782.9513532843207,1987.419047966581,2,1.0,0.8971189820830888
LPTUSDT-STXUSDT,656.0619202084463,2,328.03096010422314,342.65048250817875,2,1.0,0.957334008996743
LPTUSDT-XAIUSDT,5402.238598703109,2,2701.1192993515547,2983.7773935138043,2,1.0,0.9052683706308997
LQTYUSDT-ROSEUSDT,4192.50399929335,2,2096.251999646675,2361.996547716172,2,1.0,0.8874915594917161
LQTYUSDT-SEIUSDT,4420.262047111708,2,2210.131023555854,618.9376224362825,2,1.0,3.5708461457816445
LQTYUSDT-TUSDT,1223.1366100198934,2,611.5683050099467,14.09916584376041,2,1.0,43.376204790200156
LRCUSDT-OMNIUSDT,1884.1762738341017,2,942.0881369170509,102.22748190694502,2,1.0,9.21560542569765
LRCUSDT-UMAUSDT,3375.9465942042007,2,1687.9732971021003,1428.1756577836861,2,1.0,1.1819087434395719
LRCUSDT-XAIUSDT,2327.7747403817357,2,1163.8873701908678,332.39438419477926,2,1.0,3.501525373271178
LRCUSDT-YGGUSDT,4703.002286342279,2,2351.5011431711396,2346.4534980719122,2,1.0,1.0021511805383636
LSKUSDT-OPUSDT,5570.518143728041,2,2785.2590718640204,3648.7416825887813,2,1.0,0.7633478371885948
LSKUSDT-PERPUSDT,5508.185157885124,2,2754.092578942562,3251.1639723089825,2,1.0,0.847109712828972
LSKUSDT-QUICKUSDT,3050.8790683184725,2,1525.4395341592362,1945.0337415150436,2,1.0,0.7842740727834504
LSKUSDT-TONUSDT,3652.507707812828,2,1826.253853906414,1663.4614841596142,2,1.0,1.0978636243141169
LSKUSDT-VTHOUSDT,572.0909187325341,2,286.04545936626704,238.87712630331907,2,1.0,1.1974585586861717
LTCUSDT-SUSHIUSDT,1848.5818141886293,2,924.2909070943147,736.8205413450197,2,1.0,1.2544315138216418
LTCUSDT-TRUMPUSDT,2672.835682412304,2,1336.417841206152,944.6655593012606,2,1.0,1.4146994436789442
LUMIAUSDT-PEOPLEUSDT,2404.4009174200787,2,1202.2004587100394,520.2335919021433,2,1.0,2.3108858740059506
LUMIAUSDT-STGUSDT,1969.8622913593981,2,984.9311456796991,1181.1947001950587,2,1.0,0.8338431805671417
LUMIAUSDT-SUIUSDT,1254.727653950547,2,627.3638269752735,621.9536052662573,2,1.0,1.0086987544781576
LUMIAUSDT-WIFUSDT,2505.671568994404,2,1252.835784497202,814.5416844131686,2,1.0,1.538086765197044
LUMIAUSDT-ZKUSDT,2147.3629269987823,2,1073.6814634993912,262.8298350701749,2,1.0,4.0850821338936685
MAGICUSDT-MDTUSDT,7569.540033802003,2,3784.7700169010013,4895.442572983905,2,1.0,0.7731211142763097
MAGICUSDT-MOVRUSDT,845.2066420429032,2,422.6033210214516,372.1101361983216,2,1.0,1.1356941934960325
MAGICUSDT-NKNUSDT,485.92957988412275,2,242.96478994206137,162.25932960827598,2,1.0,1.4973856389560052
MANAUSDT-MTLUSDT,1573.6906417158632,2,786.8453208579316,952.8938231798576,2,1.0,0.8257429125022416
MANAUSDT-SKLUSDT,537.7588609711012,2,268.8794304855506,197.42456399247638,2,1.0,1.3619350350739399
MANTAUSDT-OMNIUSDT,852.233246873645,2,426.1166234368225,233.96352516263394,2,1.0,1.8212951063231677
MANTAUSDT-ORCAUSDT,3180.4854450666517,2,1590.2427225333258,1714.5733645776738,2,1.0,0.9274859597069662
MANTAUSDT-PYTHUSDT,3634.4065529143227,2,1817.2032764571613,814.9983709191424,2,1.0,2.2297017286154177
MANTAUSDT-RLCUSDT,388.7836563615915,2,194.39182818079576,238.69978059875112,2,1.0,0.8143779089079431
MANTAUSDT-ZILUSDT,1100.4320929424434,2,550.2160464712217,110.47395409978053,2,1.0,4.9805046895874145
MASKUSDT-POWRUSDT,4643.656946031039,2,2321.8284730155196,3167.030643601098,2,1.0,0.7331247260605808
MASKUSDT-SANTOSUSDT,618.6970690314722,2,309.3485345157361,430.2607970788175,2,1.0,0.7189791322286514
MASKUSDT-SEIUSDT,401.866539780115,2,200.9332698900575,100.57426126906189,2,1.0,1.9978597640653761
MASKUSDT-SXPUSDT,600.750068777829,2,300.3750343889145,102.15497138595407,2,1.0,2.9403858697591976
MASKUSDT-XLMUSDT,966.5139673684408,2,483.2569836842204,389.9190151773954,2,1.0,1.2393778319950888
MASKUSDT-ZROUSDT,1938.8864863949416,2,969.4432431974708,1258.5253749293981,2,1.0,0.7703009112961711
MAVUSDT-QTUMUSDT,4874.432592708168,2,2437.216296354084,167.30500919913192,2,1.0,14.567503435914636
MAVUSDT-TIAUSDT,2263.9419112827977,2,1131.9709556413989,1544.8987869465939,2,1.0,0.7327152854321779
MAVUSDT-USTCUSDT,931.3750516307077,2,465.68752581535387,222.99656002269825,2,1.0,2.0883170833126425
MAVUSDT-YGGUSDT,1667.8727807760367,2,833.9363903880184,951.8357942172283,2,1.0,0.8761347235043118
MBOXUSDT-METISUSDT,478.65380578783254,2,239.32690289391627,117.66785792536517,2,1.0,2.0339190932303493
MBOXUSDT-SANDUSDT,2027.8324128948184,2,1013.9162064474092,32.33341894580399,2,1.0,31.358150158722644
MBOXUSDT-XAIUSDT,735.5679718421029,2,367.78398592105145,444.1934026756108,2,1.0,0.8279816487721222
MBOXUSDT-XVGUSDT,3074.9791353054948,2,1537.4895676527474,1008.5407623269285,2,1.0,1.524469436520757
MDTUSDT-QTUMUSDT,2148.540753055967,2,1074.2703765279834,1458.5322359639538,2,1.0,0.7365420866532929
MDTUSDT-RVNUSDT,1859.4007008304864,2,929.7003504152432,343.42958097113325,2,1.0,2.707106207293741
MDTUSDT-SANTOSUSDT,3325.8116196973065,2,1662.9058098486532,276.2563788836145,2,1.0,6.019429547902774
MDTUSDT-SUSHIUSDT,2078.3293607792775,2,1039.1646803896388,841.8246913107511,2,1.0,1.234419340648731
MDTUSDT-XTZUSDT,698.680062705076,2,349.340031352538,480.6178078117974,2,1.0,0.7268561956600124
MDTUSDT-ZROUSDT,2224.3268902582377,2,1112.1634451291188,1350.5967563954282,2,1.0,0.8234607701097567
METISUSDT-RENDERUSDT,960.10062674942,2,480.05031337471,526.0096257400271,2,1.0,0.9126264803602058
METISUSDT-SSVUSDT,1163.899291751648,2,581.949645875824,200.65696405688612,2,1.0,2.900221522891384
METISUSDT-SXPUSDT,1354.6040442403896,2,677.3020221201948,126.504057539699,2,1.0,5.3539944511870425
METISUSDT-TUSDT,5435.904241012207,2,2717.9521205061037,3641.202131363723,2,1.0,0.7464436256078323
METISUSDT-VICUSDT,3558.5947885853857,2,1779.2973942926928,2413.327879367465,2,1.0,0.7372795920126063
METISUSDT-ZENUSDT,2784.5108705869015,2,1392.2554352934508,115.09959190462936,2,1.0,12.096093585171552
MEUSDT-TUSDT,2277.5648611915435,2,1138.7824305957718,749.8136781607149,2,1.0,1.518753876815362
MINAUSDT-OGNUSDT,1257.1893588105304,2,628.5946794052652,577.3485766209063,2,1.0,1.088761113925821
MINAUSDT-RDNTUSDT,700.361226436904,2,350.180613218452,367.95702509486813,2,1.0,0.9516888911909401
MINAUSDT-USUALUSDT,821.2186599811359,2,410.60932999056797,38.126629217191855,2,1.0,10.769620562350113
MINAUSDT-WOOUSDT,255.15592599840505,2,127.57796299920253,161.1997641309489,2,1.0,0.791427727496958
MKRUSDT-PHAUSDT,1039.9519760366566,2,519.9759880183283,318.0248834508974,2,1.0,1.6350166766073568
MKRUSDT-SANTOSUSDT,4529.359968642638,2,2264.679984321319,1498.7074502840433,2,1.0,1.511088761113521
MLNUSDT-NMRUSDT,773.098512793204,2,386.549256396602,150.93586225871942,2,1.0,2.5610166504632095
MLNUSDT-POLYXUSDT,341.89365110057884,2,170.94682555028942,172.91401123683232,2,1.0,0.9886233297552242
MLNUSDT-QNTUSDT,879.1222814924413,2,439.56114074622064,523.78959781187,2,1.0,0.839194101185832
MLNUSDT-RONINUSDT,642.3767933547529,2,321.18839667737643,18.949588458497363,2,1.0,16.949623860213666
MLNUSDT-SCUSDT,1785.4439251060771,2,892.7219625530386,350.87293474186345,2,1.0,2.54428847072463
MLNUSDT-SNXUSDT,1611.370315659979,2,805.6851578299895,183.22457796891538,2,1.0,4.397254815708603
MLNUSDT-TIAUSDT,3757.9306645932793,2,1878.9653322966396,544.9166272418433,2,1.0,3.4481703041568643
MLNUSDT-TLMUSDT,9972.474806555036,2,4986.237403277518,6996.906843838818,2,1.0,0.712634527593888
MLNUSDT-TONUSDT,3560.4780616949038,2,1780.2390308474519,2020.2111605025377,2,1.0,0.8812143332603947
MLNUSDT-TRBUSDT,1149.0894942238724,2,574.5447471119362,291.81798635776573,2,1.0,1.9688462465351622
MLNUSDT-ZKUSDT,307.6927674246221,2,153.84638371231105,45.38979036847019,2,1.0,3.3894490911590496
MOVRUSDT-NEOUSDT,3014.885762079551,2,1507.4428810397756,1738.5834056920803,2,1.0,0.8670523807511585
MOVRUSDT-SLPUSDT,1120.3804113796741,2,560.1902056898371,228.6645912970775,2,1.0,2.449833629737831
MOVRUSDT-SYNUSDT,3859.921195163347,2,1929.9605975816735,60.55569942049393,2,1.0,31.870833233717303
MOVRUSDT-VANAUSDT,1081.174885363982,2,540.587442681991,204.40309075232105,2,1.0,2.6447126640420064
MTLUSDT-OMUSDT,1382.0588333339065,2,691.0294166669532,775.2518606874924,2,1.0,0.8913611842919658
MTLUSDT-PHBUSDT,5782.933334101843,2,2891.4666670509214,61.02252881998172,2,1.0,47.383592960901936
MTLUSDT-RAYUSDT,4628.11587440873,2,2314.057937204365,1024.3268534609258,2,1.0,2.2591011154162204
MTLUSDT-STRAXUSDT,2191.2077274887497,2,1095.6038637443748,86.06545892591335,2,1.0,12.729890451028558
MTLUSDT-TRUUSDT,936.7337263563802,2,468.3668631781901,174.51467938339505,2,1.0,2.683825021671815
MTLUSDT-ZENUSDT,2725.592741761704,2,1362.796370880852,1777.4740791583504,2,1.0,0.7667039350166772
MUBARAKUSDT-ONTUSDT,2399.671122571358,2,1199.835561285679,123.76198620186011,2,1.0,9.694701887934356
NEARUSDT-REIUSDT,321.33598638503554,2,160.66799319251777,164.12822870970487,2,1.0,0.9789174869893512
NEARUSDT-SCUSDT,2410.8530095468936,2,1205.4265047734468,1123.3871430686627,2,1.0,1.0730285745310242
NEARUSDT-SKLUSDT,4645.078436615848,2,2322.539218307924,2486.026752893959,2,1.0,0.934237419450245
NEARUSDT-YGGUSDT,1375.8003865557605,2,687.9001932778802,692.1730179571991,2,1.0,0.9938269412871232
NEARUSDT-ZRXUSDT,659.3838785470738,2,329.6919392735369,364.1614485336406,2,1.0,0.9053455290259274
NEIROUSDT-SCRUSDT,1705.146753148693,2,852.5733765743465,1190.5546311388146,2,1.0,0.7161144514290999
NEIROUSDT-SNXUSDT,895.8538990437747,2,447.92694952188737,182.7843616414205,2,1.0,2.450575888984494
NEIROUSDT-TLMUSDT,6153.294398978529,2,3076.6471994892645,2024.3232610177965,2,1.0,1.5198398688272627
NEOUSDT-STXUSDT,1821.033961840889,2,910.5169809204446,425.1646256423937,2,1.0,2.141563352183211
NEOUSDT-SUSHIUSDT,640.1549220454817,2,320.07746102274086,335.75762587260556,2,1.0,0.9532991549808786
NFPUSDT-REIUSDT,4505.656988784733,2,2252.8284943923663,3013.3352793432896,2,1.0,0.7476195927601312
NFPUSDT-REZUSDT,1863.424158780154,2,931.712079390077,985.8992165767602,2,1.0,0.9450378534888872
NFPUSDT-RUNEUSDT,854.1598563693811,2,427.0799281846906,548.813407920955,2,1.0,0.7781878540514856
NFPUSDT-TIAUSDT,1092.5882678059113,2,546.2941339029557,769.6102942176553,2,1.0,0.7098321553225702
NFPUSDT-VOXELUSDT,181.14227297161375,2,90.57113648580687,71.33065763798389,2,1.0,1.2697364567346614
NILUSDT-STRKUSDT,3427.5275120712904,2,1713.7637560356452,0.0763638166723685,2,1.0,22442.091434329184
NILUSDT-XAIUSDT,3001.3462929861953,2,1500.6731464930976,1280.82599412713,2,1.0,1.1716448240229473
NKNUSDT-OPUSDT,988.6127366787497,2,494.30636833937484,385.53042224684015,2,1.0,1.2821462064098528
NKNUSDT-STRAXUSDT,1301.535532571161,2,650.7677662855805,689.5290284435519,2,1.0,0.9437858878175648
NKNUSDT-WAXPUSDT,2376.0441210896433,2,1188.0220605448217,148.5124224618433,2,1.0,7.999479375875478
NKNUSDT-XAIUSDT,4363.060058918548,2,2181.530029459274,1483.4580757985905,2,1.0,1.4705707327016235
NMRUSDT-PENDLEUSDT,2880.0680926258083,2,1440.0340463129041,1610.9837323119787,2,1.0,0.8938849085994564
NMRUSDT-SANTOSUSDT,301.0914829848857,2,150.54574149244286,38.069250346030024,2,1.0,3.9545234046916877
NMRUSDT-STPTUSDT,1293.1511811805858,2,646.5755905902929,888.7049785527522,2,1.0,0.727548068475137
NMRUSDT-THETAUSDT,2088.496789926397,2,1044.2483949631985,811.1982180864062,2,1.0,1.2872912830436822
NMRUSDT-WLDUSDT,219.50442957596528,2,109.75221478798264,114.81257610876476,2,1.0,0.9559250258787999
NOTUSDT-PHBUSDT,2523.3752897889744,2,1261.6876448944872,1444.7950020218766,2,1.0,0.8732641261416706
NOTUSDT-SCUSDT,3307.0535526033927,2,1653.5267763016964,1784.695555338836,2,1.0,0.926503554824937
NTRNUSDT-TLMUSDT,1504.9981251335762,2,752.4990625667881,256.7042622960127,2,1.0,2.931385150508568
NULSUSDT-PHAUSDT,521.6022767869109,2,260.80113839345546,159.55410794709556,2,1.0,1.6345623547338002
OGNUSDT-RDNTUSDT,3262.583384216433,2,1631.2916921082165,2305.0343512291083,2,1.0,0.7077081915236388
OGNUSDT-RLCUSDT,3865.0152820655444,2,1932.5076410327722,501.76636019212026,2,1.0,3.851409329818042
OGNUSDT-VANAUSDT,2909.599293801863,2,1454.7996469009315,471.0853936161524,2,1.0,3.0881866995144507
OGNUSDT-VTHOUSDT,3125.092154354152,2,1562.546077177076,1002.2796319406353,2,1.0,1.558992148879291
OGNUSDT-XVSUSDT,769.4346735663871,2,384.71733678319356,213.33674668378742,2,1.0,1.8033336626878929
OMNIUSDT-SKLUSDT,835.6740515552643,2,417.83702577763216,433.28143491484286,2,1.0,0.9643547867675287
OMNIUSDT-TUSDT,2273.6338028117357,2,1136.8169014058678,1407.3236463665007,2,1.0,0.8077863996252455
OMNIUSDT-VICUSDT,1968.5230950445887,2,984.2615475222943,603.9825838280817,2,1.0,1.62961908815976
OMNIUSDT-XAIUSDT,3297.819421721248,2,1648.909710860624,930.9606030801086,2,1.0,1.7711917189676567
OMUSDT-SCRUSDT,1169.1593565799558,2,584.5796782899779,758.132376395628,2,1.0,0.771078635461042
ONEUSDT-RDNTUSDT,54.355052824203256,2,27.177526412101628,8.40493076501495,2,1.0,3.2335217471661455
ONEUSDT-RENDERUSDT,421.26617605359314,2,210.63308802679657,94.72606262895472,2,1.0,2.2236022714451216
ONEUSDT-STRAXUSDT,762.0230981696197,2,381.0115490848099,483.2073356150295,2,1.0,0.7885053081817475
ONEUSDT-TRBUSDT,1904.4612413312673,2,952.2306206656336,1020.1425558304294,2,1.0,0.9334289754146045
ONGUSDT-RDNTUSDT,861.5693150944281,2,430.78465754721407,502.8307621869913,2,1.0,0.8567189797091512
ONGUSDT-STORJUSDT,2362.7284350169316,2,1181.3642175084658,432.5600843263836,2,1.0,2.7310985463399344
ONGUSDT-TRUUSDT,2563.380473289415,2,1281.6902366447075,197.8440320875456,2,1.0,6.478286067671538
ONGUSDT-YFIUSDT,547.7557135572819,2,273.87785677864093,282.0949194368008,2,1.0,0.970871284479121
ONGUSDT-ZKUSDT,12279.839464777182,2,6139.919732388591,7350.799119317809,2,1.0,0.8352724149749866
ONTUSDT-PYTHUSDT,1163.296074625205,2,581.6480373126025,725.3676758600034,2,1.0,0.8018664970464732
ONTUSDT-REZUSDT,541.2273125897682,2,270.6136562948841,108.95048378625006,2,1.0,2.48382243832713
ONTUSDT-SKLUSDT,1085.8797878964192,2,542.9398939482096,336.44824659453036,2,1.0,1.613739704230149
ONTUSDT-STGUSDT,275.8402093733142,2,137.9201046866571,9.84793415606495,2,1.0,14.00497835393402
ONTUSDT-SXPUSDT,2750.2587723610122,2,1375.1293861805061,1552.185599662829,2,1.0,0.8859310294330887
ONTUSDT-TRUUSDT,6334.021706545995,2,3167.0108532729973,181.47783926832238,2,1.0,17.45122636483699
ONTUSDT-ZKUSDT,2217.762714237633,2,1108.8813571188166,1397.408635395648,2,1.0,0.7935269104765903
ONTUSDT-ZROUSDT,2412.769808235352,2,1206.384904117676,1121.7598591250169,2,1.0,1.0754395375304902
ORCAUSDT-XAIUSDT,1244.1100542686931,2,622.0550271343466,668.8306289377492,2,1.0,0.9300636068690624
ORDIUSDT-REIUSDT,6833.404906458392,2,3416.702453229196,4799.819782218502,2,1.0,0.7118397373765517
ORDIUSDT-TWTUSDT,5841.61061529705,2,2920.805307648525,4000.4051355052325,2,1.0,0.7301273767812121
ORDIUSDT-ZILUSDT,6557.494482384214,2,3278.747241192107,3587.1394322570927,2,1.0,0.9140283791893364
OXTUSDT-PORTALUSDT,486.36480702506407,2,243.18240351253203,279.5907475173037,2,1.0,0.8697798681534753
OXTUSDT-PROMUSDT,2099.2539828495733,2,1049.6269914247866,628.8996933744903,2,1.0,1.6689895105414947
OXTUSDT-SANTOSUSDT,2039.9826469539562,2,1019.9913234769781,1214.5569413148012,2,1.0,0.8398052728370241
OXTUSDT-SUSHIUSDT,636.5112038148337,2,318.25560190741686,225.4195656372602,2,1.0,1.4118366389701336
OXTUSDT-VTHOUSDT,788.4598060395447,2,394.22990301977234,393.35090892849377,2,1.0,1.0022346308889256
PAXGUSDT-SHELLUSDT,2676.739590101865,2,1338.3697950509325,1878.40574198457,2,1.0,0.7125030365574374
PENGUUSDT-WIFUSDT,7424.020987145755,2,3712.0104935728773,4209.254611437225,2,1.0,0.8818688428793888
PEOPLEUSDT-RIFUSDT,2273.089321078058,2,1136.544660539029,1204.1154796357353,2,1.0,0.9438834395541967
PERPUSDT-PHAUSDT,1441.886091608453,2,720.9430458042265,871.1762685127416,2,1.0,0.8275512911239067
PERPUSDT-PYTHUSDT,1973.2726758516387,2,986.6363379258194,367.29449639344483,2,1.0,2.686226849609359
PERPUSDT-SOLUSDT,3851.5440547470516,2,1925.7720273735258,2671.70726020001,2,1.0,0.7208020339883189
PERPUSDT-VTHOUSDT,4133.595542723432,2,2066.797771361716,2299.6112283352777,2,1.0,0.8987596450630924
PERPUSDT-WIFUSDT,1198.6183534647953,2,599.3091767323976,235.51100640445355,2,1.0,2.544718337720392
PHAUSDT-SPELLUSDT,903.826078511749,2,451.9130392558745,194.39975829623532,2,1.0,2.324658442050265
PHAUSDT-XAIUSDT,1856.2392068236034,2,928.1196034118017,1247.484815495246,2,1.0,0.7439927058698043
PHAUSDT-XVGUSDT,2280.9667352184433,2,1140.4833676092217,1064.1164951027085,2,1.0,1.0717655189614763
PHAUSDT-ZENUSDT,104.02788351331986,2,52.01394175665993,73.47862076933112,2,1.0,0.7078785803553049
PHBUSDT-ROSEUSDT,2298.2457651921095,2,1149.1228825960548,1312.1642826704474,2,1.0,0.8757461986828513
PHBUSDT-SPELLUSDT,1028.973724119014,2,514.486862059507,684.4467656275328,2,1.0,0.7516828012004722
PHBUSDT-STORJUSDT,4894.825933433022,2,2447.412966716511,2501.567323748441,2,1.0,0.9783518290641952
PHBUSDT-WIFUSDT,7146.7094039913845,2,3573.3547019956923,3810.2688763456194,2,1.0,0.9378221899717616
PIXELUSDT-PORTALUSDT,534.1552467615091,2,267.0776233807546,71.20319670695197,2,1.0,3.7509218087490486
PIXELUSDT-POWRUSDT,275.9831387190752,2,137.9915693595376,162.37533403517156,2,1.0,0.8498308574974062
PIXELUSDT-RAREUSDT,7750.76383627527,2,3875.381918137635,383.54039559692194,2,1.0,10.10423403278342
PIXELUSDT-SSVUSDT,1963.885311855035,2,981.9426559275175,1228.1498797744252,2,1.0,0.7995299857928344
PIXELUSDT-STEEMUSDT,2267.2575944695195,2,1133.6287972347598,130.66533203304704,2,1.0,8.675819206184313
PIXELUSDT-WUSDT,2836.8114558152724,2,1418.4057279076362,219.10420444326095,2,1.0,6.473658191597804
PNUTUSDT-PORTALUSDT,1640.2652340547093,2,820.1326170273546,408.21437717868565,2,1.0,2.0090733273423194
PNUTUSDT-SKLUSDT,588.3728251927656,2,294.1864125963828,124.06381229697904,2,1.0,2.371250787394563
POLUSDT-SPELLUSDT,1108.9172083447809,2,554.4586041723904,80.35477836205297,2,1.0,6.900132331573078
POLUSDT-USTCUSDT,3417.0512989741633,2,1708.5256494870816,367.98403845124653,2,1.0,4.64293412474585
POLUSDT-VETUSDT,3435.488273367792,2,1717.744136683896,1106.3201579047375,2,1.0,1.5526645920807733
POLUSDT-XAIUSDT,1853.1963415110404,2,926.5981707555202,447.0123737274864,2,1.0,2.0728691759221975
POLUSDT-YFIUSDT,2136.1104746928763,2,1068.0552373464382,265.4922932619459,2,1.0,4.022923694785558
POLYXUSDT-RADUSDT,514.045700774176,2,257.022850387088,135.20447196968252,2,1.0,1.900993707106976
POLYXUSDT-SOLUSDT,2345.421832742649,2,1172.7109163713244,672.3353496253302,2,1.0,1.744235100868691
POLYXUSDT-TLMUSDT,1811.6686283169283,2,905.8343141584642,284.3527254744454,2,1.0,3.1856009561612977
POLYXUSDT-TNSRUSDT,2153.916675623872,2,1076.958337811936,179.04084003319997,2,1.0,6.015154629593075
POLYXUSDT-XTZUSDT,134.8155619217432,2,67.4077809608716,55.636786129063765,2,1.0,1.2115685619313452
PORTALUSDT-QUICKUSDT,4431.514313273532,2,2215.757156636766,430.4552791092818,2,1.0,5.147473533654215
PORTALUSDT-RADUSDT,1959.0490711362659,2,979.5245355681329,1039.4936245347478,2,1.0,0.9423093248951329
PORTALUSDT-RDNTUSDT,2746.841631770494,2,1373.420815885247,1325.2749529145456,2,1.0,1.036328961673062
PORTALUSDT-XAIUSDT,3738.634725993528,2,1869.317362996764,2195.7491047460753,2,1.0,0.8513346807047606
PORTALUSDT-ZENUSDT,1808.4028327422543,2,904.2014163711272,576.2003385252983,2,1.0,1.5692483254787741
POWRUSDT-QNTUSDT,1724.5333368085364,2,862.2666684042682,1045.6226474191653,2,1.0,0.8246442160874562
PROMUSDT-QTUMUSDT,785.2926617497669,2,392.64633087488346,149.8385704858798,2,1.0,2.6204623389134967
PYTHUSDT-SCRTUSDT,1267.7331787539895,2,633.8665893769947,564.1053236911771,2,1.0,1.1236670932820496
PYTHUSDT-TRBUSDT,1879.5962769146402,2,939.7981384573201,94.60316704133336,2,1.0,9.934108633453148
PYTHUSDT-TRUUSDT,801.3633518004547,2,400.68167590022733,30.821627766147845,2,1.0,13.000016707109348
PYTHUSDT-ZKUSDT,2506.9945972852643,2,1253.4972986426321,1554.4395044128548,2,1.0,0.8063982516425462
QNTUSDT-RUNEUSDT,1567.750074647576,2,783.875037323788,231.69927429552754,2,1.0,3.38315706731119
QNTUSDT-SOLUSDT,876.8931415716117,2,438.4465707858059,300.0259652508005,2,1.0,1.4613620871756734
QNTUSDT-USTCUSDT,1668.7662449398008,2,834.3831224699004,417.77884217225954,2,1.0,1.9971885558672346
QTUMUSDT-ROSEUSDT,3858.262101313164,2,1929.131050656582,1924.8166563938182,2,1.0,1.0022414572569456
QTUMUSDT-SUSHIUSDT,130.28562412293408,2,65.14281206146704,58.55639014748044,2,1.0,1.1124799854874592
QTUMUSDT-VANRYUSDT,5155.399664543765,2,2577.6998322718823,3145.645732326636,2,1.0,0.8194501388957491
QTUMUSDT-ZRXUSDT,233.06414654741306,2,116.53207327370653,161.26872627802766,2,1.0,0.722595607736152
QUICKUSDT-RAREUSDT,321.23265058209904,2,160.61632529104952,151.73287305505062,2,1.0,1.0585466554289515
QUICKUSDT-REIUSDT,5645.101461357011,2,2822.5507306785057,600.5619904957277,2,1.0,4.69984910025468
QUICKUSDT-SUSDT,604.2529179387798,2,302.1264589693899,132.8991458608551,2,1.0,2.273351397500441
QUICKUSDT-TLMUSDT,2248.5143904086244,2,1124.2571952043122,1492.904774070574,2,1.0,0.753066916745733
RADUSDT-ROSEUSDT,1568.995176723553,2,784.4975883617765,371.6122202422396,2,1.0,2.1110650985868897
RADUSDT-SCRTUSDT,3817.1959588608297,2,1908.5979794304149,792.6613343384652,2,1.0,2.4078353475173375
RADUSDT-SYSUSDT,5149.676290573261,2,2574.8381452866306,2660.5893216675377,2,1.0,0.9677698562184854
RADUSDT-TURBOUSDT,3246.8402708148833,2,1623.4201354074416,2040.8883919464538,2,1.0,0.7954477774549638
RADUSDT-VANRYUSDT,8579.989280817266,2,4289.994640408633,8.305479379505387,2,1.0,516.5258312475773
RADUSDT-WLDUSDT,4745.874856702972,2,2372.937428351486,423.1951741136169,2,1.0,5.607193969831078
RAREUSDT-SAGAUSDT,923.5765013845458,2,461.7882506922729,537.8026515603088,2,1.0,0.8586574449800538
RAREUSDT-SCRTUSDT,1226.5930215742326,2,613.2965107871163,33.93772253935443,2,1.0,18.07123356836727
RAREUSDT-STRKUSDT,3460.357968340647,2,1730.1789841703235,1810.1059151097204,2,1.0,0.95584405847624
RAREUSDT-SYNUSDT,7693.731956482695,2,3846.8659782413474,5084.289523139441,2,1.0,0.7566181982229031
RAREUSDT-TRBUSDT,1129.4073650380494,2,564.7036825190247,456.63275991178546,2,1.0,1.2366692276483118
RAYUSDT-RUNEUSDT,7179.10767719302,2,3589.55383859651,4911.678052195256,2,1.0,0.7308202615177867
RDNTUSDT-SANDUSDT,4340.993516524759,2,2170.4967582623794,1898.0353935619082,2,1.0,1.1435491485694387
RDNTUSDT-SCRTUSDT,11927.684446424015,2,5963.842223212007,8046.950810988645,2,1.0,0.7411306920216271
RDNTUSDT-YFIUSDT,560.8433559240266,2,280.4216779620133,227.19180768409544,2,1.0,1.234294849011161
RDNTUSDT-ZROUSDT,2608.361498336709,2,1304.1807491683544,1142.636664319669,2,1.0,1.1413783487727216
REDUSDT-RPLUSDT,4797.193201205806,2,2398.596600602903,3214.1899388311745,2,1.0,0.7462522894571506
REDUSDT-ZKUSDT,2830.9511415091674,2,1415.4755707545837,1512.4432332972992,2,1.0,0.9358867424522672
REIUSDT-VICUSDT,242.66512755566902,2,121.33256377783451,13.3901476161918,2,1.0,9.061331305348363
RENDERUSDT-TRBUSDT,832.0675315253222,2,416.0337657626611,583.6132192693098,2,1.0,0.7128587085185288
REZUSDT-SYSUSDT,650.408479869059,2,325.2042399345295,315.34163101924645,2,1.0,1.0312759494628259
RIFUSDT-SLPUSDT,3134.903933024017,2,1567.4519665120085,1897.9648058642344,2,1.0,0.82585934242246
RIFUSDT-SYSUSDT,2998.77876941652,2,1499.38938470826,131.02269559673996,2,1.0,11.443737879756817
RIFUSDT-THEUSDT,1904.4977855647649,2,952.2488927823824,694.7539500422847,2,1.0,1.3706275332791211
RIFUSDT-VANAUSDT,2141.726712810755,2,1070.8633564053775,721.7753779796243,2,1.0,1.483651824481616
RONINUSDT-SLPUSDT,316.0334191914772,2,158.0167095957386,55.23537429224232,2,1.0,2.8607882470334176
RONINUSDT-STPTUSDT,817.0199140865755,2,408.5099570432877,432.54696934352296,2,1.0,0.9444291279240351
RONINUSDT-STRAXUSDT,6798.184155326204,2,3399.092077663102,1233.8758783560463,2,1.0,2.754808759363932
RONINUSDT-WOOUSDT,2438.43926565627,2,1219.219632828135,1116.9035806781649,2,1.0,1.091606879877532
RONINUSDT-ZRXUSDT,730.5029358600731,2,365.25146793003654,93.35977965485806,2,1.0,3.912300021276136
ROSEUSDT-RSRUSDT,1344.4425851376955,2,672.2212925688477,201.89910380076404,2,1.0,3.329491215732201
ROSEUSDT-SPELLUSDT,353.8093071042312,2,176.9046535521156,224.64518512907253,2,1.0,0.7874847326483894
ROSEUSDT-SUSHIUSDT,873.245715857263,2,436.6228579286315,269.87576044372474,2,1.0,1.617866151486685
ROSEUSDT-SYSUSDT,2502.5450930648176,2,1251.2725465324088,1482.1203863900832,2,1.0,0.8442448791761529
ROSEUSDT-TNSRUSDT,1040.5286709224242,2,520.2643354612121,161.43409268387467,2,1.0,3.2227661878089786
ROSEUSDT-XVGUSDT,825.5557974001088,2,412.7778987000544,123.70314351987808,2,1.0,3.336842435485274
RPLUSDT-SLPUSDT,2652.3665903131396,2,1326.1832951565698,435.58838615926265,2,1.0,3.0445790964492843
RSRUSDT-TUSDT,1099.5970375454876,2,549.7985187727438,659.0886035709999,2,1.0,0.8341799809523138
RSRUSDT-XRPUSDT,221.35075786722882,2,110.67537893361441,25.622700230762973,2,1.0,4.31942683389536
RSRUSDT-YFIUSDT,4151.574184331095,2,2075.7870921655476,2850.2139644197014,2,1.0,0.7282916714598914
RUNEUSDT-SUIUSDT,870.7609134717658,2,435.3804567358829,276.4599979502669,2,1.0,1.5748407001515083
RUNEUSDT-TWTUSDT,1388.173036290412,2,694.086518145206,109.32216938532832,2,1.0,6.349000591991148
RVNUSDT-SANDUSDT,1238.6245465875327,2,619.3122732937663,453.5194978595262,2,1.0,1.365569233994859
RVNUSDT-TWTUSDT,865.2930594980618,2,432.6465297490309,279.86676851833204,2,1.0,1.5459017590389312
RVNUSDT-UNIUSDT,1577.187491214193,2,788.5937456070965,895.4206444561125,2,1.0,0.8806964084305832
RVNUSDT-XVGUSDT,889.2748042536507,2,444.63740212682535,160.3848991908228,2,1.0,2.772314627936415
RVNUSDT-YGGUSDT,3164.853778663671,2,1582.4268893318356,1231.804560407825,2,1.0,1.2846412005553274
RVNUSDT-ZRXUSDT,2520.1006995738626,2,1260.0503497869313,1651.0579243631357,2,1.0,0.7631775549443378
SANDUSDT-SEIUSDT,2446.4964607768843,2,1223.2482303884422,449.5303892873967,2,1.0,2.7211691568339935
SANDUSDT-TAOUSDT,412.13862805731156,2,206.06931402865578,94.2064467797264,2,1.0,2.187422634785146
SANDUSDT-WIFUSDT,299.71818960705787,2,149.85909480352893,98.91525159910383,2,1.0,1.515025159223137
SANTOSUSDT-SXPUSDT,7115.143066060259,2,3557.5715330301296,4638.47384248462,2,1.0,0.7669702694980597
SANTOSUSDT-VOXELUSDT,474.71625559700317,2,237.35812779850158,199.05281690637446,2,1.0,1.1924379242025207
SCRTUSDT-VICUSDT,1744.0937587039373,2,872.0468793519686,963.4383648372242,2,1.0,0.9051402883455898
SEIUSDT-TRUUSDT,857.8481903107775,2,428.9240951553887,514.8916924752307,2,1.0,0.8330375133718486
SEIUSDT-WLDUSDT,1294.7412808424228,2,647.3706404212114,682.3932590912261,2,1.0,0.9486767810153108
SFPUSDT-UMAUSDT,1139.9892692426338,2,569.9946346213169,245.03814138242947,2,1.0,2.326146580306165
SKLUSDT-STXUSDT,4875.704434116958,2,2437.852217058479,2956.0533754502153,2,1.0,0.8246983079888356
SKLUSDT-UMAUSDT,1366.3327869749255,2,683.1663934874628,770.9641399027066,2,1.0,0.8861195458113996
SKLUSDT-WOOUSDT,1250.3879342986302,2,625.1939671493151,715.1594848307377,2,1.0,0.8742021610708058
SLPUSDT-VANRYUSDT,702.1948278363469,2,351.09741391817346,303.3778521377725,2,1.0,1.1572941513170518
SNXUSDT-STRKUSDT,2968.7405651016434,2,1484.3702825508217,67.73148164073136,2,1.0,21.915514714772947
SOLVUSDT-VTHOUSDT,7958.65137875998,2,3979.32568937999,1511.5592197474443,2,1.0,2.632596617712978
SPELLUSDT-STEEMUSDT,2955.179831057054,2,1477.589915528527,134.79006438384678,2,1.0,10.962157502356687
SPELLUSDT-TURBOUSDT,5458.159915334161,2,2729.0799576670806,3195.680815269819,2,1.0,0.8539901559088147
SPELLUSDT-VANAUSDT,260.16409120059524,2,130.08204560029762,66.8871975021654,2,1.0,1.9447973671805632
STEEMUSDT-STPTUSDT,1648.5536772862913,2,824.2768386431457,970.5902755913816,2,1.0,0.8492531394268431
STEEMUSDT-VELODROMEUSDT,6295.409383906842,2,3147.704691953421,2813.486380890053,2,1.0,1.1187915155138006
STEEMUSDT-XTZUSDT,1786.3723607875445,2,893.1861803937722,1032.8175649540128,2,1.0,0.864805373864398
STEEMUSDT-ZECUSDT,3062.7957048372496,2,1531.3978524186248,837.8884093457709,2,1.0,1.8276871184008272
STGUSDT-ZENUSDT,2459.67456668902,2,1229.83728334451,877.0730929408612,2,1.0,1.402206148202331
STGUSDT-ZRXUSDT,427.1346906379016,2,213.5673453189508,139.82590314871203,2,1.0,1.5273804102792812
STORJUSDT-WAXPUSDT,4812.794521599863,2,2406.3972607999317,3150.558091674249,2,1.0,0.7638003143503822
STORJUSDT-WIFUSDT,8781.63529748495,2,4390.817648742475,3859.791040577814,2,1.0,1.137579107931492
STORJUSDT-ZROUSDT,5824.4401742757245,2,2912.2200871378623,2321.821366658931,2,1.0,1.2542825770134536
STPTUSDT-TRBUSDT,4769.905365989991,2,2384.9526829949955,986.288070021718,2,1.0,2.418109632961979
STRAXUSDT-TRUMPUSDT,1182.0067982072094,2,591.0033991036047,381.5566336059078,2,1.0,1.5489270715026404
STRAXUSDT-ZRXUSDT,955.2562713929461,2,477.62813569647307,517.3065044041294,2,1.0,0.9232981445818843
STRKUSDT-TLMUSDT,539.9708131332027,2,269.98540656660134,264.1204018890197,2,1.0,1.0222057994597706
STXUSDT-VETUSDT,2252.413498887039,2,1126.2067494435196,1097.5370952352716,2,1.0,1.0261218088506632
SUIUSDT-TRUMPUSDT,1379.6325188647272,2,689.8162594323636,835.056379211215,2,1.0,0.8260714804477709
SUPERUSDT-VETUSDT,2873.3712914334415,2,1436.6856457167207,2003.6613702049192,2,1.0,0.7170301664146909
SUPERUSDT-WAXPUSDT,3186.7906405705417,2,1593.3953202852708,2015.7598366836069,2,1.0,0.790468830308067
SUPERUSDT-WLDUSDT,709.0812031987006,2,354.5406015993503,87.08180109582757,2,1.0,4.071351271308716
SUPERUSDT-ZRXUSDT,4559.814465521183,2,2279.9072327605913,440.31000639555555,2,1.0,5.177959164326647
SUSHIUSDT-VANRYUSDT,2678.254439210489,2,1339.1272196052446,1714.7285279391406,2,1.0,0.7809558176621023
SUSHIUSDT-XRPUSDT,532.8718889651758,2,266.4359444825879,337.87974765612535,2,1.0,0.7885525733070902
SXPUSDT-SYNUSDT,3341.5203571794455,2,1670.7601785897227,2275.7382437942324,2,1.0,0.7341618409523857
SXPUSDT-TRUMPUSDT,1214.1677203477925,2,607.0838601738963,133.6033437209625,2,1.0,4.543927144831213
SXPUSDT-VETUSDT,1685.9497932438612,2,842.9748966219306,532.138682702554,2,1.0,1.5841263265071122
SYSUSDT-WOOUSDT,667.729172383469,2,333.8645861917345,299.8818721039762,2,1.0,1.1133203346015381
SYSUSDT-XAIUSDT,4880.495547463967,2,2440.2477737319837,1512.71575887374,2,1.0,1.6131568402175023
THETAUSDT-UNIUSDT,3184.3304663985664,2,1592.1652331992832,170.0888206794895,2,1.0,9.360787069007397
THETAUSDT-VETUSDT,1608.6504348174592,2,804.3252174087296,793.3034796828937,2,1.0,1.013893469533553
TIAUSDT-XVGUSDT,5996.736801918853,2,2998.3684009594267,2790.126615551106,2,1.0,1.074635245672243
TONUSDT-USTCUSDT,925.8572240216861,2,462.92861201084304,144.9553124135138,2,1.0,3.1935953522713763
TONUSDT-VOXELUSDT,175.22855835099247,2,87.61427917549624,103.1783065868714,2,1.0,0.8491540719533813
TRUMPUSDT-TURBOUSDT,812.4884766604797,2,406.24423833023985,415.3495130764896,2,1.0,0.9780780416021027
TRUMPUSDT-USUALUSDT,3433.792881581566,2,1716.896440790783,733.6773460739752,2,1.0,2.3401246474055255
TRUUSDT-USUALUSDT,4333.743067628928,2,2166.871533814464,85.90758972509458,2,1.0,25.22328400492298
TURBOUSDT-VTHOUSDT,515.0229514485865,2,257.51147572429323,71.88307843871034,2,1.0,3.5823657155119646
TUTUSDT-TWTUSDT,3102.9648216663586,2,1551.4824108331793,1646.1562276992809,2,1.0,0.9424879514635007
TUTUSDT-VICUSDT,3320.859767125388,2,1660.429883562694,1682.9098635592638,2,1.0,0.9866421960656728
TUTUSDT-WIFUSDT,4967.157356243943,2,2483.5786781219713,379.0906423853829,2,1.0,6.551411194152267
TWTUSDT-WIFUSDT,3152.4312320976514,2,1576.2156160488257,1416.3832893057277,2,1.0,1.1128453914628176
TWTUSDT-WOOUSDT,2506.8645608590436,2,1253.4322804295218,1486.8493711833592,2,1.0,0.8430122813529762
TWTUSDT-XVGUSDT,796.4580630186304,2,398.2290315093152,412.4228370228573,2,1.0,0.9655843366579734
UMAUSDT-ZILUSDT,474.0932702840722,2,237.0466351420361,234.18935446454424,2,1.0,1.0122007282697576
VANAUSDT-ZECUSDT,2031.7389582440524,2,1015.8694791220262,452.6229496452777,2,1.0,2.244405591714178
VANAUSDT-ZROUSDT,500.29391843199517,2,250.14695921599758,309.02815986204547,2,1.0,0.8094633166364732
VANRYUSDT-WAXPUSDT,1550.349466040615,2,775.1747330203075,201.01256238227447,2,1.0,3.8563496919467326
VETUSDT-VTHOUSDT,339.5834685038759,2,169.79173425193795,66.66069535830512,2,1.0,2.5471041569443207
VETUSDT-ZRXUSDT,793.773033850864,2,396.886516925432,500.98376655629545,2,1.0,0.7922143259323232
VIDTUSDT-WLDUSDT,1365.119583188883,2,682.5597915944415,823.7102606720548,2,1.0,0.8286406327360176
WAXPUSDT-WLDUSDT,6450.161650569446,2,3225.080825284723,3223.8121489406576,2,1.0,1.00039353296205
WLDUSDT-XVGUSDT,1935.2497205365953,2,967.6248602682977,955.7375253871588,2,1.0,1.012437865591103
WUSDT-XLMUSDT,3642.9852292599016,2,1821.4926146299508,2424.240757914623,2,1.0,0.7513662199941035
WUSDT-ZRXUSDT,3727.174525947764,2,1863.587262973882,1552.7875754416957,2,1.0,1.2001559598026654
XRPUSDT-XVGUSDT,3521.3970063750717,2,1760.6985031875358,1283.4649469117546,2,1.0,1.3718321699584317
XTZUSDT-XVGUSDT,157.40032860964595,2,78.70016430482298,12.871595926870182,2,1.0,6.11425069214082
XVGUSDT-ZROUSDT,2192.7733982046943,2,1096.3866991023472,729.0387155084693,2,1.0,1.5038799391300781
1000CATUSDT-ACEUSDT,418.80760352817504,1,418.80760352817504,,1,1.0,0.0
1000CATUSDT-AIXBTUSDT,371.47461622242537,1,371.47461622242537,,1,1.0,0.0
1000CATUSDT-APEUSDT,1588.741962393457,1,1588.741962393457,,1,1.0,0.0
1000CATUSDT-ATAUSDT,261.53077926051475,1,261.53077926051475,,1,1.0,0.0
1000CATUSDT-AVAUSDT,1606.6409686915729,1,1606.6409686915729,,1,1.0,0.0
1000CATUSDT-BLURUSDT,1033.3524718992992,1,1033.3524718992992,,1,1.0,0.0
1000CATUSDT-COMPUSDT,132.37247334197303,1,132.37247334197303,,1,1.0,0.0
1000CATUSDT-CVCUSDT,297.6622804448157,1,297.6622804448157,,1,1.0,0.0
1000CATUSDT-FLOWUSDT,1364.0714533975072,1,1364.0714533975072,,1,1.0,0.0
1000CATUSDT-GHSTUSDT,1022.7913440901513,1,1022.7913440901513,,1,1.0,0.0
1000CATUSDT-JTOUSDT,2811.155478581606,1,2811.155478581606,,1,1.0,0.0
1000CATUSDT-LAYERUSDT,671.8323314166704,1,671.8323314166704,,1,1.0,0.0
1000CATUSDT-MANTAUSDT,1554.6611923774135,1,1554.6611923774135,,1,1.0,0.0
1000CATUSDT-MEMEUSDT,1146.3883210354325,1,1146.3883210354325,,1,1.0,0.0
1000CATUSDT-MLNUSDT,629.3725874936138,1,629.3725874936138,,1,1.0,0.0
1000CATUSDT-NEARUSDT,636.8130067407577,1,636.8130067407577,,1,1.0,0.0
1000CATUSDT-NMRUSDT,7623.2460985875105,1,7623.2460985875105,,1,1.0,0.0
1000CATUSDT-ONTUSDT,804.9569818383636,1,804.9569818383636,,1,1.0,0.0
1000CATUSDT-OXTUSDT,867.6759453730838,1,867.6759453730838,,1,1.0,0.0
1000CATUSDT-PNUTUSDT,173.5857478244639,1,173.5857478244639,,1,1.0,0.0
1000CATUSDT-POLYXUSDT,2203.8403415478538,1,2203.8403415478538,,1,1.0,0.0
1000CATUSDT-RADUSDT,360.0514671480167,1,360.0514671480167,,1,1.0,0.0
1000CATUSDT-RIFUSDT,800.1689296721887,1,800.1689296721887,,1,1.0,0.0
1000CATUSDT-RPLUSDT,546.936707490397,1,546.936707490397,,1,1.0,0.0
1000CATUSDT-RSRUSDT,292.8008820321988,1,292.8008820321988,,1,1.0,0.0
1000CATUSDT-STEEMUSDT,1840.8393487668227,1,1840.8393487668227,,1,1.0,0.0
1000CATUSDT-STGUSDT,2032.2344856128916,1,2032.2344856128916,,1,1.0,0.0
1000CATUSDT-TLMUSDT,587.1264075603582,1,587.1264075603582,,1,1.0,0.0
1000CATUSDT-TWTUSDT,1156.8451519791768,1,1156.8451519791768,,1,1.0,0.0
1000CATUSDT-VANAUSDT,277.7377444186203,1,277.7377444186203,,1,1.0,0.0
1000CATUSDT-VELODROMEUSDT,786.3736362917117,1,786.3736362917117,,1,1.0,0.0
1000CATUSDT-WIFUSDT,868.0803404348862,1,868.0803404348862,,1,1.0,0.0
1000CATUSDT-YFIUSDT,2495.986364808308,1,2495.986364808308,,1,1.0,0.0
1000CHEEMSUSDT-ACTUSDT,194.7265577585671,1,194.7265577585671,,1,1.0,0.0
1000CHEEMSUSDT-ASTRUSDT,632.3157918325942,1,632.3157918325942,,1,1.0,0.0
1000CHEEMSUSDT-BAKEUSDT,1438.8379655225217,1,1438.8379655225217,,1,1.0,0.0
1000CHEEMSUSDT-DUSDT,117.3424262865146,1,117.3424262865146,,1,1.0,0.0
1000CHEEMSUSDT-ENAUSDT,1440.8334858148107,1,1440.8334858148107,,1,1.0,0.0
1000CHEEMSUSDT-JTOUSDT,2622.150646539141,1,2622.150646539141,,1,1.0,0.0
1000CHEEMSUSDT-LRCUSDT,2355.279330109634,1,2355.279330109634,,1,1.0,0.0
1000CHEEMSUSDT-SCRTUSDT,264.18825293268264,1,264.18825293268264,,1,1.0,0.0
1000CHEEMSUSDT-UNIUSDT,73.52511533222687,1,73.52511533222687,,1,1.0,0.0
1000SATSUSDT-ACEUSDT,716.6227377998102,1,716.6227377998102,,1,1.0,0.0
1000SATSUSDT-ACHUSDT,458.0730826273892,1,458.0730826273892,,1,1.0,0.0
1000SATSUSDT-ALGOUSDT,15362.687197037729,1,15362.687197037729,,1,1.0,0.0
1000SATSUSDT-ALTUSDT,41.92139196502995,1,41.92139196502995,,1,1.0,0.0
1000SATSUSDT-ANKRUSDT,216.47647165426076,1,216.47647165426076,,1,1.0,0.0
1000SATSUSDT-API3USDT,26.26263691713045,1,26.26263691713045,,1,1.0,0.0
1000SATSUSDT-AVAUSDT,110.9996881962476,1,110.9996881962476,,1,1.0,0.0
1000SATSUSDT-AVAXUSDT,159.15479704868878,1,159.15479704868878,,1,1.0,0.0
1000SATSUSDT-BAKEUSDT,428.2374857664898,1,428.2374857664898,,1,1.0,0.0
1000SATSUSDT-BCHUSDT,373.2263773805083,1,373.2263773805083,,1,1.0,0.0
1000SATSUSDT-BEAMXUSDT,492.36090680572863,1,492.36090680572863,,1,1.0,0.0
1000SATSUSDT-COSUSDT,628.6082846252665,1,628.6082846252665,,1,1.0,0.0
1000SATSUSDT-DIAUSDT,294.63862383445723,1,294.63862383445723,,1,1.0,0.0
1000SATSUSDT-DYDXUSDT,58.24425867714999,1,58.24425867714999,,1,1.0,0.0
1000SATSUSDT-DYMUSDT,4436.598770783591,1,4436.598770783591,,1,1.0,0.0
1000SATSUSDT-ENJUSDT,285.6481098827207,1,285.6481098827207,,1,1.0,0.0
1000SATSUSDT-EOSUSDT,3176.750805002383,1,3176.750805002383,,1,1.0,0.0
1000SATSUSDT-FLUXUSDT,8532.820739895047,1,8532.820739895047,,1,1.0,0.0
1000SATSUSDT-GMXUSDT,92.25139721752538,1,92.25139721752538,,1,1.0,0.0
1000SATSUSDT-GRTUSDT,4442.695028594135,1,4442.695028594135,,1,1.0,0.0
1000SATSUSDT-GTCUSDT,268.3111743208508,1,268.3111743208508,,1,1.0,0.0
1000SATSUSDT-HFTUSDT,3450.2613585854133,1,3450.2613585854133,,1,1.0,0.0
1000SATSUSDT-ICPUSDT,350.4273908418664,1,350.4273908418664,,1,1.0,0.0
1000SATSUSDT-INJUSDT,623.556875512428,1,623.556875512428,,1,1.0,0.0
1000SATSUSDT-IOTAUSDT,60.8791431057338,1,60.8791431057338,,1,1.0,0.0
1000SATSUSDT-KAITOUSDT,161.98566428529114,1,161.98566428529114,,1,1.0,0.0
1000SATSUSDT-LPTUSDT,85.01056398596154,1,85.01056398596154,,1,1.0,0.0
1000SATSUSDT-MKRUSDT,2001.004543001992,1,2001.004543001992,,1,1.0,0.0
1000SATSUSDT-NILUSDT,829.0759673252097,1,829.0759673252097,,1,1.0,0.0
1000SATSUSDT-NKNUSDT,2149.656624576672,1,2149.656624576672,,1,1.0,0.0
1000SATSUSDT-OGNUSDT,107.27329906537167,1,107.27329906537167,,1,1.0,0.0
1000SATSUSDT-OMNIUSDT,7977.0381030041235,1,7977.0381030041235,,1,1.0,0.0
1000SATSUSDT-OPUSDT,4446.852555810992,1,4446.852555810992,,1,1.0,0.0
1000SATSUSDT-PARTIUSDT,1132.3023634251915,1,1132.3023634251915,,1,1.0,0.0
1000SATSUSDT-PEOPLEUSDT,27.557349942784896,1,27.557349942784896,,1,1.0,0.0
1000SATSUSDT-POLUSDT,689.8906014508974,1,689.8906014508974,,1,1.0,0.0
1000SATSUSDT-POLYXUSDT,4475.991306491927,1,4475.991306491927,,1,1.0,0.0
1000SATSUSDT-PORTALUSDT,46.00887592886505,1,46.00887592886505,,1,1.0,0.0
1000SATSUSDT-PROMUSDT,7911.508883101316,1,7911.508883101316,,1,1.0,0.0
1000SATSUSDT-RAREUSDT,4454.272102188813,1,4454.272102188813,,1,1.0,0.0
1000SATSUSDT-RAYUSDT,5559.662434066354,1,5559.662434066354,,1,1.0,0.0
1000SATSUSDT-RUNEUSDT,644.2950178656629,1,644.2950178656629,,1,1.0,0.0
1000SATSUSDT-SANTOSUSDT,622.3564434200454,1,622.3564434200454,,1,1.0,0.0
1000SATSUSDT-SCRTUSDT,626.8612404585624,1,626.8612404585624,,1,1.0,0.0
1000SATSUSDT-SEIUSDT,164.18603801160293,1,164.18603801160293,,1,1.0,0.0
1000SATSUSDT-SKLUSDT,3141.4617978947463,1,3141.4617978947463,,1,1.0,0.0
1000SATSUSDT-SXPUSDT,4344.800494019048,1,4344.800494019048,,1,1.0,0.0
1000SATSUSDT-TNSRUSDT,0.3969849316571228,1,0.3969849316571228,,1,1.0,0.0
1000SATSUSDT-TRUUSDT,7406.837767607592,1,7406.837767607592,,1,1.0,0.0
1000SATSUSDT-TRXUSDT,4280.279608802095,1,4280.279608802095,,1,1.0,0.0
1000SATSUSDT-UMAUSDT,4154.901542957047,1,4154.901542957047,,1,1.0,0.0
1000SATSUSDT-WIFUSDT,596.8128375411417,1,596.8128375411417,,1,1.0,0.0
1000SATSUSDT-ZECUSDT,9248.726463303588,1,9248.726463303588,,1,1.0,0.0
1000SATSUSDT-ZROUSDT,172.8904153882996,1,172.8904153882996,,1,1.0,0.0
1INCHUSDT-1MBABYDOGEUSDT,547.4220594124813,1,547.4220594124813,,1,1.0,0.0
1INCHUSDT-ACHUSDT,1621.1333284408042,1,1621.1333284408042,,1,1.0,0.0
1INCHUSDT-AEVOUSDT,266.3890201063542,1,266.3890201063542,,1,1.0,0.0
1INCHUSDT-APEUSDT,1584.551803271377,1,1584.551803271377,,1,1.0,0.0
1INCHUSDT-ARKMUSDT,1474.256544170394,1,1474.256544170394,,1,1.0,0.0
1INCHUSDT-ARKUSDT,189.89525485584045,1,189.89525485584045,,1,1.0,0.0
1INCHUSDT-ASTRUSDT,1582.6048555558473,1,1582.6048555558473,,1,1.0,0.0
1INCHUSDT-BROCCOLI714USDT,9101.666589688102,1,9101.666589688102,,1,1.0,0.0
1INCHUSDT-CETUSUSDT,607.3155204483569,1,607.3155204483569,,1,1.0,0.0
1INCHUSDT-CRVUSDT,2791.946247468753,1,2791.946247468753,,1,1.0,0.0
1INCHUSDT-CTSIUSDT,254.46797794752,1,254.46797794752,,1,1.0,0.0
1INCHUSDT-CVCUSDT,22.10900361727549,1,22.10900361727549,,1,1.0,0.0
1INCHUSDT-EGLDUSDT,713.4815914242569,1,713.4815914242569,,1,1.0,0.0
1INCHUSDT-ENAUSDT,245.72667045860211,1,245.72667045860211,,1,1.0,0.0
1INCHUSDT-ETCUSDT,23.563900112932764,1,23.563900112932764,,1,1.0,0.0
1INCHUSDT-FETUSDT,204.0352299411918,1,204.0352299411918,,1,1.0,0.0
1INCHUSDT-FLMUSDT,128.21390514982852,1,128.21390514982852,,1,1.0,0.0
1INCHUSDT-GALAUSDT,2329.3890321013864,1,2329.3890321013864,,1,1.0,0.0
1INCHUSDT-HBARUSDT,1729.5751551835313,1,1729.5751551835313,,1,1.0,0.0
1INCHUSDT-HFTUSDT,235.04357236794704,1,235.04357236794704,,1,1.0,0.0
1INCHUSDT-IDEXUSDT,180.14459527504917,1,180.14459527504917,,1,1.0,0.0
1INCHUSDT-IOTAUSDT,743.7851651878034,1,743.7851651878034,,1,1.0,0.0
1INCHUSDT-IOUSDT,4211.771234644939,1,4211.771234644939,,1,1.0,0.0
1INCHUSDT-LDOUSDT,39.38331019180588,1,39.38331019180588,,1,1.0,0.0
1INCHUSDT-LINAUSDT,109.4409896098904,1,109.4409896098904,,1,1.0,0.0
1INCHUSDT-LINKUSDT,582.0520750522389,1,582.0520750522389,,1,1.0,0.0
1INCHUSDT-LRCUSDT,133.94435882994628,1,133.94435882994628,,1,1.0,0.0
1INCHUSDT-MANAUSDT,140.01267334503115,1,140.01267334503115,,1,1.0,0.0
1INCHUSDT-MINAUSDT,953.054416642108,1,953.054416642108,,1,1.0,0.0
1INCHUSDT-MTLUSDT,68.53270651109338,1,68.53270651109338,,1,1.0,0.0
1INCHUSDT-OPUSDT,77.55593555295451,1,77.55593555295451,,1,1.0,0.0
1INCHUSDT-ORCAUSDT,1648.1961812687468,1,1648.1961812687468,,1,1.0,0.0
1INCHUSDT-POWRUSDT,13.3503795466221,1,13.3503795466221,,1,1.0,0.0
1INCHUSDT-QUICKUSDT,329.7495747091869,1,329.7495747091869,,1,1.0,0.0
1INCHUSDT-RAYUSDT,3330.274634803476,1,3330.274634803476,,1,1.0,0.0
1INCHUSDT-RENDERUSDT,510.4323374884792,1,510.4323374884792,,1,1.0,0.0
1INCHUSDT-SANTOSUSDT,50.86407041822246,1,50.86407041822246,,1,1.0,0.0
1INCHUSDT-SCRUSDT,20.001343747150287,1,20.001343747150287,,1,1.0,0.0
1INCHUSDT-SCUSDT,626.0262425145748,1,626.0262425145748,,1,1.0,0.0
1INCHUSDT-SNXUSDT,373.8915526688521,1,373.8915526688521,,1,1.0,0.0
1INCHUSDT-SPELLUSDT,11.823066376429672,1,11.823066376429672,,1,1.0,0.0
1INCHUSDT-TRBUSDT,1795.1532402280388,1,1795.1532402280388,,1,1.0,0.0
1INCHUSDT-TUSDT,620.9331547412263,1,620.9331547412263,,1,1.0,0.0
1INCHUSDT-VETUSDT,51.98172697771849,1,51.98172697771849,,1,1.0,0.0
1INCHUSDT-VOXELUSDT,1080.442439447402,1,1080.442439447402,,1,1.0,0.0
1INCHUSDT-WUSDT,107.1368849898753,1,107.1368849898753,,1,1.0,0.0
1MBABYDOGEUSDT-AEVOUSDT,7144.192374412832,1,7144.192374412832,,1,1.0,0.0
1MBABYDOGEUSDT-ASTRUSDT,3763.9308341871206,1,3763.9308341871206,,1,1.0,0.0
1MBABYDOGEUSDT-AUCTIONUSDT,2298.1694532670144,1,2298.1694532670144,,1,1.0,0.0
1MBABYDOGEUSDT-BALUSDT,3063.3910549231086,1,3063.3910549231086,,1,1.0,0.0
1MBABYDOGEUSDT-CELOUSDT,5256.155891071015,1,5256.155891071015,,1,1.0,0.0
1MBABYDOGEUSDT-CGPTUSDT,264.4483047028468,1,264.4483047028468,,1,1.0,0.0
1MBABYDOGEUSDT-COOKIEUSDT,1903.062008220329,1,1903.062008220329,,1,1.0,0.0
1MBABYDOGEUSDT-COWUSDT,26.671776826602745,1,26.671776826602745,,1,1.0,0.0
1MBABYDOGEUSDT-DASHUSDT,7968.190129509958,1,7968.190129509958,,1,1.0,0.0
1MBABYDOGEUSDT-DIAUSDT,5480.072928057317,1,5480.072928057317,,1,1.0,0.0
1MBABYDOGEUSDT-DOGEUSDT,2563.2203303528254,1,2563.2203303528254,,1,1.0,0.0
1MBABYDOGEUSDT-ENJUSDT,2998.866012447138,1,2998.866012447138,,1,1.0,0.0
1MBABYDOGEUSDT-ENSUSDT,1200.4774956904723,1,1200.4774956904723,,1,1.0,0.0
1MBABYDOGEUSDT-FLOWUSDT,1240.16727540047,1,1240.16727540047,,1,1.0,0.0
1MBABYDOGEUSDT-FXSUSDT,994.7727401568636,1,994.7727401568636,,1,1.0,0.0
1MBABYDOGEUSDT-GASUSDT,927.4076983069356,1,927.4076983069356,,1,1.0,0.0
1MBABYDOGEUSDT-GLMRUSDT,102.2472626981749,1,102.2472626981749,,1,1.0,0.0
1MBABYDOGEUSDT-HOOKUSDT,87.43968999095893,1,87.43968999095893,,1,1.0,0.0
1MBABYDOGEUSDT-ICPUSDT,586.0015558442708,1,586.0015558442708,,1,1.0,0.0
1MBABYDOGEUSDT-ICXUSDT,2035.891997889909,1,2035.891997889909,,1,1.0,0.0
1MBABYDOGEUSDT-IOUSDT,92.22128195639422,1,92.22128195639422,,1,1.0,0.0
1MBABYDOGEUSDT-JOEUSDT,421.9528596332924,1,421.9528596332924,,1,1.0,0.0
1MBABYDOGEUSDT-JUPUSDT,579.5894728343095,1,579.5894728343095,,1,1.0,0.0
1MBABYDOGEUSDT-LTCUSDT,397.4135878753916,1,397.4135878753916,,1,1.0,0.0
1MBABYDOGEUSDT-MASKUSDT,1098.3753076289038,1,1098.3753076289038,,1,1.0,0.0
1MBABYDOGEUSDT-MDTUSDT,312.8160102130928,1,312.8160102130928,,1,1.0,0.0
1MBABYDOGEUSDT-MTLUSDT,118.30616511958634,1,118.30616511958634,,1,1.0,0.0
1MBABYDOGEUSDT-NKNUSDT,7799.849607400479,1,7799.849607400479,,1,1.0,0.0
1MBABYDOGEUSDT-NTRNUSDT,8201.797529934143,1,8201.797529934143,,1,1.0,0.0
1MBABYDOGEUSDT-POLUSDT,2991.3144719759525,1,2991.3144719759525,,1,1.0,0.0
1MBABYDOGEUSDT-PYTHUSDT,620.4431453954718,1,620.4431453954718,,1,1.0,0.0
1MBABYDOGEUSDT-QUICKUSDT,6909.704780902865,1,6909.704780902865,,1,1.0,0.0
1MBABYDOGEUSDT-RADUSDT,1833.8466832967376,1,1833.8466832967376,,1,1.0,0.0
1MBABYDOGEUSDT-RIFUSDT,3197.3498709672217,1,3197.3498709672217,,1,1.0,0.0
1MBABYDOGEUSDT-SANTOSUSDT,1189.7254428551355,1,1189.7254428551355,,1,1.0,0.0
1MBABYDOGEUSDT-SCUSDT,1399.5320251199528,1,1399.5320251199528,,1,1.0,0.0
1MBABYDOGEUSDT-STEEMUSDT,1964.6745859052348,1,1964.6745859052348,,1,1.0,0.0
1MBABYDOGEUSDT-TONUSDT,2820.9903877431466,1,2820.9903877431466,,1,1.0,0.0
1MBABYDOGEUSDT-TRUUSDT,3421.497142413695,1,3421.497142413695,,1,1.0,0.0
1MBABYDOGEUSDT-UMAUSDT,51.21955566605507,1,51.21955566605507,,1,1.0,0.0
1MBABYDOGEUSDT-VETUSDT,2455.3307800181647,1,2455.3307800181647,,1,1.0,0.0
AAVEUSDT-APTUSDT,2811.5642627029656,1,2811.5642627029656,,1,1.0,0.0
AAVEUSDT-ARBUSDT,1287.3913689675196,1,1287.3913689675196,,1,1.0,0.0
AAVEUSDT-ASTRUSDT,1460.3798302911946,1,1460.3798302911946,,1,1.0,0.0
AAVEUSDT-BAKEUSDT,1132.7510986871962,1,1132.7510986871962,,1,1.0,0.0
AAVEUSDT-BANANAUSDT,732.8878078836325,1,732.8878078836325,,1,1.0,0.0
AAVEUSDT-BELUSDT,1280.534095509954,1,1280.534095509954,,1,1.0,0.0
AAVEUSDT-BLURUSDT,560.1105135312878,1,560.1105135312878,,1,1.0,0.0
AAVEUSDT-DEGOUSDT,2919.800321789811,1,2919.800321789811,,1,1.0,0.0
AAVEUSDT-DEXEUSDT,2182.902282350935,1,2182.902282350935,,1,1.0,0.0
AAVEUSDT-DFUSDT,208.31884429196063,1,208.31884429196063,,1,1.0,0.0
AAVEUSDT-DOTUSDT,923.7842700679809,1,923.7842700679809,,1,1.0,0.0
AAVEUSDT-EOSUSDT,1202.208151826342,1,1202.208151826342,,1,1.0,0.0
AAVEUSDT-ETCUSDT,1077.4034775704492,1,1077.4034775704492,,1,1.0,0.0
AAVEUSDT-HOOKUSDT,716.3135612537915,1,716.3135612537915,,1,1.0,0.0
AAVEUSDT-HOTUSDT,1662.743483930033,1,1662.743483930033,,1,1.0,0.0
AAVEUSDT-IMXUSDT,1530.5326978190078,1,1530.5326978190078,,1,1.0,0.0
AAVEUSDT-IOTXUSDT,2904.577668016231,1,2904.577668016231,,1,1.0,0.0
AAVEUSDT-JASMYUSDT,1686.348945121522,1,1686.348945121522,,1,1.0,0.0
AAVEUSDT-LRCUSDT,527.8274040027654,1,527.8274040027654,,1,1.0,0.0
AAVEUSDT-MDTUSDT,851.1441379465596,1,851.1441379465596,,1,1.0,0.0
AAVEUSDT-MOVRUSDT,321.6822936337468,1,321.6822936337468,,1,1.0,0.0
AAVEUSDT-NEOUSDT,1066.9997992603223,1,1066.9997992603223,,1,1.0,0.0
AAVEUSDT-NFPUSDT,3169.702123507436,1,3169.702123507436,,1,1.0,0.0
AAVEUSDT-NTRNUSDT,3210.345188899224,1,3210.345188899224,,1,1.0,0.0
AAVEUSDT-NULSUSDT,1305.803245537979,1,1305.803245537979,,1,1.0,0.0
AAVEUSDT-ONEUSDT,384.6255775237922,1,384.6255775237922,,1,1.0,0.0
AAVEUSDT-PERPUSDT,6697.594994902899,1,6697.594994902899,,1,1.0,0.0
AAVEUSDT-PORTALUSDT,89.69264731085946,1,89.69264731085946,,1,1.0,0.0
AAVEUSDT-QNTUSDT,1462.3007143932052,1,1462.3007143932052,,1,1.0,0.0
AAVEUSDT-ROSEUSDT,1529.0497583656022,1,1529.0497583656022,,1,1.0,0.0
AAVEUSDT-SCRTUSDT,25.55571748131248,1,25.55571748131248,,1,1.0,0.0
AAVEUSDT-SKLUSDT,378.2678142873015,1,378.2678142873015,,1,1.0,0.0
AAVEUSDT-SNXUSDT,361.47969264556633,1,361.47969264556633,,1,1.0,0.0
AAVEUSDT-SPELLUSDT,1203.7190866924616,1,1203.7190866924616,,1,1.0,0.0
AAVEUSDT-STORJUSDT,49.80512554360858,1,49.80512554360858,,1,1.0,0.0
AAVEUSDT-TIAUSDT,110.0595061605726,1,110.0595061605726,,1,1.0,0.0
AAVEUSDT-TRUMPUSDT,428.13301233836495,1,428.13301233836495,,1,1.0,0.0
AAVEUSDT-UNIUSDT,505.8167889519826,1,505.8167889519826,,1,1.0,0.0
AAVEUSDT-WIFUSDT,2080.695912693965,1,2080.695912693965,,1,1.0,0.0
AAVEUSDT-WLDUSDT,782.286109771878,1,782.286109771878,,1,1.0,0.0
AAVEUSDT-XRPUSDT,1333.8811668810572,1,1333.8811668810572,,1,1.0,0.0
AAVEUSDT-XVGUSDT,54.83817239469735,1,54.83817239469735,,1,1.0,0.0
AAVEUSDT-XVSUSDT,2856.77902430254,1,2856.77902430254,,1,1.0,0.0
AAVEUSDT-YFIUSDT,999.0671301253506,1,999.0671301253506,,1,1.0,0.0
AAVEUSDT-ZILUSDT,122.34419063367858,1,122.34419063367858,,1,1.0,0.0
ACEUSDT-ADAUSDT,616.0673259107082,1,616.0673259107082,,1,1.0,0.0
ACEUSDT-AGLDUSDT,362.6597119542968,1,362.6597119542968,,1,1.0,0.0
ACEUSDT-ALGOUSDT,1041.6058067024862,1,1041.6058067024862,,1,1.0,0.0
ACEUSDT-ALTUSDT,1100.0980847165215,1,1100.0980847165215,,1,1.0,0.0
ACEUSDT-ARBUSDT,187.24526619837027,1,187.24526619837027,,1,1.0,0.0
ACEUSDT-ARKMUSDT,1219.4549254219885,1,1219.4549254219885,,1,1.0,0.0
ACEUSDT-ARPAUSDT,439.0486840494415,1,439.0486840494415,,1,1.0,0.0
ACEUSDT-ARUSDT,1825.133899813617,1,1825.133899813617,,1,1.0,0.0
ACEUSDT-ASTRUSDT,2207.9462700410336,1,2207.9462700410336,,1,1.0,0.0
ACEUSDT-AUCTIONUSDT,155.2457806943337,1,155.2457806943337,,1,1.0,0.0
ACEUSDT-BADGERUSDT,1677.201615947995,1,1677.201615947995,,1,1.0,0.0
ACEUSDT-BAKEUSDT,522.7848411477464,1,522.7848411477464,,1,1.0,0.0
ACEUSDT-BANANAUSDT,370.7514577855563,1,370.7514577855563,,1,1.0,0.0
ACEUSDT-BERAUSDT,273.7138511937349,1,273.7138511937349,,1,1.0,0.0
ACEUSDT-CAKEUSDT,23.42490640587181,1,23.42490640587181,,1,1.0,0.0
ACEUSDT-CELOUSDT,86.47103904140498,1,86.47103904140498,,1,1.0,0.0
ACEUSDT-CHESSUSDT,747.2941916873067,1,747.2941916873067,,1,1.0,0.0
ACEUSDT-COOKIEUSDT,1261.9554784905883,1,1261.9554784905883,,1,1.0,0.0
ACEUSDT-COSUSDT,296.5717814903523,1,296.5717814903523,,1,1.0,0.0
ACEUSDT-COTIUSDT,583.3317960675681,1,583.3317960675681,,1,1.0,0.0
ACEUSDT-CTKUSDT,225.04164685604505,1,225.04164685604505,,1,1.0,0.0
ACEUSDT-CYBERUSDT,743.7152497021217,1,743.7152497021217,,1,1.0,0.0
ACEUSDT-DEXEUSDT,3088.1016078903285,1,3088.1016078903285,,1,1.0,0.0
ACEUSDT-FILUSDT,889.1902321035082,1,889.1902321035082,,1,1.0,0.0
ACEUSDT-FORMUSDT,334.12301367852655,1,334.12301367852655,,1,1.0,0.0
ACEUSDT-GTCUSDT,1830.6983899798397,1,1830.6983899798397,,1,1.0,0.0
ACEUSDT-HMSTRUSDT,731.3358167618012,1,731.3358167618012,,1,1.0,0.0
ACEUSDT-JASMYUSDT,893.5601239007719,1,893.5601239007719,,1,1.0,0.0
ACEUSDT-KSMUSDT,971.3483499391748,1,971.3483499391748,,1,1.0,0.0
ACEUSDT-LSKUSDT,794.97094767373,1,794.97094767373,,1,1.0,0.0
ACEUSDT-MLNUSDT,604.7371362816472,1,604.7371362816472,,1,1.0,0.0
ACEUSDT-MOVEUSDT,475.3431241511545,1,475.3431241511545,,1,1.0,0.0
ACEUSDT-NEARUSDT,1164.3142463851502,1,1164.3142463851502,,1,1.0,0.0
ACEUSDT-NOTUSDT,428.99640705515833,1,428.99640705515833,,1,1.0,0.0
ACEUSDT-ONGUSDT,116.75602411568512,1,116.75602411568512,,1,1.0,0.0
ACEUSDT-OPUSDT,1573.0830712943646,1,1573.0830712943646,,1,1.0,0.0
ACEUSDT-PHAUSDT,137.77970871464436,1,137.77970871464436,,1,1.0,0.0
ACEUSDT-PIXELUSDT,2318.3889463161413,1,2318.3889463161413,,1,1.0,0.0
ACEUSDT-PORTALUSDT,947.6136533881504,1,947.6136533881504,,1,1.0,0.0
ACEUSDT-RAREUSDT,2251.424279909909,1,2251.424279909909,,1,1.0,0.0
ACEUSDT-RAYUSDT,2750.2864149500074,1,2750.2864149500074,,1,1.0,0.0
ACEUSDT-REZUSDT,1541.066924082819,1,1541.066924082819,,1,1.0,0.0
ACEUSDT-SCRTUSDT,108.18647788016064,1,108.18647788016064,,1,1.0,0.0
ACEUSDT-STGUSDT,1263.836822465548,1,1263.836822465548,,1,1.0,0.0
ACEUSDT-STORJUSDT,550.8792585889194,1,550.8792585889194,,1,1.0,0.0
ACEUSDT-SUIUSDT,6808.067392852754,1,6808.067392852754,,1,1.0,0.0
ACEUSDT-SUSHIUSDT,167.55372807933253,1,167.55372807933253,,1,1.0,0.0
ACEUSDT-THETAUSDT,5341.035330137478,1,5341.035330137478,,1,1.0,0.0
ACEUSDT-TNSRUSDT,3800.567645052934,1,3800.567645052934,,1,1.0,0.0
ACEUSDT-TRBUSDT,1774.5614287973162,1,1774.5614287973162,,1,1.0,0.0
ACEUSDT-TWTUSDT,240.85321060366837,1,240.85321060366837,,1,1.0,0.0
ACEUSDT-VETUSDT,957.9718245182232,1,957.9718245182232,,1,1.0,0.0
ACEUSDT-VTHOUSDT,10.168183839838749,1,10.168183839838749,,1,1.0,0.0
ACEUSDT-XTZUSDT,752.872326326785,1,752.872326326785,,1,1.0,0.0
ACEUSDT-ZRXUSDT,1600.5354118907496,1,1600.5354118907496,,1,1.0,0.0
ACHUSDT-AERGOUSDT,452.5562687632207,1,452.5562687632207,,1,1.0,0.0
ACHUSDT-ALGOUSDT,1079.0513650452317,1,1079.0513650452317,,1,1.0,0.0
ACHUSDT-ARKMUSDT,157.79429314546525,1,157.79429314546525,,1,1.0,0.0
ACHUSDT-ATAUSDT,177.01034966942146,1,177.01034966942146,,1,1.0,0.0
ACHUSDT-AXLUSDT,930.9391811318544,1,930.9391811318544,,1,1.0,0.0
ACHUSDT-AXSUSDT,3449.254911048909,1,3449.254911048909,,1,1.0,0.0
ACHUSDT-BIOUSDT,888.8064457119546,1,888.8064457119546,,1,1.0,0.0
ACHUSDT-BLURUSDT,1636.9505678310854,1,1636.9505678310854,,1,1.0,0.0
ACHUSDT-BOMEUSDT,2997.2737382586847,1,2997.2737382586847,,1,1.0,0.0
ACHUSDT-CKBUSDT,313.5623123370905,1,313.5623123370905,,1,1.0,0.0
ACHUSDT-COWUSDT,632.7187738679213,1,632.7187738679213,,1,1.0,0.0
ACHUSDT-CVXUSDT,382.0186237844373,1,382.0186237844373,,1,1.0,0.0
ACHUSDT-CYBERUSDT,593.5719335670918,1,593.5719335670918,,1,1.0,0.0
ACHUSDT-DIAUSDT,1986.2284954630388,1,1986.2284954630388,,1,1.0,0.0
ACHUSDT-ENJUSDT,1291.597675564429,1,1291.597675564429,,1,1.0,0.0
ACHUSDT-ICPUSDT,562.6450252920652,1,562.6450252920652,,1,1.0,0.0
ACHUSDT-IOTAUSDT,1835.415974438136,1,1835.415974438136,,1,1.0,0.0
ACHUSDT-IOUSDT,2409.367879498981,1,2409.367879498981,,1,1.0,0.0
ACHUSDT-JUPUSDT,1480.3966122051888,1,1480.3966122051888,,1,1.0,0.0
ACHUSDT-LINAUSDT,1470.8416949791726,1,1470.8416949791726,,1,1.0,0.0
ACHUSDT-LRCUSDT,920.0075795389324,1,920.0075795389324,,1,1.0,0.0
ACHUSDT-LSKUSDT,1395.1930708180885,1,1395.1930708180885,,1,1.0,0.0
ACHUSDT-MANTAUSDT,934.3085354834687,1,934.3085354834687,,1,1.0,0.0
ACHUSDT-MLNUSDT,622.3783715930738,1,622.3783715930738,,1,1.0,0.0
ACHUSDT-NEIROUSDT,95.82947978248367,1,95.82947978248367,,1,1.0,0.0
ACHUSDT-NFPUSDT,102.49031203225908,1,102.49031203225908,,1,1.0,0.0
ACHUSDT-ONGUSDT,2678.2818734595726,1,2678.2818734595726,,1,1.0,0.0
ACHUSDT-PENDLEUSDT,1033.8157645896167,1,1033.8157645896167,,1,1.0,0.0
ACHUSDT-PEOPLEUSDT,425.88507820035824,1,425.88507820035824,,1,1.0,0.0
ACHUSDT-PIXELUSDT,3293.706842957576,1,3293.706842957576,,1,1.0,0.0
ACHUSDT-PNUTUSDT,40.41501912126839,1,40.41501912126839,,1,1.0,0.0
ACHUSDT-PORTALUSDT,2553.230045601352,1,2553.230045601352,,1,1.0,0.0
ACHUSDT-RDNTUSDT,102.6259906186476,1,102.6259906186476,,1,1.0,0.0
ACHUSDT-RSRUSDT,513.6187073250449,1,513.6187073250449,,1,1.0,0.0
ACHUSDT-SCUSDT,915.9068815227268,1,915.9068815227268,,1,1.0,0.0
ACHUSDT-STRAXUSDT,1349.7326842630234,1,1349.7326842630234,,1,1.0,0.0
ACHUSDT-SUSDT,3685.6697269566944,1,3685.6697269566944,,1,1.0,0.0
ACHUSDT-SUSHIUSDT,190.71291963150705,1,190.71291963150705,,1,1.0,0.0
ACHUSDT-SYSUSDT,1439.072400727619,1,1439.072400727619,,1,1.0,0.0
ACHUSDT-TRUUSDT,753.2190409655475,1,753.2190409655475,,1,1.0,0.0
ACHUSDT-TURBOUSDT,5677.879959153841,1,5677.879959153841,,1,1.0,0.0
ACHUSDT-USTCUSDT,2896.1638613853565,1,2896.1638613853565,,1,1.0,0.0
ACHUSDT-VANRYUSDT,1610.4074271535883,1,1610.4074271535883,,1,1.0,0.0
ACHUSDT-ZENUSDT,271.1818805387132,1,271.1818805387132,,1,1.0,0.0
ACHUSDT-ZROUSDT,295.1873142805443,1,295.1873142805443,,1,1.0,0.0
ACTUSDT-ACXUSDT,1299.164167565281,1,1299.164167565281,,1,1.0,0.0
ACTUSDT-AIUSDT,491.7887775267084,1,491.7887775267084,,1,1.0,0.0
ACTUSDT-ALICEUSDT,300.4424283592584,1,300.4424283592584,,1,1.0,0.0
ACTUSDT-ANKRUSDT,396.3799421903731,1,396.3799421903731,,1,1.0,0.0
ACTUSDT-ARUSDT,13.504650694717697,1,13.504650694717697,,1,1.0,0.0
ACTUSDT-BBUSDT,334.8274615489949,1,334.8274615489949,,1,1.0,0.0
ACTUSDT-BLURUSDT,1137.252417352887,1,1137.252417352887,,1,1.0,0.0
ACTUSDT-BNTUSDT,1155.633203577989,1,1155.633203577989,,1,1.0,0.0
ACTUSDT-BROCCOLI714USDT,727.6603995747449,1,727.6603995747449,,1,1.0,0.0
ACTUSDT-C98USDT,1358.984682114288,1,1358.984682114288,,1,1.0,0.0
ACTUSDT-CELOUSDT,1612.5316329157947,1,1612.5316329157947,,1,1.0,0.0
ACTUSDT-CHRUSDT,1322.7954902351848,1,1322.7954902351848,,1,1.0,0.0
ACTUSDT-CTKUSDT,972.0431537090016,1,972.0431537090016,,1,1.0,0.0
ACTUSDT-DENTUSDT,739.0957680152926,1,739.0957680152926,,1,1.0,0.0
ACTUSDT-DOGEUSDT,1179.5571329972015,1,1179.5571329972015,,1,1.0,0.0
ACTUSDT-DOGSUSDT,257.68648444370115,1,257.68648444370115,,1,1.0,0.0
ACTUSDT-DOTUSDT,1322.440977666751,1,1322.440977666751,,1,1.0,0.0
ACTUSDT-DUSDT,345.7761399202772,1,345.7761399202772,,1,1.0,0.0
ACTUSDT-DYMUSDT,1351.907023015634,1,1351.907023015634,,1,1.0,0.0
ACTUSDT-EDUUSDT,611.7766806125062,1,611.7766806125062,,1,1.0,0.0
ACTUSDT-EGLDUSDT,754.1524805085812,1,754.1524805085812,,1,1.0,0.0
ACTUSDT-EIGENUSDT,411.88067919565776,1,411.88067919565776,,1,1.0,0.0
ACTUSDT-ENSUSDT,546.5390296125054,1,546.5390296125054,,1,1.0,0.0
ACTUSDT-ETCUSDT,958.204849585674,1,958.204849585674,,1,1.0,0.0
ACTUSDT-FILUSDT,1080.7150686706918,1,1080.7150686706918,,1,1.0,0.0
ACTUSDT-FLOWUSDT,684.6937049536893,1,684.6937049536893,,1,1.0,0.0
ACTUSDT-FORMUSDT,190.2807207009436,1,190.2807207009436,,1,1.0,0.0
ACTUSDT-FXSUSDT,89.89380963374808,1,89.89380963374808,,1,1.0,0.0
ACTUSDT-GLMRUSDT,299.1200416779881,1,299.1200416779881,,1,1.0,0.0
ACTUSDT-GMTUSDT,61.33022167330762,1,61.33022167330762,,1,1.0,0.0
ACTUSDT-GPSUSDT,2000.503265258104,1,2000.503265258104,,1,1.0,0.0
ACTUSDT-HEIUSDT,1006.8052181567544,1,1006.8052181567544,,1,1.0,0.0
ACTUSDT-HIGHUSDT,1543.4224738154396,1,1543.4224738154396,,1,1.0,0.0
ACTUSDT-ICXUSDT,133.71635484894128,1,133.71635484894128,,1,1.0,0.0
ACTUSDT-INJUSDT,331.9040925159867,1,331.9040925159867,,1,1.0,0.0
ACTUSDT-JTOUSDT,1149.5235743445069,1,1149.5235743445069,,1,1.0,0.0
ACTUSDT-KAIAUSDT,895.0227295160623,1,895.0227295160623,,1,1.0,0.0
ACTUSDT-KAITOUSDT,521.0435704398196,1,521.0435704398196,,1,1.0,0.0
ACTUSDT-LDOUSDT,654.555508272364,1,654.555508272364,,1,1.0,0.0
ACTUSDT-LEVERUSDT,681.8882030040909,1,681.8882030040909,,1,1.0,0.0
ACTUSDT-LINKUSDT,781.8611634773288,1,781.8611634773288,,1,1.0,0.0
ACTUSDT-LPTUSDT,1091.9098113090386,1,1091.9098113090386,,1,1.0,0.0
ACTUSDT-LTCUSDT,1102.2716268417637,1,1102.2716268417637,,1,1.0,0.0
ACTUSDT-MANAUSDT,370.8787908492439,1,370.8787908492439,,1,1.0,0.0
ACTUSDT-MEMEUSDT,897.7227478131467,1,897.7227478131467,,1,1.0,0.0
ACTUSDT-MINAUSDT,1401.1192231675154,1,1401.1192231675154,,1,1.0,0.0
ACTUSDT-MKRUSDT,1278.1383159948098,1,1278.1383159948098,,1,1.0,0.0
ACTUSDT-NKNUSDT,494.7718568302412,1,494.7718568302412,,1,1.0,0.0
ACTUSDT-NTRNUSDT,885.1652079344436,1,885.1652079344436,,1,1.0,0.0
ACTUSDT-OGNUSDT,1248.5165001558796,1,1248.5165001558796,,1,1.0,0.0
ACTUSDT-ONGUSDT,72.26278044200428,1,72.26278044200428,,1,1.0,0.0
ACTUSDT-ORDIUSDT,683.7106825865126,1,683.7106825865126,,1,1.0,0.0
ACTUSDT-PARTIUSDT,1228.449235062644,1,1228.449235062644,,1,1.0,0.0
ACTUSDT-PNUTUSDT,3336.7745304967907,1,3336.7745304967907,,1,1.0,0.0
ACTUSDT-POWRUSDT,13.11845793041354,1,13.11845793041354,,1,1.0,0.0
ACTUSDT-QTUMUSDT,1298.8303433523436,1,1298.8303433523436,,1,1.0,0.0
ACTUSDT-QUICKUSDT,3027.0055629403205,1,3027.0055629403205,,1,1.0,0.0
ACTUSDT-REDUSDT,1383.330848628858,1,1383.330848628858,,1,1.0,0.0
ACTUSDT-RENDERUSDT,268.8078117756719,1,268.8078117756719,,1,1.0,0.0
ACTUSDT-RSRUSDT,211.55502229826385,1,211.55502229826385,,1,1.0,0.0
ACTUSDT-SAGAUSDT,1256.024183168506,1,1256.024183168506,,1,1.0,0.0
ACTUSDT-SCRTUSDT,598.7212380501499,1,598.7212380501499,,1,1.0,0.0
ACTUSDT-SCRUSDT,513.0415554352538,1,513.0415554352538,,1,1.0,0.0
ACTUSDT-SNXUSDT,1319.5154822028685,1,1319.5154822028685,,1,1.0,0.0
ACTUSDT-SOLVUSDT,1207.8734743359892,1,1207.8734743359892,,1,1.0,0.0
ACTUSDT-SPELLUSDT,565.7468164329397,1,565.7468164329397,,1,1.0,0.0
ACTUSDT-SSVUSDT,1072.6511768185808,1,1072.6511768185808,,1,1.0,0.0
ACTUSDT-STRAXUSDT,1283.2205224206064,1,1283.2205224206064,,1,1.0,0.0
ACTUSDT-SYNUSDT,875.3675973821807,1,875.3675973821807,,1,1.0,0.0
ACTUSDT-TLMUSDT,615.3101776337397,1,615.3101776337397,,1,1.0,0.0
ACTUSDT-VANAUSDT,331.7369163578988,1,331.7369163578988,,1,1.0,0.0
ACTUSDT-VETUSDT,554.4886813251555,1,554.4886813251555,,1,1.0,0.0
ACTUSDT-WAXPUSDT,3192.337049973952,1,3192.337049973952,,1,1.0,0.0
ACTUSDT-XVGUSDT,830.5522982718396,1,830.5522982718396,,1,1.0,0.0
ACTUSDT-XVSUSDT,979.5861094458068,1,979.5861094458068,,1,1.0,0.0
ACXUSDT-ALTUSDT,33.40857704263384,1,33.40857704263384,,1,1.0,0.0
ACXUSDT-ATOMUSDT,2.7572576363422314,1,2.7572576363422314,,1,1.0,0.0
ACXUSDT-BANDUSDT,728.295049485262,1,728.295049485262,,1,1.0,0.0
ACXUSDT-BNTUSDT,1647.9318202360053,1,1647.9318202360053,,1,1.0,0.0
ACXUSDT-COWUSDT,956.1314196600384,1,956.1314196600384,,1,1.0,0.0
ACXUSDT-DASHUSDT,1743.4925671574715,1,1743.4925671574715,,1,1.0,0.0
ACXUSDT-DIAUSDT,1234.4284036373865,1,1234.4284036373865,,1,1.0,0.0
ACXUSDT-DYMUSDT,2529.209499340885,1,2529.209499340885,,1,1.0,0.0
ACXUSDT-EPICUSDT,6.467114170387937,1,6.467114170387937,,1,1.0,0.0
ACXUSDT-FLMUSDT,2098.8479599470834,1,2098.8479599470834,,1,1.0,0.0
ACXUSDT-FTTUSDT,9840.185864209974,1,9840.185864209974,,1,1.0,0.0
ACXUSDT-GASUSDT,1919.6255722119663,1,1919.6255722119663,,1,1.0,0.0
ACXUSDT-GTCUSDT,1108.866629695126,1,1108.866629695126,,1,1.0,0.0
ACXUSDT-HFTUSDT,4242.893057125014,1,4242.893057125014,,1,1.0,0.0
ACXUSDT-HIFIUSDT,884.5254220294629,1,884.5254220294629,,1,1.0,0.0
ACXUSDT-ICPUSDT,1009.3040505661183,1,1009.3040505661183,,1,1.0,0.0
ACXUSDT-INJUSDT,1005.6930132028392,1,1005.6930132028392,,1,1.0,0.0
ACXUSDT-IOSTUSDT,106.9684898436507,1,106.9684898436507,,1,1.0,0.0
ACXUSDT-IOTAUSDT,1019.8403952950764,1,1019.8403952950764,,1,1.0,0.0
ACXUSDT-JOEUSDT,3055.9375806077537,1,3055.9375806077537,,1,1.0,0.0
ACXUSDT-LEVERUSDT,684.2542477149523,1,684.2542477149523,,1,1.0,0.0
ACXUSDT-LINAUSDT,4289.937121752972,1,4289.937121752972,,1,1.0,0.0
ACXUSDT-LRCUSDT,5576.247736444646,1,5576.247736444646,,1,1.0,0.0
ACXUSDT-MAVUSDT,3814.535558876661,1,3814.535558876661,,1,1.0,0.0
ACXUSDT-METISUSDT,2197.0716093086025,1,2197.0716093086025,,1,1.0,0.0
ACXUSDT-MINAUSDT,1472.291246390596,1,1472.291246390596,,1,1.0,0.0
ACXUSDT-NEARUSDT,3011.580646677644,1,3011.580646677644,,1,1.0,0.0
ACXUSDT-NEIROUSDT,974.0028071530566,1,974.0028071530566,,1,1.0,0.0
ACXUSDT-OGNUSDT,7337.521429874328,1,7337.521429874328,,1,1.0,0.0
ACXUSDT-OXTUSDT,282.7376373568779,1,282.7376373568779,,1,1.0,0.0
ACXUSDT-POLUSDT,85.83485111605012,1,85.83485111605012,,1,1.0,0.0
ACXUSDT-QUICKUSDT,3552.628184470698,1,3552.628184470698,,1,1.0,0.0
ACXUSDT-REZUSDT,13.052556991335166,1,13.052556991335166,,1,1.0,0.0
ACXUSDT-RIFUSDT,3521.400609446737,1,3521.400609446737,,1,1.0,0.0
ACXUSDT-RLCUSDT,76.61766827455712,1,76.61766827455712,,1,1.0,0.0
ACXUSDT-SCRTUSDT,1531.1027290180411,1,1531.1027290180411,,1,1.0,0.0
ACXUSDT-SSVUSDT,2262.818678271094,1,2262.818678271094,,1,1.0,0.0
ACXUSDT-STRKUSDT,335.7582484616281,1,335.7582484616281,,1,1.0,0.0
ACXUSDT-SUIUSDT,494.52363907564353,1,494.52363907564353,,1,1.0,0.0
ACXUSDT-TIAUSDT,446.9876183471652,1,446.9876183471652,,1,1.0,0.0
ACXUSDT-VETUSDT,538.6184192641274,1,538.6184192641274,,1,1.0,0.0
ACXUSDT-VICUSDT,1456.745774132694,1,1456.745774132694,,1,1.0,0.0
ACXUSDT-ZECUSDT,4081.5053074198654,1,4081.5053074198654,,1,1.0,0.0
ACXUSDT-ZENUSDT,654.7400777114965,1,654.7400777114965,,1,1.0,0.0
ACXUSDT-ZILUSDT,1539.853355784996,1,1539.853355784996,,1,1.0,0.0
ADAUSDT-AEVOUSDT,72.71015978589253,1,72.71015978589253,,1,1.0,0.0
ADAUSDT-AGLDUSDT,864.272126953567,1,864.272126953567,,1,1.0,0.0
ADAUSDT-ARBUSDT,863.0043484768535,1,863.0043484768535,,1,1.0,0.0
ADAUSDT-ARPAUSDT,60.86736111399896,1,60.86736111399896,,1,1.0,0.0
ADAUSDT-ATOMUSDT,1977.1823686582104,1,1977.1823686582104,,1,1.0,0.0
ADAUSDT-AXLUSDT,1742.8458767048503,1,1742.8458767048503,,1,1.0,0.0
ADAUSDT-BOMEUSDT,3416.9144514383856,1,3416.9144514383856,,1,1.0,0.0
ADAUSDT-CELOUSDT,1771.3092941851553,1,1771.3092941851553,,1,1.0,0.0
ADAUSDT-CHZUSDT,1591.2032687697726,1,1591.2032687697726,,1,1.0,0.0
ADAUSDT-CKBUSDT,713.7291250018212,1,713.7291250018212,,1,1.0,0.0
ADAUSDT-CTSIUSDT,957.1422361302818,1,957.1422361302818,,1,1.0,0.0
ADAUSDT-CVCUSDT,324.2132600508746,1,324.2132600508746,,1,1.0,0.0
ADAUSDT-DOTUSDT,880.3150747609395,1,880.3150747609395,,1,1.0,0.0
ADAUSDT-EGLDUSDT,181.15900528405,1,181.15900528405,,1,1.0,0.0
ADAUSDT-ENJUSDT,73.9872934904059,1,73.9872934904059,,1,1.0,0.0
ADAUSDT-ETCUSDT,180.15486032902,1,180.15486032902,,1,1.0,0.0
ADAUSDT-ETHFIUSDT,35.802379711625534,1,35.802379711625534,,1,1.0,0.0
ADAUSDT-FILUSDT,2763.555151457605,1,2763.555151457605,,1,1.0,0.0
ADAUSDT-FTTUSDT,233.49714709094172,1,233.49714709094172,,1,1.0,0.0
ADAUSDT-MOVRUSDT,90.13001912372825,1,90.13001912372825,,1,1.0,0.0
ADAUSDT-PARTIUSDT,1129.546755619914,1,1129.546755619914,,1,1.0,0.0
ADAUSDT-POLYXUSDT,411.759168783619,1,411.759168783619,,1,1.0,0.0
ADAUSDT-SYSUSDT,19.242900758363582,1,19.242900758363582,,1,1.0,0.0
ADAUSDT-VELODROMEUSDT,0.5851062241815725,1,0.5851062241815725,,1,1.0,0.0
ADAUSDT-VOXELUSDT,626.3421331283876,1,626.3421331283876,,1,1.0,0.0
ADAUSDT-WLDUSDT,1176.8507558039948,1,1176.8507558039948,,1,1.0,0.0
ADAUSDT-YFIUSDT,212.12328865038376,1,212.12328865038376,,1,1.0,0.0
ADAUSDT-ZECUSDT,129.3106572937275,1,129.3106572937275,,1,1.0,0.0
ADAUSDT-ZILUSDT,1.3792433403941544,1,1.3792433403941544,,1,1.0,0.0
ADAUSDT-ZROUSDT,1180.6061234895358,1,1180.6061234895358,,1,1.0,0.0
AERGOUSDT-ARKMUSDT,1275.6695215496616,1,1275.6695215496616,,1,1.0,0.0
AERGOUSDT-ARUSDT,311.2672570194905,1,311.2672570194905,,1,1.0,0.0
AERGOUSDT-BATUSDT,235.7949843360909,1,235.7949843360909,,1,1.0,0.0
AERGOUSDT-BNTUSDT,684.849019350312,1,684.849019350312,,1,1.0,0.0
AERGOUSDT-C98USDT,233.0668662606181,1,233.0668662606181,,1,1.0,0.0
AERGOUSDT-CHZUSDT,825.6478146807935,1,825.6478146807935,,1,1.0,0.0
AERGOUSDT-CTKUSDT,635.2672784560656,1,635.2672784560656,,1,1.0,0.0
AERGOUSDT-DENTUSDT,568.2059963257971,1,568.2059963257971,,1,1.0,0.0
AERGOUSDT-DFUSDT,1235.471924806793,1,1235.471924806793,,1,1.0,0.0
AERGOUSDT-DOGEUSDT,533.3354773109776,1,533.3354773109776,,1,1.0,0.0
AERGOUSDT-ETCUSDT,129.26134631010171,1,129.26134631010171,,1,1.0,0.0
AERGOUSDT-ETHFIUSDT,14.048589015155912,1,14.048589015155912,,1,1.0,0.0
AERGOUSDT-FILUSDT,135.9106101602818,1,135.9106101602818,,1,1.0,0.0
AERGOUSDT-GUSDT,1021.2167107813588,1,1021.2167107813588,,1,1.0,0.0
AERGOUSDT-INJUSDT,3322.177223562963,1,3322.177223562963,,1,1.0,0.0
AERGOUSDT-KAVAUSDT,2906.884113717294,1,2906.884113717294,,1,1.0,0.0
AERGOUSDT-LISTAUSDT,892.3726529752283,1,892.3726529752283,,1,1.0,0.0
AERGOUSDT-LSKUSDT,323.4686795267132,1,323.4686795267132,,1,1.0,0.0
AERGOUSDT-MAGICUSDT,431.0789969444322,1,431.0789969444322,,1,1.0,0.0
AERGOUSDT-ONTUSDT,416.8940512450114,1,416.8940512450114,,1,1.0,0.0
AERGOUSDT-PEOPLEUSDT,339.766704399358,1,339.766704399358,,1,1.0,0.0
AERGOUSDT-POLUSDT,565.8822795749103,1,565.8822795749103,,1,1.0,0.0
AERGOUSDT-RONINUSDT,314.2191444064888,1,314.2191444064888,,1,1.0,0.0
AERGOUSDT-SEIUSDT,4230.041628467841,1,4230.041628467841,,1,1.0,0.0
AERGOUSDT-SOLUSDT,785.1508307650587,1,785.1508307650587,,1,1.0,0.0
AERGOUSDT-STPTUSDT,10.148169728449249,1,10.148169728449249,,1,1.0,0.0
AERGOUSDT-SYNUSDT,4428.253545104572,1,4428.253545104572,,1,1.0,0.0
AERGOUSDT-TLMUSDT,1617.6651545573382,1,1617.6651545573382,,1,1.0,0.0
AERGOUSDT-TRUUSDT,306.02420170417736,1,306.02420170417736,,1,1.0,0.0
AERGOUSDT-WAXPUSDT,1028.9193853129782,1,1028.9193853129782,,1,1.0,0.0
AERGOUSDT-WOOUSDT,2845.989076269063,1,2845.989076269063,,1,1.0,0.0
AERGOUSDT-WUSDT,901.5549859891236,1,901.5549859891236,,1,1.0,0.0
AERGOUSDT-XAIUSDT,3411.1347864083414,1,3411.1347864083414,,1,1.0,0.0
AERGOUSDT-ZRXUSDT,2440.0151738634117,1,2440.0151738634117,,1,1.0,0.0
AEVOUSDT-ALICEUSDT,185.5686592662092,1,185.5686592662092,,1,1.0,0.0
AEVOUSDT-ALPACAUSDT,88.84527017770745,1,88.84527017770745,,1,1.0,0.0
AEVOUSDT-APEUSDT,390.7090493722842,1,390.7090493722842,,1,1.0,0.0
AEVOUSDT-ARBUSDT,47.701421026347234,1,47.701421026347234,,1,1.0,0.0
AEVOUSDT-BSWUSDT,352.4602522160119,1,352.4602522160119,,1,1.0,0.0
AEVOUSDT-C98USDT,582.1086700191574,1,582.1086700191574,,1,1.0,0.0
AEVOUSDT-CHZUSDT,2082.5529083461342,1,2082.5529083461342,,1,1.0,0.0
AEVOUSDT-COMBOUSDT,2074.514947185428,1,2074.514947185428,,1,1.0,0.0
AEVOUSDT-COTIUSDT,436.4084183213696,1,436.4084183213696,,1,1.0,0.0
AEVOUSDT-DOGSUSDT,1044.7629217495305,1,1044.7629217495305,,1,1.0,0.0
AEVOUSDT-ENJUSDT,1348.1126170680038,1,1348.1126170680038,,1,1.0,0.0
AEVOUSDT-GALAUSDT,541.758651347872,1,541.758651347872,,1,1.0,0.0
AEVOUSDT-GMTUSDT,248.88786410418996,1,248.88786410418996,,1,1.0,0.0
AEVOUSDT-HIFIUSDT,89.39773773279371,1,89.39773773279371,,1,1.0,0.0
AEVOUSDT-HMSTRUSDT,659.5317237609157,1,659.5317237609157,,1,1.0,0.0
AEVOUSDT-IMXUSDT,1119.236353579551,1,1119.236353579551,,1,1.0,0.0
AEVOUSDT-IOUSDT,553.9815925018632,1,553.9815925018632,,1,1.0,0.0
AEVOUSDT-MANTAUSDT,1686.8660439273624,1,1686.8660439273624,,1,1.0,0.0
AEVOUSDT-MASKUSDT,690.928550046172,1,690.928550046172,,1,1.0,0.0
AEVOUSDT-MLNUSDT,1612.89627614726,1,1612.89627614726,,1,1.0,0.0
AEVOUSDT-NEIROUSDT,8127.191733641636,1,8127.191733641636,,1,1.0,0.0
AEVOUSDT-NFPUSDT,63.37081382188657,1,63.37081382188657,,1,1.0,0.0
AEVOUSDT-NTRNUSDT,42.14392439659822,1,42.14392439659822,,1,1.0,0.0
AEVOUSDT-NULSUSDT,6132.19252534648,1,6132.19252534648,,1,1.0,0.0
AEVOUSDT-OMNIUSDT,764.5125839618399,1,764.5125839618399,,1,1.0,0.0
AEVOUSDT-PIXELUSDT,3169.983127141481,1,3169.983127141481,,1,1.0,0.0
AEVOUSDT-POLYXUSDT,445.39023429404017,1,445.39023429404017,,1,1.0,0.0
AEVOUSDT-RADUSDT,60.79959870414778,1,60.79959870414778,,1,1.0,0.0
AEVOUSDT-RLCUSDT,758.4503795125946,1,758.4503795125946,,1,1.0,0.0
AEVOUSDT-RSRUSDT,63.688537541680375,1,63.688537541680375,,1,1.0,0.0
AEVOUSDT-RVNUSDT,58.435255035352256,1,58.435255035352256,,1,1.0,0.0
AEVOUSDT-SAGAUSDT,176.167489241793,1,176.167489241793,,1,1.0,0.0
AEVOUSDT-SANDUSDT,367.3942902388322,1,367.3942902388322,,1,1.0,0.0
AEVOUSDT-SCRTUSDT,183.50959693758915,1,183.50959693758915,,1,1.0,0.0
AEVOUSDT-SCRUSDT,44.700665569961416,1,44.700665569961416,,1,1.0,0.0
AEVOUSDT-SSVUSDT,806.923818857784,1,806.923818857784,,1,1.0,0.0
AEVOUSDT-SUIUSDT,275.08301806997235,1,275.08301806997235,,1,1.0,0.0
AEVOUSDT-TIAUSDT,177.01135031189375,1,177.01135031189375,,1,1.0,0.0
AEVOUSDT-TONUSDT,951.8932942534312,1,951.8932942534312,,1,1.0,0.0
AEVOUSDT-TWTUSDT,236.51675793860025,1,236.51675793860025,,1,1.0,0.0
AEVOUSDT-VIDTUSDT,407.2276742060646,1,407.2276742060646,,1,1.0,0.0
AEVOUSDT-WLDUSDT,1393.2059308465548,1,1393.2059308465548,,1,1.0,0.0
AEVOUSDT-YGGUSDT,1744.107333150611,1,1744.107333150611,,1,1.0,0.0
AGLDUSDT-ARPAUSDT,2373.6163580153475,1,2373.6163580153475,,1,1.0,0.0
AGLDUSDT-BALUSDT,2325.446335742293,1,2325.446335742293,,1,1.0,0.0
AGLDUSDT-BANANAUSDT,1914.6059715810536,1,1914.6059715810536,,1,1.0,0.0
AGLDUSDT-BBUSDT,331.57507190567594,1,331.57507190567594,,1,1.0,0.0
AGLDUSDT-BEAMXUSDT,123.12590947671175,1,123.12590947671175,,1,1.0,0.0
AGLDUSDT-BROCCOLI714USDT,13.491074315155686,1,13.491074315155686,,1,1.0,0.0
AGLDUSDT-CETUSUSDT,1429.2355174274835,1,1429.2355174274835,,1,1.0,0.0
AGLDUSDT-CKBUSDT,73.00409111555425,1,73.00409111555425,,1,1.0,0.0
AGLDUSDT-COTIUSDT,1990.016959074204,1,1990.016959074204,,1,1.0,0.0
AGLDUSDT-EIGENUSDT,3317.436777680375,1,3317.436777680375,,1,1.0,0.0
AGLDUSDT-EOSUSDT,230.5723076337234,1,230.5723076337234,,1,1.0,0.0
AGLDUSDT-FILUSDT,941.4303411152388,1,941.4303411152388,,1,1.0,0.0
AGLDUSDT-HIFIUSDT,1351.3310537087675,1,1351.3310537087675,,1,1.0,0.0
AGLDUSDT-HOOKUSDT,591.6214943446793,1,591.6214943446793,,1,1.0,0.0
AGLDUSDT-ICPUSDT,1230.9601643754552,1,1230.9601643754552,,1,1.0,0.0
AGLDUSDT-ICXUSDT,1769.6407180783926,1,1769.6407180783926,,1,1.0,0.0
AGLDUSDT-IDUSDT,8232.287899814515,1,8232.287899814515,,1,1.0,0.0
AGLDUSDT-IOTAUSDT,211.87328327496104,1,211.87328327496104,,1,1.0,0.0
AGLDUSDT-IOTXUSDT,453.8709859259538,1,453.8709859259538,,1,1.0,0.0
AGLDUSDT-JOEUSDT,121.1304787667543,1,121.1304787667543,,1,1.0,0.0
AGLDUSDT-LAYERUSDT,1730.505316018106,1,1730.505316018106,,1,1.0,0.0
AGLDUSDT-LPTUSDT,2200.651326033818,1,2200.651326033818,,1,1.0,0.0
AGLDUSDT-LQTYUSDT,702.9018668094266,1,702.9018668094266,,1,1.0,0.0
AGLDUSDT-LSKUSDT,290.02662936974514,1,290.02662936974514,,1,1.0,0.0
AGLDUSDT-LTCUSDT,525.2890527632902,1,525.2890527632902,,1,1.0,0.0
AGLDUSDT-PEOPLEUSDT,3.08576707586343,1,3.08576707586343,,1,1.0,0.0
AGLDUSDT-POLYXUSDT,1.9855911138052635,1,1.9855911138052635,,1,1.0,0.0
AGLDUSDT-PORTALUSDT,1275.9311289369157,1,1275.9311289369157,,1,1.0,0.0
AGLDUSDT-QUICKUSDT,1045.0671400515123,1,1045.0671400515123,,1,1.0,0.0
AGLDUSDT-RADUSDT,293.6669248727496,1,293.6669248727496,,1,1.0,0.0
AGLDUSDT-RENDERUSDT,2459.6682683195327,1,2459.6682683195327,,1,1.0,0.0
AGLDUSDT-RONINUSDT,164.83196986732753,1,164.83196986732753,,1,1.0,0.0
AGLDUSDT-RSRUSDT,1680.883836170298,1,1680.883836170298,,1,1.0,0.0
AGLDUSDT-RUNEUSDT,961.8314021247428,1,961.8314021247428,,1,1.0,0.0
AGLDUSDT-SAGAUSDT,1324.5823520902873,1,1324.5823520902873,,1,1.0,0.0
AGLDUSDT-SHELLUSDT,259.0199103350759,1,259.0199103350759,,1,1.0,0.0
AGLDUSDT-SSVUSDT,3209.969180322779,1,3209.969180322779,,1,1.0,0.0
AGLDUSDT-STRAXUSDT,3794.952264928149,1,3794.952264928149,,1,1.0,0.0
AGLDUSDT-SYSUSDT,4649.398890769639,1,4649.398890769639,,1,1.0,0.0
AGLDUSDT-UNIUSDT,69.04973748230485,1,69.04973748230485,,1,1.0,0.0
AGLDUSDT-YFIUSDT,911.925371004814,1,911.925371004814,,1,1.0,0.0
AGLDUSDT-ZENUSDT,2396.5755154251947,1,2396.5755154251947,,1,1.0,0.0
AIUSDT-ANKRUSDT,185.50143132430907,1,185.50143132430907,,1,1.0,0.0
AIUSDT-ATAUSDT,174.53046517172552,1,174.53046517172552,,1,1.0,0.0
AIUSDT-AVAUSDT,16.459641293271943,1,16.459641293271943,,1,1.0,0.0
AIUSDT-BADGERUSDT,305.26563163379694,1,305.26563163379694,,1,1.0,0.0
AIUSDT-BAKEUSDT,403.84882311660783,1,403.84882311660783,,1,1.0,0.0
AIUSDT-BANDUSDT,2210.09140812725,1,2210.09140812725,,1,1.0,0.0
AIUSDT-BATUSDT,3247.1340802229897,1,3247.1340802229897,,1,1.0,0.0
AIUSDT-BELUSDT,389.2241049908258,1,389.2241049908258,,1,1.0,0.0
AIUSDT-BERAUSDT,391.5120578292855,1,391.5120578292855,,1,1.0,0.0
AIUSDT-BLURUSDT,3765.3629489725504,1,3765.3629489725504,,1,1.0,0.0
AIUSDT-CHRUSDT,1689.8078956412492,1,1689.8078956412492,,1,1.0,0.0
AIUSDT-COMPUSDT,1118.2904303092012,1,1118.2904303092012,,1,1.0,0.0
AIUSDT-CRVUSDT,42.843958192888,1,42.843958192888,,1,1.0,0.0
AIUSDT-DFUSDT,3518.1854929747387,1,3518.1854929747387,,1,1.0,0.0
AIUSDT-DGBUSDT,339.0572527182612,1,339.0572527182612,,1,1.0,0.0
AIUSDT-ENSUSDT,1426.9521097560598,1,1426.9521097560598,,1,1.0,0.0
AIUSDT-FLOWUSDT,1603.3077904347226,1,1603.3077904347226,,1,1.0,0.0
AIUSDT-GLMRUSDT,677.6438451563283,1,677.6438451563283,,1,1.0,0.0
AIUSDT-GTCUSDT,1422.8043245698957,1,1422.8043245698957,,1,1.0,0.0
AIUSDT-INJUSDT,404.8857503361401,1,404.8857503361401,,1,1.0,0.0
AIUSDT-LQTYUSDT,881.0167804867924,1,881.0167804867924,,1,1.0,0.0
AIUSDT-LRCUSDT,782.4610108213811,1,782.4610108213811,,1,1.0,0.0
AIUSDT-MASKUSDT,3177.7306478776923,1,3177.7306478776923,,1,1.0,0.0
AIUSDT-MAVUSDT,2558.330561717657,1,2558.330561717657,,1,1.0,0.0
AIUSDT-NEOUSDT,634.5770382071432,1,634.5770382071432,,1,1.0,0.0
AIUSDT-NILUSDT,2055.2887626314937,1,2055.2887626314937,,1,1.0,0.0
AIUSDT-NMRUSDT,1926.2309986597515,1,1926.2309986597515,,1,1.0,0.0
AIUSDT-ONEUSDT,367.8630644065458,1,367.8630644065458,,1,1.0,0.0
AIUSDT-ORDIUSDT,104.4538068506047,1,104.4538068506047,,1,1.0,0.0
AIUSDT-OXTUSDT,307.8125328365077,1,307.8125328365077,,1,1.0,0.0
AIUSDT-PEOPLEUSDT,1473.2772374918293,1,1473.2772374918293,,1,1.0,0.0
AIUSDT-PNUTUSDT,606.3156732742169,1,606.3156732742169,,1,1.0,0.0
AIUSDT-QNTUSDT,369.77312850649,1,369.77312850649,,1,1.0,0.0
AIUSDT-REIUSDT,50.82497942116068,1,50.82497942116068,,1,1.0,0.0
AIUSDT-RENDERUSDT,433.2311047505945,1,433.2311047505945,,1,1.0,0.0
AIUSDT-RSRUSDT,775.5357891665576,1,775.5357891665576,,1,1.0,0.0
AIUSDT-RVNUSDT,2064.8926467770325,1,2064.8926467770325,,1,1.0,0.0
AIUSDT-SCRUSDT,547.8953621625955,1,547.8953621625955,,1,1.0,0.0
AIUSDT-SEIUSDT,451.67597875505936,1,451.67597875505936,,1,1.0,0.0
AIUSDT-SNTUSDT,836.571297885466,1,836.571297885466,,1,1.0,0.0
AIUSDT-SNXUSDT,141.67056169331582,1,141.67056169331582,,1,1.0,0.0
AIUSDT-SUIUSDT,2761.4102307282583,1,2761.4102307282583,,1,1.0,0.0
AIUSDT-SYNUSDT,503.7751820231918,1,503.7751820231918,,1,1.0,0.0
AIUSDT-TNSRUSDT,1073.4472016017507,1,1073.4472016017507,,1,1.0,0.0
AIUSDT-TWTUSDT,605.8518497578999,1,605.8518497578999,,1,1.0,0.0
AIUSDT-UNIUSDT,243.07795641240665,1,243.07795641240665,,1,1.0,0.0
AIUSDT-USUALUSDT,1850.331638158904,1,1850.331638158904,,1,1.0,0.0
AIUSDT-VANAUSDT,1481.7745264076436,1,1481.7745264076436,,1,1.0,0.0
AIUSDT-VETUSDT,243.18419478070436,1,243.18419478070436,,1,1.0,0.0
AIUSDT-WIFUSDT,128.62819401908314,1,128.62819401908314,,1,1.0,0.0
AIUSDT-WLDUSDT,13.2104862898967,1,13.2104862898967,,1,1.0,0.0
AIUSDT-WUSDT,455.3321583406301,1,455.3321583406301,,1,1.0,0.0
AIUSDT-XAIUSDT,3157.350303020971,1,3157.350303020971,,1,1.0,0.0
AIUSDT-XVGUSDT,236.58313648803136,1,236.58313648803136,,1,1.0,0.0
AIUSDT-XVSUSDT,622.1847078049885,1,622.1847078049885,,1,1.0,0.0
AIUSDT-YGGUSDT,494.96200897968754,1,494.96200897968754,,1,1.0,0.0
AIXBTUSDT-ATAUSDT,1808.3480787772928,1,1808.3480787772928,,1,1.0,0.0
AIXBTUSDT-GALAUSDT,187.13928728091744,1,187.13928728091744,,1,1.0,0.0
AIXBTUSDT-GLMUSDT,619.2798490907708,1,619.2798490907708,,1,1.0,0.0
AIXBTUSDT-IOSTUSDT,9961.325207480071,1,9961.325207480071,,1,1.0,0.0
AIXBTUSDT-IOUSDT,4369.01621443424,1,4369.01621443424,,1,1.0,0.0
AIXBTUSDT-JUPUSDT,905.1320984538536,1,905.1320984538536,,1,1.0,0.0
AIXBTUSDT-LDOUSDT,2687.4146710621103,1,2687.4146710621103,,1,1.0,0.0
AIXBTUSDT-MASKUSDT,196.76802099242997,1,196.76802099242997,,1,1.0,0.0
AIXBTUSDT-MAVUSDT,597.0251497461862,1,597.0251497461862,,1,1.0,0.0
AIXBTUSDT-MINAUSDT,941.934008732368,1,941.934008732368,,1,1.0,0.0
AIXBTUSDT-MOVRUSDT,66.0003044283294,1,66.0003044283294,,1,1.0,0.0
AIXBTUSDT-ORCAUSDT,2.332288572533692,1,2.332288572533692,,1,1.0,0.0
AIXBTUSDT-PIXELUSDT,1689.3567799770983,1,1689.3567799770983,,1,1.0,0.0
AIXBTUSDT-RADUSDT,1870.5750921988915,1,1870.5750921988915,,1,1.0,0.0
AIXBTUSDT-REIUSDT,9745.706051800447,1,9745.706051800447,,1,1.0,0.0
AIXBTUSDT-SCUSDT,3251.7775753449,1,3251.7775753449,,1,1.0,0.0
AIXBTUSDT-STGUSDT,1454.570092336827,1,1454.570092336827,,1,1.0,0.0
AIXBTUSDT-SUIUSDT,1131.4742389006606,1,1131.4742389006606,,1,1.0,0.0
AIXBTUSDT-SXPUSDT,925.5621934824064,1,925.5621934824064,,1,1.0,0.0
AIXBTUSDT-TIAUSDT,116.7770329937672,1,116.7770329937672,,1,1.0,0.0
AIXBTUSDT-TRBUSDT,3572.2268293123684,1,3572.2268293123684,,1,1.0,0.0
AIXBTUSDT-VANAUSDT,10893.711378947864,1,10893.711378947864,,1,1.0,0.0
AIXBTUSDT-ZENUSDT,562.2051191530812,1,562.2051191530812,,1,1.0,0.0
ALGOUSDT-APEUSDT,816.2727849675103,1,816.2727849675103,,1,1.0,0.0
ALGOUSDT-ASTRUSDT,154.0111962197127,1,154.0111962197127,,1,1.0,0.0
ALGOUSDT-ATAUSDT,1511.3721799869272,1,1511.3721799869272,,1,1.0,0.0
ALGOUSDT-BICOUSDT,953.021618631601,1,953.021618631601,,1,1.0,0.0
ALGOUSDT-C98USDT,633.5542160909071,1,633.5542160909071,,1,1.0,0.0
ALGOUSDT-CATIUSDT,1010.6044401161464,1,1010.6044401161464,,1,1.0,0.0
ALGOUSDT-CFXUSDT,33.58829783376303,1,33.58829783376303,,1,1.0,0.0
ALGOUSDT-DFUSDT,193.84512107008183,1,193.84512107008183,,1,1.0,0.0
ALGOUSDT-DIAUSDT,1559.6941739292938,1,1559.6941739292938,,1,1.0,0.0
ALGOUSDT-EDUUSDT,1893.617676651293,1,1893.617676651293,,1,1.0,0.0
ALGOUSDT-EOSUSDT,2388.165814619086,1,2388.165814619086,,1,1.0,0.0
ALGOUSDT-ETHFIUSDT,522.3544278545643,1,522.3544278545643,,1,1.0,0.0
ALGOUSDT-FUNUSDT,929.577093593828,1,929.577093593828,,1,1.0,0.0
ALGOUSDT-GHSTUSDT,511.6347357945731,1,511.6347357945731,,1,1.0,0.0
ALGOUSDT-GLMUSDT,1054.8362999284705,1,1054.8362999284705,,1,1.0,0.0
ALGOUSDT-HFTUSDT,2884.1288961050145,1,2884.1288961050145,,1,1.0,0.0
ALGOUSDT-HMSTRUSDT,1393.8313916661407,1,1393.8313916661407,,1,1.0,0.0
ALGOUSDT-LEVERUSDT,1016.4261698258388,1,1016.4261698258388,,1,1.0,0.0
ALGOUSDT-LINAUSDT,1816.0675369774303,1,1816.0675369774303,,1,1.0,0.0
ALGOUSDT-LOKAUSDT,1281.6225849562716,1,1281.6225849562716,,1,1.0,0.0
ALGOUSDT-MAVUSDT,1503.9096496504358,1,1503.9096496504358,,1,1.0,0.0
ALGOUSDT-MLNUSDT,1531.5290081845474,1,1531.5290081845474,,1,1.0,0.0
ALGOUSDT-MOVRUSDT,2177.160563935566,1,2177.160563935566,,1,1.0,0.0
ALGOUSDT-NEIROUSDT,401.05295997042185,1,401.05295997042185,,1,1.0,0.0
ALGOUSDT-ONEUSDT,395.5033463723047,1,395.5033463723047,,1,1.0,0.0
ALGOUSDT-PORTALUSDT,2260.894025802754,1,2260.894025802754,,1,1.0,0.0
ALGOUSDT-QUICKUSDT,2230.065056521797,1,2230.065056521797,,1,1.0,0.0
ALGOUSDT-RAYUSDT,276.4784088415062,1,276.4784088415062,,1,1.0,0.0
ALGOUSDT-RLCUSDT,3212.078951448005,1,3212.078951448005,,1,1.0,0.0
ALGOUSDT-RONINUSDT,570.1589419316305,1,570.1589419316305,,1,1.0,0.0
ALGOUSDT-SEIUSDT,732.7076953771242,1,732.7076953771242,,1,1.0,0.0
ALGOUSDT-SNTUSDT,294.0702455885717,1,294.0702455885717,,1,1.0,0.0
ALGOUSDT-STPTUSDT,85.04101534741888,1,85.04101534741888,,1,1.0,0.0
ALGOUSDT-SUIUSDT,2419.989148676422,1,2419.989148676422,,1,1.0,0.0
ALGOUSDT-SYNUSDT,231.80402617068395,1,231.80402617068395,,1,1.0,0.0
ALGOUSDT-TRBUSDT,840.4917867944214,1,840.4917867944214,,1,1.0,0.0
ALGOUSDT-XLMUSDT,2892.783415005764,1,2892.783415005764,,1,1.0,0.0
ALGOUSDT-XVSUSDT,191.44992575128128,1,191.44992575128128,,1,1.0,0.0
ALICEUSDT-ALPHAUSDT,1177.816657297519,1,1177.816657297519,,1,1.0,0.0
ALICEUSDT-ARKUSDT,946.2888643170364,1,946.2888643170364,,1,1.0,0.0
ALICEUSDT-BICOUSDT,1312.9689590595883,1,1312.9689590595883,,1,1.0,0.0
ALICEUSDT-BLURUSDT,1582.34558222036,1,1582.34558222036,,1,1.0,0.0
ALICEUSDT-CELOUSDT,64.77716110698671,1,64.77716110698671,,1,1.0,0.0
ALICEUSDT-CFXUSDT,181.5415585167609,1,181.5415585167609,,1,1.0,0.0
ALICEUSDT-COSUSDT,1025.806410894803,1,1025.806410894803,,1,1.0,0.0
ALICEUSDT-CVXUSDT,1725.5634097455002,1,1725.5634097455002,,1,1.0,0.0
ALICEUSDT-DOGEUSDT,520.0441553787385,1,520.0441553787385,,1,1.0,0.0
ALICEUSDT-DUSKUSDT,229.4647635319412,1,229.4647635319412,,1,1.0,0.0
ALICEUSDT-DYDXUSDT,39.64138282305031,1,39.64138282305031,,1,1.0,0.0
ALICEUSDT-EGLDUSDT,32.66273376237549,1,32.66273376237549,,1,1.0,0.0
ALICEUSDT-ENSUSDT,21.73627430833635,1,21.73627430833635,,1,1.0,0.0
ALICEUSDT-EOSUSDT,102.10161088832317,1,102.10161088832317,,1,1.0,0.0
ALICEUSDT-FETUSDT,4614.068814481204,1,4614.068814481204,,1,1.0,0.0
ALICEUSDT-FTTUSDT,3067.747915585935,1,3067.747915585935,,1,1.0,0.0
ALICEUSDT-FUNUSDT,95.9705556554096,1,95.9705556554096,,1,1.0,0.0
ALICEUSDT-GHSTUSDT,138.29519393300058,1,138.29519393300058,,1,1.0,0.0
ALICEUSDT-GMXUSDT,25646.16199742537,1,25646.16199742537,,1,1.0,0.0
ALICEUSDT-HFTUSDT,26.198404479296507,1,26.198404479296507,,1,1.0,0.0
ALICEUSDT-HOTUSDT,431.91397201301936,1,431.91397201301936,,1,1.0,0.0
ALICEUSDT-METISUSDT,1869.2949602204988,1,1869.2949602204988,,1,1.0,0.0
ALICEUSDT-MINAUSDT,316.1028156425106,1,316.1028156425106,,1,1.0,0.0
ALICEUSDT-NKNUSDT,2287.044879634267,1,2287.044879634267,,1,1.0,0.0
ALICEUSDT-NTRNUSDT,565.768047071501,1,565.768047071501,,1,1.0,0.0
ALICEUSDT-ONGUSDT,636.5110781195046,1,636.5110781195046,,1,1.0,0.0
ALICEUSDT-PAXGUSDT,2347.605131286327,1,2347.605131286327,,1,1.0,0.0
ALICEUSDT-PHBUSDT,751.8104184082301,1,751.8104184082301,,1,1.0,0.0
ALICEUSDT-POWRUSDT,154.63861623471917,1,154.63861623471917,,1,1.0,0.0
ALICEUSDT-QUICKUSDT,286.5823507363524,1,286.5823507363524,,1,1.0,0.0
ALICEUSDT-RAYUSDT,5467.167911703713,1,5467.167911703713,,1,1.0,0.0
ALICEUSDT-RUNEUSDT,7.624999053939447,1,7.624999053939447,,1,1.0,0.0
ALICEUSDT-SCRTUSDT,1036.144620048161,1,1036.144620048161,,1,1.0,0.0
ALICEUSDT-SEIUSDT,1041.845437655772,1,1041.845437655772,,1,1.0,0.0
ALICEUSDT-STRAXUSDT,1273.9479660254535,1,1273.9479660254535,,1,1.0,0.0
ALICEUSDT-STXUSDT,860.9958028409194,1,860.9958028409194,,1,1.0,0.0
ALICEUSDT-SXPUSDT,408.8882435245345,1,408.8882435245345,,1,1.0,0.0
ALICEUSDT-THEUSDT,373.3781775083324,1,373.3781775083324,,1,1.0,0.0
ALICEUSDT-TRBUSDT,387.3751915670003,1,387.3751915670003,,1,1.0,0.0
ALICEUSDT-TRUMPUSDT,4459.599003792258,1,4459.599003792258,,1,1.0,0.0
ALICEUSDT-TRUUSDT,655.9238176513377,1,655.9238176513377,,1,1.0,0.0
ALICEUSDT-TWTUSDT,1919.6580486959376,1,1919.6580486959376,,1,1.0,0.0
ALPACAUSDT-ALTUSDT,1302.4353936334542,1,1302.4353936334542,,1,1.0,0.0
ALPACAUSDT-APEUSDT,83.32969972750374,1,83.32969972750374,,1,1.0,0.0
ALPACAUSDT-ARKUSDT,426.113108656744,1,426.113108656744,,1,1.0,0.0
ALPACAUSDT-ATAUSDT,1196.2922173874558,1,1196.2922173874558,,1,1.0,0.0
ALPACAUSDT-CVCUSDT,19.814565609574736,1,19.814565609574736,,1,1.0,0.0
ALPACAUSDT-DEGOUSDT,3795.983911101276,1,3795.983911101276,,1,1.0,0.0
ALPACAUSDT-DGBUSDT,230.5842752672681,1,230.5842752672681,,1,1.0,0.0
ALPACAUSDT-DUSKUSDT,871.6838502800717,1,871.6838502800717,,1,1.0,0.0
ALPACAUSDT-GLMUSDT,322.7362555786659,1,322.7362555786659,,1,1.0,0.0
ALPACAUSDT-GTCUSDT,202.4538120655561,1,202.4538120655561,,1,1.0,0.0
ALPACAUSDT-HIFIUSDT,179.39106750708083,1,179.39106750708083,,1,1.0,0.0
ALPACAUSDT-IMXUSDT,3001.365934018119,1,3001.365934018119,,1,1.0,0.0
ALPACAUSDT-IOSTUSDT,2785.358837053913,1,2785.358837053913,,1,1.0,0.0
ALPACAUSDT-IOTAUSDT,1459.522881642656,1,1459.522881642656,,1,1.0,0.0
ALPACAUSDT-IOTXUSDT,4180.815756340492,1,4180.815756340492,,1,1.0,0.0
ALPACAUSDT-JUPUSDT,440.47835950607305,1,440.47835950607305,,1,1.0,0.0
ALPACAUSDT-KSMUSDT,3421.7814571853646,1,3421.7814571853646,,1,1.0,0.0
ALPACAUSDT-LRCUSDT,1837.8404937456253,1,1837.8404937456253,,1,1.0,0.0
ALPACAUSDT-MLNUSDT,135.41900408373004,1,135.41900408373004,,1,1.0,0.0
ALPACAUSDT-ONTUSDT,492.8156106258672,1,492.8156106258672,,1,1.0,0.0
ALPACAUSDT-POLYXUSDT,55.97277670644999,1,55.97277670644999,,1,1.0,0.0
ALPACAUSDT-SCUSDT,705.3397743462034,1,705.3397743462034,,1,1.0,0.0
ALPACAUSDT-SEIUSDT,595.5619520399672,1,595.5619520399672,,1,1.0,0.0
ALPACAUSDT-SKLUSDT,719.1062285004195,1,719.1062285004195,,1,1.0,0.0
ALPACAUSDT-STORJUSDT,2208.833502068372,1,2208.833502068372,,1,1.0,0.0
ALPACAUSDT-SYNUSDT,1116.164618326738,1,1116.164618326738,,1,1.0,0.0
ALPACAUSDT-TNSRUSDT,10336.708007833276,1,10336.708007833276,,1,1.0,0.0
ALPACAUSDT-TROYUSDT,2515.484131912175,1,2515.484131912175,,1,1.0,0.0
ALPACAUSDT-WAXPUSDT,689.6300803240572,1,689.6300803240572,,1,1.0,0.0
ALPACAUSDT-XTZUSDT,490.8954734745373,1,490.8954734745373,,1,1.0,0.0
ALPACAUSDT-YFIUSDT,1363.450265558889,1,1363.450265558889,,1,1.0,0.0
ALPHAUSDT-API3USDT,11.155503316821688,1,11.155503316821688,,1,1.0,0.0
ALPHAUSDT-ARKUSDT,2221.462019282066,1,2221.462019282066,,1,1.0,0.0
ALPHAUSDT-BANDUSDT,897.0705240502607,1,897.0705240502607,,1,1.0,0.0
ALPHAUSDT-BATUSDT,1150.5787250584167,1,1150.5787250584167,,1,1.0,0.0
ALPHAUSDT-BEAMXUSDT,2076.9185919534284,1,2076.9185919534284,,1,1.0,0.0
ALPHAUSDT-BNTUSDT,2511.693515833001,1,2511.693515833001,,1,1.0,0.0
ALPHAUSDT-CHZUSDT,195.09700636575323,1,195.09700636575323,,1,1.0,0.0
ALPHAUSDT-COMPUSDT,906.606663264627,1,906.606663264627,,1,1.0,0.0
ALPHAUSDT-DENTUSDT,2055.394570741445,1,2055.394570741445,,1,1.0,0.0
ALPHAUSDT-DOTUSDT,2682.737566154714,1,2682.737566154714,,1,1.0,0.0
ALPHAUSDT-DUSKUSDT,1900.1410496674896,1,1900.1410496674896,,1,1.0,0.0
ALPHAUSDT-DYDXUSDT,2644.905495430416,1,2644.905495430416,,1,1.0,0.0
ALPHAUSDT-FILUSDT,1244.458947608051,1,1244.458947608051,,1,1.0,0.0
ALPHAUSDT-GLMRUSDT,2135.660786420608,1,2135.660786420608,,1,1.0,0.0
ALPHAUSDT-HMSTRUSDT,981.5496678830482,1,981.5496678830482,,1,1.0,0.0
ALPHAUSDT-ICPUSDT,692.2638329414392,1,692.2638329414392,,1,1.0,0.0
ALPHAUSDT-JOEUSDT,3522.111011054303,1,3522.111011054303,,1,1.0,0.0
ALPHAUSDT-KAVAUSDT,71.43388868436702,1,71.43388868436702,,1,1.0,0.0
ALPHAUSDT-KDAUSDT,208.7548031066118,1,208.7548031066118,,1,1.0,0.0
ALPHAUSDT-LINAUSDT,1161.1675383120337,1,1161.1675383120337,,1,1.0,0.0
ALPHAUSDT-LOKAUSDT,743.1157955697022,1,743.1157955697022,,1,1.0,0.0
ALPHAUSDT-MLNUSDT,8.56195399275893,1,8.56195399275893,,1,1.0,0.0
ALPHAUSDT-NEARUSDT,641.1188831608476,1,641.1188831608476,,1,1.0,0.0
ALPHAUSDT-NULSUSDT,107.13814578316708,1,107.13814578316708,,1,1.0,0.0
ALPHAUSDT-OGNUSDT,92.71965625402296,1,92.71965625402296,,1,1.0,0.0
ALPHAUSDT-ONEUSDT,2223.440496318594,1,2223.440496318594,,1,1.0,0.0
ALPHAUSDT-PENDLEUSDT,817.1276848150482,1,817.1276848150482,,1,1.0,0.0
ALPHAUSDT-PEOPLEUSDT,765.2993926437016,1,765.2993926437016,,1,1.0,0.0
ALPHAUSDT-PERPUSDT,3011.8928930897137,1,3011.8928930897137,,1,1.0,0.0
ALPHAUSDT-QTUMUSDT,2160.4689055434715,1,2160.4689055434715,,1,1.0,0.0
ALPHAUSDT-RDNTUSDT,1337.2896711413218,1,1337.2896711413218,,1,1.0,0.0
ALPHAUSDT-REZUSDT,822.8361529931557,1,822.8361529931557,,1,1.0,0.0
ALPHAUSDT-RPLUSDT,164.37628243610328,1,164.37628243610328,,1,1.0,0.0
ALPHAUSDT-RUNEUSDT,166.1082301025819,1,166.1082301025819,,1,1.0,0.0
ALPHAUSDT-SCRUSDT,239.45215388134784,1,239.45215388134784,,1,1.0,0.0
ALPHAUSDT-SEIUSDT,148.5487508826316,1,148.5487508826316,,1,1.0,0.0
ALPHAUSDT-STEEMUSDT,2430.339905128737,1,2430.339905128737,,1,1.0,0.0
ALPHAUSDT-STPTUSDT,2108.660836371623,1,2108.660836371623,,1,1.0,0.0
ALPHAUSDT-TIAUSDT,11263.565685735652,1,11263.565685735652,,1,1.0,0.0
ALPHAUSDT-TLMUSDT,2609.4716155309056,1,2609.4716155309056,,1,1.0,0.0
ALPHAUSDT-VTHOUSDT,1704.069846312654,1,1704.069846312654,,1,1.0,0.0
ALPHAUSDT-ZENUSDT,850.0296257271744,1,850.0296257271744,,1,1.0,0.0
ALPHAUSDT-ZROUSDT,2292.725149814544,1,2292.725149814544,,1,1.0,0.0
ALTUSDT-ARPAUSDT,38.08850662050653,1,38.08850662050653,,1,1.0,0.0
ALTUSDT-ARUSDT,9.07915477942472,1,9.07915477942472,,1,1.0,0.0
ALTUSDT-AVAUSDT,175.2080757861124,1,175.2080757861124,,1,1.0,0.0
ALTUSDT-BANANAUSDT,1106.5524120758555,1,1106.5524120758555,,1,1.0,0.0
ALTUSDT-BANDUSDT,1200.5973915377049,1,1200.5973915377049,,1,1.0,0.0
ALTUSDT-BIOUSDT,751.3533028093436,1,751.3533028093436,,1,1.0,0.0
ALTUSDT-BNXUSDT,416.09722739494026,1,416.09722739494026,,1,1.0,0.0
ALTUSDT-CELOUSDT,346.4772808350162,1,346.4772808350162,,1,1.0,0.0
ALTUSDT-CHESSUSDT,588.9745962509909,1,588.9745962509909,,1,1.0,0.0
ALTUSDT-COMPUSDT,510.8931047948629,1,510.8931047948629,,1,1.0,0.0
ALTUSDT-COOKIEUSDT,1150.517151581941,1,1150.517151581941,,1,1.0,0.0
ALTUSDT-CVCUSDT,287.20050066615545,1,287.20050066615545,,1,1.0,0.0
ALTUSDT-DOGEUSDT,641.1939983056516,1,641.1939983056516,,1,1.0,0.0
ALTUSDT-DYMUSDT,1973.862352871384,1,1973.862352871384,,1,1.0,0.0
ALTUSDT-EGLDUSDT,399.64775535998535,1,399.64775535998535,,1,1.0,0.0
ALTUSDT-ENJUSDT,5569.23004072298,1,5569.23004072298,,1,1.0,0.0
ALTUSDT-EOSUSDT,8996.711089926193,1,8996.711089926193,,1,1.0,0.0
ALTUSDT-FILUSDT,1562.7329041310877,1,1562.7329041310877,,1,1.0,0.0
ALTUSDT-FLUXUSDT,608.4553564600121,1,608.4553564600121,,1,1.0,0.0
ALTUSDT-FTTUSDT,3185.642687716633,1,3185.642687716633,,1,1.0,0.0
ALTUSDT-GRTUSDT,384.1835813862247,1,384.1835813862247,,1,1.0,0.0
ALTUSDT-GTCUSDT,37.42136811110372,1,37.42136811110372,,1,1.0,0.0
ALTUSDT-ICPUSDT,38.255252438989366,1,38.255252438989366,,1,1.0,0.0
ALTUSDT-LEVERUSDT,895.0899580102205,1,895.0899580102205,,1,1.0,0.0
ALTUSDT-LINAUSDT,1458.7477038253528,1,1458.7477038253528,,1,1.0,0.0
ALTUSDT-MANTAUSDT,155.11658590041316,1,155.11658590041316,,1,1.0,0.0
ALTUSDT-NFPUSDT,3616.583727627149,1,3616.583727627149,,1,1.0,0.0
ALTUSDT-NKNUSDT,103.18458685041487,1,103.18458685041487,,1,1.0,0.0
ALTUSDT-NTRNUSDT,2979.453081497035,1,2979.453081497035,,1,1.0,0.0
ALTUSDT-NULSUSDT,309.13235316152003,1,309.13235316152003,,1,1.0,0.0
ALTUSDT-OMUSDT,3279.4068859304866,1,3279.4068859304866,,1,1.0,0.0
ALTUSDT-OPUSDT,188.6489758564959,1,188.6489758564959,,1,1.0,0.0
ALTUSDT-ORCAUSDT,193.1748531947804,1,193.1748531947804,,1,1.0,0.0
ALTUSDT-PENDLEUSDT,1180.8517835792627,1,1180.8517835792627,,1,1.0,0.0
ALTUSDT-PERPUSDT,4627.312130524669,1,4627.312130524669,,1,1.0,0.0
ALTUSDT-PHBUSDT,607.8146513900568,1,607.8146513900568,,1,1.0,0.0
ALTUSDT-PORTALUSDT,139.5876809642376,1,139.5876809642376,,1,1.0,0.0
ALTUSDT-RADUSDT,3184.02273582846,1,3184.02273582846,,1,1.0,0.0
ALTUSDT-RENDERUSDT,2165.8793791519074,1,2165.8793791519074,,1,1.0,0.0
ALTUSDT-REZUSDT,626.5363638003823,1,626.5363638003823,,1,1.0,0.0
ALTUSDT-RLCUSDT,3970.341432960297,1,3970.341432960297,,1,1.0,0.0
ALTUSDT-ROSEUSDT,892.9367969610746,1,892.9367969610746,,1,1.0,0.0
ALTUSDT-RUNEUSDT,973.8893371481204,1,973.8893371481204,,1,1.0,0.0
ALTUSDT-SANTOSUSDT,1270.3026306598151,1,1270.3026306598151,,1,1.0,0.0
ALTUSDT-SCRTUSDT,4222.910901321517,1,4222.910901321517,,1,1.0,0.0
ALTUSDT-STRKUSDT,1040.6908571273177,1,1040.6908571273177,,1,1.0,0.0
ALTUSDT-SUPERUSDT,1184.673102989683,1,1184.673102989683,,1,1.0,0.0
ALTUSDT-SUSHIUSDT,1999.7361451243555,1,1999.7361451243555,,1,1.0,0.0
ALTUSDT-SXPUSDT,444.9347745595047,1,444.9347745595047,,1,1.0,0.0
ALTUSDT-TAOUSDT,1690.1876936812698,1,1690.1876936812698,,1,1.0,0.0
ALTUSDT-TWTUSDT,1544.898754864244,1,1544.898754864244,,1,1.0,0.0
ALTUSDT-USUALUSDT,1129.852213575387,1,1129.852213575387,,1,1.0,0.0
ALTUSDT-VETUSDT,531.89579947496,1,531.89579947496,,1,1.0,0.0
ALTUSDT-WLDUSDT,49.53923306927052,1,49.53923306927052,,1,1.0,0.0
ALTUSDT-ZILUSDT,9104.121560190562,1,9104.121560190562,,1,1.0,0.0
ALTUSDT-ZROUSDT,73.90453237509915,1,73.90453237509915,,1,1.0,0.0
ANIMEUSDT-ARPAUSDT,28.48269968101693,1,28.48269968101693,,1,1.0,0.0
ANIMEUSDT-C98USDT,354.7358533469114,1,354.7358533469114,,1,1.0,0.0
ANIMEUSDT-CELRUSDT,2025.2977851204892,1,2025.2977851204892,,1,1.0,0.0
ANIMEUSDT-CHESSUSDT,1825.6184497889628,1,1825.6184497889628,,1,1.0,0.0
ANIMEUSDT-COTIUSDT,306.04392652841887,1,306.04392652841887,,1,1.0,0.0
ANIMEUSDT-DFUSDT,635.2846208535257,1,635.2846208535257,,1,1.0,0.0
ANIMEUSDT-DUSDT,207.4816412568381,1,207.4816412568381,,1,1.0,0.0
ANIMEUSDT-EIGENUSDT,3093.9383338203124,1,3093.9383338203124,,1,1.0,0.0
ANIMEUSDT-HMSTRUSDT,24.77542531683317,1,24.77542531683317,,1,1.0,0.0
ANIMEUSDT-KSMUSDT,831.9977059633599,1,831.9977059633599,,1,1.0,0.0
ANIMEUSDT-MAGICUSDT,18.929490786168657,1,18.929490786168657,,1,1.0,0.0
ANIMEUSDT-MANTAUSDT,909.348285390094,1,909.348285390094,,1,1.0,0.0
ANIMEUSDT-NILUSDT,52.858957292984,1,52.858957292984,,1,1.0,0.0
ANIMEUSDT-PHAUSDT,8.133009725963518,1,8.133009725963518,,1,1.0,0.0
ANIMEUSDT-PHBUSDT,253.6133770751381,1,253.6133770751381,,1,1.0,0.0
ANIMEUSDT-SAGAUSDT,145.57354779714134,1,145.57354779714134,,1,1.0,0.0
ANIMEUSDT-SEIUSDT,564.9520408788186,1,564.9520408788186,,1,1.0,0.0
ANIMEUSDT-SOLVUSDT,989.8153749728762,1,989.8153749728762,,1,1.0,0.0
ANIMEUSDT-STGUSDT,1545.6106107599687,1,1545.6106107599687,,1,1.0,0.0
ANIMEUSDT-TIAUSDT,2187.688372568355,1,2187.688372568355,,1,1.0,0.0
ANIMEUSDT-TNSRUSDT,725.4693196530608,1,725.4693196530608,,1,1.0,0.0
ANIMEUSDT-TUSDT,167.34831789229983,1,167.34831789229983,,1,1.0,0.0
ANIMEUSDT-TWTUSDT,74.01003436209052,1,74.01003436209052,,1,1.0,0.0
ANIMEUSDT-VICUSDT,78.06026060677199,1,78.06026060677199,,1,1.0,0.0
ANIMEUSDT-VTHOUSDT,1370.774425083302,1,1370.774425083302,,1,1.0,0.0
ANIMEUSDT-WIFUSDT,12.00246652784046,1,12.00246652784046,,1,1.0,0.0
ANIMEUSDT-XVGUSDT,103.62894877810044,1,103.62894877810044,,1,1.0,0.0
ANKRUSDT-APEUSDT,1160.5671562361297,1,1160.5671562361297,,1,1.0,0.0
ANKRUSDT-ARBUSDT,20.160095597881902,1,20.160095597881902,,1,1.0,0.0
ANKRUSDT-ARUSDT,904.0227556088008,1,904.0227556088008,,1,1.0,0.0
ANKRUSDT-AXLUSDT,2878.141711738481,1,2878.141711738481,,1,1.0,0.0
ANKRUSDT-BICOUSDT,174.55359728053756,1,174.55359728053756,,1,1.0,0.0
ANKRUSDT-BNTUSDT,987.7528546766206,1,987.7528546766206,,1,1.0,0.0
ANKRUSDT-COMBOUSDT,2015.6016071623144,1,2015.6016071623144,,1,1.0,0.0
ANKRUSDT-COSUSDT,935.3102349546106,1,935.3102349546106,,1,1.0,0.0
ANKRUSDT-CRVUSDT,1783.337947132332,1,1783.337947132332,,1,1.0,0.0
ANKRUSDT-CYBERUSDT,154.20246065765622,1,154.20246065765622,,1,1.0,0.0
ANKRUSDT-DGBUSDT,243.4853824699896,1,243.4853824699896,,1,1.0,0.0
ANKRUSDT-DOGSUSDT,738.3797856185516,1,738.3797856185516,,1,1.0,0.0
ANKRUSDT-DYDXUSDT,5638.897579076307,1,5638.897579076307,,1,1.0,0.0
ANKRUSDT-ETCUSDT,419.008702348669,1,419.008702348669,,1,1.0,0.0
ANKRUSDT-ETHFIUSDT,841.3301248503928,1,841.3301248503928,,1,1.0,0.0
ANKRUSDT-FILUSDT,53.774507507448966,1,53.774507507448966,,1,1.0,0.0
ANKRUSDT-GALAUSDT,793.7871744905921,1,793.7871744905921,,1,1.0,0.0
ANKRUSDT-GLMRUSDT,559.5526711691481,1,559.5526711691481,,1,1.0,0.0
ANKRUSDT-GLMUSDT,210.79193984401067,1,210.79193984401067,,1,1.0,0.0
ANKRUSDT-GMXUSDT,1982.0546269000024,1,1982.0546269000024,,1,1.0,0.0
ANKRUSDT-GPSUSDT,1341.8349396444494,1,1341.8349396444494,,1,1.0,0.0
ANKRUSDT-HIFIUSDT,1594.586347651562,1,1594.586347651562,,1,1.0,0.0
ANKRUSDT-HOOKUSDT,1176.5937946615709,1,1176.5937946615709,,1,1.0,0.0
ANKRUSDT-ICPUSDT,76.27711107026963,1,76.27711107026963,,1,1.0,0.0
ANKRUSDT-ILVUSDT,150.99877003802334,1,150.99877003802334,,1,1.0,0.0
ANKRUSDT-IOTXUSDT,362.36158605802655,1,362.36158605802655,,1,1.0,0.0
ANKRUSDT-KNCUSDT,746.8837373674721,1,746.8837373674721,,1,1.0,0.0
ANKRUSDT-LEVERUSDT,327.2222313539522,1,327.2222313539522,,1,1.0,0.0
ANKRUSDT-MAGICUSDT,1925.102097982273,1,1925.102097982273,,1,1.0,0.0
ANKRUSDT-MANTAUSDT,256.2026457532551,1,256.2026457532551,,1,1.0,0.0
ANKRUSDT-METISUSDT,283.15927215472857,1,283.15927215472857,,1,1.0,0.0
ANKRUSDT-NOTUSDT,103.12077160977918,1,103.12077160977918,,1,1.0,0.0
ANKRUSDT-ONGUSDT,97.72473303692014,1,97.72473303692014,,1,1.0,0.0
ANKRUSDT-ORCAUSDT,1284.5505002398215,1,1284.5505002398215,,1,1.0,0.0
ANKRUSDT-PENGUUSDT,1594.528850148699,1,1594.528850148699,,1,1.0,0.0
ANKRUSDT-PERPUSDT,3525.860322445756,1,3525.860322445756,,1,1.0,0.0
ANKRUSDT-PHAUSDT,2.4347022099568747,1,2.4347022099568747,,1,1.0,0.0
ANKRUSDT-POLUSDT,499.2920594052366,1,499.2920594052366,,1,1.0,0.0
ANKRUSDT-POLYXUSDT,368.8418027053345,1,368.8418027053345,,1,1.0,0.0
ANKRUSDT-PYTHUSDT,155.44417961584367,1,155.44417961584367,,1,1.0,0.0
ANKRUSDT-QTUMUSDT,1298.73594019424,1,1298.73594019424,,1,1.0,0.0
ANKRUSDT-RADUSDT,305.0279777255538,1,305.0279777255538,,1,1.0,0.0
ANKRUSDT-RAYUSDT,5018.587041080254,1,5018.587041080254,,1,1.0,0.0
ANKRUSDT-RIFUSDT,115.83491763531802,1,115.83491763531802,,1,1.0,0.0
ANKRUSDT-RLCUSDT,153.45165605295756,1,153.45165605295756,,1,1.0,0.0
ANKRUSDT-RPLUSDT,974.591527011722,1,974.591527011722,,1,1.0,0.0
ANKRUSDT-STEEMUSDT,323.35050163744984,1,323.35050163744984,,1,1.0,0.0
ANKRUSDT-STGUSDT,581.5186063577514,1,581.5186063577514,,1,1.0,0.0
ANKRUSDT-SUPERUSDT,1343.0814807033576,1,1343.0814807033576,,1,1.0,0.0
ANKRUSDT-TIAUSDT,131.26653545358042,1,131.26653545358042,,1,1.0,0.0
ANKRUSDT-TNSRUSDT,134.4484772636387,1,134.4484772636387,,1,1.0,0.0
ANKRUSDT-UNIUSDT,235.5561401727205,1,235.5561401727205,,1,1.0,0.0
ANKRUSDT-WIFUSDT,49.42591370240171,1,49.42591370240171,,1,1.0,0.0
ANKRUSDT-YGGUSDT,1542.8776339406008,1,1542.8776339406008,,1,1.0,0.0
ANKRUSDT-ZKUSDT,1578.6672341930632,1,1578.6672341930632,,1,1.0,0.0
APEUSDT-ARKMUSDT,10.677134513271582,1,10.677134513271582,,1,1.0,0.0
APEUSDT-ARPAUSDT,2849.677265761772,1,2849.677265761772,,1,1.0,0.0
APEUSDT-AUCTIONUSDT,739.6993293725337,1,739.6993293725337,,1,1.0,0.0
APEUSDT-AXLUSDT,2326.161633179404,1,2326.161633179404,,1,1.0,0.0
APEUSDT-BELUSDT,19.83349580987852,1,19.83349580987852,,1,1.0,0.0
APEUSDT-CFXUSDT,2961.9987611102742,1,2961.9987611102742,,1,1.0,0.0
APEUSDT-COOKIEUSDT,127.90704830518573,1,127.90704830518573,,1,1.0,0.0
APEUSDT-CVCUSDT,222.2896821703372,1,222.2896821703372,,1,1.0,0.0
APEUSDT-ENJUSDT,122.2008643675565,1,122.2008643675565,,1,1.0,0.0
APEUSDT-FLMUSDT,70.06444088883795,1,70.06444088883795,,1,1.0,0.0
APEUSDT-GASUSDT,843.4763396901952,1,843.4763396901952,,1,1.0,0.0
APEUSDT-GHSTUSDT,608.1404599600991,1,608.1404599600991,,1,1.0,0.0
APEUSDT-GMXUSDT,1400.6162055411278,1,1400.6162055411278,,1,1.0,0.0
APEUSDT-HIGHUSDT,26.943194533686707,1,26.943194533686707,,1,1.0,0.0
APEUSDT-HOOKUSDT,3574.8163680224475,1,3574.8163680224475,,1,1.0,0.0
APEUSDT-IDEXUSDT,837.1322610815171,1,837.1322610815171,,1,1.0,0.0
APEUSDT-IOTXUSDT,1453.8245107590628,1,1453.8245107590628,,1,1.0,0.0
APEUSDT-IOUSDT,165.4869887540183,1,165.4869887540183,,1,1.0,0.0
APEUSDT-KAVAUSDT,2832.4895656048952,1,2832.4895656048952,,1,1.0,0.0
APEUSDT-LUMIAUSDT,5976.422256724845,1,5976.422256724845,,1,1.0,0.0
APEUSDT-METISUSDT,280.59614338656377,1,280.59614338656377,,1,1.0,0.0
APEUSDT-NEARUSDT,2156.020776749592,1,2156.020776749592,,1,1.0,0.0
APEUSDT-NFPUSDT,1795.5523721455904,1,1795.5523721455904,,1,1.0,0.0
APEUSDT-OPUSDT,67.39806937277771,1,67.39806937277771,,1,1.0,0.0
APEUSDT-OXTUSDT,3109.969568505945,1,3109.969568505945,,1,1.0,0.0
APEUSDT-PENDLEUSDT,2256.005649054575,1,2256.005649054575,,1,1.0,0.0
APEUSDT-PERPUSDT,166.2474373491051,1,166.2474373491051,,1,1.0,0.0
APEUSDT-QNTUSDT,777.9508938885768,1,777.9508938885768,,1,1.0,0.0
APEUSDT-QUICKUSDT,98.00455132863422,1,98.00455132863422,,1,1.0,0.0
APEUSDT-RADUSDT,2725.776096524672,1,2725.776096524672,,1,1.0,0.0
APEUSDT-RAREUSDT,280.3701834780596,1,280.3701834780596,,1,1.0,0.0
APEUSDT-RDNTUSDT,119.13439307929016,1,119.13439307929016,,1,1.0,0.0
APEUSDT-RLCUSDT,28.00058102035173,1,28.00058102035173,,1,1.0,0.0
APEUSDT-SANTOSUSDT,764.4120158667305,1,764.4120158667305,,1,1.0,0.0
APEUSDT-SCRTUSDT,200.56974429886992,1,200.56974429886992,,1,1.0,0.0
APEUSDT-SOLUSDT,887.0271561477291,1,887.0271561477291,,1,1.0,0.0
APEUSDT-SSVUSDT,124.57271960668191,1,124.57271960668191,,1,1.0,0.0
APEUSDT-TONUSDT,166.3388172256514,1,166.3388172256514,,1,1.0,0.0
APEUSDT-TWTUSDT,526.5921213413383,1,526.5921213413383,,1,1.0,0.0
APEUSDT-VOXELUSDT,183.00046454973267,1,183.00046454973267,,1,1.0,0.0
APEUSDT-XTZUSDT,10.64138707785159,1,10.64138707785159,,1,1.0,0.0
APEUSDT-YFIUSDT,4962.227234658444,1,4962.227234658444,,1,1.0,0.0
APEUSDT-ZENUSDT,2541.791369407932,1,2541.791369407932,,1,1.0,0.0
API3USDT-APTUSDT,4367.255857364279,1,4367.255857364279,,1,1.0,0.0
API3USDT-ARBUSDT,4667.427236762873,1,4667.427236762873,,1,1.0,0.0
API3USDT-BADGERUSDT,4460.928518563456,1,4460.928518563456,,1,1.0,0.0
API3USDT-BBUSDT,1127.3944280665153,1,1127.3944280665153,,1,1.0,0.0
API3USDT-BIOUSDT,411.7043932137983,1,411.7043932137983,,1,1.0,0.0
API3USDT-BLURUSDT,2606.018131152236,1,2606.018131152236,,1,1.0,0.0
API3USDT-BOMEUSDT,179.6264669734877,1,179.6264669734877,,1,1.0,0.0
API3USDT-CELOUSDT,563.6159575926445,1,563.6159575926445,,1,1.0,0.0
API3USDT-CHRUSDT,463.03661241726223,1,463.03661241726223,,1,1.0,0.0
API3USDT-CVCUSDT,144.65291819667902,1,144.65291819667902,,1,1.0,0.0
API3USDT-DEXEUSDT,1816.7127522678131,1,1816.7127522678131,,1,1.0,0.0
API3USDT-DOGSUSDT,336.3072351482434,1,336.3072351482434,,1,1.0,0.0
API3USDT-DYDXUSDT,404.7226815365223,1,404.7226815365223,,1,1.0,0.0
API3USDT-EDUUSDT,5324.163488451944,1,5324.163488451944,,1,1.0,0.0
API3USDT-EGLDUSDT,4756.744882240082,1,4756.744882240082,,1,1.0,0.0
API3USDT-ETHFIUSDT,3305.5830671662093,1,3305.5830671662093,,1,1.0,0.0
API3USDT-FORMUSDT,414.30492808272703,1,414.30492808272703,,1,1.0,0.0
API3USDT-GASUSDT,4316.611768621064,1,4316.611768621064,,1,1.0,0.0
API3USDT-HFTUSDT,310.4127030495035,1,310.4127030495035,,1,1.0,0.0
API3USDT-HIFIUSDT,9.58184317202106,1,9.58184317202106,,1,1.0,0.0
API3USDT-IOTAUSDT,1762.519214210862,1,1762.519214210862,,1,1.0,0.0
API3USDT-IOTXUSDT,848.648992783383,1,848.648992783383,,1,1.0,0.0
API3USDT-KAIAUSDT,260.52012919554693,1,260.52012919554693,,1,1.0,0.0
API3USDT-LINKUSDT,279.07197192833246,1,279.07197192833246,,1,1.0,0.0
API3USDT-LOKAUSDT,1238.1992217201298,1,1238.1992217201298,,1,1.0,0.0
API3USDT-MEUSDT,642.2291146249603,1,642.2291146249603,,1,1.0,0.0
API3USDT-NEARUSDT,251.8994255495268,1,251.8994255495268,,1,1.0,0.0
API3USDT-NEIROUSDT,546.9032747059255,1,546.9032747059255,,1,1.0,0.0
API3USDT-NULSUSDT,1796.4519648214043,1,1796.4519648214043,,1,1.0,0.0
API3USDT-ONEUSDT,502.4751840252872,1,502.4751840252872,,1,1.0,0.0
API3USDT-OXTUSDT,263.570344095261,1,263.570344095261,,1,1.0,0.0
API3USDT-QTUMUSDT,95.37379745759785,1,95.37379745759785,,1,1.0,0.0
API3USDT-RVNUSDT,118.64444422269054,1,118.64444422269054,,1,1.0,0.0
API3USDT-SCRUSDT,6295.75055083161,1,6295.75055083161,,1,1.0,0.0
API3USDT-SLPUSDT,880.623490054916,1,880.623490054916,,1,1.0,0.0
API3USDT-SPELLUSDT,1039.4080520720424,1,1039.4080520720424,,1,1.0,0.0
API3USDT-STORJUSDT,3574.9824629438112,1,3574.9824629438112,,1,1.0,0.0
API3USDT-STXUSDT,1886.263991986673,1,1886.263991986673,,1,1.0,0.0
API3USDT-SUIUSDT,112.68699245492571,1,112.68699245492571,,1,1.0,0.0
API3USDT-SUPERUSDT,312.4358329254537,1,312.4358329254537,,1,1.0,0.0
API3USDT-SUSDT,1438.3039267682068,1,1438.3039267682068,,1,1.0,0.0
API3USDT-SXPUSDT,1179.3408983333104,1,1179.3408983333104,,1,1.0,0.0
API3USDT-TLMUSDT,304.6761694747388,1,304.6761694747388,,1,1.0,0.0
API3USDT-TROYUSDT,271.97403422039577,1,271.97403422039577,,1,1.0,0.0
API3USDT-UMAUSDT,119.95653230750597,1,119.95653230750597,,1,1.0,0.0
API3USDT-VETUSDT,189.1341506973677,1,189.1341506973677,,1,1.0,0.0
API3USDT-XVSUSDT,744.4412779366797,1,744.4412779366797,,1,1.0,0.0
API3USDT-ZENUSDT,3944.939834870972,1,3944.939834870972,,1,1.0,0.0
API3USDT-ZROUSDT,623.8293655383862,1,623.8293655383862,,1,1.0,0.0
APTUSDT-ARBUSDT,779.3913341190452,1,779.3913341190452,,1,1.0,0.0
APTUSDT-AVAXUSDT,230.36339598848608,1,230.36339598848608,,1,1.0,0.0
APTUSDT-BMTUSDT,1143.2422826107695,1,1143.2422826107695,,1,1.0,0.0
APTUSDT-CHRUSDT,325.9872159034377,1,325.9872159034377,,1,1.0,0.0
APTUSDT-DOTUSDT,1730.4365448301992,1,1730.4365448301992,,1,1.0,0.0
APTUSDT-EGLDUSDT,666.210238389162,1,666.210238389162,,1,1.0,0.0
APTUSDT-ENAUSDT,3311.9991867866315,1,3311.9991867866315,,1,1.0,0.0
APTUSDT-FIDAUSDT,2694.282473777883,1,2694.282473777883,,1,1.0,0.0
APTUSDT-IOSTUSDT,57.68206930027299,1,57.68206930027299,,1,1.0,0.0
APTUSDT-JASMYUSDT,83.12232531252872,1,83.12232531252872,,1,1.0,0.0
APTUSDT-LTCUSDT,566.2514637027217,1,566.2514637027217,,1,1.0,0.0
APTUSDT-MLNUSDT,144.72986793171535,1,144.72986793171535,,1,1.0,0.0
APTUSDT-MOVRUSDT,948.2410124669602,1,948.2410124669602,,1,1.0,0.0
APTUSDT-NULSUSDT,83.51494883391226,1,83.51494883391226,,1,1.0,0.0
APTUSDT-POLUSDT,2203.677640234732,1,2203.677640234732,,1,1.0,0.0
APTUSDT-POWRUSDT,358.79840001284725,1,358.79840001284725,,1,1.0,0.0
APTUSDT-RADUSDT,2999.457412294,1,2999.457412294,,1,1.0,0.0
APTUSDT-REIUSDT,199.670416741778,1,199.670416741778,,1,1.0,0.0
APTUSDT-RENDERUSDT,56.58088763820778,1,56.58088763820778,,1,1.0,0.0
APTUSDT-STRAXUSDT,1996.3252357953213,1,1996.3252357953213,,1,1.0,0.0
APTUSDT-SUSHIUSDT,1716.4056568351048,1,1716.4056568351048,,1,1.0,0.0
APTUSDT-VICUSDT,985.8446173785244,1,985.8446173785244,,1,1.0,0.0
APTUSDT-WLDUSDT,25.06093925408329,1,25.06093925408329,,1,1.0,0.0
APTUSDT-XTZUSDT,2992.1052221371624,1,2992.1052221371624,,1,1.0,0.0
ARBUSDT-BADGERUSDT,281.280263416343,1,281.280263416343,,1,1.0,0.0
ARBUSDT-BIOUSDT,1018.5126121014808,1,1018.5126121014808,,1,1.0,0.0
ARBUSDT-BLURUSDT,4730.8537752887205,1,4730.8537752887205,,1,1.0,0.0
ARBUSDT-BNTUSDT,15.408156995237,1,15.408156995237,,1,1.0,0.0
ARBUSDT-BOMEUSDT,1512.397054109905,1,1512.397054109905,,1,1.0,0.0
ARBUSDT-CAKEUSDT,846.7551758907135,1,846.7551758907135,,1,1.0,0.0
ARBUSDT-CATIUSDT,1285.3821860723235,1,1285.3821860723235,,1,1.0,0.0
ARBUSDT-CELRUSDT,2101.35770680646,1,2101.35770680646,,1,1.0,0.0
ARBUSDT-CGPTUSDT,500.5184174951516,1,500.5184174951516,,1,1.0,0.0
ARBUSDT-COSUSDT,91.55885923065668,1,91.55885923065668,,1,1.0,0.0
ARBUSDT-COTIUSDT,109.56834799551622,1,109.56834799551622,,1,1.0,0.0
ARBUSDT-CRVUSDT,261.87917563223266,1,261.87917563223266,,1,1.0,0.0
ARBUSDT-CTSIUSDT,4367.347759835191,1,4367.347759835191,,1,1.0,0.0
ARBUSDT-DGBUSDT,293.56929788243974,1,293.56929788243974,,1,1.0,0.0
ARBUSDT-DUSKUSDT,139.8117337075306,1,139.8117337075306,,1,1.0,0.0
ARBUSDT-EDUUSDT,157.3556485062278,1,157.3556485062278,,1,1.0,0.0
ARBUSDT-ENSUSDT,160.77363215902142,1,160.77363215902142,,1,1.0,0.0
ARBUSDT-IDEXUSDT,5621.757406986256,1,5621.757406986256,,1,1.0,0.0
ARBUSDT-IOSTUSDT,263.49230966619234,1,263.49230966619234,,1,1.0,0.0
ARBUSDT-IOTAUSDT,905.9821632895956,1,905.9821632895956,,1,1.0,0.0
ARBUSDT-JUPUSDT,410.3020400354515,1,410.3020400354515,,1,1.0,0.0
ARBUSDT-MEUSDT,270.4717917105586,1,270.4717917105586,,1,1.0,0.0
ARBUSDT-MOVEUSDT,166.16216353232642,1,166.16216353232642,,1,1.0,0.0
ARBUSDT-NEARUSDT,406.5210486096302,1,406.5210486096302,,1,1.0,0.0
ARBUSDT-ONGUSDT,136.3967306858882,1,136.3967306858882,,1,1.0,0.0
ARBUSDT-ONTUSDT,3465.590413730984,1,3465.590413730984,,1,1.0,0.0
ARBUSDT-ORCAUSDT,1171.9514659994395,1,1171.9514659994395,,1,1.0,0.0
ARBUSDT-PEOPLEUSDT,232.6712402874325,1,232.6712402874325,,1,1.0,0.0
ARBUSDT-PIXELUSDT,83.24764552202129,1,83.24764552202129,,1,1.0,0.0
ARBUSDT-REIUSDT,3401.6538309015973,1,3401.6538309015973,,1,1.0,0.0
ARBUSDT-RENDERUSDT,77.4645675703949,1,77.4645675703949,,1,1.0,0.0
ARBUSDT-RIFUSDT,99.55566968115684,1,99.55566968115684,,1,1.0,0.0
ARBUSDT-RVNUSDT,107.34638703553074,1,107.34638703553074,,1,1.0,0.0
ARBUSDT-SOLUSDT,308.16544352702704,1,308.16544352702704,,1,1.0,0.0
ARBUSDT-STXUSDT,1777.1920479633425,1,1777.1920479633425,,1,1.0,0.0
ARBUSDT-THETAUSDT,529.6337289826062,1,529.6337289826062,,1,1.0,0.0
ARBUSDT-TIAUSDT,2371.7190295864225,1,2371.7190295864225,,1,1.0,0.0
ARBUSDT-TRBUSDT,446.9795452901861,1,446.9795452901861,,1,1.0,0.0
ARBUSDT-TURBOUSDT,155.0303149812742,1,155.0303149812742,,1,1.0,0.0
ARBUSDT-TWTUSDT,198.29951966639644,1,198.29951966639644,,1,1.0,0.0
ARBUSDT-VTHOUSDT,437.5528372959093,1,437.5528372959093,,1,1.0,0.0
ARBUSDT-WUSDT,490.6688577093285,1,490.6688577093285,,1,1.0,0.0
ARBUSDT-YFIUSDT,4910.114784571142,1,4910.114784571142,,1,1.0,0.0
ARBUSDT-ZECUSDT,336.767769299715,1,336.767769299715,,1,1.0,0.0
ARBUSDT-ZENUSDT,109.36638440989124,1,109.36638440989124,,1,1.0,0.0
ARKMUSDT-ARUSDT,272.41654880269687,1,272.41654880269687,,1,1.0,0.0
ARKMUSDT-BAKEUSDT,120.04593441008474,1,120.04593441008474,,1,1.0,0.0
ARKMUSDT-BANANAUSDT,11.298295917229524,1,11.298295917229524,,1,1.0,0.0
ARKMUSDT-BNTUSDT,490.6073208394639,1,490.6073208394639,,1,1.0,0.0
ARKMUSDT-BOMEUSDT,705.3089786791297,1,705.3089786791297,,1,1.0,0.0
ARKMUSDT-CAKEUSDT,105.48799152900332,1,105.48799152900332,,1,1.0,0.0
ARKMUSDT-CHRUSDT,924.7689651327732,1,924.7689651327732,,1,1.0,0.0
ARKMUSDT-COMPUSDT,271.56018243940986,1,271.56018243940986,,1,1.0,0.0
ARKMUSDT-DGBUSDT,78.51663665364927,1,78.51663665364927,,1,1.0,0.0
ARKMUSDT-GMXUSDT,1636.962555130518,1,1636.962555130518,,1,1.0,0.0
ARKMUSDT-GRTUSDT,762.6104823506403,1,762.6104823506403,,1,1.0,0.0
ARKMUSDT-HOTUSDT,1882.285495899425,1,1882.285495899425,,1,1.0,0.0
ARKMUSDT-IOUSDT,159.07775356371238,1,159.07775356371238,,1,1.0,0.0
ARKMUSDT-NILUSDT,596.8468361322715,1,596.8468361322715,,1,1.0,0.0
ARKMUSDT-NMRUSDT,4948.454727435279,1,4948.454727435279,,1,1.0,0.0
ARKMUSDT-NOTUSDT,307.06378244448706,1,307.06378244448706,,1,1.0,0.0
ARKMUSDT-ONEUSDT,1022.3593902104574,1,1022.3593902104574,,1,1.0,0.0
ARKMUSDT-OPUSDT,104.53132608771288,1,104.53132608771288,,1,1.0,0.0
ARKMUSDT-QUICKUSDT,75.70472305241515,1,75.70472305241515,,1,1.0,0.0
ARKMUSDT-REIUSDT,761.6307537874576,1,761.6307537874576,,1,1.0,0.0
ARKMUSDT-SAGAUSDT,240.6419246628677,1,240.6419246628677,,1,1.0,0.0
ARKMUSDT-SANDUSDT,230.1640403195896,1,230.1640403195896,,1,1.0,0.0
ARKMUSDT-SEIUSDT,166.95905361018052,1,166.95905361018052,,1,1.0,0.0
ARKMUSDT-SFPUSDT,2418.1878949509764,1,2418.1878949509764,,1,1.0,0.0
ARKMUSDT-SNXUSDT,1116.1284582235362,1,1116.1284582235362,,1,1.0,0.0
ARKMUSDT-SOLUSDT,254.08743200952284,1,254.08743200952284,,1,1.0,0.0
ARKMUSDT-SUSDT,1267.2492051300655,1,1267.2492051300655,,1,1.0,0.0
ARKMUSDT-THETAUSDT,376.9533538033128,1,376.9533538033128,,1,1.0,0.0
ARKMUSDT-TRUUSDT,623.7544196699521,1,623.7544196699521,,1,1.0,0.0
ARKMUSDT-UNIUSDT,1885.8451654964213,1,1885.8451654964213,,1,1.0,0.0
ARKMUSDT-VANAUSDT,298.0284945085223,1,298.0284945085223,,1,1.0,0.0
ARKMUSDT-VANRYUSDT,536.0816454927975,1,536.0816454927975,,1,1.0,0.0
ARKMUSDT-VETUSDT,637.5957012014559,1,637.5957012014559,,1,1.0,0.0
ARKMUSDT-WLDUSDT,595.2500218317672,1,595.2500218317672,,1,1.0,0.0
ARKMUSDT-WOOUSDT,75.57826372312047,1,75.57826372312047,,1,1.0,0.0
ARKMUSDT-XTZUSDT,787.0156402693066,1,787.0156402693066,,1,1.0,0.0
ARKUSDT-ARUSDT,259.6705325813035,1,259.6705325813035,,1,1.0,0.0
ARKUSDT-ATAUSDT,345.7387803757259,1,345.7387803757259,,1,1.0,0.0
ARKUSDT-AVAXUSDT,53.64325356491752,1,53.64325356491752,,1,1.0,0.0
ARKUSDT-BLURUSDT,437.2814269255201,1,437.2814269255201,,1,1.0,0.0
ARKUSDT-BNXUSDT,96.23702393299172,1,96.23702393299172,,1,1.0,0.0
ARKUSDT-BSWUSDT,10.546932829235018,1,10.546932829235018,,1,1.0,0.0
ARKUSDT-CAKEUSDT,2915.154905876347,1,2915.154905876347,,1,1.0,0.0
ARKUSDT-CHESSUSDT,231.85708621036784,1,231.85708621036784,,1,1.0,0.0
ARKUSDT-CTKUSDT,679.7030004776009,1,679.7030004776009,,1,1.0,0.0
ARKUSDT-CVCUSDT,60.86201847522294,1,60.86201847522294,,1,1.0,0.0
ARKUSDT-CYBERUSDT,1785.1318987851555,1,1785.1318987851555,,1,1.0,0.0
ARKUSDT-DASHUSDT,187.07194833244324,1,187.07194833244324,,1,1.0,0.0
ARKUSDT-DFUSDT,424.47099103857465,1,424.47099103857465,,1,1.0,0.0
ARKUSDT-DUSDT,1084.591905465323,1,1084.591905465323,,1,1.0,0.0
ARKUSDT-EGLDUSDT,240.00927064146617,1,240.00927064146617,,1,1.0,0.0
ARKUSDT-ENJUSDT,489.1037706431991,1,489.1037706431991,,1,1.0,0.0
ARKUSDT-GALAUSDT,1885.2648114616272,1,1885.2648114616272,,1,1.0,0.0
ARKUSDT-GLMUSDT,104.4337723639132,1,104.4337723639132,,1,1.0,0.0
ARKUSDT-HIFIUSDT,1295.1964508098622,1,1295.1964508098622,,1,1.0,0.0
ARKUSDT-IDUSDT,26.45396808406479,1,26.45396808406479,,1,1.0,0.0
ARKUSDT-IMXUSDT,1490.559190035446,1,1490.559190035446,,1,1.0,0.0
ARKUSDT-INJUSDT,1079.777050609238,1,1079.777050609238,,1,1.0,0.0
ARKUSDT-LISTAUSDT,916.2145806427332,1,916.2145806427332,,1,1.0,0.0
ARKUSDT-LPTUSDT,770.724666777315,1,770.724666777315,,1,1.0,0.0
ARKUSDT-MAGICUSDT,111.15779622009303,1,111.15779622009303,,1,1.0,0.0
ARKUSDT-MINAUSDT,274.15733564236365,1,274.15733564236365,,1,1.0,0.0
ARKUSDT-MTLUSDT,519.9239689624709,1,519.9239689624709,,1,1.0,0.0
ARKUSDT-NEARUSDT,1681.04460735894,1,1681.04460735894,,1,1.0,0.0
ARKUSDT-PERPUSDT,2560.011331101911,1,2560.011331101911,,1,1.0,0.0
ARKUSDT-POLUSDT,417.32270206562754,1,417.32270206562754,,1,1.0,0.0
ARKUSDT-RAYUSDT,277.4881685523946,1,277.4881685523946,,1,1.0,0.0
ARKUSDT-RENDERUSDT,4055.990060819863,1,4055.990060819863,,1,1.0,0.0
ARKUSDT-RONINUSDT,295.2260995539672,1,295.2260995539672,,1,1.0,0.0
ARKUSDT-ROSEUSDT,236.62263483212132,1,236.62263483212132,,1,1.0,0.0
ARKUSDT-SANTOSUSDT,93.98556632257076,1,93.98556632257076,,1,1.0,0.0
ARKUSDT-SFPUSDT,346.513254002544,1,346.513254002544,,1,1.0,0.0
ARKUSDT-STEEMUSDT,41.66736757968277,1,41.66736757968277,,1,1.0,0.0
ARKUSDT-STGUSDT,1009.65274630714,1,1009.65274630714,,1,1.0,0.0
ARKUSDT-STRAXUSDT,657.1948300677323,1,657.1948300677323,,1,1.0,0.0
ARKUSDT-SXPUSDT,436.0869225876994,1,436.0869225876994,,1,1.0,0.0
ARKUSDT-TAOUSDT,1895.838102051406,1,1895.838102051406,,1,1.0,0.0
ARKUSDT-TROYUSDT,1949.0129325538555,1,1949.0129325538555,,1,1.0,0.0
ARKUSDT-VETUSDT,1190.8372968849649,1,1190.8372968849649,,1,1.0,0.0
ARKUSDT-VICUSDT,1567.168062720271,1,1567.168062720271,,1,1.0,0.0
ARKUSDT-WLDUSDT,1016.9885910392668,1,1016.9885910392668,,1,1.0,0.0
ARKUSDT-WUSDT,183.0935939102383,1,183.0935939102383,,1,1.0,0.0
ARPAUSDT-ARUSDT,193.55443864495388,1,193.55443864495388,,1,1.0,0.0
ARPAUSDT-AVAUSDT,1547.6600145841996,1,1547.6600145841996,,1,1.0,0.0
ARPAUSDT-AXLUSDT,896.8783418380646,1,896.8783418380646,,1,1.0,0.0
ARPAUSDT-BADGERUSDT,5068.808929720341,1,5068.808929720341,,1,1.0,0.0
ARPAUSDT-BELUSDT,146.6842882147406,1,146.6842882147406,,1,1.0,0.0
ARPAUSDT-BROCCOLI714USDT,2842.0676235692904,1,2842.0676235692904,,1,1.0,0.0
ARPAUSDT-CHESSUSDT,4694.623984701543,1,4694.623984701543,,1,1.0,0.0
ARPAUSDT-CHRUSDT,17.309140083519303,1,17.309140083519303,,1,1.0,0.0
ARPAUSDT-COMBOUSDT,607.4816709079635,1,607.4816709079635,,1,1.0,0.0
ARPAUSDT-COTIUSDT,2770.8896373784933,1,2770.8896373784933,,1,1.0,0.0
ARPAUSDT-CYBERUSDT,585.981626868602,1,585.981626868602,,1,1.0,0.0
ARPAUSDT-DENTUSDT,1481.7704732686257,1,1481.7704732686257,,1,1.0,0.0
ARPAUSDT-DIAUSDT,538.0657435149158,1,538.0657435149158,,1,1.0,0.0
ARPAUSDT-DOGEUSDT,33.61578789975402,1,33.61578789975402,,1,1.0,0.0
ARPAUSDT-DOTUSDT,70.53286820869768,1,70.53286820869768,,1,1.0,0.0
ARPAUSDT-EGLDUSDT,726.876133540516,1,726.876133540516,,1,1.0,0.0
ARPAUSDT-FIOUSDT,1016.5170085891796,1,1016.5170085891796,,1,1.0,0.0
ARPAUSDT-FLMUSDT,324.7201823206953,1,324.7201823206953,,1,1.0,0.0
ARPAUSDT-FTTUSDT,825.4229604101888,1,825.4229604101888,,1,1.0,0.0
ARPAUSDT-GMTUSDT,1393.733631578661,1,1393.733631578661,,1,1.0,0.0
ARPAUSDT-GRTUSDT,923.7600208059988,1,923.7600208059988,,1,1.0,0.0
ARPAUSDT-HMSTRUSDT,2236.249439169571,1,2236.249439169571,,1,1.0,0.0
ARPAUSDT-HOOKUSDT,322.16639115849625,1,322.16639115849625,,1,1.0,0.0
ARPAUSDT-IDEXUSDT,651.9895216750124,1,651.9895216750124,,1,1.0,0.0
ARPAUSDT-ILVUSDT,3164.1051492219704,1,3164.1051492219704,,1,1.0,0.0
ARPAUSDT-IOSTUSDT,1046.7648353992686,1,1046.7648353992686,,1,1.0,0.0
ARPAUSDT-JASMYUSDT,4682.327433859526,1,4682.327433859526,,1,1.0,0.0
ARPAUSDT-JOEUSDT,5193.927455449774,1,5193.927455449774,,1,1.0,0.0
ARPAUSDT-LISTAUSDT,30.756827600078797,1,30.756827600078797,,1,1.0,0.0
ARPAUSDT-LUMIAUSDT,1109.4955902979116,1,1109.4955902979116,,1,1.0,0.0
ARPAUSDT-MANAUSDT,43.51263564166318,1,43.51263564166318,,1,1.0,0.0
ARPAUSDT-MAVUSDT,537.0958397392475,1,537.0958397392475,,1,1.0,0.0
ARPAUSDT-MINAUSDT,153.30145107292503,1,153.30145107292503,,1,1.0,0.0
ARPAUSDT-MOVRUSDT,808.1778031000345,1,808.1778031000345,,1,1.0,0.0
ARPAUSDT-NTRNUSDT,110.43638794764158,1,110.43638794764158,,1,1.0,0.0
ARPAUSDT-OMUSDT,922.1204266929992,1,922.1204266929992,,1,1.0,0.0
ARPAUSDT-ORCAUSDT,156.71291457631864,1,156.71291457631864,,1,1.0,0.0
ARPAUSDT-ORDIUSDT,4580.455913900415,1,4580.455913900415,,1,1.0,0.0
ARPAUSDT-PHBUSDT,1297.3720947177453,1,1297.3720947177453,,1,1.0,0.0
ARPAUSDT-RENDERUSDT,51.45467164574653,1,51.45467164574653,,1,1.0,0.0
ARPAUSDT-RLCUSDT,270.60332219338466,1,270.60332219338466,,1,1.0,0.0
ARPAUSDT-RVNUSDT,292.5303906190857,1,292.5303906190857,,1,1.0,0.0
ARPAUSDT-SANTOSUSDT,560.7896002585467,1,560.7896002585467,,1,1.0,0.0
ARPAUSDT-SOLVUSDT,12580.944888877944,1,12580.944888877944,,1,1.0,0.0
ARPAUSDT-SSVUSDT,2068.0607286120267,1,2068.0607286120267,,1,1.0,0.0
ARPAUSDT-STRAXUSDT,5009.108044537614,1,5009.108044537614,,1,1.0,0.0
ARPAUSDT-SUSHIUSDT,79.97766278181426,1,79.97766278181426,,1,1.0,0.0
ARPAUSDT-SXPUSDT,2869.1015656151526,1,2869.1015656151526,,1,1.0,0.0
ARPAUSDT-TUSDT,1536.4874783489065,1,1536.4874783489065,,1,1.0,0.0
ARPAUSDT-UMAUSDT,112.05355110608636,1,112.05355110608636,,1,1.0,0.0
ARPAUSDT-VELODROMEUSDT,1108.7542992194524,1,1108.7542992194524,,1,1.0,0.0
ARPAUSDT-VOXELUSDT,1587.6434954883114,1,1587.6434954883114,,1,1.0,0.0
ARPAUSDT-WAXPUSDT,124.7222216292777,1,124.7222216292777,,1,1.0,0.0
ARPAUSDT-XAIUSDT,3801.4121946114624,1,3801.4121946114624,,1,1.0,0.0
ARPAUSDT-XLMUSDT,1507.1754888024784,1,1507.1754888024784,,1,1.0,0.0
ARPAUSDT-ZECUSDT,448.5577194070521,1,448.5577194070521,,1,1.0,0.0
ARUSDT-ATAUSDT,3023.9311823766798,1,3023.9311823766798,,1,1.0,0.0
ARUSDT-BEAMXUSDT,3571.7702544903686,1,3571.7702544903686,,1,1.0,0.0
ARUSDT-BLURUSDT,291.6311665812107,1,291.6311665812107,,1,1.0,0.0
ARUSDT-BOMEUSDT,4586.282019324254,1,4586.282019324254,,1,1.0,0.0
ARUSDT-CHZUSDT,4239.307213985641,1,4239.307213985641,,1,1.0,0.0
ARUSDT-CTSIUSDT,381.350716816784,1,381.350716816784,,1,1.0,0.0
ARUSDT-DASHUSDT,31.78502885436725,1,31.78502885436725,,1,1.0,0.0
ARUSDT-DFUSDT,3311.1865003089715,1,3311.1865003089715,,1,1.0,0.0
ARUSDT-ENSUSDT,545.2941660328577,1,545.2941660328577,,1,1.0,0.0
ARUSDT-EOSUSDT,6354.489628227353,1,6354.489628227353,,1,1.0,0.0
ARUSDT-FETUSDT,297.8134347685087,1,297.8134347685087,,1,1.0,0.0
ARUSDT-FIDAUSDT,1551.875864213327,1,1551.875864213327,,1,1.0,0.0
ARUSDT-FTTUSDT,4380.952832481857,1,4380.952832481857,,1,1.0,0.0
ARUSDT-GMTUSDT,96.16577905514332,1,96.16577905514332,,1,1.0,0.0
ARUSDT-GMXUSDT,1712.2439743484176,1,1712.2439743484176,,1,1.0,0.0
ARUSDT-GRTUSDT,85.82209231187879,1,85.82209231187879,,1,1.0,0.0
ARUSDT-HFTUSDT,290.2528383487792,1,290.2528383487792,,1,1.0,0.0
ARUSDT-IMXUSDT,515.9468514684555,1,515.9468514684555,,1,1.0,0.0
ARUSDT-INJUSDT,22.89415510426033,1,22.89415510426033,,1,1.0,0.0
ARUSDT-KDAUSDT,832.8029702732284,1,832.8029702732284,,1,1.0,0.0
ARUSDT-KSMUSDT,3218.508088726512,1,3218.508088726512,,1,1.0,0.0
ARUSDT-LOKAUSDT,198.2598049573678,1,198.2598049573678,,1,1.0,0.0
ARUSDT-MANTAUSDT,506.9896273486581,1,506.9896273486581,,1,1.0,0.0
ARUSDT-MAVUSDT,844.5403570902015,1,844.5403570902015,,1,1.0,0.0
ARUSDT-MEUSDT,1967.7789051611496,1,1967.7789051611496,,1,1.0,0.0
ARUSDT-ONEUSDT,2664.601034640824,1,2664.601034640824,,1,1.0,0.0
ARUSDT-PENDLEUSDT,218.4500150356034,1,218.4500150356034,,1,1.0,0.0
ARUSDT-POWRUSDT,2821.280728918245,1,2821.280728918245,,1,1.0,0.0
ARUSDT-RAYUSDT,525.1412400884416,1,525.1412400884416,,1,1.0,0.0
ARUSDT-REIUSDT,1983.340740507108,1,1983.340740507108,,1,1.0,0.0
ARUSDT-ROSEUSDT,213.6895361978545,1,213.6895361978545,,1,1.0,0.0
ARUSDT-SAGAUSDT,46.72638033699401,1,46.72638033699401,,1,1.0,0.0
ARUSDT-SANDUSDT,1261.6554672621137,1,1261.6554672621137,,1,1.0,0.0
ARUSDT-SEIUSDT,203.60549992084924,1,203.60549992084924,,1,1.0,0.0
ARUSDT-SKLUSDT,872.446464874918,1,872.446464874918,,1,1.0,0.0
ARUSDT-SNXUSDT,3183.471586122458,1,3183.471586122458,,1,1.0,0.0
ARUSDT-SSVUSDT,1035.9842736356416,1,1035.9842736356416,,1,1.0,0.0
ARUSDT-TLMUSDT,90.92848881023195,1,90.92848881023195,,1,1.0,0.0
ARUSDT-VTHOUSDT,938.7059683047188,1,938.7059683047188,,1,1.0,0.0
ARUSDT-WIFUSDT,1463.4946782425409,1,1463.4946782425409,,1,1.0,0.0
ARUSDT-XAIUSDT,3827.6632794245993,1,3827.6632794245993,,1,1.0,0.0
ARUSDT-YGGUSDT,1048.4932473889746,1,1048.4932473889746,,1,1.0,0.0
ASTRUSDT-ATOMUSDT,64.45962712125177,1,64.45962712125177,,1,1.0,0.0
ASTRUSDT-AVAXUSDT,1347.891611012688,1,1347.891611012688,,1,1.0,0.0
ASTRUSDT-AXLUSDT,94.23468210657624,1,94.23468210657624,,1,1.0,0.0
ASTRUSDT-BICOUSDT,235.1214860554856,1,235.1214860554856,,1,1.0,0.0
ASTRUSDT-BROCCOLI714USDT,519.1783206131439,1,519.1783206131439,,1,1.0,0.0
ASTRUSDT-BSWUSDT,295.07945326043114,1,295.07945326043114,,1,1.0,0.0
ASTRUSDT-CHESSUSDT,1542.6646292460496,1,1542.6646292460496,,1,1.0,0.0
ASTRUSDT-CHZUSDT,49.75084663650979,1,49.75084663650979,,1,1.0,0.0
ASTRUSDT-CKBUSDT,2083.938610130454,1,2083.938610130454,,1,1.0,0.0
ASTRUSDT-DENTUSDT,350.92010242370407,1,350.92010242370407,,1,1.0,0.0
ASTRUSDT-DYDXUSDT,420.07723798921336,1,420.07723798921336,,1,1.0,0.0
ASTRUSDT-ETHFIUSDT,1627.9636086017024,1,1627.9636086017024,,1,1.0,0.0
ASTRUSDT-FLOWUSDT,1172.041304610579,1,1172.041304610579,,1,1.0,0.0
ASTRUSDT-GRTUSDT,20.275788629168066,1,20.275788629168066,,1,1.0,0.0
ASTRUSDT-HFTUSDT,1226.4194277502493,1,1226.4194277502493,,1,1.0,0.0
ASTRUSDT-HIFIUSDT,972.266307318048,1,972.266307318048,,1,1.0,0.0
ASTRUSDT-IDUSDT,176.83966387698558,1,176.83966387698558,,1,1.0,0.0
ASTRUSDT-ILVUSDT,832.8239747113045,1,832.8239747113045,,1,1.0,0.0
ASTRUSDT-IMXUSDT,518.3202574655031,1,518.3202574655031,,1,1.0,0.0
ASTRUSDT-KDAUSDT,79.90835286058376,1,79.90835286058376,,1,1.0,0.0
ASTRUSDT-LISTAUSDT,1504.2848778526077,1,1504.2848778526077,,1,1.0,0.0
ASTRUSDT-LRCUSDT,382.2160026280733,1,382.2160026280733,,1,1.0,0.0
ASTRUSDT-MEMEUSDT,565.9896601860821,1,565.9896601860821,,1,1.0,0.0
ASTRUSDT-MEUSDT,385.73688973369735,1,385.73688973369735,,1,1.0,0.0
ASTRUSDT-MLNUSDT,161.10651426047727,1,161.10651426047727,,1,1.0,0.0
ASTRUSDT-MOVRUSDT,1487.6223655032588,1,1487.6223655032588,,1,1.0,0.0
ASTRUSDT-MTLUSDT,717.21534499375,1,717.21534499375,,1,1.0,0.0
ASTRUSDT-NFPUSDT,559.1996882920254,1,559.1996882920254,,1,1.0,0.0
ASTRUSDT-NTRNUSDT,152.6444873235253,1,152.6444873235253,,1,1.0,0.0
ASTRUSDT-NULSUSDT,117.0755358987208,1,117.0755358987208,,1,1.0,0.0
ASTRUSDT-ORDIUSDT,821.2325022345334,1,821.2325022345334,,1,1.0,0.0
ASTRUSDT-PERPUSDT,970.1503957842476,1,970.1503957842476,,1,1.0,0.0
ASTRUSDT-QUICKUSDT,591.9513382391372,1,591.9513382391372,,1,1.0,0.0
ASTRUSDT-RADUSDT,1340.336498906336,1,1340.336498906336,,1,1.0,0.0
ASTRUSDT-REZUSDT,143.71516590328488,1,143.71516590328488,,1,1.0,0.0
ASTRUSDT-RSRUSDT,538.7257501254716,1,538.7257501254716,,1,1.0,0.0
ASTRUSDT-SANDUSDT,2069.9085943220944,1,2069.9085943220944,,1,1.0,0.0
ASTRUSDT-SANTOSUSDT,5031.2152963294,1,5031.2152963294,,1,1.0,0.0
ASTRUSDT-SCRTUSDT,2951.013057378109,1,2951.013057378109,,1,1.0,0.0
ASTRUSDT-SFPUSDT,293.5108068217047,1,293.5108068217047,,1,1.0,0.0
ASTRUSDT-SNTUSDT,2488.026278140417,1,2488.026278140417,,1,1.0,0.0
ASTRUSDT-STRAXUSDT,254.2817190662648,1,254.2817190662648,,1,1.0,0.0
ASTRUSDT-SUNUSDT,557.8807079109844,1,557.8807079109844,,1,1.0,0.0
ASTRUSDT-SYNUSDT,258.77650714693823,1,258.77650714693823,,1,1.0,0.0
ASTRUSDT-THEUSDT,688.1578438896635,1,688.1578438896635,,1,1.0,0.0
ASTRUSDT-TIAUSDT,101.38572586202729,1,101.38572586202729,,1,1.0,0.0
ASTRUSDT-TNSRUSDT,4221.306562587461,1,4221.306562587461,,1,1.0,0.0
ASTRUSDT-TRUMPUSDT,58.72376859169944,1,58.72376859169944,,1,1.0,0.0
ASTRUSDT-TWTUSDT,2163.184659383134,1,2163.184659383134,,1,1.0,0.0
ASTRUSDT-USTCUSDT,941.4917106780564,1,941.4917106780564,,1,1.0,0.0
ASTRUSDT-VETUSDT,172.53732087850986,1,172.53732087850986,,1,1.0,0.0
ASTRUSDT-VTHOUSDT,1680.9592747273268,1,1680.9592747273268,,1,1.0,0.0
ASTRUSDT-WAXPUSDT,1525.583337976827,1,1525.583337976827,,1,1.0,0.0
ASTRUSDT-WIFUSDT,5082.473914823191,1,5082.473914823191,,1,1.0,0.0
ATAUSDT-BEAMXUSDT,1092.6669906970014,1,1092.6669906970014,,1,1.0,0.0
ATAUSDT-BERAUSDT,439.0431550904477,1,439.0431550904477,,1,1.0,0.0
ATAUSDT-CHESSUSDT,90.33814551426552,1,90.33814551426552,,1,1.0,0.0
ATAUSDT-CKBUSDT,21.79608415799853,1,21.79608415799853,,1,1.0,0.0
ATAUSDT-COSUSDT,36.27539410881295,1,36.27539410881295,,1,1.0,0.0
ATAUSDT-CVCUSDT,133.92862401268837,1,133.92862401268837,,1,1.0,0.0
ATAUSDT-ETCUSDT,480.566987753468,1,480.566987753468,,1,1.0,0.0
ATAUSDT-FLMUSDT,2220.0012967262187,1,2220.0012967262187,,1,1.0,0.0
ATAUSDT-FUNUSDT,250.7142087904984,1,250.7142087904984,,1,1.0,0.0
ATAUSDT-GMTUSDT,1178.7121981126477,1,1178.7121981126477,,1,1.0,0.0
ATAUSDT-ICPUSDT,596.8320154682493,1,596.8320154682493,,1,1.0,0.0
ATAUSDT-IOUSDT,622.4019320332736,1,622.4019320332736,,1,1.0,0.0
ATAUSDT-MAGICUSDT,106.89484883900472,1,106.89484883900472,,1,1.0,0.0
ATAUSDT-NEOUSDT,631.3617716253057,1,631.3617716253057,,1,1.0,0.0
ATAUSDT-PNUTUSDT,661.0997393236626,1,661.0997393236626,,1,1.0,0.0
ATAUSDT-QUICKUSDT,1335.4665151773042,1,1335.4665151773042,,1,1.0,0.0
ATAUSDT-REIUSDT,105.13923296806678,1,105.13923296806678,,1,1.0,0.0
ATAUSDT-SCRUSDT,652.2018766907067,1,652.2018766907067,,1,1.0,0.0
ATAUSDT-SCUSDT,2223.8655098096656,1,2223.8655098096656,,1,1.0,0.0
ATAUSDT-SUPERUSDT,1046.9018530634912,1,1046.9018530634912,,1,1.0,0.0
ATAUSDT-THEUSDT,1721.226195178515,1,1721.226195178515,,1,1.0,0.0
ATAUSDT-TRUMPUSDT,254.2918504355104,1,254.2918504355104,,1,1.0,0.0
ATAUSDT-UNIUSDT,3324.815951617074,1,3324.815951617074,,1,1.0,0.0
ATAUSDT-VIDTUSDT,1596.6174100703454,1,1596.6174100703454,,1,1.0,0.0
ATAUSDT-VTHOUSDT,354.1614445824015,1,354.1614445824015,,1,1.0,0.0
ATAUSDT-XLMUSDT,2578.21582170495,1,2578.21582170495,,1,1.0,0.0
ATAUSDT-ZROUSDT,459.8116591157355,1,459.8116591157355,,1,1.0,0.0
ATOMUSDT-AUCTIONUSDT,460.0881039163665,1,460.0881039163665,,1,1.0,0.0
ATOMUSDT-AVAUSDT,688.4652078833643,1,688.4652078833643,,1,1.0,0.0
ATOMUSDT-BBUSDT,1841.894531937424,1,1841.894531937424,,1,1.0,0.0
ATOMUSDT-BERAUSDT,4643.6914990784735,1,4643.6914990784735,,1,1.0,0.0
ATOMUSDT-CHESSUSDT,452.4328625528989,1,452.4328625528989,,1,1.0,0.0
ATOMUSDT-CKBUSDT,232.70340203949627,1,232.70340203949627,,1,1.0,0.0
ATOMUSDT-COSUSDT,249.57825354901655,1,249.57825354901655,,1,1.0,0.0
ATOMUSDT-CYBERUSDT,255.0286450198014,1,255.0286450198014,,1,1.0,0.0
ATOMUSDT-ENSUSDT,1779.1992018617202,1,1779.1992018617202,,1,1.0,0.0
ATOMUSDT-GLMRUSDT,524.0909514256304,1,524.0909514256304,,1,1.0,0.0
ATOMUSDT-GRTUSDT,1094.6836427747132,1,1094.6836427747132,,1,1.0,0.0
ATOMUSDT-HBARUSDT,494.0581801905557,1,494.0581801905557,,1,1.0,0.0
ATOMUSDT-HOOKUSDT,123.12114951163336,1,123.12114951163336,,1,1.0,0.0
ATOMUSDT-IOSTUSDT,195.43292753429392,1,195.43292753429392,,1,1.0,0.0
ATOMUSDT-LPTUSDT,196.31702809831165,1,196.31702809831165,,1,1.0,0.0
ATOMUSDT-LSKUSDT,6275.798201252528,1,6275.798201252528,,1,1.0,0.0
ATOMUSDT-LUMIAUSDT,3944.783690070343,1,3944.783690070343,,1,1.0,0.0
ATOMUSDT-MANAUSDT,2100.211985603874,1,2100.211985603874,,1,1.0,0.0
ATOMUSDT-MANTAUSDT,812.2405998609147,1,812.2405998609147,,1,1.0,0.0
ATOMUSDT-MAVUSDT,304.8969438000373,1,304.8969438000373,,1,1.0,0.0
ATOMUSDT-MBOXUSDT,42.326227512018384,1,42.326227512018384,,1,1.0,0.0
ATOMUSDT-NKNUSDT,406.9897996343332,1,406.9897996343332,,1,1.0,0.0
ATOMUSDT-ONTUSDT,15.764436326273938,1,15.764436326273938,,1,1.0,0.0
ATOMUSDT-PAXGUSDT,172.31566388168417,1,172.31566388168417,,1,1.0,0.0
ATOMUSDT-REIUSDT,259.29234554253503,1,259.29234554253503,,1,1.0,0.0
ATOMUSDT-SANTOSUSDT,2071.905265809572,1,2071.905265809572,,1,1.0,0.0
ATOMUSDT-SKLUSDT,2817.187011820637,1,2817.187011820637,,1,1.0,0.0
ATOMUSDT-STRAXUSDT,2855.504504517209,1,2855.504504517209,,1,1.0,0.0
ATOMUSDT-STXUSDT,254.50707575259645,1,254.50707575259645,,1,1.0,0.0
ATOMUSDT-SUIUSDT,1873.5441562901503,1,1873.5441562901503,,1,1.0,0.0
ATOMUSDT-SUSDT,339.1194563893443,1,339.1194563893443,,1,1.0,0.0
ATOMUSDT-SYNUSDT,549.3103619073354,1,549.3103619073354,,1,1.0,0.0
ATOMUSDT-TROYUSDT,754.540101293802,1,754.540101293802,,1,1.0,0.0
ATOMUSDT-TURBOUSDT,669.7398333199018,1,669.7398333199018,,1,1.0,0.0
ATOMUSDT-USUALUSDT,1161.4074197322166,1,1161.4074197322166,,1,1.0,0.0
ATOMUSDT-VOXELUSDT,3979.420855753306,1,3979.420855753306,,1,1.0,0.0
ATOMUSDT-XRPUSDT,131.8812394482554,1,131.8812394482554,,1,1.0,0.0
ATOMUSDT-XVSUSDT,216.27168187663332,1,216.27168187663332,,1,1.0,0.0
ATOMUSDT-YGGUSDT,505.2058523288873,1,505.2058523288873,,1,1.0,0.0
ATOMUSDT-ZKUSDT,374.02317807263057,1,374.02317807263057,,1,1.0,0.0
AUCTIONUSDT-AVAXUSDT,121.3614277702354,1,121.3614277702354,,1,1.0,0.0
AUCTIONUSDT-BANANAUSDT,1282.8351968742954,1,1282.8351968742954,,1,1.0,0.0
AUCTIONUSDT-BATUSDT,57.36129281921806,1,57.36129281921806,,1,1.0,0.0
AUCTIONUSDT-DFUSDT,737.1668886989503,1,737.1668886989503,,1,1.0,0.0
AUCTIONUSDT-DGBUSDT,204.21430121232837,1,204.21430121232837,,1,1.0,0.0
AUCTIONUSDT-EIGENUSDT,2675.928525367389,1,2675.928525367389,,1,1.0,0.0
AUCTIONUSDT-ENSUSDT,1669.214101949792,1,1669.214101949792,,1,1.0,0.0
AUCTIONUSDT-FIDAUSDT,741.7602142214478,1,741.7602142214478,,1,1.0,0.0
AUCTIONUSDT-FLOWUSDT,868.1140715661884,1,868.1140715661884,,1,1.0,0.0
AUCTIONUSDT-GASUSDT,305.7695527664004,1,305.7695527664004,,1,1.0,0.0
AUCTIONUSDT-GUSDT,1247.8322228355455,1,1247.8322228355455,,1,1.0,0.0
AUCTIONUSDT-HEIUSDT,1219.0986761378133,1,1219.0986761378133,,1,1.0,0.0
AUCTIONUSDT-HFTUSDT,2642.027377462353,1,2642.027377462353,,1,1.0,0.0
AUCTIONUSDT-HMSTRUSDT,290.62979295552447,1,290.62979295552447,,1,1.0,0.0
AUCTIONUSDT-HOOKUSDT,818.1313655352678,1,818.1313655352678,,1,1.0,0.0
AUCTIONUSDT-ILVUSDT,4534.172923690686,1,4534.172923690686,,1,1.0,0.0
AUCTIONUSDT-KSMUSDT,226.87737614536564,1,226.87737614536564,,1,1.0,0.0
AUCTIONUSDT-LRCUSDT,362.17369052484094,1,362.17369052484094,,1,1.0,0.0
AUCTIONUSDT-MINAUSDT,1835.31708609648,1,1835.31708609648,,1,1.0,0.0
AUCTIONUSDT-NTRNUSDT,2281.7738404617767,1,2281.7738404617767,,1,1.0,0.0
AUCTIONUSDT-OGNUSDT,578.5131820319849,1,578.5131820319849,,1,1.0,0.0
AUCTIONUSDT-PEOPLEUSDT,1542.5274663318887,1,1542.5274663318887,,1,1.0,0.0
AUCTIONUSDT-PIXELUSDT,6763.854044166776,1,6763.854044166776,,1,1.0,0.0
AUCTIONUSDT-RUNEUSDT,2383.8452357819297,1,2383.8452357819297,,1,1.0,0.0
AUCTIONUSDT-STEEMUSDT,32.55283580133652,1,32.55283580133652,,1,1.0,0.0
AUCTIONUSDT-STORJUSDT,2927.774269268767,1,2927.774269268767,,1,1.0,0.0
AUCTIONUSDT-SUIUSDT,1475.9271779601722,1,1475.9271779601722,,1,1.0,0.0
AUCTIONUSDT-SYSUSDT,38.82087539408914,1,38.82087539408914,,1,1.0,0.0
AUCTIONUSDT-THETAUSDT,687.8241324236028,1,687.8241324236028,,1,1.0,0.0
AUCTIONUSDT-THEUSDT,713.2800735144922,1,713.2800735144922,,1,1.0,0.0
AUCTIONUSDT-TURBOUSDT,325.8421369943409,1,325.8421369943409,,1,1.0,0.0
AUCTIONUSDT-USTCUSDT,197.646074157398,1,197.646074157398,,1,1.0,0.0
AUCTIONUSDT-XVGUSDT,186.1680083511263,1,186.1680083511263,,1,1.0,0.0
AUCTIONUSDT-YFIUSDT,1350.2452744462012,1,1350.2452744462012,,1,1.0,0.0
AUCTIONUSDT-ZENUSDT,913.746098205165,1,913.746098205165,,1,1.0,0.0
AUCTIONUSDT-ZRXUSDT,862.4829234843729,1,862.4829234843729,,1,1.0,0.0
AVAUSDT-BSWUSDT,649.1802541373712,1,649.1802541373712,,1,1.0,0.0
AVAUSDT-CHESSUSDT,547.3845749640606,1,547.3845749640606,,1,1.0,0.0
AVAUSDT-CHRUSDT,388.503778320906,1,388.503778320906,,1,1.0,0.0
AVAUSDT-CHZUSDT,994.5793940790938,1,994.5793940790938,,1,1.0,0.0
AVAUSDT-DYDXUSDT,115.92691165121786,1,115.92691165121786,,1,1.0,0.0
AVAUSDT-EIGENUSDT,768.3133811525196,1,768.3133811525196,,1,1.0,0.0
AVAUSDT-ENAUSDT,1048.9120530589505,1,1048.9120530589505,,1,1.0,0.0
AVAUSDT-FIDAUSDT,71.1641730548481,1,71.1641730548481,,1,1.0,0.0
AVAUSDT-GLMRUSDT,589.2929493399089,1,589.2929493399089,,1,1.0,0.0
AVAUSDT-GPSUSDT,518.398472299823,1,518.398472299823,,1,1.0,0.0
AVAUSDT-HIFIUSDT,451.4017519046653,1,451.4017519046653,,1,1.0,0.0
AVAUSDT-IDEXUSDT,2095.584563885992,1,2095.584563885992,,1,1.0,0.0
AVAUSDT-KDAUSDT,212.54238000272755,1,212.54238000272755,,1,1.0,0.0
AVAUSDT-KNCUSDT,13.951237586071857,1,13.951237586071857,,1,1.0,0.0
AVAUSDT-LPTUSDT,82.38373090178855,1,82.38373090178855,,1,1.0,0.0
AVAUSDT-LQTYUSDT,48.57974784810164,1,48.57974784810164,,1,1.0,0.0
AVAUSDT-LUMIAUSDT,2192.573125671628,1,2192.573125671628,,1,1.0,0.0
AVAUSDT-MASKUSDT,1099.7226585704177,1,1099.7226585704177,,1,1.0,0.0
AVAUSDT-NKNUSDT,578.9808494990921,1,578.9808494990921,,1,1.0,0.0
AVAUSDT-NMRUSDT,2375.435574501855,1,2375.435574501855,,1,1.0,0.0
AVAUSDT-ONEUSDT,216.81358354430984,1,216.81358354430984,,1,1.0,0.0
AVAUSDT-ORCAUSDT,637.7483385947234,1,637.7483385947234,,1,1.0,0.0
AVAUSDT-QNTUSDT,119.42189692847124,1,119.42189692847124,,1,1.0,0.0
AVAUSDT-QTUMUSDT,1089.6175314206237,1,1089.6175314206237,,1,1.0,0.0
AVAUSDT-RADUSDT,808.1833621199216,1,808.1833621199216,,1,1.0,0.0
AVAUSDT-RAREUSDT,51.35896350405128,1,51.35896350405128,,1,1.0,0.0
AVAUSDT-REIUSDT,1402.2871538362597,1,1402.2871538362597,,1,1.0,0.0
AVAUSDT-RLCUSDT,1018.353604835082,1,1018.353604835082,,1,1.0,0.0
AVAUSDT-RVNUSDT,242.61616498158503,1,242.61616498158503,,1,1.0,0.0
AVAUSDT-SCRUSDT,1982.1399926389647,1,1982.1399926389647,,1,1.0,0.0
AVAUSDT-SLPUSDT,41.74456813031357,1,41.74456813031357,,1,1.0,0.0
AVAUSDT-SOLUSDT,8.700727803785355,1,8.700727803785355,,1,1.0,0.0
AVAUSDT-STRAXUSDT,915.6820929550574,1,915.6820929550574,,1,1.0,0.0
AVAUSDT-STXUSDT,856.2341076733675,1,856.2341076733675,,1,1.0,0.0
AVAUSDT-THETAUSDT,920.5723531815884,1,920.5723531815884,,1,1.0,0.0
AVAUSDT-TLMUSDT,137.47059852151818,1,137.47059852151818,,1,1.0,0.0
AVAUSDT-TRUUSDT,1660.4848705180905,1,1660.4848705180905,,1,1.0,0.0
AVAUSDT-USUALUSDT,1756.3564430972783,1,1756.3564430972783,,1,1.0,0.0
AVAUSDT-WIFUSDT,603.2360371943527,1,603.2360371943527,,1,1.0,0.0
AVAUSDT-XRPUSDT,1239.2539015912696,1,1239.2539015912696,,1,1.0,0.0
AVAUSDT-ZENUSDT,922.4853509978692,1,922.4853509978692,,1,1.0,0.0
AVAUSDT-ZROUSDT,693.3058189023127,1,693.3058189023127,,1,1.0,0.0
AVAXUSDT-BATUSDT,489.5182981243111,1,489.5182981243111,,1,1.0,0.0
AVAXUSDT-BEAMXUSDT,930.8691788315544,1,930.8691788315544,,1,1.0,0.0
AVAXUSDT-BICOUSDT,2326.920445382363,1,2326.920445382363,,1,1.0,0.0
AVAXUSDT-BNTUSDT,26.464305379412004,1,26.464305379412004,,1,1.0,0.0
AVAXUSDT-CAKEUSDT,137.854313437412,1,137.854313437412,,1,1.0,0.0
AVAXUSDT-CELRUSDT,1610.6239175341225,1,1610.6239175341225,,1,1.0,0.0
AVAXUSDT-DEGOUSDT,234.43456005332837,1,234.43456005332837,,1,1.0,0.0
AVAXUSDT-ENAUSDT,3685.288271659564,1,3685.288271659564,,1,1.0,0.0
AVAXUSDT-ENJUSDT,549.7543502772563,1,549.7543502772563,,1,1.0,0.0
AVAXUSDT-ENSUSDT,346.24412480934706,1,346.24412480934706,,1,1.0,0.0
AVAXUSDT-ETHFIUSDT,93.26253756633494,1,93.26253756633494,,1,1.0,0.0
AVAXUSDT-FIDAUSDT,99.91059327348992,1,99.91059327348992,,1,1.0,0.0
AVAXUSDT-FLMUSDT,2450.3222402213355,1,2450.3222402213355,,1,1.0,0.0
AVAXUSDT-GASUSDT,94.4921591169096,1,94.4921591169096,,1,1.0,0.0
AVAXUSDT-GMXUSDT,1893.7793590695992,1,1893.7793590695992,,1,1.0,0.0
AVAXUSDT-ICXUSDT,741.8945461472704,1,741.8945461472704,,1,1.0,0.0
AVAXUSDT-IDUSDT,429.3240388746305,1,429.3240388746305,,1,1.0,0.0
AVAXUSDT-IOSTUSDT,68.92269333389122,1,68.92269333389122,,1,1.0,0.0
AVAXUSDT-JTOUSDT,4481.804436439075,1,4481.804436439075,,1,1.0,0.0
AVAXUSDT-KAIAUSDT,4437.419039722407,1,4437.419039722407,,1,1.0,0.0
AVAXUSDT-KNCUSDT,1065.3914962408792,1,1065.3914962408792,,1,1.0,0.0
AVAXUSDT-LINKUSDT,1297.769106015721,1,1297.769106015721,,1,1.0,0.0
AVAXUSDT-LRCUSDT,1113.168083559069,1,1113.168083559069,,1,1.0,0.0
AVAXUSDT-LSKUSDT,931.0988221002026,1,931.0988221002026,,1,1.0,0.0
AVAXUSDT-MANTAUSDT,63.24493124062202,1,63.24493124062202,,1,1.0,0.0
AVAXUSDT-MASKUSDT,80.69793126447064,1,80.69793126447064,,1,1.0,0.0
AVAXUSDT-MEMEUSDT,3609.7360858522393,1,3609.7360858522393,,1,1.0,0.0
AVAXUSDT-OXTUSDT,955.103020304134,1,955.103020304134,,1,1.0,0.0
AVAXUSDT-PENDLEUSDT,243.51608599485152,1,243.51608599485152,,1,1.0,0.0
AVAXUSDT-QUICKUSDT,1535.585355367717,1,1535.585355367717,,1,1.0,0.0
AVAXUSDT-RAREUSDT,107.33866800909723,1,107.33866800909723,,1,1.0,0.0
AVAXUSDT-RAYUSDT,190.79886717242968,1,190.79886717242968,,1,1.0,0.0
AVAXUSDT-RIFUSDT,1038.0754021680884,1,1038.0754021680884,,1,1.0,0.0
AVAXUSDT-RONINUSDT,261.65718896944736,1,261.65718896944736,,1,1.0,0.0
AVAXUSDT-SEIUSDT,163.40150270285494,1,163.40150270285494,,1,1.0,0.0
AVAXUSDT-SNXUSDT,1486.5342712679492,1,1486.5342712679492,,1,1.0,0.0
AVAXUSDT-SPELLUSDT,2488.2934103903085,1,2488.2934103903085,,1,1.0,0.0
AVAXUSDT-SXPUSDT,2133.0645245790456,1,2133.0645245790456,,1,1.0,0.0
AVAXUSDT-UMAUSDT,4044.959262890197,1,4044.959262890197,,1,1.0,0.0
AVAXUSDT-USUALUSDT,1098.5638164554996,1,1098.5638164554996,,1,1.0,0.0
AVAXUSDT-VANRYUSDT,2780.118480951562,1,2780.118480951562,,1,1.0,0.0
AVAXUSDT-XTZUSDT,23.29633779125496,1,23.29633779125496,,1,1.0,0.0
AVAXUSDT-YFIUSDT,572.8693708458975,1,572.8693708458975,,1,1.0,0.0
AVAXUSDT-ZROUSDT,632.0882139248115,1,632.0882139248115,,1,1.0,0.0
AXLUSDT-AXSUSDT,1683.5277935115914,1,1683.5277935115914,,1,1.0,0.0
AXLUSDT-BANANAS31USDT,248.4047900853004,1,248.4047900853004,,1,1.0,0.0
AXLUSDT-BANANAUSDT,67.28512785757775,1,67.28512785757775,,1,1.0,0.0
AXLUSDT-BNTUSDT,1257.4596697138054,1,1257.4596697138054,,1,1.0,0.0
AXLUSDT-CETUSUSDT,1612.0588439117812,1,1612.0588439117812,,1,1.0,0.0
AXLUSDT-CHESSUSDT,4261.534188890897,1,4261.534188890897,,1,1.0,0.0
AXLUSDT-COTIUSDT,677.715917365865,1,677.715917365865,,1,1.0,0.0
AXLUSDT-EOSUSDT,2625.730087760532,1,2625.730087760532,,1,1.0,0.0
AXLUSDT-GTCUSDT,236.31244392962856,1,236.31244392962856,,1,1.0,0.0
AXLUSDT-IMXUSDT,2673.262070307549,1,2673.262070307549,,1,1.0,0.0
AXLUSDT-JTOUSDT,347.2431805629197,1,347.2431805629197,,1,1.0,0.0
AXLUSDT-LISTAUSDT,203.4208808391027,1,203.4208808391027,,1,1.0,0.0
AXLUSDT-LPTUSDT,1137.9668613141732,1,1137.9668613141732,,1,1.0,0.0
AXLUSDT-MANTAUSDT,178.6171662446702,1,178.6171662446702,,1,1.0,0.0
AXLUSDT-MDTUSDT,162.0520181787377,1,162.0520181787377,,1,1.0,0.0
AXLUSDT-MINAUSDT,927.6460870021756,1,927.6460870021756,,1,1.0,0.0
AXLUSDT-MLNUSDT,76.34198000318518,1,76.34198000318518,,1,1.0,0.0
AXLUSDT-MOVRUSDT,428.7298521090302,1,428.7298521090302,,1,1.0,0.0
AXLUSDT-NEARUSDT,1025.705063886887,1,1025.705063886887,,1,1.0,0.0
AXLUSDT-OMNIUSDT,2353.746774157992,1,2353.746774157992,,1,1.0,0.0
AXLUSDT-OMUSDT,1547.659433181131,1,1547.659433181131,,1,1.0,0.0
AXLUSDT-PEOPLEUSDT,258.17110267328343,1,258.17110267328343,,1,1.0,0.0
AXLUSDT-PERPUSDT,365.32197293608,1,365.32197293608,,1,1.0,0.0
AXLUSDT-PIXELUSDT,1997.6464688869105,1,1997.6464688869105,,1,1.0,0.0
AXLUSDT-REIUSDT,386.5172920645385,1,386.5172920645385,,1,1.0,0.0
AXLUSDT-RIFUSDT,472.9689941032485,1,472.9689941032485,,1,1.0,0.0
AXLUSDT-SOLVUSDT,1241.704033300768,1,1241.704033300768,,1,1.0,0.0
AXLUSDT-STEEMUSDT,54.40627866742811,1,54.40627866742811,,1,1.0,0.0
AXLUSDT-TRUMPUSDT,180.9014154063533,1,180.9014154063533,,1,1.0,0.0
AXLUSDT-VANAUSDT,414.7824316279511,1,414.7824316279511,,1,1.0,0.0
AXLUSDT-VELODROMEUSDT,1645.728671282102,1,1645.728671282102,,1,1.0,0.0
AXLUSDT-VIDTUSDT,1563.5035287137778,1,1563.5035287137778,,1,1.0,0.0
AXLUSDT-VOXELUSDT,629.0090872921162,1,629.0090872921162,,1,1.0,0.0
AXLUSDT-WLDUSDT,128.95845628662002,1,128.95845628662002,,1,1.0,0.0
AXLUSDT-XVSUSDT,950.053485083226,1,950.053485083226,,1,1.0,0.0
AXLUSDT-YFIUSDT,481.0045493903072,1,481.0045493903072,,1,1.0,0.0
AXLUSDT-ZKUSDT,880.5102567861022,1,880.5102567861022,,1,1.0,0.0
AXSUSDT-CGPTUSDT,911.1452033178324,1,911.1452033178324,,1,1.0,0.0
AXSUSDT-COOKIEUSDT,1642.185323404836,1,1642.185323404836,,1,1.0,0.0
AXSUSDT-COTIUSDT,477.63855101963344,1,477.63855101963344,,1,1.0,0.0
AXSUSDT-DOTUSDT,1999.5723352875127,1,1999.5723352875127,,1,1.0,0.0
AXSUSDT-DUSDT,455.68830047967367,1,455.68830047967367,,1,1.0,0.0
AXSUSDT-ENSUSDT,2027.786943585108,1,2027.786943585108,,1,1.0,0.0
AXSUSDT-EOSUSDT,1812.6104096654435,1,1812.6104096654435,,1,1.0,0.0
AXSUSDT-GHSTUSDT,3810.3470895637142,1,3810.3470895637142,,1,1.0,0.0
AXSUSDT-GLMRUSDT,274.2471861882433,1,274.2471861882433,,1,1.0,0.0
AXSUSDT-HOOKUSDT,496.5975700708318,1,496.5975700708318,,1,1.0,0.0
AXSUSDT-IDUSDT,226.59010160869423,1,226.59010160869423,,1,1.0,0.0
AXSUSDT-INJUSDT,1844.847668668693,1,1844.847668668693,,1,1.0,0.0
AXSUSDT-KAVAUSDT,176.4188682074783,1,176.4188682074783,,1,1.0,0.0
AXSUSDT-KDAUSDT,107.39001597559738,1,107.39001597559738,,1,1.0,0.0
AXSUSDT-LINKUSDT,1095.8154820969205,1,1095.8154820969205,,1,1.0,0.0
AXSUSDT-MDTUSDT,2886.694409933072,1,2886.694409933072,,1,1.0,0.0
AXSUSDT-MTLUSDT,3529.713624020943,1,3529.713624020943,,1,1.0,0.0
AXSUSDT-NEARUSDT,1943.0849475012192,1,1943.0849475012192,,1,1.0,0.0
AXSUSDT-NILUSDT,92.3761917525788,1,92.3761917525788,,1,1.0,0.0
AXSUSDT-NKNUSDT,3814.427544066465,1,3814.427544066465,,1,1.0,0.0
AXSUSDT-NOTUSDT,860.6083771601706,1,860.6083771601706,,1,1.0,0.0
AXSUSDT-OMNIUSDT,1259.0135724964914,1,1259.0135724964914,,1,1.0,0.0
AXSUSDT-ONGUSDT,1158.0034755317306,1,1158.0034755317306,,1,1.0,0.0
AXSUSDT-ORCAUSDT,2287.746420927144,1,2287.746420927144,,1,1.0,0.0
AXSUSDT-PERPUSDT,1187.8772081576,1,1187.8772081576,,1,1.0,0.0
AXSUSDT-POLYXUSDT,96.97413560205725,1,96.97413560205725,,1,1.0,0.0
AXSUSDT-RDNTUSDT,949.1560533164428,1,949.1560533164428,,1,1.0,0.0
AXSUSDT-ROSEUSDT,3218.8866397542447,1,3218.8866397542447,,1,1.0,0.0
AXSUSDT-SNTUSDT,4675.337569476144,1,4675.337569476144,,1,1.0,0.0
AXSUSDT-STEEMUSDT,2763.0214936603443,1,2763.0214936603443,,1,1.0,0.0
AXSUSDT-SUSHIUSDT,85.05140626029885,1,85.05140626029885,,1,1.0,0.0
AXSUSDT-TIAUSDT,92.84398354882244,1,92.84398354882244,,1,1.0,0.0
AXSUSDT-TRUMPUSDT,0.2394752058038562,1,0.2394752058038562,,1,1.0,0.0
AXSUSDT-TRUUSDT,2337.9960602248248,1,2337.9960602248248,,1,1.0,0.0
AXSUSDT-TSTUSDT,587.9837801886005,1,587.9837801886005,,1,1.0,0.0
AXSUSDT-TURBOUSDT,162.8464261171502,1,162.8464261171502,,1,1.0,0.0
AXSUSDT-UMAUSDT,927.4172023343872,1,927.4172023343872,,1,1.0,0.0
AXSUSDT-USUALUSDT,2066.697677857476,1,2066.697677857476,,1,1.0,0.0
AXSUSDT-VETUSDT,316.78256068261186,1,316.78256068261186,,1,1.0,0.0
AXSUSDT-YGGUSDT,1755.0050427728645,1,1755.0050427728645,,1,1.0,0.0
AXSUSDT-ZECUSDT,2857.026419276866,1,2857.026419276866,,1,1.0,0.0
BADGERUSDT-BELUSDT,687.7179173009123,1,687.7179173009123,,1,1.0,0.0
BADGERUSDT-CKBUSDT,181.08477914558037,1,181.08477914558037,,1,1.0,0.0
BADGERUSDT-DYMUSDT,853.2132818438517,1,853.2132818438517,,1,1.0,0.0
BADGERUSDT-FLMUSDT,194.65462585259235,1,194.65462585259235,,1,1.0,0.0
BADGERUSDT-FUNUSDT,236.8762720568777,1,236.8762720568777,,1,1.0,0.0
BADGERUSDT-HBARUSDT,869.8443271746803,1,869.8443271746803,,1,1.0,0.0
BADGERUSDT-HOTUSDT,793.0211076115601,1,793.0211076115601,,1,1.0,0.0
BADGERUSDT-ICPUSDT,600.7279224520762,1,600.7279224520762,,1,1.0,0.0
BADGERUSDT-ICXUSDT,352.1110504458856,1,352.1110504458856,,1,1.0,0.0
BADGERUSDT-KDAUSDT,318.0037618033428,1,318.0037618033428,,1,1.0,0.0
BADGERUSDT-KSMUSDT,84.82469204771658,1,84.82469204771658,,1,1.0,0.0
BADGERUSDT-MBOXUSDT,3308.6021766336758,1,3308.6021766336758,,1,1.0,0.0
BADGERUSDT-MLNUSDT,1706.0933160661027,1,1706.0933160661027,,1,1.0,0.0
BADGERUSDT-PEOPLEUSDT,3798.079919061855,1,3798.079919061855,,1,1.0,0.0
BADGERUSDT-PERPUSDT,821.3589505652407,1,821.3589505652407,,1,1.0,0.0
BADGERUSDT-RAREUSDT,514.0688831742109,1,514.0688831742109,,1,1.0,0.0
BADGERUSDT-RLCUSDT,25.83851983564664,1,25.83851983564664,,1,1.0,0.0
BADGERUSDT-SANDUSDT,274.7850515878181,1,274.7850515878181,,1,1.0,0.0
BADGERUSDT-SOLUSDT,295.9012233919681,1,295.9012233919681,,1,1.0,0.0
BADGERUSDT-VICUSDT,679.1840962120249,1,679.1840962120249,,1,1.0,0.0
BADGERUSDT-WLDUSDT,1402.0087408598738,1,1402.0087408598738,,1,1.0,0.0
BADGERUSDT-ZKUSDT,683.3203018737372,1,683.3203018737372,,1,1.0,0.0
BADGERUSDT-ZROUSDT,430.93759793550566,1,430.93759793550566,,1,1.0,0.0
BAKEUSDT-BALUSDT,2879.4226948489845,1,2879.4226948489845,,1,1.0,0.0
BAKEUSDT-BANDUSDT,2282.057885863859,1,2282.057885863859,,1,1.0,0.0
BAKEUSDT-BLURUSDT,1625.666573863413,1,1625.666573863413,,1,1.0,0.0
BAKEUSDT-BROCCOLI714USDT,2414.6337781657585,1,2414.6337781657585,,1,1.0,0.0
BAKEUSDT-C98USDT,400.9593392367119,1,400.9593392367119,,1,1.0,0.0
BAKEUSDT-CAKEUSDT,110.54643303007649,1,110.54643303007649,,1,1.0,0.0
BAKEUSDT-CFXUSDT,46.99142224428092,1,46.99142224428092,,1,1.0,0.0
BAKEUSDT-COWUSDT,1119.1882273420892,1,1119.1882273420892,,1,1.0,0.0
BAKEUSDT-CRVUSDT,165.5472910252181,1,165.5472910252181,,1,1.0,0.0
BAKEUSDT-DASHUSDT,2236.7858426555504,1,2236.7858426555504,,1,1.0,0.0
BAKEUSDT-DUSDT,290.0419435004408,1,290.0419435004408,,1,1.0,0.0
BAKEUSDT-ENAUSDT,436.4797435085529,1,436.4797435085529,,1,1.0,0.0
BAKEUSDT-GLMRUSDT,601.5532988813844,1,601.5532988813844,,1,1.0,0.0
BAKEUSDT-HBARUSDT,1162.867434264406,1,1162.867434264406,,1,1.0,0.0
BAKEUSDT-HFTUSDT,1481.4720389355343,1,1481.4720389355343,,1,1.0,0.0
BAKEUSDT-JTOUSDT,86.5928574523738,1,86.5928574523738,,1,1.0,0.0
BAKEUSDT-MBOXUSDT,135.90399532798315,1,135.90399532798315,,1,1.0,0.0
BAKEUSDT-MDTUSDT,717.1603856433984,1,717.1603856433984,,1,1.0,0.0
BAKEUSDT-MEMEUSDT,508.0864163116455,1,508.0864163116455,,1,1.0,0.0
BAKEUSDT-MINAUSDT,178.85315343238852,1,178.85315343238852,,1,1.0,0.0
BAKEUSDT-MOVRUSDT,6167.620118846604,1,6167.620118846604,,1,1.0,0.0
BAKEUSDT-NEIROUSDT,1617.2739843180757,1,1617.2739843180757,,1,1.0,0.0
BAKEUSDT-NTRNUSDT,1040.1773304737071,1,1040.1773304737071,,1,1.0,0.0
BAKEUSDT-ONGUSDT,710.5623603946124,1,710.5623603946124,,1,1.0,0.0
BAKEUSDT-RAREUSDT,3287.1340898630915,1,3287.1340898630915,,1,1.0,0.0
BAKEUSDT-RIFUSDT,458.13691797637,1,458.13691797637,,1,1.0,0.0
BAKEUSDT-SKLUSDT,151.09018137136468,1,151.09018137136468,,1,1.0,0.0
BAKEUSDT-SOLUSDT,1085.020602029842,1,1085.020602029842,,1,1.0,0.0
BAKEUSDT-SUSDT,109.09063764425976,1,109.09063764425976,,1,1.0,0.0
BAKEUSDT-TRBUSDT,346.04168676493146,1,346.04168676493146,,1,1.0,0.0
BAKEUSDT-TRUMPUSDT,4330.982309789926,1,4330.982309789926,,1,1.0,0.0
BAKEUSDT-UMAUSDT,1291.5459333594174,1,1291.5459333594174,,1,1.0,0.0
BAKEUSDT-VANAUSDT,242.0401182559796,1,242.0401182559796,,1,1.0,0.0
BAKEUSDT-VICUSDT,902.5683565614138,1,902.5683565614138,,1,1.0,0.0
BAKEUSDT-VTHOUSDT,2297.3447135935094,1,2297.3447135935094,,1,1.0,0.0
BAKEUSDT-XTZUSDT,84.32537320349888,1,84.32537320349888,,1,1.0,0.0
BAKEUSDT-YFIUSDT,816.3231566850575,1,816.3231566850575,,1,1.0,0.0
BAKEUSDT-ZILUSDT,1390.2062619524534,1,1390.2062619524534,,1,1.0,0.0
BAKEUSDT-ZROUSDT,27.50187175404225,1,27.50187175404225,,1,1.0,0.0
BALUSDT-BBUSDT,53.73135966556024,1,53.73135966556024,,1,1.0,0.0
BALUSDT-CFXUSDT,160.24950980762372,1,160.24950980762372,,1,1.0,0.0
BALUSDT-CHZUSDT,25.50955729659577,1,25.50955729659577,,1,1.0,0.0
BALUSDT-EIGENUSDT,961.3877406592828,1,961.3877406592828,,1,1.0,0.0
BALUSDT-FETUSDT,1032.500723732173,1,1032.500723732173,,1,1.0,0.0
BALUSDT-FIDAUSDT,3044.3722229234577,1,3044.3722229234577,,1,1.0,0.0
BALUSDT-ICPUSDT,231.91563416675243,1,231.91563416675243,,1,1.0,0.0
BALUSDT-IMXUSDT,178.78148207096407,1,178.78148207096407,,1,1.0,0.0
BALUSDT-IOTAUSDT,112.24422246489738,1,112.24422246489738,,1,1.0,0.0
BALUSDT-JUPUSDT,293.79001554899344,1,293.79001554899344,,1,1.0,0.0
BALUSDT-KNCUSDT,533.4815482845229,1,533.4815482845229,,1,1.0,0.0
BALUSDT-MTLUSDT,650.2805687539025,1,650.2805687539025,,1,1.0,0.0
BALUSDT-NOTUSDT,419.5616832138493,1,419.5616832138493,,1,1.0,0.0
BALUSDT-PAXGUSDT,60.04370945066448,1,60.04370945066448,,1,1.0,0.0
BALUSDT-PEOPLEUSDT,522.3619228263113,1,522.3619228263113,,1,1.0,0.0
BALUSDT-PIXELUSDT,173.68056423829395,1,173.68056423829395,,1,1.0,0.0
BALUSDT-RENDERUSDT,817.4296305204322,1,817.4296305204322,,1,1.0,0.0
BALUSDT-ROSEUSDT,133.7853726492297,1,133.7853726492297,,1,1.0,0.0
BALUSDT-SCUSDT,214.5415954398981,1,214.5415954398981,,1,1.0,0.0
BALUSDT-TLMUSDT,2191.0119686812304,1,2191.0119686812304,,1,1.0,0.0
BALUSDT-TWTUSDT,708.2648590848162,1,708.2648590848162,,1,1.0,0.0
BALUSDT-VTHOUSDT,804.9507482021531,1,804.9507482021531,,1,1.0,0.0
BALUSDT-WAXPUSDT,195.14021810843275,1,195.14021810843275,,1,1.0,0.0
BALUSDT-WIFUSDT,124.4748292374284,1,124.4748292374284,,1,1.0,0.0
BALUSDT-ZRXUSDT,329.9641024550031,1,329.9641024550031,,1,1.0,0.0
BANANAS31USDT-DOTUSDT,1179.6793183060586,1,1179.6793183060586,,1,1.0,0.0
BANANAS31USDT-GLMRUSDT,1578.1216522747106,1,1578.1216522747106,,1,1.0,0.0
BANANAS31USDT-KDAUSDT,2720.2032057758083,1,2720.2032057758083,,1,1.0,0.0
BANANAS31USDT-KSMUSDT,647.9331306654016,1,647.9331306654016,,1,1.0,0.0
BANANAS31USDT-SAGAUSDT,2446.897561710761,1,2446.897561710761,,1,1.0,0.0
BANANAS31USDT-THEUSDT,237.4092526097716,1,237.4092526097716,,1,1.0,0.0
BANANAS31USDT-USTCUSDT,1448.426909135719,1,1448.426909135719,,1,1.0,0.0
BANANAS31USDT-WLDUSDT,2054.252437393754,1,2054.252437393754,,1,1.0,0.0
BANANAUSDT-BNTUSDT,38.76704077440713,1,38.76704077440713,,1,1.0,0.0
BANANAUSDT-BOMEUSDT,36.72861637790223,1,36.72861637790223,,1,1.0,0.0
BANANAUSDT-CATIUSDT,777.9903302192465,1,777.9903302192465,,1,1.0,0.0
BANANAUSDT-CELOUSDT,584.5169187362036,1,584.5169187362036,,1,1.0,0.0
BANANAUSDT-CGPTUSDT,1398.0998520307771,1,1398.0998520307771,,1,1.0,0.0
BANANAUSDT-COMPUSDT,1071.4275884962524,1,1071.4275884962524,,1,1.0,0.0
BANANAUSDT-FIOUSDT,732.1415454368184,1,732.1415454368184,,1,1.0,0.0
BANANAUSDT-GLMUSDT,2949.0198099769163,1,2949.0198099769163,,1,1.0,0.0
BANANAUSDT-GMTUSDT,119.16521694358958,1,119.16521694358958,,1,1.0,0.0
BANANAUSDT-HOOKUSDT,306.48532847802346,1,306.48532847802346,,1,1.0,0.0
BANANAUSDT-IDEXUSDT,1972.111560798926,1,1972.111560798926,,1,1.0,0.0
BANANAUSDT-INJUSDT,677.4643820835796,1,677.4643820835796,,1,1.0,0.0
BANANAUSDT-IOUSDT,383.9167048425305,1,383.9167048425305,,1,1.0,0.0
BANANAUSDT-LAYERUSDT,1408.9461079335413,1,1408.9461079335413,,1,1.0,0.0
BANANAUSDT-MBOXUSDT,418.7483844554356,1,418.7483844554356,,1,1.0,0.0
BANANAUSDT-MTLUSDT,44.67080685700504,1,44.67080685700504,,1,1.0,0.0
BANANAUSDT-ONGUSDT,143.08907318559386,1,143.08907318559386,,1,1.0,0.0
BANANAUSDT-PIXELUSDT,708.8331471329823,1,708.8331471329823,,1,1.0,0.0
BANANAUSDT-QUICKUSDT,125.416720869045,1,125.416720869045,,1,1.0,0.0
BANANAUSDT-RSRUSDT,482.38938436449257,1,482.38938436449257,,1,1.0,0.0
BANANAUSDT-SAGAUSDT,828.3958792970939,1,828.3958792970939,,1,1.0,0.0
BANANAUSDT-SANDUSDT,693.1692559343131,1,693.1692559343131,,1,1.0,0.0
BANANAUSDT-SHELLUSDT,28.782085402775543,1,28.782085402775543,,1,1.0,0.0
BANANAUSDT-SUSHIUSDT,521.1130664705274,1,521.1130664705274,,1,1.0,0.0
BANANAUSDT-SYSUSDT,542.3914779578031,1,542.3914779578031,,1,1.0,0.0
BANANAUSDT-TRUMPUSDT,514.3776934638826,1,514.3776934638826,,1,1.0,0.0
BANANAUSDT-VELODROMEUSDT,1406.083987578367,1,1406.083987578367,,1,1.0,0.0
BANDUSDT-BEAMXUSDT,1213.678425826583,1,1213.678425826583,,1,1.0,0.0
BANDUSDT-BERAUSDT,377.598818633878,1,377.598818633878,,1,1.0,0.0
BANDUSDT-BIOUSDT,2248.841321762578,1,2248.841321762578,,1,1.0,0.0
BANDUSDT-C98USDT,2687.3897668865898,1,2687.3897668865898,,1,1.0,0.0
BANDUSDT-CATIUSDT,301.0703502160891,1,301.0703502160891,,1,1.0,0.0
BANDUSDT-DASHUSDT,1138.8642698172994,1,1138.8642698172994,,1,1.0,0.0
BANDUSDT-DUSKUSDT,1695.76632623121,1,1695.76632623121,,1,1.0,0.0
BANDUSDT-ETHFIUSDT,3392.6022340423688,1,3392.6022340423688,,1,1.0,0.0
BANDUSDT-FLUXUSDT,4215.030650380486,1,4215.030650380486,,1,1.0,0.0
BANDUSDT-GASUSDT,65.34246603667697,1,65.34246603667697,,1,1.0,0.0
BANDUSDT-HOTUSDT,312.9774887930764,1,312.9774887930764,,1,1.0,0.0
BANDUSDT-ICPUSDT,2040.109858648578,1,2040.109858648578,,1,1.0,0.0
BANDUSDT-IDEXUSDT,3792.877001094398,1,3792.877001094398,,1,1.0,0.0
BANDUSDT-JASMYUSDT,2105.303769145331,1,2105.303769145331,,1,1.0,0.0
BANDUSDT-LUMIAUSDT,1415.1131362667386,1,1415.1131362667386,,1,1.0,0.0
BANDUSDT-MBOXUSDT,1054.794730520454,1,1054.794730520454,,1,1.0,0.0
BANDUSDT-MINAUSDT,679.4262414621378,1,679.4262414621378,,1,1.0,0.0
BANDUSDT-MTLUSDT,716.5717888995534,1,716.5717888995534,,1,1.0,0.0
BANDUSDT-NEIROUSDT,4115.857431585153,1,4115.857431585153,,1,1.0,0.0
BANDUSDT-NULSUSDT,1451.753053919157,1,1451.753053919157,,1,1.0,0.0
BANDUSDT-OXTUSDT,299.262764526674,1,299.262764526674,,1,1.0,0.0
BANDUSDT-POLUSDT,128.13953884191338,1,128.13953884191338,,1,1.0,0.0
BANDUSDT-SEIUSDT,146.26705845180737,1,146.26705845180737,,1,1.0,0.0
BANDUSDT-SKLUSDT,656.5968080025248,1,656.5968080025248,,1,1.0,0.0
BANDUSDT-STRAXUSDT,2302.952653252558,1,2302.952653252558,,1,1.0,0.0
BANDUSDT-SYNUSDT,1697.5250628577587,1,1697.5250628577587,,1,1.0,0.0
BANDUSDT-THEUSDT,165.93469369544945,1,165.93469369544945,,1,1.0,0.0
BANDUSDT-VANRYUSDT,49.780270946103535,1,49.780270946103535,,1,1.0,0.0
BANDUSDT-VETUSDT,196.1012987110337,1,196.1012987110337,,1,1.0,0.0
BANDUSDT-VICUSDT,31.761787860966717,1,31.761787860966717,,1,1.0,0.0
BANDUSDT-WLDUSDT,755.0552471231239,1,755.0552471231239,,1,1.0,0.0
BANDUSDT-ZKUSDT,169.89148831686788,1,169.89148831686788,,1,1.0,0.0
BANDUSDT-ZRXUSDT,31.80413112990725,1,31.80413112990725,,1,1.0,0.0
BATUSDT-BLURUSDT,1717.183201241873,1,1717.183201241873,,1,1.0,0.0
BATUSDT-BOMEUSDT,2099.597925196537,1,2099.597925196537,,1,1.0,0.0
BATUSDT-CELRUSDT,1329.918907815646,1,1329.918907815646,,1,1.0,0.0
BATUSDT-CVXUSDT,347.74459998013833,1,347.74459998013833,,1,1.0,0.0
BATUSDT-DENTUSDT,445.2660109883213,1,445.2660109883213,,1,1.0,0.0
BATUSDT-DOGSUSDT,138.09028647811462,1,138.09028647811462,,1,1.0,0.0
BATUSDT-FLOWUSDT,321.26207896867635,1,321.26207896867635,,1,1.0,0.0
BATUSDT-GALAUSDT,3009.189670873045,1,3009.189670873045,,1,1.0,0.0
BATUSDT-GHSTUSDT,860.742741758133,1,860.742741758133,,1,1.0,0.0
BATUSDT-GUSDT,544.1830650049152,1,544.1830650049152,,1,1.0,0.0
BATUSDT-HIGHUSDT,395.8716815415424,1,395.8716815415424,,1,1.0,0.0
BATUSDT-ICXUSDT,775.0074841786295,1,775.0074841786295,,1,1.0,0.0
BATUSDT-JASMYUSDT,709.7454433150975,1,709.7454433150975,,1,1.0,0.0
BATUSDT-JTOUSDT,2845.930897428805,1,2845.930897428805,,1,1.0,0.0
BATUSDT-LDOUSDT,1107.1995182109915,1,1107.1995182109915,,1,1.0,0.0
BATUSDT-MASKUSDT,303.2810886463832,1,303.2810886463832,,1,1.0,0.0
BATUSDT-OMNIUSDT,819.4758855956134,1,819.4758855956134,,1,1.0,0.0
BATUSDT-ONEUSDT,187.15856855337745,1,187.15856855337745,,1,1.0,0.0
BATUSDT-OPUSDT,202.71798839953124,1,202.71798839953124,,1,1.0,0.0
BATUSDT-PHBUSDT,32.04560280600272,1,32.04560280600272,,1,1.0,0.0
BATUSDT-PIXELUSDT,522.2043950911071,1,522.2043950911071,,1,1.0,0.0
BATUSDT-REZUSDT,2211.4469853606706,1,2211.4469853606706,,1,1.0,0.0
BATUSDT-RPLUSDT,2043.645724692365,1,2043.645724692365,,1,1.0,0.0
BATUSDT-RSRUSDT,1101.0210216639928,1,1101.0210216639928,,1,1.0,0.0
BATUSDT-RVNUSDT,292.0774805725267,1,292.0774805725267,,1,1.0,0.0
BATUSDT-SANDUSDT,249.7744384701491,1,249.7744384701491,,1,1.0,0.0
BATUSDT-SCRUSDT,81.44819589567305,1,81.44819589567305,,1,1.0,0.0
BATUSDT-SNTUSDT,430.6904455780975,1,430.6904455780975,,1,1.0,0.0
BATUSDT-STEEMUSDT,915.7153666375152,1,915.7153666375152,,1,1.0,0.0
BATUSDT-SUPERUSDT,233.61411045871344,1,233.61411045871344,,1,1.0,0.0
BATUSDT-SYSUSDT,921.974595175492,1,921.974595175492,,1,1.0,0.0
BATUSDT-TAOUSDT,326.87645376211026,1,326.87645376211026,,1,1.0,0.0
BATUSDT-TIAUSDT,674.6029817380396,1,674.6029817380396,,1,1.0,0.0
BATUSDT-TRBUSDT,585.682864665984,1,585.682864665984,,1,1.0,0.0
BATUSDT-TURBOUSDT,376.7582903315785,1,376.7582903315785,,1,1.0,0.0
BATUSDT-USTCUSDT,686.0616003900876,1,686.0616003900876,,1,1.0,0.0
BATUSDT-VOXELUSDT,172.12151644154142,1,172.12151644154142,,1,1.0,0.0
BATUSDT-XLMUSDT,885.818178498978,1,885.818178498978,,1,1.0,0.0
BATUSDT-XVGUSDT,401.8460091599911,1,401.8460091599911,,1,1.0,0.0
BATUSDT-ZROUSDT,1056.3260836102938,1,1056.3260836102938,,1,1.0,0.0
BBUSDT-BCHUSDT,111.68952361596943,1,111.68952361596943,,1,1.0,0.0
BBUSDT-BOMEUSDT,1004.2175452219716,1,1004.2175452219716,,1,1.0,0.0
BBUSDT-CFXUSDT,65.35846517379011,1,65.35846517379011,,1,1.0,0.0
BBUSDT-CHESSUSDT,1389.1636830209754,1,1389.1636830209754,,1,1.0,0.0
BBUSDT-CVCUSDT,81.20863736710191,1,81.20863736710191,,1,1.0,0.0
BBUSDT-DGBUSDT,2671.231135971124,1,2671.231135971124,,1,1.0,0.0
BBUSDT-DIAUSDT,1275.957274648023,1,1275.957274648023,,1,1.0,0.0
BBUSDT-EOSUSDT,67.65585519023372,1,67.65585519023372,,1,1.0,0.0
BBUSDT-FILUSDT,2274.497557625302,1,2274.497557625302,,1,1.0,0.0
BBUSDT-GALAUSDT,1260.8772791748463,1,1260.8772791748463,,1,1.0,0.0
BBUSDT-GMTUSDT,297.0463739669358,1,297.0463739669358,,1,1.0,0.0
BBUSDT-ICXUSDT,646.3424638592833,1,646.3424638592833,,1,1.0,0.0
BBUSDT-IDEXUSDT,2155.8157128776493,1,2155.8157128776493,,1,1.0,0.0
BBUSDT-ILVUSDT,208.4704371686577,1,208.4704371686577,,1,1.0,0.0
BBUSDT-IMXUSDT,341.1458837189425,1,341.1458837189425,,1,1.0,0.0
BBUSDT-JASMYUSDT,421.49469783310144,1,421.49469783310144,,1,1.0,0.0
BBUSDT-JTOUSDT,3512.608972030062,1,3512.608972030062,,1,1.0,0.0
BBUSDT-KDAUSDT,1328.8025489007578,1,1328.8025489007578,,1,1.0,0.0
BBUSDT-KNCUSDT,41.933889530005935,1,41.933889530005935,,1,1.0,0.0
BBUSDT-LINKUSDT,843.200145879787,1,843.200145879787,,1,1.0,0.0
BBUSDT-LRCUSDT,983.9690576606116,1,983.9690576606116,,1,1.0,0.0
BBUSDT-LUMIAUSDT,1574.0756019328378,1,1574.0756019328378,,1,1.0,0.0
BBUSDT-MANTAUSDT,47.93997242996216,1,47.93997242996216,,1,1.0,0.0
BBUSDT-MEMEUSDT,53.72557936037508,1,53.72557936037508,,1,1.0,0.0
BBUSDT-ORCAUSDT,1848.3565772288143,1,1848.3565772288143,,1,1.0,0.0
BBUSDT-PENDLEUSDT,1056.0681051397178,1,1056.0681051397178,,1,1.0,0.0
BBUSDT-QNTUSDT,739.0277508126835,1,739.0277508126835,,1,1.0,0.0
BBUSDT-ROSEUSDT,1680.1656233995095,1,1680.1656233995095,,1,1.0,0.0
BBUSDT-SCRTUSDT,1970.8156895503196,1,1970.8156895503196,,1,1.0,0.0
BBUSDT-STPTUSDT,4161.910452055781,1,4161.910452055781,,1,1.0,0.0
BBUSDT-STRKUSDT,429.61972560089066,1,429.61972560089066,,1,1.0,0.0
BBUSDT-SXPUSDT,95.16417022682796,1,95.16417022682796,,1,1.0,0.0
BBUSDT-USTCUSDT,2481.6020378355825,1,2481.6020378355825,,1,1.0,0.0
BBUSDT-VANRYUSDT,968.05548060704,1,968.05548060704,,1,1.0,0.0
BBUSDT-VICUSDT,13.264175653869948,1,13.264175653869948,,1,1.0,0.0
BBUSDT-WUSDT,218.81310427349823,1,218.81310427349823,,1,1.0,0.0
BBUSDT-ZRXUSDT,3382.3909619819087,1,3382.3909619819087,,1,1.0,0.0
BCHUSDT-CRVUSDT,308.3623256460061,1,308.3623256460061,,1,1.0,0.0
BCHUSDT-DGBUSDT,2074.90395634363,1,2074.90395634363,,1,1.0,0.0
BCHUSDT-ENAUSDT,53.544110984282256,1,53.544110984282256,,1,1.0,0.0
BCHUSDT-ETHFIUSDT,2492.84282246883,1,2492.84282246883,,1,1.0,0.0
BCHUSDT-GUSDT,325.8209852673913,1,325.8209852673913,,1,1.0,0.0
BCHUSDT-HIVEUSDT,425.096179224578,1,425.096179224578,,1,1.0,0.0
BCHUSDT-INJUSDT,10146.188397454893,1,10146.188397454893,,1,1.0,0.0
BCHUSDT-KAVAUSDT,2788.622297167466,1,2788.622297167466,,1,1.0,0.0
BCHUSDT-KNCUSDT,272.5922028234845,1,272.5922028234845,,1,1.0,0.0
BCHUSDT-MANAUSDT,3443.006923958532,1,3443.006923958532,,1,1.0,0.0
BCHUSDT-MANTAUSDT,245.30089721379107,1,245.30089721379107,,1,1.0,0.0
BCHUSDT-MBOXUSDT,4535.902563964505,1,4535.902563964505,,1,1.0,0.0
BCHUSDT-OGNUSDT,4251.314991829091,1,4251.314991829091,,1,1.0,0.0
BCHUSDT-PIXELUSDT,409.6979084092911,1,409.6979084092911,,1,1.0,0.0
BCHUSDT-PNUTUSDT,863.0745279331402,1,863.0745279331402,,1,1.0,0.0
BCHUSDT-POLUSDT,1461.888058677482,1,1461.888058677482,,1,1.0,0.0
BCHUSDT-POLYXUSDT,2091.8640015344317,1,2091.8640015344317,,1,1.0,0.0
BCHUSDT-QNTUSDT,120.3564538803627,1,120.3564538803627,,1,1.0,0.0
BCHUSDT-SNTUSDT,109.00869357381464,1,109.00869357381464,,1,1.0,0.0
BCHUSDT-SPELLUSDT,1701.7868876358991,1,1701.7868876358991,,1,1.0,0.0
BCHUSDT-STGUSDT,1821.2786093001257,1,1821.2786093001257,,1,1.0,0.0
BCHUSDT-THETAUSDT,1750.9159654694088,1,1750.9159654694088,,1,1.0,0.0
BCHUSDT-UMAUSDT,875.7586737771176,1,875.7586737771176,,1,1.0,0.0
BEAMXUSDT-COMBOUSDT,452.6025706196581,1,452.6025706196581,,1,1.0,0.0
BEAMXUSDT-DOGSUSDT,281.28025369451024,1,281.28025369451024,,1,1.0,0.0
BEAMXUSDT-DOTUSDT,25.78865054064573,1,25.78865054064573,,1,1.0,0.0
BEAMXUSDT-FTTUSDT,724.0649435306703,1,724.0649435306703,,1,1.0,0.0
BEAMXUSDT-GLMRUSDT,453.5235605652288,1,453.5235605652288,,1,1.0,0.0
BEAMXUSDT-GRTUSDT,162.85104591262103,1,162.85104591262103,,1,1.0,0.0
BEAMXUSDT-HIGHUSDT,672.7157669137649,1,672.7157669137649,,1,1.0,0.0
BEAMXUSDT-HIVEUSDT,1973.2507715417485,1,1973.2507715417485,,1,1.0,0.0
BEAMXUSDT-HMSTRUSDT,120.22538639279333,1,120.22538639279333,,1,1.0,0.0
BEAMXUSDT-HOOKUSDT,216.93245725414587,1,216.93245725414587,,1,1.0,0.0
BEAMXUSDT-IDEXUSDT,271.1367237978974,1,271.1367237978974,,1,1.0,0.0
BEAMXUSDT-JUPUSDT,70.64077136635473,1,70.64077136635473,,1,1.0,0.0
BEAMXUSDT-KSMUSDT,79.10468239419171,1,79.10468239419171,,1,1.0,0.0
BEAMXUSDT-LDOUSDT,331.3347424411519,1,331.3347424411519,,1,1.0,0.0
BEAMXUSDT-LTCUSDT,296.84817031921665,1,296.84817031921665,,1,1.0,0.0
BEAMXUSDT-MANTAUSDT,305.3959152578204,1,305.3959152578204,,1,1.0,0.0
BEAMXUSDT-MBOXUSDT,107.2485422843676,1,107.2485422843676,,1,1.0,0.0
BEAMXUSDT-MLNUSDT,595.2863165750186,1,595.2863165750186,,1,1.0,0.0
BEAMXUSDT-NEOUSDT,2309.560669511053,1,2309.560669511053,,1,1.0,0.0
BEAMXUSDT-ONGUSDT,36.679350307762455,1,36.679350307762455,,1,1.0,0.0
BEAMXUSDT-OXTUSDT,1997.3094427690116,1,1997.3094427690116,,1,1.0,0.0
BEAMXUSDT-POLUSDT,1779.537968497918,1,1779.537968497918,,1,1.0,0.0
BEAMXUSDT-PROMUSDT,113.82319002226038,1,113.82319002226038,,1,1.0,0.0
BEAMXUSDT-PYTHUSDT,2609.7485479519632,1,2609.7485479519632,,1,1.0,0.0
BEAMXUSDT-RADUSDT,366.1111739400114,1,366.1111739400114,,1,1.0,0.0
BEAMXUSDT-RAYUSDT,2976.1620459977053,1,2976.1620459977053,,1,1.0,0.0
BEAMXUSDT-RSRUSDT,780.6124187197457,1,780.6124187197457,,1,1.0,0.0
BEAMXUSDT-RVNUSDT,889.308640083232,1,889.308640083232,,1,1.0,0.0
BEAMXUSDT-SANTOSUSDT,2788.9721301075983,1,2788.9721301075983,,1,1.0,0.0
BEAMXUSDT-SCRTUSDT,37.56812546295393,1,37.56812546295393,,1,1.0,0.0
BEAMXUSDT-SOLUSDT,1017.096859312928,1,1017.096859312928,,1,1.0,0.0
BEAMXUSDT-SSVUSDT,1956.9633857145932,1,1956.9633857145932,,1,1.0,0.0
BEAMXUSDT-STGUSDT,1054.661303510604,1,1054.661303510604,,1,1.0,0.0
BEAMXUSDT-SUIUSDT,1205.9044866147062,1,1205.9044866147062,,1,1.0,0.0
BEAMXUSDT-SYNUSDT,1494.7222201481184,1,1494.7222201481184,,1,1.0,0.0
BEAMXUSDT-THEUSDT,191.12428040286272,1,191.12428040286272,,1,1.0,0.0
BEAMXUSDT-TIAUSDT,1948.114644759623,1,1948.114644759623,,1,1.0,0.0
BEAMXUSDT-TONUSDT,1017.7472974972828,1,1017.7472974972828,,1,1.0,0.0
BEAMXUSDT-TWTUSDT,2294.4208275818837,1,2294.4208275818837,,1,1.0,0.0
BEAMXUSDT-WOOUSDT,803.5435382438226,1,803.5435382438226,,1,1.0,0.0
BEAMXUSDT-XLMUSDT,14.004691162758604,1,14.004691162758604,,1,1.0,0.0
BEAMXUSDT-ZECUSDT,165.43771115807846,1,165.43771115807846,,1,1.0,0.0
BELUSDT-C98USDT,765.9048023956371,1,765.9048023956371,,1,1.0,0.0
BELUSDT-CAKEUSDT,987.7250576675768,1,987.7250576675768,,1,1.0,0.0
BELUSDT-CETUSUSDT,15622.8924405415,1,15622.8924405415,,1,1.0,0.0
BELUSDT-CKBUSDT,334.17720105526115,1,334.17720105526115,,1,1.0,0.0
BELUSDT-COTIUSDT,1953.0974069892404,1,1953.0974069892404,,1,1.0,0.0
BELUSDT-DUSDT,1011.571187084524,1,1011.571187084524,,1,1.0,0.0
BELUSDT-DUSKUSDT,1482.8486208532413,1,1482.8486208532413,,1,1.0,0.0
BELUSDT-ENSUSDT,3140.7570602939045,1,3140.7570602939045,,1,1.0,0.0
BELUSDT-HIFIUSDT,207.3286171811693,1,207.3286171811693,,1,1.0,0.0
BELUSDT-HOOKUSDT,257.6317250053137,1,257.6317250053137,,1,1.0,0.0
BELUSDT-ICPUSDT,2220.696746823222,1,2220.696746823222,,1,1.0,0.0
BELUSDT-ILVUSDT,2607.8309084664525,1,2607.8309084664525,,1,1.0,0.0
BELUSDT-IOUSDT,970.9798152030946,1,970.9798152030946,,1,1.0,0.0
BELUSDT-JASMYUSDT,27.088891512654826,1,27.088891512654826,,1,1.0,0.0
BELUSDT-JOEUSDT,1664.1966546986669,1,1664.1966546986669,,1,1.0,0.0
BELUSDT-KAVAUSDT,140.5549826009755,1,140.5549826009755,,1,1.0,0.0
BELUSDT-KSMUSDT,569.7604406659572,1,569.7604406659572,,1,1.0,0.0
BELUSDT-LEVERUSDT,983.0414280733498,1,983.0414280733498,,1,1.0,0.0
BELUSDT-LINKUSDT,46.66122605270484,1,46.66122605270484,,1,1.0,0.0
BELUSDT-LISTAUSDT,3487.456327297472,1,3487.456327297472,,1,1.0,0.0
BELUSDT-LQTYUSDT,275.08241011698726,1,275.08241011698726,,1,1.0,0.0
BELUSDT-LTCUSDT,1660.9865876858796,1,1660.9865876858796,,1,1.0,0.0
BELUSDT-MANAUSDT,391.519671968657,1,391.519671968657,,1,1.0,0.0
BELUSDT-MAVUSDT,826.9487612020716,1,826.9487612020716,,1,1.0,0.0
BELUSDT-NILUSDT,245.80447617050496,1,245.80447617050496,,1,1.0,0.0
BELUSDT-OMUSDT,2686.2512518994617,1,2686.2512518994617,,1,1.0,0.0
BELUSDT-PIXELUSDT,1003.9081022673324,1,1003.9081022673324,,1,1.0,0.0
BELUSDT-PYTHUSDT,557.3840165208179,1,557.3840165208179,,1,1.0,0.0
BELUSDT-RAYUSDT,4127.829498532226,1,4127.829498532226,,1,1.0,0.0
BELUSDT-RPLUSDT,911.5953327676526,1,911.5953327676526,,1,1.0,0.0
BELUSDT-SANTOSUSDT,1188.635874766475,1,1188.635874766475,,1,1.0,0.0
BELUSDT-SKLUSDT,115.96498587609555,1,115.96498587609555,,1,1.0,0.0
BELUSDT-SNXUSDT,78.20514858652896,1,78.20514858652896,,1,1.0,0.0
BELUSDT-STPTUSDT,842.2673679028933,1,842.2673679028933,,1,1.0,0.0
BELUSDT-TIAUSDT,142.15892692904777,1,142.15892692904777,,1,1.0,0.0
BELUSDT-TRUUSDT,466.5005123224871,1,466.5005123224871,,1,1.0,0.0
BELUSDT-TUSDT,71.63423708290733,1,71.63423708290733,,1,1.0,0.0
BELUSDT-ZECUSDT,206.34443139409032,1,206.34443139409032,,1,1.0,0.0
BERAUSDT-CFXUSDT,8191.686284526238,1,8191.686284526238,,1,1.0,0.0
BERAUSDT-CTSIUSDT,4355.578186273589,1,4355.578186273589,,1,1.0,0.0
BERAUSDT-DYMUSDT,1459.7041143556853,1,1459.7041143556853,,1,1.0,0.0
BERAUSDT-EIGENUSDT,7296.056396551858,1,7296.056396551858,,1,1.0,0.0
BERAUSDT-ETCUSDT,2221.5902990405607,1,2221.5902990405607,,1,1.0,0.0
BERAUSDT-FETUSDT,4251.556709346695,1,4251.556709346695,,1,1.0,0.0
BERAUSDT-FLUXUSDT,5357.787500077572,1,5357.787500077572,,1,1.0,0.0
BERAUSDT-FTTUSDT,84.78677530082933,1,84.78677530082933,,1,1.0,0.0
BERAUSDT-HOTUSDT,256.89425451947085,1,256.89425451947085,,1,1.0,0.0
BERAUSDT-IMXUSDT,928.1748304393648,1,928.1748304393648,,1,1.0,0.0
BERAUSDT-INJUSDT,2432.4164387257,1,2432.4164387257,,1,1.0,0.0
BERAUSDT-IOSTUSDT,3641.919103018545,1,3641.919103018545,,1,1.0,0.0
BERAUSDT-LISTAUSDT,398.5286774885256,1,398.5286774885256,,1,1.0,0.0
BERAUSDT-MBOXUSDT,6203.64992873219,1,6203.64992873219,,1,1.0,0.0
BERAUSDT-NMRUSDT,500.79901746250073,1,500.79901746250073,,1,1.0,0.0
BERAUSDT-NTRNUSDT,3913.5268772406575,1,3913.5268772406575,,1,1.0,0.0
BERAUSDT-ONEUSDT,1180.003205493144,1,1180.003205493144,,1,1.0,0.0
BERAUSDT-PORTALUSDT,5612.612770790734,1,5612.612770790734,,1,1.0,0.0
BERAUSDT-QTUMUSDT,237.0509274343512,1,237.0509274343512,,1,1.0,0.0
BERAUSDT-RONINUSDT,5057.592276885782,1,5057.592276885782,,1,1.0,0.0
BERAUSDT-RUNEUSDT,455.13275844018665,1,455.13275844018665,,1,1.0,0.0
BERAUSDT-SSVUSDT,5918.220417148797,1,5918.220417148797,,1,1.0,0.0
BERAUSDT-STRKUSDT,4606.4136109742885,1,4606.4136109742885,,1,1.0,0.0
BERAUSDT-STXUSDT,90.32008778940396,1,90.32008778940396,,1,1.0,0.0
BERAUSDT-TIAUSDT,1851.3427502112413,1,1851.3427502112413,,1,1.0,0.0
BERAUSDT-TRBUSDT,1038.9581880077958,1,1038.9581880077958,,1,1.0,0.0
BERAUSDT-VANAUSDT,104.15209335500651,1,104.15209335500651,,1,1.0,0.0
BERAUSDT-WUSDT,3190.735393434254,1,3190.735393434254,,1,1.0,0.0
BERAUSDT-XVGUSDT,1205.0498541807508,1,1205.0498541807508,,1,1.0,0.0
BICOUSDT-CATIUSDT,2253.618869973912,1,2253.618869973912,,1,1.0,0.0
BICOUSDT-CELOUSDT,647.9658048260612,1,647.9658048260612,,1,1.0,0.0
BICOUSDT-CHZUSDT,482.7026376147253,1,482.7026376147253,,1,1.0,0.0
BICOUSDT-CTSIUSDT,1110.4481901183765,1,1110.4481901183765,,1,1.0,0.0
BICOUSDT-DASHUSDT,339.0928433641505,1,339.0928433641505,,1,1.0,0.0
BICOUSDT-DIAUSDT,1925.9152548384145,1,1925.9152548384145,,1,1.0,0.0
BICOUSDT-DOTUSDT,2177.8633240857384,1,2177.8633240857384,,1,1.0,0.0
BICOUSDT-DUSKUSDT,683.7833985616828,1,683.7833985616828,,1,1.0,0.0
BICOUSDT-GLMUSDT,1483.7055384638295,1,1483.7055384638295,,1,1.0,0.0
BICOUSDT-GMTUSDT,2029.1307297208573,1,2029.1307297208573,,1,1.0,0.0
BICOUSDT-HIFIUSDT,1646.0096182802336,1,1646.0096182802336,,1,1.0,0.0
BICOUSDT-HMSTRUSDT,2051.2758866251743,1,2051.2758866251743,,1,1.0,0.0
BICOUSDT-ILVUSDT,2358.977153788054,1,2358.977153788054,,1,1.0,0.0
BICOUSDT-INJUSDT,1706.853864939915,1,1706.853864939915,,1,1.0,0.0
BICOUSDT-JASMYUSDT,1115.2406086768444,1,1115.2406086768444,,1,1.0,0.0
BICOUSDT-JOEUSDT,1779.2570217278935,1,1779.2570217278935,,1,1.0,0.0
BICOUSDT-KAIAUSDT,86.21708122509149,1,86.21708122509149,,1,1.0,0.0
BICOUSDT-LINKUSDT,707.4658710415173,1,707.4658710415173,,1,1.0,0.0
BICOUSDT-LISTAUSDT,1.3882446085827596,1,1.3882446085827596,,1,1.0,0.0
BICOUSDT-LPTUSDT,470.24955201401286,1,470.24955201401286,,1,1.0,0.0
BICOUSDT-LRCUSDT,1707.9180168675605,1,1707.9180168675605,,1,1.0,0.0
BICOUSDT-MASKUSDT,139.71676540228475,1,139.71676540228475,,1,1.0,0.0
BICOUSDT-MOVRUSDT,106.16918161904069,1,106.16918161904069,,1,1.0,0.0
BICOUSDT-MUBARAKUSDT,130.42777334603613,1,130.42777334603613,,1,1.0,0.0
BICOUSDT-NEARUSDT,464.329726503978,1,464.329726503978,,1,1.0,0.0
BICOUSDT-NEIROUSDT,6258.611533363544,1,6258.611533363544,,1,1.0,0.0
BICOUSDT-NEOUSDT,2348.4968079910354,1,2348.4968079910354,,1,1.0,0.0
BICOUSDT-NMRUSDT,1125.7904081541894,1,1125.7904081541894,,1,1.0,0.0
BICOUSDT-NULSUSDT,47.07540965171007,1,47.07540965171007,,1,1.0,0.0
BICOUSDT-ONGUSDT,1276.3145591270302,1,1276.3145591270302,,1,1.0,0.0
BICOUSDT-ONTUSDT,2638.508045397721,1,2638.508045397721,,1,1.0,0.0
BICOUSDT-OPUSDT,86.60328040728606,1,86.60328040728606,,1,1.0,0.0
BICOUSDT-PERPUSDT,57.33313044314372,1,57.33313044314372,,1,1.0,0.0
BICOUSDT-PNUTUSDT,3070.5878513270427,1,3070.5878513270427,,1,1.0,0.0
BICOUSDT-POWRUSDT,353.5801668227941,1,353.5801668227941,,1,1.0,0.0
BICOUSDT-QNTUSDT,591.0233886232401,1,591.0233886232401,,1,1.0,0.0
BICOUSDT-REIUSDT,448.58238487096736,1,448.58238487096736,,1,1.0,0.0
BICOUSDT-RLCUSDT,166.7213465350848,1,166.7213465350848,,1,1.0,0.0
BICOUSDT-RVNUSDT,459.93519271235874,1,459.93519271235874,,1,1.0,0.0
BICOUSDT-SCRUSDT,306.9592139884614,1,306.9592139884614,,1,1.0,0.0
BICOUSDT-SNTUSDT,1403.953382909032,1,1403.953382909032,,1,1.0,0.0
BICOUSDT-SPELLUSDT,717.5335604275541,1,717.5335604275541,,1,1.0,0.0
BICOUSDT-STRKUSDT,393.8805634483368,1,393.8805634483368,,1,1.0,0.0
BICOUSDT-SUSDT,1028.1548911140762,1,1028.1548911140762,,1,1.0,0.0
BICOUSDT-SXPUSDT,959.6096346430352,1,959.6096346430352,,1,1.0,0.0
BICOUSDT-TAOUSDT,985.7247618353662,1,985.7247618353662,,1,1.0,0.0
BICOUSDT-TLMUSDT,307.8504740836996,1,307.8504740836996,,1,1.0,0.0
BICOUSDT-TNSRUSDT,1386.2822681376974,1,1386.2822681376974,,1,1.0,0.0
BICOUSDT-WAXPUSDT,448.8969433409849,1,448.8969433409849,,1,1.0,0.0
BICOUSDT-XVSUSDT,1261.443422486044,1,1261.443422486044,,1,1.0,0.0
BIOUSDT-BLURUSDT,346.5774510718691,1,346.5774510718691,,1,1.0,0.0
BIOUSDT-CETUSUSDT,146.28055880363678,1,146.28055880363678,,1,1.0,0.0
BIOUSDT-FLOWUSDT,2685.173277819322,1,2685.173277819322,,1,1.0,0.0
BIOUSDT-GLMUSDT,1099.351214088628,1,1099.351214088628,,1,1.0,0.0
BIOUSDT-GMXUSDT,3127.7922079845694,1,3127.7922079845694,,1,1.0,0.0
BIOUSDT-ILVUSDT,3963.745805885408,1,3963.745805885408,,1,1.0,0.0
BIOUSDT-JUPUSDT,529.8416687280901,1,529.8416687280901,,1,1.0,0.0
BIOUSDT-KSMUSDT,835.4168712861251,1,835.4168712861251,,1,1.0,0.0
BIOUSDT-LRCUSDT,765.211596179007,1,765.211596179007,,1,1.0,0.0
BIOUSDT-LUMIAUSDT,375.9707846815346,1,375.9707846815346,,1,1.0,0.0
BIOUSDT-MANTAUSDT,4540.652313038559,1,4540.652313038559,,1,1.0,0.0
BIOUSDT-MEUSDT,495.7748210600804,1,495.7748210600804,,1,1.0,0.0
BIOUSDT-OMNIUSDT,3200.079417793072,1,3200.079417793072,,1,1.0,0.0
BIOUSDT-ONTUSDT,1780.3404833813904,1,1780.3404833813904,,1,1.0,0.0
BIOUSDT-ORCAUSDT,550.0477105626991,1,550.0477105626991,,1,1.0,0.0
BIOUSDT-POLYXUSDT,1643.40635115855,1,1643.40635115855,,1,1.0,0.0
BIOUSDT-SCRTUSDT,581.5283497250616,1,581.5283497250616,,1,1.0,0.0
BIOUSDT-SLPUSDT,2282.2195837615814,1,2282.2195837615814,,1,1.0,0.0
BIOUSDT-TNSRUSDT,6.252917486147631,1,6.252917486147631,,1,1.0,0.0
BLURUSDT-CVCUSDT,440.2059893958295,1,440.2059893958295,,1,1.0,0.0
BLURUSDT-CYBERUSDT,1122.8260847672152,1,1122.8260847672152,,1,1.0,0.0
BLURUSDT-DENTUSDT,586.2196026981302,1,586.2196026981302,,1,1.0,0.0
BLURUSDT-DOGEUSDT,189.0787478511899,1,189.0787478511899,,1,1.0,0.0
BLURUSDT-EDUUSDT,882.8127786367938,1,882.8127786367938,,1,1.0,0.0
BLURUSDT-HBARUSDT,241.9974653586499,1,241.9974653586499,,1,1.0,0.0
BLURUSDT-ICPUSDT,1764.7732069793562,1,1764.7732069793562,,1,1.0,0.0
BLURUSDT-IDEXUSDT,453.3333505661295,1,453.3333505661295,,1,1.0,0.0
BLURUSDT-JOEUSDT,769.1209044978388,1,769.1209044978388,,1,1.0,0.0
BLURUSDT-LAYERUSDT,1682.223339037511,1,1682.223339037511,,1,1.0,0.0
BLURUSDT-LEVERUSDT,1105.662457448967,1,1105.662457448967,,1,1.0,0.0
BLURUSDT-MANAUSDT,2136.03077771071,1,2136.03077771071,,1,1.0,0.0
BLURUSDT-MANTAUSDT,2503.1275421481337,1,2503.1275421481337,,1,1.0,0.0
BLURUSDT-MASKUSDT,553.8259834840717,1,553.8259834840717,,1,1.0,0.0
BLURUSDT-NMRUSDT,326.8964361092873,1,326.8964361092873,,1,1.0,0.0
BLURUSDT-ORCAUSDT,1402.396676514231,1,1402.396676514231,,1,1.0,0.0
BLURUSDT-ORDIUSDT,1295.9131046554342,1,1295.9131046554342,,1,1.0,0.0
BLURUSDT-PERPUSDT,582.1191765225302,1,582.1191765225302,,1,1.0,0.0
BLURUSDT-QTUMUSDT,4289.096411388588,1,4289.096411388588,,1,1.0,0.0
BLURUSDT-RAYUSDT,159.51670519318048,1,159.51670519318048,,1,1.0,0.0
BLURUSDT-RLCUSDT,206.06407345700129,1,206.06407345700129,,1,1.0,0.0
BLURUSDT-SCUSDT,1904.7181617556944,1,1904.7181617556944,,1,1.0,0.0
BLURUSDT-SFPUSDT,10.144175293869708,1,10.144175293869708,,1,1.0,0.0
BLURUSDT-SLPUSDT,645.5054000946794,1,645.5054000946794,,1,1.0,0.0
BLURUSDT-SSVUSDT,448.24391644913646,1,448.24391644913646,,1,1.0,0.0
BLURUSDT-STEEMUSDT,585.8874946344833,1,585.8874946344833,,1,1.0,0.0
BLURUSDT-STRAXUSDT,127.6057875082086,1,127.6057875082086,,1,1.0,0.0
BLURUSDT-SUIUSDT,1355.439420615182,1,1355.439420615182,,1,1.0,0.0
BLURUSDT-SYSUSDT,891.0081273120245,1,891.0081273120245,,1,1.0,0.0
BLURUSDT-TWTUSDT,2449.254500007893,1,2449.254500007893,,1,1.0,0.0
BLURUSDT-VANAUSDT,241.2818401775961,1,241.2818401775961,,1,1.0,0.0
BLURUSDT-VANRYUSDT,853.7241326343773,1,853.7241326343773,,1,1.0,0.0
BLURUSDT-YGGUSDT,86.46873223327735,1,86.46873223327735,,1,1.0,0.0
BLURUSDT-ZILUSDT,2565.599017554098,1,2565.599017554098,,1,1.0,0.0
BMTUSDT-CATIUSDT,21112.36119850329,1,21112.36119850329,,1,1.0,0.0
BMTUSDT-FUNUSDT,27590.038462188222,1,27590.038462188222,,1,1.0,0.0
BMTUSDT-GHSTUSDT,24184.07425289316,1,24184.07425289316,,1,1.0,0.0
BMTUSDT-GPSUSDT,489.8084809058104,1,489.8084809058104,,1,1.0,0.0
BMTUSDT-JASMYUSDT,1303.7588643309543,1,1303.7588643309543,,1,1.0,0.0
BMTUSDT-JTOUSDT,51.496817679408245,1,51.496817679408245,,1,1.0,0.0
BMTUSDT-LOKAUSDT,26775.90657255657,1,26775.90657255657,,1,1.0,0.0
BMTUSDT-LUMIAUSDT,664.7343655682482,1,664.7343655682482,,1,1.0,0.0
BMTUSDT-METISUSDT,3703.262428213433,1,3703.262428213433,,1,1.0,0.0
BMTUSDT-MLNUSDT,61.511611685241135,1,61.511611685241135,,1,1.0,0.0
BMTUSDT-MOVEUSDT,24854.67663122909,1,24854.67663122909,,1,1.0,0.0
BMTUSDT-NTRNUSDT,26227.567535252547,1,26227.567535252547,,1,1.0,0.0
BMTUSDT-PARTIUSDT,22980.127955924578,1,22980.127955924578,,1,1.0,0.0
BMTUSDT-PYTHUSDT,172.68169245887813,1,172.68169245887813,,1,1.0,0.0
BMTUSDT-ROSEUSDT,22377.137911601378,1,22377.137911601378,,1,1.0,0.0
BMTUSDT-SANDUSDT,184.9352168594776,1,184.9352168594776,,1,1.0,0.0
BMTUSDT-SCUSDT,871.8620940759034,1,871.8620940759034,,1,1.0,0.0
BMTUSDT-SSVUSDT,235.0127520044492,1,235.0127520044492,,1,1.0,0.0
BMTUSDT-STRAXUSDT,1550.2275246433464,1,1550.2275246433464,,1,1.0,0.0
BMTUSDT-STXUSDT,32.09857974274832,1,32.09857974274832,,1,1.0,0.0
BMTUSDT-SYNUSDT,27139.29980982821,1,27139.29980982821,,1,1.0,0.0
BMTUSDT-TRXUSDT,15337.116703659043,1,15337.116703659043,,1,1.0,0.0
BMTUSDT-VICUSDT,23198.11649234372,1,23198.11649234372,,1,1.0,0.0
BNTUSDT-C98USDT,204.12409459533808,1,204.12409459533808,,1,1.0,0.0
BNTUSDT-COMPUSDT,114.98121850870888,1,114.98121850870888,,1,1.0,0.0
BNTUSDT-CTSIUSDT,1665.2872526200122,1,1665.2872526200122,,1,1.0,0.0
BNTUSDT-DFUSDT,508.52935728252027,1,508.52935728252027,,1,1.0,0.0
BNTUSDT-DGBUSDT,2390.512348185525,1,2390.512348185525,,1,1.0,0.0
BNTUSDT-DIAUSDT,3300.739479858389,1,3300.739479858389,,1,1.0,0.0
BNTUSDT-FETUSDT,2881.1044384641405,1,2881.1044384641405,,1,1.0,0.0
BNTUSDT-FIDAUSDT,814.5724776454367,1,814.5724776454367,,1,1.0,0.0
BNTUSDT-GHSTUSDT,363.5674184616829,1,363.5674184616829,,1,1.0,0.0
BNTUSDT-ICXUSDT,4430.411356971507,1,4430.411356971507,,1,1.0,0.0
BNTUSDT-ILVUSDT,2035.54365421014,1,2035.54365421014,,1,1.0,0.0
BNTUSDT-IOTAUSDT,581.7299908531168,1,581.7299908531168,,1,1.0,0.0
BNTUSDT-JOEUSDT,38.16876056975031,1,38.16876056975031,,1,1.0,0.0
BNTUSDT-KSMUSDT,1275.851461631341,1,1275.851461631341,,1,1.0,0.0
BNTUSDT-LDOUSDT,154.3754897116528,1,154.3754897116528,,1,1.0,0.0
BNTUSDT-LINAUSDT,1785.276793202887,1,1785.276793202887,,1,1.0,0.0
BNTUSDT-LRCUSDT,1866.9431559364616,1,1866.9431559364616,,1,1.0,0.0
BNTUSDT-LUMIAUSDT,6125.72090740927,1,6125.72090740927,,1,1.0,0.0
BNTUSDT-MANAUSDT,1510.3415935199257,1,1510.3415935199257,,1,1.0,0.0
BNTUSDT-MANTAUSDT,129.9718544599079,1,129.9718544599079,,1,1.0,0.0
BNTUSDT-MEMEUSDT,343.9750767643376,1,343.9750767643376,,1,1.0,0.0
BNTUSDT-ONGUSDT,666.1334070681896,1,666.1334070681896,,1,1.0,0.0
BNTUSDT-OXTUSDT,436.3632941602013,1,436.3632941602013,,1,1.0,0.0
BNTUSDT-PENDLEUSDT,313.76239837552606,1,313.76239837552606,,1,1.0,0.0
BNTUSDT-PEOPLEUSDT,38.373848804871805,1,38.373848804871805,,1,1.0,0.0
BNTUSDT-PHAUSDT,54.324628263248,1,54.324628263248,,1,1.0,0.0
BNTUSDT-PORTALUSDT,4432.15908059421,1,4432.15908059421,,1,1.0,0.0
BNTUSDT-RADUSDT,319.8759641182165,1,319.8759641182165,,1,1.0,0.0
BNTUSDT-RAREUSDT,886.2413266734633,1,886.2413266734633,,1,1.0,0.0
BNTUSDT-RIFUSDT,653.2250215650386,1,653.2250215650386,,1,1.0,0.0
BNTUSDT-SAGAUSDT,7013.812598474872,1,7013.812598474872,,1,1.0,0.0
BNTUSDT-SANTOSUSDT,0.3691102074451891,1,0.3691102074451891,,1,1.0,0.0
BNTUSDT-SCRUSDT,164.0202106160952,1,164.0202106160952,,1,1.0,0.0
BNTUSDT-SLPUSDT,194.86170529251592,1,194.86170529251592,,1,1.0,0.0
BNTUSDT-STORJUSDT,2508.0383273128164,1,2508.0383273128164,,1,1.0,0.0
BNTUSDT-SUIUSDT,1782.8053418486102,1,1782.8053418486102,,1,1.0,0.0
BNTUSDT-SYSUSDT,923.1212632908145,1,923.1212632908145,,1,1.0,0.0
BNTUSDT-TIAUSDT,1545.0064957541058,1,1545.0064957541058,,1,1.0,0.0
BNTUSDT-TRBUSDT,504.9917537213275,1,504.9917537213275,,1,1.0,0.0
BNTUSDT-TRUUSDT,1414.6777349997808,1,1414.6777349997808,,1,1.0,0.0
BNTUSDT-USUALUSDT,2778.875549028744,1,2778.875549028744,,1,1.0,0.0
BNTUSDT-WIFUSDT,391.4401221304575,1,391.4401221304575,,1,1.0,0.0
BNXUSDT-CYBERUSDT,3457.453269728275,1,3457.453269728275,,1,1.0,0.0
BNXUSDT-DIAUSDT,1284.9127288985524,1,1284.9127288985524,,1,1.0,0.0
BNXUSDT-ETCUSDT,2259.0302505759296,1,2259.0302505759296,,1,1.0,0.0
BNXUSDT-ILVUSDT,5276.698415953646,1,5276.698415953646,,1,1.0,0.0
BNXUSDT-MEUSDT,365.6865517505476,1,365.6865517505476,,1,1.0,0.0
BNXUSDT-MTLUSDT,171.0251283263836,1,171.0251283263836,,1,1.0,0.0
BNXUSDT-PHBUSDT,1202.8796462082316,1,1202.8796462082316,,1,1.0,0.0
BNXUSDT-PYTHUSDT,5640.587682607034,1,5640.587682607034,,1,1.0,0.0
BNXUSDT-QUICKUSDT,160.4362372882265,1,160.4362372882265,,1,1.0,0.0
BNXUSDT-SANTOSUSDT,2816.616624931262,1,2816.616624931262,,1,1.0,0.0
BNXUSDT-TLMUSDT,2203.2817625474845,1,2203.2817625474845,,1,1.0,0.0
BNXUSDT-UMAUSDT,385.70665842874126,1,385.70665842874126,,1,1.0,0.0
BOMEUSDT-CETUSUSDT,6359.604388046501,1,6359.604388046501,,1,1.0,0.0
BOMEUSDT-CFXUSDT,86.55036141050263,1,86.55036141050263,,1,1.0,0.0
BOMEUSDT-CKBUSDT,1427.9261513584988,1,1427.9261513584988,,1,1.0,0.0
BOMEUSDT-CYBERUSDT,1080.9258861703486,1,1080.9258861703486,,1,1.0,0.0
BOMEUSDT-DENTUSDT,565.1186464733876,1,565.1186464733876,,1,1.0,0.0
BOMEUSDT-DOTUSDT,82.07980464494693,1,82.07980464494693,,1,1.0,0.0
BOMEUSDT-DYDXUSDT,99.88315950964632,1,99.88315950964632,,1,1.0,0.0
BOMEUSDT-EDUUSDT,1725.086655044275,1,1725.086655044275,,1,1.0,0.0
BOMEUSDT-ENJUSDT,1077.744294702422,1,1077.744294702422,,1,1.0,0.0
BOMEUSDT-GTCUSDT,1566.180569329468,1,1566.180569329468,,1,1.0,0.0
BOMEUSDT-GUSDT,420.0002012385045,1,420.0002012385045,,1,1.0,0.0
BOMEUSDT-HOOKUSDT,1378.1842088402016,1,1378.1842088402016,,1,1.0,0.0
BOMEUSDT-IMXUSDT,57.868660643299314,1,57.868660643299314,,1,1.0,0.0
BOMEUSDT-IOTXUSDT,1519.265350618665,1,1519.265350618665,,1,1.0,0.0
BOMEUSDT-JTOUSDT,232.95551021798477,1,232.95551021798477,,1,1.0,0.0
BOMEUSDT-JUPUSDT,1531.8290525024815,1,1531.8290525024815,,1,1.0,0.0
BOMEUSDT-LOKAUSDT,2568.958562911262,1,2568.958562911262,,1,1.0,0.0
BOMEUSDT-LTCUSDT,4334.988179298548,1,4334.988179298548,,1,1.0,0.0
BOMEUSDT-MAGICUSDT,1276.9634163960964,1,1276.9634163960964,,1,1.0,0.0
BOMEUSDT-MASKUSDT,706.5697818033282,1,706.5697818033282,,1,1.0,0.0
BOMEUSDT-MBOXUSDT,2035.6137727561693,1,2035.6137727561693,,1,1.0,0.0
BOMEUSDT-NEIROUSDT,5531.571943124298,1,5531.571943124298,,1,1.0,0.0
BOMEUSDT-NOTUSDT,464.7182419248677,1,464.7182419248677,,1,1.0,0.0
BOMEUSDT-OGNUSDT,177.60274821919086,1,177.60274821919086,,1,1.0,0.0
BOMEUSDT-PNUTUSDT,277.05527459888924,1,277.05527459888924,,1,1.0,0.0
BOMEUSDT-POWRUSDT,2214.0249202324108,1,2214.0249202324108,,1,1.0,0.0
BOMEUSDT-QTUMUSDT,485.53575155588265,1,485.53575155588265,,1,1.0,0.0
BOMEUSDT-RDNTUSDT,1062.3437287634829,1,1062.3437287634829,,1,1.0,0.0
BOMEUSDT-ROSEUSDT,1623.1772160049802,1,1623.1772160049802,,1,1.0,0.0
BOMEUSDT-RSRUSDT,2001.007650225468,1,2001.007650225468,,1,1.0,0.0
BOMEUSDT-RUNEUSDT,70.06063345405471,1,70.06063345405471,,1,1.0,0.0
BOMEUSDT-SANTOSUSDT,286.8409968145324,1,286.8409968145324,,1,1.0,0.0
BOMEUSDT-SLPUSDT,7.945674118393533,1,7.945674118393533,,1,1.0,0.0
BOMEUSDT-SXPUSDT,114.52072944924215,1,114.52072944924215,,1,1.0,0.0
BOMEUSDT-TWTUSDT,677.6133134584862,1,677.6133134584862,,1,1.0,0.0
BOMEUSDT-VANRYUSDT,138.18744465602114,1,138.18744465602114,,1,1.0,0.0
BOMEUSDT-VICUSDT,1437.0657298614951,1,1437.0657298614951,,1,1.0,0.0
BOMEUSDT-WIFUSDT,1150.4204432956767,1,1150.4204432956767,,1,1.0,0.0
BOMEUSDT-WOOUSDT,1116.3292522914574,1,1116.3292522914574,,1,1.0,0.0
BOMEUSDT-ZILUSDT,1541.382747141718,1,1541.382747141718,,1,1.0,0.0
BOMEUSDT-ZROUSDT,343.1928309602042,1,343.1928309602042,,1,1.0,0.0
BROCCOLI714USDT-CHRUSDT,125.29086062078792,1,125.29086062078792,,1,1.0,0.0
BROCCOLI714USDT-COTIUSDT,177.96387682589597,1,177.96387682589597,,1,1.0,0.0
BROCCOLI714USDT-CVXUSDT,3182.2710800250525,1,3182.2710800250525,,1,1.0,0.0
BROCCOLI714USDT-EIGENUSDT,319.3550737825947,1,319.3550737825947,,1,1.0,0.0
BROCCOLI714USDT-ETCUSDT,901.158918216325,1,901.158918216325,,1,1.0,0.0
BROCCOLI714USDT-ETHFIUSDT,409.9808249546429,1,409.9808249546429,,1,1.0,0.0
BROCCOLI714USDT-IDEXUSDT,153.878420096524,1,153.878420096524,,1,1.0,0.0
BROCCOLI714USDT-ILVUSDT,4703.106850809417,1,4703.106850809417,,1,1.0,0.0
BROCCOLI714USDT-IOTAUSDT,1183.5666678915154,1,1183.5666678915154,,1,1.0,0.0
BROCCOLI714USDT-LINKUSDT,871.6697623337949,1,871.6697623337949,,1,1.0,0.0
BROCCOLI714USDT-MLNUSDT,2159.1980532674224,1,2159.1980532674224,,1,1.0,0.0
BROCCOLI714USDT-PHBUSDT,1892.9769081645836,1,1892.9769081645836,,1,1.0,0.0
BROCCOLI714USDT-PNUTUSDT,218.6218448685761,1,218.6218448685761,,1,1.0,0.0
BROCCOLI714USDT-QNTUSDT,4399.773798290684,1,4399.773798290684,,1,1.0,0.0
BROCCOLI714USDT-RAREUSDT,2100.6570442805537,1,2100.6570442805537,,1,1.0,0.0
BROCCOLI714USDT-RAYUSDT,493.01949480157526,1,493.01949480157526,,1,1.0,0.0
BROCCOLI714USDT-REDUSDT,625.7730882847097,1,625.7730882847097,,1,1.0,0.0
BROCCOLI714USDT-RENDERUSDT,337.5083448191749,1,337.5083448191749,,1,1.0,0.0
BROCCOLI714USDT-RLCUSDT,3576.907849899432,1,3576.907849899432,,1,1.0,0.0
BROCCOLI714USDT-SANTOSUSDT,98.40698363033984,1,98.40698363033984,,1,1.0,0.0
BROCCOLI714USDT-SFPUSDT,6080.436347534787,1,6080.436347534787,,1,1.0,0.0
BROCCOLI714USDT-STEEMUSDT,3149.8362531027283,1,3149.8362531027283,,1,1.0,0.0
BROCCOLI714USDT-SUSHIUSDT,4676.756510377768,1,4676.756510377768,,1,1.0,0.0
BROCCOLI714USDT-TAOUSDT,84.19746653783622,1,84.19746653783622,,1,1.0,0.0
BROCCOLI714USDT-USUALUSDT,1129.3136154154386,1,1129.3136154154386,,1,1.0,0.0
BROCCOLI714USDT-WLDUSDT,2047.3045717286784,1,2047.3045717286784,,1,1.0,0.0
BROCCOLI714USDT-XLMUSDT,5374.617253895405,1,5374.617253895405,,1,1.0,0.0
BROCCOLI714USDT-ZKUSDT,362.1050859124153,1,362.1050859124153,,1,1.0,0.0
BSWUSDT-CAKEUSDT,685.7439706128099,1,685.7439706128099,,1,1.0,0.0
BSWUSDT-DASHUSDT,448.6846551228912,1,448.6846551228912,,1,1.0,0.0
BSWUSDT-DEXEUSDT,101.02759723268164,1,101.02759723268164,,1,1.0,0.0
BSWUSDT-DUSDT,10073.180927433375,1,10073.180927433375,,1,1.0,0.0
BSWUSDT-DYDXUSDT,682.9280666342056,1,682.9280666342056,,1,1.0,0.0
BSWUSDT-ETHFIUSDT,86.36568925129703,1,86.36568925129703,,1,1.0,0.0
BSWUSDT-IDUSDT,12.526235676282454,1,12.526235676282454,,1,1.0,0.0
BSWUSDT-LDOUSDT,504.6959090929552,1,504.6959090929552,,1,1.0,0.0
BSWUSDT-MBOXUSDT,538.4690863232399,1,538.4690863232399,,1,1.0,0.0
BSWUSDT-PEOPLEUSDT,1447.4423827292862,1,1447.4423827292862,,1,1.0,0.0
BSWUSDT-PORTALUSDT,2938.8685658123604,1,2938.8685658123604,,1,1.0,0.0
BSWUSDT-PROMUSDT,95.63303316022896,1,95.63303316022896,,1,1.0,0.0
BSWUSDT-RDNTUSDT,1481.2001150428027,1,1481.2001150428027,,1,1.0,0.0
BSWUSDT-RLCUSDT,3.5403687687264807,1,3.5403687687264807,,1,1.0,0.0
BSWUSDT-SAGAUSDT,1210.3078712000288,1,1210.3078712000288,,1,1.0,0.0
BSWUSDT-SCRTUSDT,218.4589583188479,1,218.4589583188479,,1,1.0,0.0
BSWUSDT-SNXUSDT,1067.5902425702436,1,1067.5902425702436,,1,1.0,0.0
BSWUSDT-STEEMUSDT,64.62240016434221,1,64.62240016434221,,1,1.0,0.0
BSWUSDT-SUSHIUSDT,816.7577020841684,1,816.7577020841684,,1,1.0,0.0
BSWUSDT-SYNUSDT,473.2538397211184,1,473.2538397211184,,1,1.0,0.0
BSWUSDT-TNSRUSDT,1363.4246825326466,1,1363.4246825326466,,1,1.0,0.0
BSWUSDT-TONUSDT,7908.195321506888,1,7908.195321506888,,1,1.0,0.0
BSWUSDT-VICUSDT,764.6465942284566,1,764.6465942284566,,1,1.0,0.0
BSWUSDT-VOXELUSDT,455.42589088675226,1,455.42589088675226,,1,1.0,0.0
BSWUSDT-WUSDT,3657.438335812856,1,3657.438335812856,,1,1.0,0.0
BSWUSDT-XAIUSDT,631.8165225120881,1,631.8165225120881,,1,1.0,0.0
BSWUSDT-ZENUSDT,1344.028443422717,1,1344.028443422717,,1,1.0,0.0
C98USDT-COOKIEUSDT,3139.369642929145,1,3139.369642929145,,1,1.0,0.0
C98USDT-DASHUSDT,944.6693642664936,1,944.6693642664936,,1,1.0,0.0
C98USDT-DIAUSDT,600.0639201617655,1,600.0639201617655,,1,1.0,0.0
C98USDT-FLMUSDT,246.5338232025112,1,246.5338232025112,,1,1.0,0.0
C98USDT-FLUXUSDT,1312.546759546104,1,1312.546759546104,,1,1.0,0.0
C98USDT-HIVEUSDT,376.1334868249588,1,376.1334868249588,,1,1.0,0.0
C98USDT-ILVUSDT,1748.2997800316268,1,1748.2997800316268,,1,1.0,0.0
C98USDT-IOTXUSDT,738.470742528243,1,738.470742528243,,1,1.0,0.0
C98USDT-LDOUSDT,5790.675289846803,1,5790.675289846803,,1,1.0,0.0
C98USDT-LEVERUSDT,633.9746348174162,1,633.9746348174162,,1,1.0,0.0
C98USDT-LQTYUSDT,1123.9173433575013,1,1123.9173433575013,,1,1.0,0.0
C98USDT-MASKUSDT,697.5283598945131,1,697.5283598945131,,1,1.0,0.0
C98USDT-METISUSDT,491.36190030676295,1,491.36190030676295,,1,1.0,0.0
C98USDT-MOVRUSDT,286.497117214914,1,286.497117214914,,1,1.0,0.0
C98USDT-NEIROUSDT,56.86998589846766,1,56.86998589846766,,1,1.0,0.0
C98USDT-NILUSDT,1327.70984810433,1,1327.70984810433,,1,1.0,0.0
C98USDT-PORTALUSDT,154.28765871898224,1,154.28765871898224,,1,1.0,0.0
C98USDT-PROMUSDT,2806.7848168697287,1,2806.7848168697287,,1,1.0,0.0
C98USDT-RONINUSDT,910.407571466313,1,910.407571466313,,1,1.0,0.0
C98USDT-RSRUSDT,1969.377054257418,1,1969.377054257418,,1,1.0,0.0
C98USDT-SAGAUSDT,204.8818477502753,1,204.8818477502753,,1,1.0,0.0
C98USDT-SNXUSDT,14.76532021586874,1,14.76532021586874,,1,1.0,0.0
C98USDT-STEEMUSDT,1268.016382139752,1,1268.016382139752,,1,1.0,0.0
C98USDT-STXUSDT,1148.1519083631388,1,1148.1519083631388,,1,1.0,0.0
C98USDT-SYNUSDT,54.14469845026001,1,54.14469845026001,,1,1.0,0.0
C98USDT-TWTUSDT,999.5324590659486,1,999.5324590659486,,1,1.0,0.0
C98USDT-WAXPUSDT,1059.9487803716415,1,1059.9487803716415,,1,1.0,0.0
C98USDT-WIFUSDT,431.70369895264935,1,431.70369895264935,,1,1.0,0.0
C98USDT-XLMUSDT,1955.6165130247707,1,1955.6165130247707,,1,1.0,0.0
C98USDT-ZRXUSDT,154.71143882747018,1,154.71143882747018,,1,1.0,0.0
CAKEUSDT-CELOUSDT,49.593544646855655,1,49.593544646855655,,1,1.0,0.0
CAKEUSDT-CELRUSDT,2300.263678856502,1,2300.263678856502,,1,1.0,0.0
CAKEUSDT-CHRUSDT,10151.887961702383,1,10151.887961702383,,1,1.0,0.0
CAKEUSDT-CKBUSDT,2179.6135339721072,1,2179.6135339721072,,1,1.0,0.0
CAKEUSDT-COWUSDT,301.81254939746407,1,301.81254939746407,,1,1.0,0.0
CAKEUSDT-CTKUSDT,543.3048800796353,1,543.3048800796353,,1,1.0,0.0
CAKEUSDT-DGBUSDT,1149.9879614777146,1,1149.9879614777146,,1,1.0,0.0
CAKEUSDT-DIAUSDT,243.72869657589445,1,243.72869657589445,,1,1.0,0.0
CAKEUSDT-DOGEUSDT,3609.501498373777,1,3609.501498373777,,1,1.0,0.0
CAKEUSDT-DOTUSDT,1068.881415676673,1,1068.881415676673,,1,1.0,0.0
CAKEUSDT-DUSKUSDT,7624.249895818729,1,7624.249895818729,,1,1.0,0.0
CAKEUSDT-ETCUSDT,1329.6390765162423,1,1329.6390765162423,,1,1.0,0.0
CAKEUSDT-FIOUSDT,842.5428239070432,1,842.5428239070432,,1,1.0,0.0
CAKEUSDT-FLMUSDT,424.8952131927005,1,424.8952131927005,,1,1.0,0.0
CAKEUSDT-GHSTUSDT,239.3233277831237,1,239.3233277831237,,1,1.0,0.0
CAKEUSDT-GMTUSDT,15.248484984324136,1,15.248484984324136,,1,1.0,0.0
CAKEUSDT-IOTXUSDT,182.9331827793177,1,182.9331827793177,,1,1.0,0.0
CAKEUSDT-KAIAUSDT,605.861013428431,1,605.861013428431,,1,1.0,0.0
CAKEUSDT-LPTUSDT,572.8191343911652,1,572.8191343911652,,1,1.0,0.0
CAKEUSDT-MOVRUSDT,1981.055574693612,1,1981.055574693612,,1,1.0,0.0
CAKEUSDT-NULSUSDT,2406.1650453536326,1,2406.1650453536326,,1,1.0,0.0
CAKEUSDT-PAXGUSDT,105.0262361955644,1,105.0262361955644,,1,1.0,0.0
CAKEUSDT-PEOPLEUSDT,2141.471415977297,1,2141.471415977297,,1,1.0,0.0
CAKEUSDT-POLUSDT,2336.2334572322693,1,2336.2334572322693,,1,1.0,0.0
CAKEUSDT-RAREUSDT,194.75797154512327,1,194.75797154512327,,1,1.0,0.0
CAKEUSDT-RDNTUSDT,335.2663313652862,1,335.2663313652862,,1,1.0,0.0
CAKEUSDT-RLCUSDT,66.39414207946973,1,66.39414207946973,,1,1.0,0.0
CAKEUSDT-SNXUSDT,93.1874527726784,1,93.1874527726784,,1,1.0,0.0
CAKEUSDT-SSVUSDT,1567.2526790607333,1,1567.2526790607333,,1,1.0,0.0
CAKEUSDT-STGUSDT,740.9369903960212,1,740.9369903960212,,1,1.0,0.0
CAKEUSDT-THETAUSDT,1219.6315905514978,1,1219.6315905514978,,1,1.0,0.0
CAKEUSDT-TLMUSDT,67.91415979252596,1,67.91415979252596,,1,1.0,0.0
CAKEUSDT-TUSDT,201.31741986424916,1,201.31741986424916,,1,1.0,0.0
CAKEUSDT-TWTUSDT,1625.1762463754428,1,1625.1762463754428,,1,1.0,0.0
CAKEUSDT-USTCUSDT,847.8647805350436,1,847.8647805350436,,1,1.0,0.0
CAKEUSDT-VICUSDT,1259.7206164268932,1,1259.7206164268932,,1,1.0,0.0
CAKEUSDT-VOXELUSDT,3260.435159161523,1,3260.435159161523,,1,1.0,0.0
CAKEUSDT-WOOUSDT,1397.7824662800156,1,1397.7824662800156,,1,1.0,0.0
CAKEUSDT-XAIUSDT,4.255705081180309,1,4.255705081180309,,1,1.0,0.0
CAKEUSDT-YGGUSDT,841.145339211789,1,841.145339211789,,1,1.0,0.0
CATIUSDT-CELRUSDT,799.8448340542338,1,799.8448340542338,,1,1.0,0.0
CATIUSDT-CGPTUSDT,688.2204772500565,1,688.2204772500565,,1,1.0,0.0
CATIUSDT-COMPUSDT,1457.7756775964897,1,1457.7756775964897,,1,1.0,0.0
CATIUSDT-CTSIUSDT,2946.0620031030144,1,2946.0620031030144,,1,1.0,0.0
CATIUSDT-CVXUSDT,346.4656205344087,1,346.4656205344087,,1,1.0,0.0
CATIUSDT-DENTUSDT,1666.857242155473,1,1666.857242155473,,1,1.0,0.0
CATIUSDT-DGBUSDT,201.2970911180153,1,201.2970911180153,,1,1.0,0.0
CATIUSDT-DIAUSDT,976.913875085684,1,976.913875085684,,1,1.0,0.0
CATIUSDT-DUSKUSDT,386.82252818100727,1,386.82252818100727,,1,1.0,0.0
CATIUSDT-DYMUSDT,92.82356048182793,1,92.82356048182793,,1,1.0,0.0
CATIUSDT-EOSUSDT,14462.041191699807,1,14462.041191699807,,1,1.0,0.0
CATIUSDT-FORMUSDT,1854.00582462322,1,1854.00582462322,,1,1.0,0.0
CATIUSDT-HBARUSDT,1601.817580213181,1,1601.817580213181,,1,1.0,0.0
CATIUSDT-IDUSDT,18.86415965278529,1,18.86415965278529,,1,1.0,0.0
CATIUSDT-ILVUSDT,530.5152482685347,1,530.5152482685347,,1,1.0,0.0
CATIUSDT-IOUSDT,724.1862992960241,1,724.1862992960241,,1,1.0,0.0
CATIUSDT-KNCUSDT,1059.7724197449734,1,1059.7724197449734,,1,1.0,0.0
CATIUSDT-LUMIAUSDT,1164.5951118204016,1,1164.5951118204016,,1,1.0,0.0
CATIUSDT-MKRUSDT,25.384248667320826,1,25.384248667320826,,1,1.0,0.0
CATIUSDT-MTLUSDT,1764.5506708328005,1,1764.5506708328005,,1,1.0,0.0
CATIUSDT-MUBARAKUSDT,2443.3750889097373,1,2443.3750889097373,,1,1.0,0.0
CATIUSDT-NFPUSDT,2196.61654831556,1,2196.61654831556,,1,1.0,0.0
CATIUSDT-NOTUSDT,5038.936867241202,1,5038.936867241202,,1,1.0,0.0
CATIUSDT-OGNUSDT,2111.934368620428,1,2111.934368620428,,1,1.0,0.0
CATIUSDT-OMUSDT,2902.3068262970046,1,2902.3068262970046,,1,1.0,0.0
CATIUSDT-ONTUSDT,187.7405374993244,1,187.7405374993244,,1,1.0,0.0
CATIUSDT-ORDIUSDT,1308.2955151138522,1,1308.2955151138522,,1,1.0,0.0
CATIUSDT-QTUMUSDT,1611.4535002731743,1,1611.4535002731743,,1,1.0,0.0
CATIUSDT-RAREUSDT,31.148275585189708,1,31.148275585189708,,1,1.0,0.0
CATIUSDT-RDNTUSDT,27.74610303321719,1,27.74610303321719,,1,1.0,0.0
CATIUSDT-RIFUSDT,616.8414066752217,1,616.8414066752217,,1,1.0,0.0
CATIUSDT-ROSEUSDT,775.9015125000326,1,775.9015125000326,,1,1.0,0.0
CATIUSDT-SHELLUSDT,2051.5919799934613,1,2051.5919799934613,,1,1.0,0.0
CATIUSDT-STORJUSDT,1237.706582073571,1,1237.706582073571,,1,1.0,0.0
CATIUSDT-STRKUSDT,2608.820968112039,1,2608.820968112039,,1,1.0,0.0
CATIUSDT-SXPUSDT,645.8390272003264,1,645.8390272003264,,1,1.0,0.0
CATIUSDT-SYNUSDT,2394.6091578917803,1,2394.6091578917803,,1,1.0,0.0
CATIUSDT-TIAUSDT,3739.0708566511594,1,3739.0708566511594,,1,1.0,0.0
CATIUSDT-UNIUSDT,778.5882711648024,1,778.5882711648024,,1,1.0,0.0
CATIUSDT-VELODROMEUSDT,2267.571961350026,1,2267.571961350026,,1,1.0,0.0
CATIUSDT-VTHOUSDT,31.81212160355455,1,31.81212160355455,,1,1.0,0.0
CATIUSDT-XLMUSDT,689.3654543566644,1,689.3654543566644,,1,1.0,0.0
CELOUSDT-CHRUSDT,203.0193968353765,1,203.0193968353765,,1,1.0,0.0
CELOUSDT-COSUSDT,594.9514325742405,1,594.9514325742405,,1,1.0,0.0
CELOUSDT-DENTUSDT,1036.8881705633512,1,1036.8881705633512,,1,1.0,0.0
CELOUSDT-DEXEUSDT,818.3159393955484,1,818.3159393955484,,1,1.0,0.0
CELOUSDT-DGBUSDT,2171.9358139333217,1,2171.9358139333217,,1,1.0,0.0
CELOUSDT-DIAUSDT,31.884594150773125,1,31.884594150773125,,1,1.0,0.0
CELOUSDT-DOGSUSDT,1479.987083531179,1,1479.987083531179,,1,1.0,0.0
CELOUSDT-DUSDT,42.21624488489887,1,42.21624488489887,,1,1.0,0.0
CELOUSDT-DUSKUSDT,3274.174698666713,1,3274.174698666713,,1,1.0,0.0
CELOUSDT-ETCUSDT,320.55808069688675,1,320.55808069688675,,1,1.0,0.0
CELOUSDT-ETHFIUSDT,328.2382040755502,1,328.2382040755502,,1,1.0,0.0
CELOUSDT-FLOWUSDT,76.0345191329767,1,76.0345191329767,,1,1.0,0.0
CELOUSDT-GASUSDT,1122.7257678485664,1,1122.7257678485664,,1,1.0,0.0
CELOUSDT-GLMRUSDT,1768.4799753616412,1,1768.4799753616412,,1,1.0,0.0
CELOUSDT-GLMUSDT,3904.555676531893,1,3904.555676531893,,1,1.0,0.0
CELOUSDT-GRTUSDT,1205.999174103334,1,1205.999174103334,,1,1.0,0.0
CELOUSDT-GUSDT,2550.4026129088584,1,2550.4026129088584,,1,1.0,0.0
CELOUSDT-HIVEUSDT,237.8862962079324,1,237.8862962079324,,1,1.0,0.0
CELOUSDT-ICPUSDT,483.0260589161383,1,483.0260589161383,,1,1.0,0.0
CELOUSDT-IDUSDT,1791.7937785690176,1,1791.7937785690176,,1,1.0,0.0
CELOUSDT-IMXUSDT,197.6998634795465,1,197.6998634795465,,1,1.0,0.0
CELOUSDT-IOTAUSDT,549.2857733604694,1,549.2857733604694,,1,1.0,0.0
CELOUSDT-KAIAUSDT,1400.52623866633,1,1400.52623866633,,1,1.0,0.0
CELOUSDT-LINAUSDT,1227.4599670121363,1,1227.4599670121363,,1,1.0,0.0
CELOUSDT-LINKUSDT,532.7982561890149,1,532.7982561890149,,1,1.0,0.0
CELOUSDT-MAGICUSDT,584.1105187361392,1,584.1105187361392,,1,1.0,0.0
CELOUSDT-MASKUSDT,1568.164363439099,1,1568.164363439099,,1,1.0,0.0
CELOUSDT-MINAUSDT,628.5772823754158,1,628.5772823754158,,1,1.0,0.0
CELOUSDT-NILUSDT,9.878213938855026,1,9.878213938855026,,1,1.0,0.0
CELOUSDT-NKNUSDT,1097.1079448695282,1,1097.1079448695282,,1,1.0,0.0
CELOUSDT-NTRNUSDT,1562.411699415169,1,1562.411699415169,,1,1.0,0.0
CELOUSDT-NULSUSDT,1471.0170716929267,1,1471.0170716929267,,1,1.0,0.0
CELOUSDT-ORCAUSDT,87.3514334662498,1,87.3514334662498,,1,1.0,0.0
CELOUSDT-QTUMUSDT,4228.68507829934,1,4228.68507829934,,1,1.0,0.0
CELOUSDT-RAYUSDT,1842.9863528243009,1,1842.9863528243009,,1,1.0,0.0
CELOUSDT-RLCUSDT,1194.402810084575,1,1194.402810084575,,1,1.0,0.0
CELOUSDT-RONINUSDT,2206.1312740188414,1,2206.1312740188414,,1,1.0,0.0
CELOUSDT-RUNEUSDT,666.1208032512211,1,666.1208032512211,,1,1.0,0.0
CELOUSDT-SEIUSDT,448.0756092568662,1,448.0756092568662,,1,1.0,0.0
CELOUSDT-SLPUSDT,2760.064223062915,1,2760.064223062915,,1,1.0,0.0
CELOUSDT-SPELLUSDT,1430.203151017549,1,1430.203151017549,,1,1.0,0.0
CELOUSDT-STPTUSDT,916.9891469567142,1,916.9891469567142,,1,1.0,0.0
CELOUSDT-TNSRUSDT,580.8822627464316,1,580.8822627464316,,1,1.0,0.0
CELOUSDT-TONUSDT,487.7752284332751,1,487.7752284332751,,1,1.0,0.0
CELOUSDT-TUSDT,207.9393733578811,1,207.9393733578811,,1,1.0,0.0
CELOUSDT-USTCUSDT,806.8925881354953,1,806.8925881354953,,1,1.0,0.0
CELOUSDT-WLDUSDT,317.78083114872754,1,317.78083114872754,,1,1.0,0.0
CELOUSDT-XAIUSDT,110.53001666993656,1,110.53001666993656,,1,1.0,0.0
CELOUSDT-XTZUSDT,677.6779855959651,1,677.6779855959651,,1,1.0,0.0
CELRUSDT-CTKUSDT,378.4731354678796,1,378.4731354678796,,1,1.0,0.0
CELRUSDT-DEXEUSDT,1703.7423683471493,1,1703.7423683471493,,1,1.0,0.0
CELRUSDT-DIAUSDT,492.667118158897,1,492.667118158897,,1,1.0,0.0
CELRUSDT-DOGEUSDT,384.4417087262515,1,384.4417087262515,,1,1.0,0.0
CELRUSDT-ETCUSDT,30.26153960186467,1,30.26153960186467,,1,1.0,0.0
CELRUSDT-FETUSDT,909.4264838569228,1,909.4264838569228,,1,1.0,0.0
CELRUSDT-FILUSDT,347.1188978349046,1,347.1188978349046,,1,1.0,0.0
CELRUSDT-GASUSDT,302.2984670997092,1,302.2984670997092,,1,1.0,0.0
CELRUSDT-GTCUSDT,2200.9727404547634,1,2200.9727404547634,,1,1.0,0.0
CELRUSDT-HIFIUSDT,1113.924907613804,1,1113.924907613804,,1,1.0,0.0
CELRUSDT-HIGHUSDT,2456.8425233307357,1,2456.8425233307357,,1,1.0,0.0
CELRUSDT-HOTUSDT,524.7157093652456,1,524.7157093652456,,1,1.0,0.0
CELRUSDT-ICPUSDT,1366.626732145518,1,1366.626732145518,,1,1.0,0.0
CELRUSDT-IDUSDT,146.77200122033543,1,146.77200122033543,,1,1.0,0.0
CELRUSDT-INJUSDT,439.2452534087021,1,439.2452534087021,,1,1.0,0.0
CELRUSDT-JTOUSDT,735.3414882535718,1,735.3414882535718,,1,1.0,0.0
CELRUSDT-METISUSDT,489.0538185156421,1,489.0538185156421,,1,1.0,0.0
CELRUSDT-MOVRUSDT,580.0080029283245,1,580.0080029283245,,1,1.0,0.0
CELRUSDT-NMRUSDT,85.65030689957459,1,85.65030689957459,,1,1.0,0.0
CELRUSDT-OMNIUSDT,4362.480758920568,1,4362.480758920568,,1,1.0,0.0
CELRUSDT-OPUSDT,50.49620435620641,1,50.49620435620641,,1,1.0,0.0
CELRUSDT-PERPUSDT,2054.570916691507,1,2054.570916691507,,1,1.0,0.0
CELRUSDT-PIXELUSDT,316.2466672772103,1,316.2466672772103,,1,1.0,0.0
CELRUSDT-PORTALUSDT,5935.044070518421,1,5935.044070518421,,1,1.0,0.0
CELRUSDT-QNTUSDT,1258.7987712623385,1,1258.7987712623385,,1,1.0,0.0
CELRUSDT-QTUMUSDT,385.83336124751816,1,385.83336124751816,,1,1.0,0.0
CELRUSDT-REIUSDT,250.74045571384315,1,250.74045571384315,,1,1.0,0.0
CELRUSDT-RENDERUSDT,19.14693191021165,1,19.14693191021165,,1,1.0,0.0
CELRUSDT-RLCUSDT,1172.1339590752818,1,1172.1339590752818,,1,1.0,0.0
CELRUSDT-RPLUSDT,269.53679391907053,1,269.53679391907053,,1,1.0,0.0
CELRUSDT-SEIUSDT,2046.142199796616,1,2046.142199796616,,1,1.0,0.0
CELRUSDT-SPELLUSDT,76.094572762554,1,76.094572762554,,1,1.0,0.0
CELRUSDT-STXUSDT,542.4266173158373,1,542.4266173158373,,1,1.0,0.0
CELRUSDT-THETAUSDT,3011.297530195175,1,3011.297530195175,,1,1.0,0.0
CELRUSDT-TNSRUSDT,119.64607788682008,1,119.64607788682008,,1,1.0,0.0
CELRUSDT-TURBOUSDT,906.3336796537952,1,906.3336796537952,,1,1.0,0.0
CELRUSDT-TUSDT,1669.167872311163,1,1669.167872311163,,1,1.0,0.0
CELRUSDT-UNIUSDT,853.1047001730666,1,853.1047001730666,,1,1.0,0.0
CELRUSDT-USTCUSDT,560.7239467838558,1,560.7239467838558,,1,1.0,0.0
CELRUSDT-VTHOUSDT,309.3684159878076,1,309.3684159878076,,1,1.0,0.0
CELRUSDT-WLDUSDT,64.11994389946895,1,64.11994389946895,,1,1.0,0.0
CELRUSDT-WUSDT,1612.632564670563,1,1612.632564670563,,1,1.0,0.0
CELRUSDT-XTZUSDT,120.63521537902264,1,120.63521537902264,,1,1.0,0.0
CELRUSDT-YGGUSDT,2474.2871908012594,1,2474.2871908012594,,1,1.0,0.0
CETUSUSDT-CHESSUSDT,1137.1134751255609,1,1137.1134751255609,,1,1.0,0.0
CETUSUSDT-CTKUSDT,3501.350684598693,1,3501.350684598693,,1,1.0,0.0
CETUSUSDT-GLMUSDT,2148.1645514088946,1,2148.1645514088946,,1,1.0,0.0
CETUSUSDT-HEIUSDT,146.0365608181201,1,146.0365608181201,,1,1.0,0.0
CETUSUSDT-IOUSDT,118.300070980088,1,118.300070980088,,1,1.0,0.0
CETUSUSDT-JUPUSDT,3549.4342557003265,1,3549.4342557003265,,1,1.0,0.0
CETUSUSDT-KNCUSDT,54.96276359187497,1,54.96276359187497,,1,1.0,0.0
CETUSUSDT-LQTYUSDT,1315.4550264056866,1,1315.4550264056866,,1,1.0,0.0
CETUSUSDT-MOVRUSDT,573.9705165182146,1,573.9705165182146,,1,1.0,0.0
CETUSUSDT-NULSUSDT,64.65497717330067,1,64.65497717330067,,1,1.0,0.0
CETUSUSDT-ONEUSDT,1269.9118129262472,1,1269.9118129262472,,1,1.0,0.0
CETUSUSDT-PNUTUSDT,752.0098049627347,1,752.0098049627347,,1,1.0,0.0
CETUSUSDT-REIUSDT,9188.125296961614,1,9188.125296961614,,1,1.0,0.0
CETUSUSDT-RENDERUSDT,544.6045351670554,1,544.6045351670554,,1,1.0,0.0
CETUSUSDT-RLCUSDT,343.34589221170694,1,343.34589221170694,,1,1.0,0.0
CETUSUSDT-SAGAUSDT,1462.8241041217125,1,1462.8241041217125,,1,1.0,0.0
CETUSUSDT-SKLUSDT,510.7492314660383,1,510.7492314660383,,1,1.0,0.0
CETUSUSDT-SUIUSDT,1118.1052004474543,1,1118.1052004474543,,1,1.0,0.0
CETUSUSDT-TONUSDT,2721.770738950486,1,2721.770738950486,,1,1.0,0.0
CETUSUSDT-UNIUSDT,2733.678302527705,1,2733.678302527705,,1,1.0,0.0
CETUSUSDT-VELODROMEUSDT,1356.671463455854,1,1356.671463455854,,1,1.0,0.0
CETUSUSDT-WOOUSDT,77.41901258471378,1,77.41901258471378,,1,1.0,0.0
CETUSUSDT-XLMUSDT,2261.547426033235,1,2261.547426033235,,1,1.0,0.0
CETUSUSDT-ZENUSDT,630.9632947778824,1,630.9632947778824,,1,1.0,0.0
CETUSUSDT-ZILUSDT,2370.268578841925,1,2370.268578841925,,1,1.0,0.0
CETUSUSDT-ZRXUSDT,794.7843905491088,1,794.7843905491088,,1,1.0,0.0
CFXUSDT-CHESSUSDT,11270.994429377894,1,11270.994429377894,,1,1.0,0.0
CFXUSDT-CHRUSDT,1151.2580076813624,1,1151.2580076813624,,1,1.0,0.0
CFXUSDT-COSUSDT,1873.3924792304329,1,1873.3924792304329,,1,1.0,0.0
CFXUSDT-DEGOUSDT,2637.628795165882,1,2637.628795165882,,1,1.0,0.0
CFXUSDT-DGBUSDT,0.7710939692323748,1,0.7710939692323748,,1,1.0,0.0
CFXUSDT-DYDXUSDT,130.0274108986743,1,130.0274108986743,,1,1.0,0.0
CFXUSDT-ENSUSDT,1760.9660134636256,1,1760.9660134636256,,1,1.0,0.0
CFXUSDT-ETHFIUSDT,3.876509713333512,1,3.876509713333512,,1,1.0,0.0
CFXUSDT-FIDAUSDT,111.17439856546808,1,111.17439856546808,,1,1.0,0.0
CFXUSDT-GALAUSDT,582.7174512148462,1,582.7174512148462,,1,1.0,0.0
CFXUSDT-HIGHUSDT,36.13583367920509,1,36.13583367920509,,1,1.0,0.0
CFXUSDT-HOTUSDT,856.0074427316606,1,856.0074427316606,,1,1.0,0.0
CFXUSDT-ICPUSDT,2640.6915832689547,1,2640.6915832689547,,1,1.0,0.0
CFXUSDT-ICXUSDT,149.46880009296427,1,149.46880009296427,,1,1.0,0.0
CFXUSDT-IOSTUSDT,316.3739138191749,1,316.3739138191749,,1,1.0,0.0
CFXUSDT-IOTAUSDT,254.65150163080517,1,254.65150163080517,,1,1.0,0.0
CFXUSDT-JOEUSDT,4.812299123802795,1,4.812299123802795,,1,1.0,0.0
CFXUSDT-JUPUSDT,792.4823587812623,1,792.4823587812623,,1,1.0,0.0
CFXUSDT-KAVAUSDT,1598.4812552037977,1,1598.4812552037977,,1,1.0,0.0
CFXUSDT-KSMUSDT,192.08950940391475,1,192.08950940391475,,1,1.0,0.0
CFXUSDT-LPTUSDT,287.83030667912345,1,287.83030667912345,,1,1.0,0.0
CFXUSDT-LSKUSDT,500.7777320683598,1,500.7777320683598,,1,1.0,0.0
CFXUSDT-MLNUSDT,412.6179651369723,1,412.6179651369723,,1,1.0,0.0
CFXUSDT-NKNUSDT,1473.8826969731865,1,1473.8826969731865,,1,1.0,0.0
CFXUSDT-NOTUSDT,85.24241595450604,1,85.24241595450604,,1,1.0,0.0
CFXUSDT-NTRNUSDT,76.03453133904505,1,76.03453133904505,,1,1.0,0.0
CFXUSDT-OGNUSDT,213.2230068033609,1,213.2230068033609,,1,1.0,0.0
CFXUSDT-OMNIUSDT,1663.4229669020183,1,1663.4229669020183,,1,1.0,0.0
CFXUSDT-OXTUSDT,2210.469671496247,1,2210.469671496247,,1,1.0,0.0
CFXUSDT-POLUSDT,931.6064227536488,1,931.6064227536488,,1,1.0,0.0
CFXUSDT-PORTALUSDT,1810.6386497253025,1,1810.6386497253025,,1,1.0,0.0
CFXUSDT-REZUSDT,417.0620822632741,1,417.0620822632741,,1,1.0,0.0
CFXUSDT-RSRUSDT,862.9094825305576,1,862.9094825305576,,1,1.0,0.0
CFXUSDT-RVNUSDT,921.0362575470588,1,921.0362575470588,,1,1.0,0.0
CFXUSDT-SEIUSDT,31.227877660109343,1,31.227877660109343,,1,1.0,0.0
CFXUSDT-SLPUSDT,224.44921800958227,1,224.44921800958227,,1,1.0,0.0
CFXUSDT-SPELLUSDT,149.3144776353994,1,149.3144776353994,,1,1.0,0.0
CFXUSDT-STRKUSDT,1565.5720541101402,1,1565.5720541101402,,1,1.0,0.0
CFXUSDT-SUNUSDT,1180.230931014927,1,1180.230931014927,,1,1.0,0.0
CFXUSDT-THEUSDT,2713.141774710077,1,2713.141774710077,,1,1.0,0.0
CFXUSDT-UNIUSDT,855.6124528931942,1,855.6124528931942,,1,1.0,0.0
CFXUSDT-VIDTUSDT,303.1243551049459,1,303.1243551049459,,1,1.0,0.0
CFXUSDT-WLDUSDT,935.40402068695,1,935.40402068695,,1,1.0,0.0
CFXUSDT-YFIUSDT,450.940523742339,1,450.940523742339,,1,1.0,0.0
CFXUSDT-ZRXUSDT,306.3840364972359,1,306.3840364972359,,1,1.0,0.0
CGPTUSDT-COOKIEUSDT,344.356634130284,1,344.356634130284,,1,1.0,0.0
CGPTUSDT-CTSIUSDT,292.42446340516176,1,292.42446340516176,,1,1.0,0.0
CGPTUSDT-DYMUSDT,273.27118686783007,1,273.27118686783007,,1,1.0,0.0
CGPTUSDT-HIFIUSDT,1912.89419477531,1,1912.89419477531,,1,1.0,0.0
CGPTUSDT-IDUSDT,9626.929140313645,1,9626.929140313645,,1,1.0,0.0
CGPTUSDT-IMXUSDT,993.9282913635066,1,993.9282913635066,,1,1.0,0.0
CGPTUSDT-LPTUSDT,128.00443361655584,1,128.00443361655584,,1,1.0,0.0
CGPTUSDT-MANAUSDT,467.01579764818695,1,467.01579764818695,,1,1.0,0.0
CGPTUSDT-MOVEUSDT,749.6322218945656,1,749.6322218945656,,1,1.0,0.0
CGPTUSDT-OGNUSDT,358.5946937405553,1,358.5946937405553,,1,1.0,0.0
CGPTUSDT-ORDIUSDT,4686.660968101474,1,4686.660968101474,,1,1.0,0.0
CGPTUSDT-PARTIUSDT,3631.311103881442,1,3631.311103881442,,1,1.0,0.0
CGPTUSDT-QUICKUSDT,4637.501060560081,1,4637.501060560081,,1,1.0,0.0
CGPTUSDT-RIFUSDT,484.50212542104526,1,484.50212542104526,,1,1.0,0.0
CGPTUSDT-RUNEUSDT,135.9107908474237,1,135.9107908474237,,1,1.0,0.0
CGPTUSDT-STXUSDT,4374.407979221898,1,4374.407979221898,,1,1.0,0.0
CGPTUSDT-SUIUSDT,149.3607249484404,1,149.3607249484404,,1,1.0,0.0
CGPTUSDT-YFIUSDT,1242.0036485076364,1,1242.0036485076364,,1,1.0,0.0
CHESSUSDT-CYBERUSDT,620.3512096025214,1,620.3512096025214,,1,1.0,0.0
CHESSUSDT-DOGSUSDT,2069.3806450069733,1,2069.3806450069733,,1,1.0,0.0
CHESSUSDT-DYMUSDT,2116.6285310134235,1,2116.6285310134235,,1,1.0,0.0
CHESSUSDT-ENJUSDT,2311.648856368507,1,2311.648856368507,,1,1.0,0.0
CHESSUSDT-ENSUSDT,7003.691392167867,1,7003.691392167867,,1,1.0,0.0
CHESSUSDT-FIDAUSDT,276.67858251086204,1,276.67858251086204,,1,1.0,0.0
CHESSUSDT-FIOUSDT,2073.805999669584,1,2073.805999669584,,1,1.0,0.0
CHESSUSDT-FLUXUSDT,1342.645962118385,1,1342.645962118385,,1,1.0,0.0
CHESSUSDT-GALAUSDT,136.81693391703828,1,136.81693391703828,,1,1.0,0.0
CHESSUSDT-GHSTUSDT,298.11070400962564,1,298.11070400962564,,1,1.0,0.0
CHESSUSDT-GRTUSDT,10870.681365254408,1,10870.681365254408,,1,1.0,0.0
CHESSUSDT-IDEXUSDT,843.4807684161394,1,843.4807684161394,,1,1.0,0.0
CHESSUSDT-ILVUSDT,1034.9962962977716,1,1034.9962962977716,,1,1.0,0.0
CHESSUSDT-INJUSDT,1985.7749998029285,1,1985.7749998029285,,1,1.0,0.0
CHESSUSDT-JTOUSDT,1649.71957673281,1,1649.71957673281,,1,1.0,0.0
CHESSUSDT-MAVUSDT,264.0430922276182,1,264.0430922276182,,1,1.0,0.0
CHESSUSDT-METISUSDT,143.48248809162703,1,143.48248809162703,,1,1.0,0.0
CHESSUSDT-MEUSDT,898.5815351338214,1,898.5815351338214,,1,1.0,0.0
CHESSUSDT-NULSUSDT,16.450847001097046,1,16.450847001097046,,1,1.0,0.0
CHESSUSDT-ONEUSDT,27.28467891866797,1,27.28467891866797,,1,1.0,0.0
CHESSUSDT-PHBUSDT,349.2724334099988,1,349.2724334099988,,1,1.0,0.0
CHESSUSDT-PYTHUSDT,285.38488615440326,1,285.38488615440326,,1,1.0,0.0
CHESSUSDT-RAREUSDT,2459.6282164153326,1,2459.6282164153326,,1,1.0,0.0
CHESSUSDT-RENDERUSDT,729.8257628754865,1,729.8257628754865,,1,1.0,0.0
CHESSUSDT-RONINUSDT,248.1283697176443,1,248.1283697176443,,1,1.0,0.0
CHESSUSDT-ROSEUSDT,133.51507416394446,1,133.51507416394446,,1,1.0,0.0
CHESSUSDT-RUNEUSDT,12.972562634875189,1,12.972562634875189,,1,1.0,0.0
CHESSUSDT-SANTOSUSDT,2063.9846294141994,1,2063.9846294141994,,1,1.0,0.0
CHESSUSDT-SYNUSDT,161.15866326921758,1,161.15866326921758,,1,1.0,0.0
CHESSUSDT-TLMUSDT,701.6411731775177,1,701.6411731775177,,1,1.0,0.0
CHESSUSDT-UNIUSDT,1228.997096527834,1,1228.997096527834,,1,1.0,0.0
CHESSUSDT-VICUSDT,1060.9203569586698,1,1060.9203569586698,,1,1.0,0.0
CHESSUSDT-WAXPUSDT,651.995580892831,1,651.995580892831,,1,1.0,0.0
CHESSUSDT-WUSDT,1584.2313972859654,1,1584.2313972859654,,1,1.0,0.0
CHESSUSDT-YGGUSDT,1888.457460278581,1,1888.457460278581,,1,1.0,0.0
CHESSUSDT-ZILUSDT,101.59059949242764,1,101.59059949242764,,1,1.0,0.0
CHESSUSDT-ZKUSDT,3274.691046867635,1,3274.691046867635,,1,1.0,0.0
CHRUSDT-COSUSDT,747.942624496058,1,747.942624496058,,1,1.0,0.0
CHRUSDT-CYBERUSDT,461.257552822686,1,461.257552822686,,1,1.0,0.0
CHRUSDT-DFUSDT,1782.7518369587954,1,1782.7518369587954,,1,1.0,0.0
CHRUSDT-DOTUSDT,1617.962797568488,1,1617.962797568488,,1,1.0,0.0
CHRUSDT-EDUUSDT,6628.750229937337,1,6628.750229937337,,1,1.0,0.0
CHRUSDT-EOSUSDT,1920.0505317761297,1,1920.0505317761297,,1,1.0,0.0
CHRUSDT-GASUSDT,1865.5258973119444,1,1865.5258973119444,,1,1.0,0.0
CHRUSDT-ICXUSDT,441.5522932438532,1,441.5522932438532,,1,1.0,0.0
CHRUSDT-INJUSDT,923.3033651145143,1,923.3033651145143,,1,1.0,0.0
CHRUSDT-IOUSDT,984.1417765744892,1,984.1417765744892,,1,1.0,0.0
CHRUSDT-LPTUSDT,4624.219198707342,1,4624.219198707342,,1,1.0,0.0
CHRUSDT-LUMIAUSDT,1531.984628967879,1,1531.984628967879,,1,1.0,0.0
CHRUSDT-MAGICUSDT,72.23580783901079,1,72.23580783901079,,1,1.0,0.0
CHRUSDT-NEARUSDT,2309.1175885621087,1,2309.1175885621087,,1,1.0,0.0
CHRUSDT-ONGUSDT,61.32686497094986,1,61.32686497094986,,1,1.0,0.0
CHRUSDT-ORDIUSDT,991.343869627619,1,991.343869627619,,1,1.0,0.0
CHRUSDT-PEOPLEUSDT,807.6657657591301,1,807.6657657591301,,1,1.0,0.0
CHRUSDT-PERPUSDT,190.57293564212893,1,190.57293564212893,,1,1.0,0.0
CHRUSDT-QUICKUSDT,1921.449245401696,1,1921.449245401696,,1,1.0,0.0
CHRUSDT-RIFUSDT,1922.2016240646683,1,1922.2016240646683,,1,1.0,0.0
CHRUSDT-SEIUSDT,167.04206513216732,1,167.04206513216732,,1,1.0,0.0
CHRUSDT-SUIUSDT,72.25369461680236,1,72.25369461680236,,1,1.0,0.0
CHRUSDT-SUNUSDT,179.35606790455665,1,179.35606790455665,,1,1.0,0.0
CHRUSDT-SUPERUSDT,259.8009091789102,1,259.8009091789102,,1,1.0,0.0
CHRUSDT-SUSDT,34.98143588879707,1,34.98143588879707,,1,1.0,0.0
CHRUSDT-SYSUSDT,3419.0864517300693,1,3419.0864517300693,,1,1.0,0.0
CHRUSDT-TIAUSDT,3703.691617948543,1,3703.691617948543,,1,1.0,0.0
CHRUSDT-TLMUSDT,542.3472509889272,1,542.3472509889272,,1,1.0,0.0
CHRUSDT-TWTUSDT,1568.6012779690557,1,1568.6012779690557,,1,1.0,0.0
CHRUSDT-UNIUSDT,1343.6493569500556,1,1343.6493569500556,,1,1.0,0.0
CHRUSDT-VICUSDT,1561.4465939889656,1,1561.4465939889656,,1,1.0,0.0
CHRUSDT-WOOUSDT,1719.1600791471842,1,1719.1600791471842,,1,1.0,0.0
CHRUSDT-YFIUSDT,963.9763553660852,1,963.9763553660852,,1,1.0,0.0
CHRUSDT-ZKUSDT,908.0290978924188,1,908.0290978924188,,1,1.0,0.0
CHRUSDT-ZROUSDT,59.83404189502151,1,59.83404189502151,,1,1.0,0.0
CHZUSDT-CKBUSDT,140.8088268586851,1,140.8088268586851,,1,1.0,0.0
CHZUSDT-DOGSUSDT,1057.3377043762416,1,1057.3377043762416,,1,1.0,0.0
CHZUSDT-ENSUSDT,36.34140211483337,1,36.34140211483337,,1,1.0,0.0
CHZUSDT-ETHFIUSDT,4557.778482422639,1,4557.778482422639,,1,1.0,0.0
CHZUSDT-FIDAUSDT,28.706524424057484,1,28.706524424057484,,1,1.0,0.0
CHZUSDT-FLUXUSDT,206.5859201092371,1,206.5859201092371,,1,1.0,0.0
CHZUSDT-FUNUSDT,1707.7873768558895,1,1707.7873768558895,,1,1.0,0.0
CHZUSDT-GASUSDT,1446.9116726956504,1,1446.9116726956504,,1,1.0,0.0
CHZUSDT-GHSTUSDT,73.35145186094573,1,73.35145186094573,,1,1.0,0.0
CHZUSDT-GTCUSDT,257.419937249766,1,257.419937249766,,1,1.0,0.0
CHZUSDT-HBARUSDT,23.259549590123747,1,23.259549590123747,,1,1.0,0.0
CHZUSDT-JASMYUSDT,38.085057957259934,1,38.085057957259934,,1,1.0,0.0
CHZUSDT-JOEUSDT,58.62071680561379,1,58.62071680561379,,1,1.0,0.0
CHZUSDT-LTCUSDT,797.8672316619965,1,797.8672316619965,,1,1.0,0.0
CHZUSDT-MASKUSDT,132.72452197190694,1,132.72452197190694,,1,1.0,0.0
CHZUSDT-MDTUSDT,620.3938724430463,1,620.3938724430463,,1,1.0,0.0
CHZUSDT-NEOUSDT,44.75001681173827,1,44.75001681173827,,1,1.0,0.0
CHZUSDT-NKNUSDT,408.7683262922701,1,408.7683262922701,,1,1.0,0.0
CHZUSDT-OGNUSDT,3743.353546178723,1,3743.353546178723,,1,1.0,0.0
CHZUSDT-ORDIUSDT,96.70182527164428,1,96.70182527164428,,1,1.0,0.0
CHZUSDT-PERPUSDT,924.320949784796,1,924.320949784796,,1,1.0,0.0
CHZUSDT-PHAUSDT,1212.1295929476753,1,1212.1295929476753,,1,1.0,0.0
CHZUSDT-POLUSDT,444.1444985880306,1,444.1444985880306,,1,1.0,0.0
CHZUSDT-RADUSDT,3944.555638350924,1,3944.555638350924,,1,1.0,0.0
CHZUSDT-RDNTUSDT,947.697580069229,1,947.697580069229,,1,1.0,0.0
CHZUSDT-REIUSDT,1308.3644432360195,1,1308.3644432360195,,1,1.0,0.0
CHZUSDT-RPLUSDT,7554.410156097911,1,7554.410156097911,,1,1.0,0.0
CHZUSDT-RVNUSDT,2197.994984271507,1,2197.994984271507,,1,1.0,0.0
CHZUSDT-SANTOSUSDT,665.238147611263,1,665.238147611263,,1,1.0,0.0
CHZUSDT-SEIUSDT,55.57229580943722,1,55.57229580943722,,1,1.0,0.0
CHZUSDT-SHELLUSDT,1881.297633903319,1,1881.297633903319,,1,1.0,0.0
CHZUSDT-SNTUSDT,2284.64694056049,1,2284.64694056049,,1,1.0,0.0
CHZUSDT-STPTUSDT,304.46896368722975,1,304.46896368722975,,1,1.0,0.0
CHZUSDT-SUPERUSDT,100.48385895979962,1,100.48385895979962,,1,1.0,0.0
CHZUSDT-TAOUSDT,366.9561555010295,1,366.9561555010295,,1,1.0,0.0
CHZUSDT-XVGUSDT,6610.782963078183,1,6610.782963078183,,1,1.0,0.0
CHZUSDT-XVSUSDT,368.70901197789175,1,368.70901197789175,,1,1.0,0.0
CKBUSDT-COOKIEUSDT,42.90422067151621,1,42.90422067151621,,1,1.0,0.0
CKBUSDT-DIAUSDT,2249.937955064489,1,2249.937955064489,,1,1.0,0.0
CKBUSDT-EDUUSDT,157.5491515085043,1,157.5491515085043,,1,1.0,0.0
CKBUSDT-ENSUSDT,2399.844123608046,1,2399.844123608046,,1,1.0,0.0
CKBUSDT-EPICUSDT,26.390469139728744,1,26.390469139728744,,1,1.0,0.0
CKBUSDT-GASUSDT,649.5006439746924,1,649.5006439746924,,1,1.0,0.0
CKBUSDT-GLMRUSDT,755.7422654511734,1,755.7422654511734,,1,1.0,0.0
CKBUSDT-HIGHUSDT,33.56220131171242,1,33.56220131171242,,1,1.0,0.0
CKBUSDT-HMSTRUSDT,2230.7156116293822,1,2230.7156116293822,,1,1.0,0.0
CKBUSDT-IDEXUSDT,903.5680932717823,1,903.5680932717823,,1,1.0,0.0
CKBUSDT-IDUSDT,380.30250968056055,1,380.30250968056055,,1,1.0,0.0
CKBUSDT-JUPUSDT,1153.9995183942872,1,1153.9995183942872,,1,1.0,0.0
CKBUSDT-LDOUSDT,1094.6120836538068,1,1094.6120836538068,,1,1.0,0.0
CKBUSDT-LPTUSDT,136.39047629061724,1,136.39047629061724,,1,1.0,0.0
CKBUSDT-MANTAUSDT,121.38191139358575,1,121.38191139358575,,1,1.0,0.0
CKBUSDT-MEMEUSDT,478.82219382539455,1,478.82219382539455,,1,1.0,0.0
CKBUSDT-NTRNUSDT,257.80083665641166,1,257.80083665641166,,1,1.0,0.0
CKBUSDT-ORCAUSDT,559.7807545675784,1,559.7807545675784,,1,1.0,0.0
CKBUSDT-PEOPLEUSDT,1321.742500254153,1,1321.742500254153,,1,1.0,0.0
CKBUSDT-PIXELUSDT,729.5496891314433,1,729.5496891314433,,1,1.0,0.0
CKBUSDT-PYTHUSDT,1957.2245724792915,1,1957.2245724792915,,1,1.0,0.0
CKBUSDT-QNTUSDT,11.412350826954182,1,11.412350826954182,,1,1.0,0.0
CKBUSDT-QUICKUSDT,253.194164042548,1,253.194164042548,,1,1.0,0.0
CKBUSDT-RAREUSDT,118.80827546978054,1,118.80827546978054,,1,1.0,0.0
CKBUSDT-RAYUSDT,1241.923963400406,1,1241.923963400406,,1,1.0,0.0
CKBUSDT-RIFUSDT,103.10782757399846,1,103.10782757399846,,1,1.0,0.0
CKBUSDT-SANDUSDT,1350.4704650602932,1,1350.4704650602932,,1,1.0,0.0
CKBUSDT-SEIUSDT,373.7511983655254,1,373.7511983655254,,1,1.0,0.0
CKBUSDT-STORJUSDT,1172.3812497448755,1,1172.3812497448755,,1,1.0,0.0
CKBUSDT-STPTUSDT,20.028900837899123,1,20.028900837899123,,1,1.0,0.0
CKBUSDT-STRAXUSDT,150.6649773038635,1,150.6649773038635,,1,1.0,0.0
CKBUSDT-SUPERUSDT,109.09948712601944,1,109.09948712601944,,1,1.0,0.0
CKBUSDT-TNSRUSDT,1655.1420241491778,1,1655.1420241491778,,1,1.0,0.0
CKBUSDT-TUSDT,24.73575728756233,1,24.73575728756233,,1,1.0,0.0
CKBUSDT-USUALUSDT,978.2251890289664,1,978.2251890289664,,1,1.0,0.0
CKBUSDT-WIFUSDT,1278.661410322394,1,1278.661410322394,,1,1.0,0.0
CKBUSDT-XTZUSDT,125.87984785704224,1,125.87984785704224,,1,1.0,0.0
CKBUSDT-YFIUSDT,98.05412288770816,1,98.05412288770816,,1,1.0,0.0
CKBUSDT-YGGUSDT,464.2254698209877,1,464.2254698209877,,1,1.0,0.0
CKBUSDT-ZECUSDT,246.91892514090068,1,246.91892514090068,,1,1.0,0.0
CKBUSDT-ZENUSDT,1960.005815411629,1,1960.005815411629,,1,1.0,0.0
COMBOUSDT-CTSIUSDT,302.88710447062056,1,302.88710447062056,,1,1.0,0.0
COMBOUSDT-EDUUSDT,820.958518387795,1,820.958518387795,,1,1.0,0.0
COMBOUSDT-ENSUSDT,1783.7649543896098,1,1783.7649543896098,,1,1.0,0.0
COMBOUSDT-GLMUSDT,1302.294877797086,1,1302.294877797086,,1,1.0,0.0
COMBOUSDT-HOTUSDT,679.0748600462194,1,679.0748600462194,,1,1.0,0.0
COMBOUSDT-KSMUSDT,414.5875338863046,1,414.5875338863046,,1,1.0,0.0
COMBOUSDT-LINAUSDT,685.3537989975589,1,685.3537989975589,,1,1.0,0.0
COMBOUSDT-NULSUSDT,18.82631865393018,1,18.82631865393018,,1,1.0,0.0
COMBOUSDT-OGNUSDT,2666.266896061737,1,2666.266896061737,,1,1.0,0.0
COMBOUSDT-POLYXUSDT,57.2925955318052,1,57.2925955318052,,1,1.0,0.0
COMBOUSDT-PROMUSDT,2729.112888093013,1,2729.112888093013,,1,1.0,0.0
COMBOUSDT-QUICKUSDT,519.2846466607125,1,519.2846466607125,,1,1.0,0.0
COMBOUSDT-RADUSDT,2426.3633614235914,1,2426.3633614235914,,1,1.0,0.0
COMBOUSDT-RAYUSDT,6229.838167352137,1,6229.838167352137,,1,1.0,0.0
COMBOUSDT-RSRUSDT,470.641675365534,1,470.641675365534,,1,1.0,0.0
COMBOUSDT-SPELLUSDT,249.5808260240214,1,249.5808260240214,,1,1.0,0.0
COMBOUSDT-SUSHIUSDT,3785.661731612294,1,3785.661731612294,,1,1.0,0.0
COMBOUSDT-SYSUSDT,62.26431849916142,1,62.26431849916142,,1,1.0,0.0
COMBOUSDT-TNSRUSDT,1466.314658445171,1,1466.314658445171,,1,1.0,0.0
COMBOUSDT-XVGUSDT,272.5933912571294,1,272.5933912571294,,1,1.0,0.0
COMPUSDT-COSUSDT,1913.2945175926736,1,1913.2945175926736,,1,1.0,0.0
COMPUSDT-COWUSDT,725.2862871703819,1,725.2862871703819,,1,1.0,0.0
COMPUSDT-CRVUSDT,759.0104368650212,1,759.0104368650212,,1,1.0,0.0
COMPUSDT-DUSKUSDT,456.77216549275647,1,456.77216549275647,,1,1.0,0.0
COMPUSDT-DYDXUSDT,2145.484706549422,1,2145.484706549422,,1,1.0,0.0
COMPUSDT-EGLDUSDT,425.2844016153479,1,425.2844016153479,,1,1.0,0.0
COMPUSDT-ENAUSDT,994.4309486105672,1,994.4309486105672,,1,1.0,0.0
COMPUSDT-ENJUSDT,711.8388300999213,1,711.8388300999213,,1,1.0,0.0
COMPUSDT-ETCUSDT,787.9191740308776,1,787.9191740308776,,1,1.0,0.0
COMPUSDT-ETHFIUSDT,1139.489064952825,1,1139.489064952825,,1,1.0,0.0
COMPUSDT-HEIUSDT,863.1832827255729,1,863.1832827255729,,1,1.0,0.0
COMPUSDT-HIGHUSDT,1616.1265958003953,1,1616.1265958003953,,1,1.0,0.0
COMPUSDT-IDEXUSDT,1041.1322381907253,1,1041.1322381907253,,1,1.0,0.0
COMPUSDT-IDUSDT,1349.2439257613216,1,1349.2439257613216,,1,1.0,0.0
COMPUSDT-KAIAUSDT,140.75938676935723,1,140.75938676935723,,1,1.0,0.0
COMPUSDT-MDTUSDT,22.75213122660911,1,22.75213122660911,,1,1.0,0.0
COMPUSDT-METISUSDT,1554.5025187337224,1,1554.5025187337224,,1,1.0,0.0
COMPUSDT-MEUSDT,169.66655768599534,1,169.66655768599534,,1,1.0,0.0
COMPUSDT-NFPUSDT,916.3036661639228,1,916.3036661639228,,1,1.0,0.0
COMPUSDT-NOTUSDT,437.7553846828588,1,437.7553846828588,,1,1.0,0.0
COMPUSDT-ONTUSDT,2.2106037421929727,1,2.2106037421929727,,1,1.0,0.0
COMPUSDT-ORCAUSDT,103.85042916288629,1,103.85042916288629,,1,1.0,0.0
COMPUSDT-POLUSDT,17.671230112491166,1,17.671230112491166,,1,1.0,0.0
COMPUSDT-RUNEUSDT,897.5650747087832,1,897.5650747087832,,1,1.0,0.0
COMPUSDT-SEIUSDT,667.27389005619,1,667.27389005619,,1,1.0,0.0
COMPUSDT-SLPUSDT,92.95714272601698,1,92.95714272601698,,1,1.0,0.0
COMPUSDT-STGUSDT,304.6044437735589,1,304.6044437735589,,1,1.0,0.0
COMPUSDT-STRAXUSDT,1391.597375799377,1,1391.597375799377,,1,1.0,0.0
COMPUSDT-STXUSDT,58.48132140784664,1,58.48132140784664,,1,1.0,0.0
COMPUSDT-THEUSDT,51.70603291477904,1,51.70603291477904,,1,1.0,0.0
COMPUSDT-USTCUSDT,234.28630993757187,1,234.28630993757187,,1,1.0,0.0
COMPUSDT-VELODROMEUSDT,1340.343120284547,1,1340.343120284547,,1,1.0,0.0
COMPUSDT-VETUSDT,91.05490125372724,1,91.05490125372724,,1,1.0,0.0
COMPUSDT-VOXELUSDT,6855.521256849487,1,6855.521256849487,,1,1.0,0.0
COMPUSDT-WOOUSDT,15.199131674777153,1,15.199131674777153,,1,1.0,0.0
COMPUSDT-WUSDT,3745.258642042909,1,3745.258642042909,,1,1.0,0.0
COMPUSDT-ZILUSDT,240.722181111382,1,240.722181111382,,1,1.0,0.0
COMPUSDT-ZKUSDT,14.163605757410204,1,14.163605757410204,,1,1.0,0.0
COOKIEUSDT-DIAUSDT,164.40656242502587,1,164.40656242502587,,1,1.0,0.0
COOKIEUSDT-ETHFIUSDT,1478.2491458993236,1,1478.2491458993236,,1,1.0,0.0
COOKIEUSDT-HIGHUSDT,23.573187289184705,1,23.573187289184705,,1,1.0,0.0
COOKIEUSDT-ICPUSDT,104.35456206529332,1,104.35456206529332,,1,1.0,0.0
COOKIEUSDT-KSMUSDT,881.136696017605,1,881.136696017605,,1,1.0,0.0
COOKIEUSDT-LINKUSDT,1022.7105645311703,1,1022.7105645311703,,1,1.0,0.0
COOKIEUSDT-LUMIAUSDT,1814.2788186730988,1,1814.2788186730988,,1,1.0,0.0
COOKIEUSDT-MANAUSDT,8307.823705328843,1,8307.823705328843,,1,1.0,0.0
COOKIEUSDT-MEMEUSDT,229.68247731492505,1,229.68247731492505,,1,1.0,0.0
COOKIEUSDT-ONEUSDT,2325.197131450805,1,2325.197131450805,,1,1.0,0.0
COOKIEUSDT-PYTHUSDT,1359.5807878674125,1,1359.5807878674125,,1,1.0,0.0
COOKIEUSDT-RDNTUSDT,1339.2243374102547,1,1339.2243374102547,,1,1.0,0.0
COOKIEUSDT-RONINUSDT,203.9250251769746,1,203.9250251769746,,1,1.0,0.0
COOKIEUSDT-RUNEUSDT,1727.370101763726,1,1727.370101763726,,1,1.0,0.0
COOKIEUSDT-SFPUSDT,200.54999595414048,1,200.54999595414048,,1,1.0,0.0
COOKIEUSDT-SPELLUSDT,3354.908214576292,1,3354.908214576292,,1,1.0,0.0
COOKIEUSDT-STEEMUSDT,2394.978958714534,1,2394.978958714534,,1,1.0,0.0
COOKIEUSDT-SUSHIUSDT,4331.287548430414,1,4331.287548430414,,1,1.0,0.0
COOKIEUSDT-THETAUSDT,271.6987662030264,1,271.6987662030264,,1,1.0,0.0
COOKIEUSDT-VANRYUSDT,1964.2987241152944,1,1964.2987241152944,,1,1.0,0.0
COOKIEUSDT-WAXPUSDT,8833.777541101095,1,8833.777541101095,,1,1.0,0.0
COOKIEUSDT-XAIUSDT,1051.853875386828,1,1051.853875386828,,1,1.0,0.0
COOKIEUSDT-XLMUSDT,67.72700793985348,1,67.72700793985348,,1,1.0,0.0
COOKIEUSDT-YFIUSDT,912.297452331616,1,912.297452331616,,1,1.0,0.0
COSUSDT-CTKUSDT,2937.9065923806243,1,2937.9065923806243,,1,1.0,0.0
COSUSDT-DEXEUSDT,55.487238644443366,1,55.487238644443366,,1,1.0,0.0
COSUSDT-DIAUSDT,586.8057489010505,1,586.8057489010505,,1,1.0,0.0
COSUSDT-DOGSUSDT,96.36938713263471,1,96.36938713263471,,1,1.0,0.0
COSUSDT-EOSUSDT,180.3583575012074,1,180.3583575012074,,1,1.0,0.0
COSUSDT-GMXUSDT,1336.3479902936683,1,1336.3479902936683,,1,1.0,0.0
COSUSDT-HIGHUSDT,588.5562349877083,1,588.5562349877083,,1,1.0,0.0
COSUSDT-IDUSDT,2576.0309527059067,1,2576.0309527059067,,1,1.0,0.0
COSUSDT-IOTAUSDT,34.5536922348168,1,34.5536922348168,,1,1.0,0.0
COSUSDT-JUPUSDT,6.612882219587107,1,6.612882219587107,,1,1.0,0.0
COSUSDT-LAYERUSDT,1011.0082965240612,1,1011.0082965240612,,1,1.0,0.0
COSUSDT-LDOUSDT,62.96264051005066,1,62.96264051005066,,1,1.0,0.0
COSUSDT-LINKUSDT,68.94147488323497,1,68.94147488323497,,1,1.0,0.0
COSUSDT-LOKAUSDT,1210.3909827236275,1,1210.3909827236275,,1,1.0,0.0
COSUSDT-LQTYUSDT,461.1132135840582,1,461.1132135840582,,1,1.0,0.0
COSUSDT-MDTUSDT,1581.058107538406,1,1581.058107538406,,1,1.0,0.0
COSUSDT-MEUSDT,1023.6907120104715,1,1023.6907120104715,,1,1.0,0.0
COSUSDT-MKRUSDT,122.7408817688544,1,122.7408817688544,,1,1.0,0.0
COSUSDT-MOVEUSDT,293.38018531207933,1,293.38018531207933,,1,1.0,0.0
COSUSDT-NEARUSDT,480.1557483424008,1,480.1557483424008,,1,1.0,0.0
COSUSDT-NMRUSDT,1531.8169540422784,1,1531.8169540422784,,1,1.0,0.0
COSUSDT-NULSUSDT,902.957007785178,1,902.957007785178,,1,1.0,0.0
COSUSDT-ONEUSDT,129.80669417517842,1,129.80669417517842,,1,1.0,0.0
COSUSDT-ONTUSDT,68.25431589452273,1,68.25431589452273,,1,1.0,0.0
COSUSDT-OPUSDT,409.3688861723616,1,409.3688861723616,,1,1.0,0.0
COSUSDT-ORDIUSDT,162.91988211369875,1,162.91988211369875,,1,1.0,0.0
COSUSDT-PENDLEUSDT,4250.590985798124,1,4250.590985798124,,1,1.0,0.0
COSUSDT-PERPUSDT,201.406803828528,1,201.406803828528,,1,1.0,0.0
COSUSDT-PNUTUSDT,1758.951447808533,1,1758.951447808533,,1,1.0,0.0
COSUSDT-RENDERUSDT,1260.0037416322025,1,1260.0037416322025,,1,1.0,0.0
COSUSDT-RLCUSDT,1294.0648416810232,1,1294.0648416810232,,1,1.0,0.0
COSUSDT-SNTUSDT,29.808296219996272,1,29.808296219996272,,1,1.0,0.0
COSUSDT-SPELLUSDT,101.52150412284028,1,101.52150412284028,,1,1.0,0.0
COSUSDT-STRKUSDT,536.5294037777471,1,536.5294037777471,,1,1.0,0.0
COSUSDT-SUSDT,6.338296701843646,1,6.338296701843646,,1,1.0,0.0
COSUSDT-SYSUSDT,558.1051577675536,1,558.1051577675536,,1,1.0,0.0
COSUSDT-TURBOUSDT,416.8597113055525,1,416.8597113055525,,1,1.0,0.0
COSUSDT-TUSDT,409.3927182862708,1,409.3927182862708,,1,1.0,0.0
COSUSDT-UMAUSDT,547.9347750601627,1,547.9347750601627,,1,1.0,0.0
COSUSDT-XAIUSDT,1085.005528419827,1,1085.005528419827,,1,1.0,0.0
COTIUSDT-DOTUSDT,202.50640475690616,1,202.50640475690616,,1,1.0,0.0
COTIUSDT-DYMUSDT,613.8034526781385,1,613.8034526781385,,1,1.0,0.0
COTIUSDT-EGLDUSDT,208.87458739736653,1,208.87458739736653,,1,1.0,0.0
COTIUSDT-ENAUSDT,2031.8609556130816,1,2031.8609556130816,,1,1.0,0.0
COTIUSDT-ENSUSDT,1725.9478233612258,1,1725.9478233612258,,1,1.0,0.0
COTIUSDT-FIOUSDT,1606.4077027123535,1,1606.4077027123535,,1,1.0,0.0
COTIUSDT-FLOWUSDT,107.25407299913502,1,107.25407299913502,,1,1.0,0.0
COTIUSDT-GLMRUSDT,748.2262685141653,1,748.2262685141653,,1,1.0,0.0
COTIUSDT-HIFIUSDT,96.91891099692576,1,96.91891099692576,,1,1.0,0.0
COTIUSDT-ICXUSDT,177.73284553402794,1,177.73284553402794,,1,1.0,0.0
COTIUSDT-IDUSDT,188.46787565153824,1,188.46787565153824,,1,1.0,0.0
COTIUSDT-IOUSDT,138.3352454722613,1,138.3352454722613,,1,1.0,0.0
COTIUSDT-JASMYUSDT,454.7140348926821,1,454.7140348926821,,1,1.0,0.0
COTIUSDT-KDAUSDT,978.184584219592,1,978.184584219592,,1,1.0,0.0
COTIUSDT-KSMUSDT,729.3824789849854,1,729.3824789849854,,1,1.0,0.0
COTIUSDT-LQTYUSDT,887.4076435620956,1,887.4076435620956,,1,1.0,0.0
COTIUSDT-METISUSDT,592.2396969686096,1,592.2396969686096,,1,1.0,0.0
COTIUSDT-MINAUSDT,3722.211933690049,1,3722.211933690049,,1,1.0,0.0
COTIUSDT-PENDLEUSDT,394.5559160586431,1,394.5559160586431,,1,1.0,0.0
COTIUSDT-PHAUSDT,930.2969642379572,1,930.2969642379572,,1,1.0,0.0
COTIUSDT-PIXELUSDT,1705.2757663752825,1,1705.2757663752825,,1,1.0,0.0
COTIUSDT-PORTALUSDT,214.1180931703792,1,214.1180931703792,,1,1.0,0.0
COTIUSDT-QUICKUSDT,250.23764875241972,1,250.23764875241972,,1,1.0,0.0
COTIUSDT-RADUSDT,2411.119978843814,1,2411.119978843814,,1,1.0,0.0
COTIUSDT-RAREUSDT,658.637427818841,1,658.637427818841,,1,1.0,0.0
COTIUSDT-RONINUSDT,601.094941077775,1,601.094941077775,,1,1.0,0.0
COTIUSDT-ROSEUSDT,977.21243933626,1,977.21243933626,,1,1.0,0.0
COTIUSDT-RVNUSDT,444.9510331099654,1,444.9510331099654,,1,1.0,0.0
COTIUSDT-SANTOSUSDT,176.03493705977013,1,176.03493705977013,,1,1.0,0.0
COTIUSDT-SKLUSDT,2598.578880834149,1,2598.578880834149,,1,1.0,0.0
COTIUSDT-STXUSDT,511.8541262807382,1,511.8541262807382,,1,1.0,0.0
COTIUSDT-SXPUSDT,125.8856239156143,1,125.8856239156143,,1,1.0,0.0
COTIUSDT-THETAUSDT,209.78531065792689,1,209.78531065792689,,1,1.0,0.0
COTIUSDT-TRBUSDT,1905.605339311228,1,1905.605339311228,,1,1.0,0.0
COTIUSDT-VANAUSDT,1936.6553889481647,1,1936.6553889481647,,1,1.0,0.0
COTIUSDT-WLDUSDT,1067.6178471360708,1,1067.6178471360708,,1,1.0,0.0
COTIUSDT-WUSDT,1578.299449183354,1,1578.299449183354,,1,1.0,0.0
COTIUSDT-XRPUSDT,1127.2927879689244,1,1127.2927879689244,,1,1.0,0.0
COWUSDT-DASHUSDT,1245.7087099593143,1,1245.7087099593143,,1,1.0,0.0
COWUSDT-DUSKUSDT,1638.310741465555,1,1638.310741465555,,1,1.0,0.0
COWUSDT-DYMUSDT,1996.0231473130095,1,1996.0231473130095,,1,1.0,0.0
COWUSDT-GHSTUSDT,54.70257704320706,1,54.70257704320706,,1,1.0,0.0
COWUSDT-IMXUSDT,54.99726772836309,1,54.99726772836309,,1,1.0,0.0
COWUSDT-JASMYUSDT,84.3015707605736,1,84.3015707605736,,1,1.0,0.0
COWUSDT-LINKUSDT,709.9323753331578,1,709.9323753331578,,1,1.0,0.0
COWUSDT-LRCUSDT,683.2983376507389,1,683.2983376507389,,1,1.0,0.0
COWUSDT-MANTAUSDT,1937.726748383792,1,1937.726748383792,,1,1.0,0.0
COWUSDT-MASKUSDT,23.576404686736037,1,23.576404686736037,,1,1.0,0.0
COWUSDT-MEUSDT,924.6272381462668,1,924.6272381462668,,1,1.0,0.0
COWUSDT-MLNUSDT,371.29926899422696,1,371.29926899422696,,1,1.0,0.0
COWUSDT-QNTUSDT,123.08902935122818,1,123.08902935122818,,1,1.0,0.0
COWUSDT-RONINUSDT,213.5301601080057,1,213.5301601080057,,1,1.0,0.0
COWUSDT-SANDUSDT,683.9033462069873,1,683.9033462069873,,1,1.0,0.0
COWUSDT-SKLUSDT,5074.054580976018,1,5074.054580976018,,1,1.0,0.0
COWUSDT-TAOUSDT,865.4349561695608,1,865.4349561695608,,1,1.0,0.0
COWUSDT-THETAUSDT,5046.430140509541,1,5046.430140509541,,1,1.0,0.0
COWUSDT-WUSDT,950.0300218630622,1,950.0300218630622,,1,1.0,0.0
COWUSDT-ZECUSDT,5569.55653290016,1,5569.55653290016,,1,1.0,0.0
COWUSDT-ZRXUSDT,20.40736157745581,1,20.40736157745581,,1,1.0,0.0
CRVUSDT-CVCUSDT,66.68215458368195,1,66.68215458368195,,1,1.0,0.0
CRVUSDT-FILUSDT,366.4953757475436,1,366.4953757475436,,1,1.0,0.0
CRVUSDT-GTCUSDT,2213.4594997549257,1,2213.4594997549257,,1,1.0,0.0
CRVUSDT-GUSDT,108.10572938248733,1,108.10572938248733,,1,1.0,0.0
CRVUSDT-HBARUSDT,1987.838032467425,1,1987.838032467425,,1,1.0,0.0
CRVUSDT-ICPUSDT,251.09986854304327,1,251.09986854304327,,1,1.0,0.0
CRVUSDT-IDUSDT,346.225722259774,1,346.225722259774,,1,1.0,0.0
CRVUSDT-IMXUSDT,15.181678276132374,1,15.181678276132374,,1,1.0,0.0
CRVUSDT-IOTXUSDT,1727.4299270199078,1,1727.4299270199078,,1,1.0,0.0
CRVUSDT-LRCUSDT,117.45548011439335,1,117.45548011439335,,1,1.0,0.0
CRVUSDT-LSKUSDT,445.0709686195353,1,445.0709686195353,,1,1.0,0.0
CRVUSDT-MBOXUSDT,730.0344214571271,1,730.0344214571271,,1,1.0,0.0
CRVUSDT-NKNUSDT,1435.969187792797,1,1435.969187792797,,1,1.0,0.0
CRVUSDT-ONEUSDT,191.3952051260332,1,191.3952051260332,,1,1.0,0.0
CRVUSDT-POLYXUSDT,1124.3842418226154,1,1124.3842418226154,,1,1.0,0.0
CRVUSDT-POWRUSDT,287.610853760628,1,287.610853760628,,1,1.0,0.0
CRVUSDT-QTUMUSDT,1297.385184654345,1,1297.385184654345,,1,1.0,0.0
CRVUSDT-RUNEUSDT,709.9658181472503,1,709.9658181472503,,1,1.0,0.0
CRVUSDT-SAGAUSDT,350.33825707542115,1,350.33825707542115,,1,1.0,0.0
CRVUSDT-SKLUSDT,374.9627883696053,1,374.9627883696053,,1,1.0,0.0
CRVUSDT-TAOUSDT,692.8536581000055,1,692.8536581000055,,1,1.0,0.0
CRVUSDT-TWTUSDT,153.78675799959518,1,153.78675799959518,,1,1.0,0.0
CRVUSDT-VETUSDT,265.5647135831678,1,265.5647135831678,,1,1.0,0.0
CRVUSDT-WLDUSDT,1257.6190515110738,1,1257.6190515110738,,1,1.0,0.0
CRVUSDT-ZROUSDT,363.4633717815893,1,363.4633717815893,,1,1.0,0.0
CTKUSDT-CTSIUSDT,2025.8811268227755,1,2025.8811268227755,,1,1.0,0.0
CTKUSDT-CYBERUSDT,2421.294730406201,1,2421.294730406201,,1,1.0,0.0
CTKUSDT-DGBUSDT,154.82554188765783,1,154.82554188765783,,1,1.0,0.0
CTKUSDT-DIAUSDT,113.3740304892026,1,113.3740304892026,,1,1.0,0.0
CTKUSDT-DOGEUSDT,2999.598313010652,1,2999.598313010652,,1,1.0,0.0
CTKUSDT-DYDXUSDT,5317.433202307103,1,5317.433202307103,,1,1.0,0.0
CTKUSDT-EDUUSDT,89.55737934931386,1,89.55737934931386,,1,1.0,0.0
CTKUSDT-EIGENUSDT,1367.120853669289,1,1367.120853669289,,1,1.0,0.0
CTKUSDT-ENAUSDT,34.96554962788551,1,34.96554962788551,,1,1.0,0.0
CTKUSDT-EOSUSDT,2413.5737512056817,1,2413.5737512056817,,1,1.0,0.0
CTKUSDT-FETUSDT,3068.815836043371,1,3068.815836043371,,1,1.0,0.0
CTKUSDT-FUNUSDT,366.3106971528407,1,366.3106971528407,,1,1.0,0.0
CTKUSDT-GLMUSDT,1302.3902641338875,1,1302.3902641338875,,1,1.0,0.0
CTKUSDT-GUSDT,467.4725777051091,1,467.4725777051091,,1,1.0,0.0
CTKUSDT-HEIUSDT,1727.585558219139,1,1727.585558219139,,1,1.0,0.0
CTKUSDT-HIGHUSDT,2534.8117783035477,1,2534.8117783035477,,1,1.0,0.0
CTKUSDT-HIVEUSDT,98.58080336996228,1,98.58080336996228,,1,1.0,0.0
CTKUSDT-HMSTRUSDT,1788.0174328825365,1,1788.0174328825365,,1,1.0,0.0
CTKUSDT-ICPUSDT,1646.9539440531423,1,1646.9539440531423,,1,1.0,0.0
CTKUSDT-IDUSDT,504.9754273743051,1,504.9754273743051,,1,1.0,0.0
CTKUSDT-IOTAUSDT,2650.288981329924,1,2650.288981329924,,1,1.0,0.0
CTKUSDT-JUPUSDT,1124.7591828990676,1,1124.7591828990676,,1,1.0,0.0
CTKUSDT-KAIAUSDT,2018.6108838164928,1,2018.6108838164928,,1,1.0,0.0
CTKUSDT-LISTAUSDT,2302.362542897183,1,2302.362542897183,,1,1.0,0.0
CTKUSDT-METISUSDT,2766.345343899811,1,2766.345343899811,,1,1.0,0.0
CTKUSDT-MLNUSDT,6573.699251204083,1,6573.699251204083,,1,1.0,0.0
CTKUSDT-NEOUSDT,611.4027060729413,1,611.4027060729413,,1,1.0,0.0
CTKUSDT-NKNUSDT,2532.4587655205846,1,2532.4587655205846,,1,1.0,0.0
CTKUSDT-NMRUSDT,2919.580108716027,1,2919.580108716027,,1,1.0,0.0
CTKUSDT-NOTUSDT,1056.4666865481856,1,1056.4666865481856,,1,1.0,0.0
CTKUSDT-OGNUSDT,309.2947922052558,1,309.2947922052558,,1,1.0,0.0
CTKUSDT-OMNIUSDT,1143.6997048111805,1,1143.6997048111805,,1,1.0,0.0
CTKUSDT-ONEUSDT,318.84493835704166,1,318.84493835704166,,1,1.0,0.0
CTKUSDT-ORDIUSDT,7.814567270705538,1,7.814567270705538,,1,1.0,0.0
CTKUSDT-PENDLEUSDT,426.878452184326,1,426.878452184326,,1,1.0,0.0
CTKUSDT-POLUSDT,2096.0234536460107,1,2096.0234536460107,,1,1.0,0.0
CTKUSDT-QNTUSDT,3407.590128539299,1,3407.590128539299,,1,1.0,0.0
CTKUSDT-RAREUSDT,11.953373696283537,1,11.953373696283537,,1,1.0,0.0
CTKUSDT-REIUSDT,718.1714046768064,1,718.1714046768064,,1,1.0,0.0
CTKUSDT-RUNEUSDT,126.6413444280752,1,126.6413444280752,,1,1.0,0.0
CTKUSDT-SANDUSDT,1583.7954820190116,1,1583.7954820190116,,1,1.0,0.0
CTKUSDT-SCUSDT,1740.6626393373745,1,1740.6626393373745,,1,1.0,0.0
CTKUSDT-SEIUSDT,2299.6476736495824,1,2299.6476736495824,,1,1.0,0.0
CTKUSDT-SNTUSDT,76.13643484370736,1,76.13643484370736,,1,1.0,0.0
CTKUSDT-SSVUSDT,2849.065142875907,1,2849.065142875907,,1,1.0,0.0
CTKUSDT-STORJUSDT,336.9500503727017,1,336.9500503727017,,1,1.0,0.0
CTKUSDT-STRAXUSDT,437.547231294738,1,437.547231294738,,1,1.0,0.0
CTKUSDT-THETAUSDT,63.22232906395668,1,63.22232906395668,,1,1.0,0.0
CTKUSDT-TIAUSDT,1666.3204831382384,1,1666.3204831382384,,1,1.0,0.0
CTKUSDT-TRBUSDT,1775.6557332195962,1,1775.6557332195962,,1,1.0,0.0
CTKUSDT-TURBOUSDT,211.66932680947448,1,211.66932680947448,,1,1.0,0.0
CTKUSDT-TUSDT,386.09492507183256,1,386.09492507183256,,1,1.0,0.0
CTKUSDT-VANAUSDT,1537.4153269292308,1,1537.4153269292308,,1,1.0,0.0
CTKUSDT-VOXELUSDT,3476.60478094892,1,3476.60478094892,,1,1.0,0.0
CTKUSDT-VTHOUSDT,1985.5235107629596,1,1985.5235107629596,,1,1.0,0.0
CTKUSDT-WAXPUSDT,362.9546661652847,1,362.9546661652847,,1,1.0,0.0
CTKUSDT-WIFUSDT,2675.59549789992,1,2675.59549789992,,1,1.0,0.0
CTKUSDT-XVSUSDT,2314.517205043862,1,2314.517205043862,,1,1.0,0.0
CTSIUSDT-DOTUSDT,258.36100654194854,1,258.36100654194854,,1,1.0,0.0
CTSIUSDT-ENJUSDT,792.164068806331,1,792.164068806331,,1,1.0,0.0
CTSIUSDT-FLMUSDT,717.575324004069,1,717.575324004069,,1,1.0,0.0
CTSIUSDT-FTTUSDT,5248.1011744919615,1,5248.1011744919615,,1,1.0,0.0
CTSIUSDT-FXSUSDT,425.51629126446113,1,425.51629126446113,,1,1.0,0.0
CTSIUSDT-GLMRUSDT,261.8004267352773,1,261.8004267352773,,1,1.0,0.0
CTSIUSDT-HOOKUSDT,250.7511677915434,1,250.7511677915434,,1,1.0,0.0
CTSIUSDT-IDEXUSDT,47.00073076437596,1,47.00073076437596,,1,1.0,0.0
CTSIUSDT-JTOUSDT,227.8100918792593,1,227.8100918792593,,1,1.0,0.0
CTSIUSDT-KNCUSDT,1785.122932157279,1,1785.122932157279,,1,1.0,0.0
CTSIUSDT-LPTUSDT,161.73711438192652,1,161.73711438192652,,1,1.0,0.0
CTSIUSDT-LSKUSDT,717.3175868487124,1,717.3175868487124,,1,1.0,0.0
CTSIUSDT-MANTAUSDT,156.28459477502355,1,156.28459477502355,,1,1.0,0.0
CTSIUSDT-MINAUSDT,209.76083916708677,1,209.76083916708677,,1,1.0,0.0
CTSIUSDT-NEARUSDT,683.953730516381,1,683.953730516381,,1,1.0,0.0
CTSIUSDT-NMRUSDT,30.24414650662673,1,30.24414650662673,,1,1.0,0.0
CTSIUSDT-NULSUSDT,1809.506567324909,1,1809.506567324909,,1,1.0,0.0
CTSIUSDT-OMUSDT,175.90177115939906,1,175.90177115939906,,1,1.0,0.0
CTSIUSDT-ONGUSDT,138.01754764236196,1,138.01754764236196,,1,1.0,0.0
CTSIUSDT-PNUTUSDT,2718.393219159281,1,2718.393219159281,,1,1.0,0.0
CTSIUSDT-PORTALUSDT,3.573930595441404,1,3.573930595441404,,1,1.0,0.0
CTSIUSDT-POWRUSDT,331.8826470637192,1,331.8826470637192,,1,1.0,0.0
CTSIUSDT-PROMUSDT,424.5484255731312,1,424.5484255731312,,1,1.0,0.0
CTSIUSDT-QTUMUSDT,861.3734386035153,1,861.3734386035153,,1,1.0,0.0
CTSIUSDT-RADUSDT,4943.269388224123,1,4943.269388224123,,1,1.0,0.0
CTSIUSDT-RAYUSDT,22.946036679669824,1,22.946036679669824,,1,1.0,0.0
CTSIUSDT-REIUSDT,201.79059726331548,1,201.79059726331548,,1,1.0,0.0
CTSIUSDT-RIFUSDT,203.23788275443331,1,203.23788275443331,,1,1.0,0.0
CTSIUSDT-RONINUSDT,111.05072830549692,1,111.05072830549692,,1,1.0,0.0
CTSIUSDT-RPLUSDT,2647.616500909093,1,2647.616500909093,,1,1.0,0.0
CTSIUSDT-SCRTUSDT,291.14727988572935,1,291.14727988572935,,1,1.0,0.0
CTSIUSDT-SNTUSDT,3256.577590988019,1,3256.577590988019,,1,1.0,0.0
CTSIUSDT-SNXUSDT,463.0248312513751,1,463.0248312513751,,1,1.0,0.0
CTSIUSDT-SUPERUSDT,476.115619575656,1,476.115619575656,,1,1.0,0.0
CTSIUSDT-TRUMPUSDT,41.93622955182777,1,41.93622955182777,,1,1.0,0.0
CTSIUSDT-TUSDT,122.17160522667328,1,122.17160522667328,,1,1.0,0.0
CTSIUSDT-VANRYUSDT,1197.1196946171358,1,1197.1196946171358,,1,1.0,0.0
CTSIUSDT-WIFUSDT,205.0092785075815,1,205.0092785075815,,1,1.0,0.0
CTSIUSDT-WLDUSDT,133.14469345244612,1,133.14469345244612,,1,1.0,0.0
CTSIUSDT-ZROUSDT,342.87195373998185,1,342.87195373998185,,1,1.0,0.0
CVCUSDT-DEXEUSDT,1269.4356625366686,1,1269.4356625366686,,1,1.0,0.0
CVCUSDT-DGBUSDT,1321.109308463173,1,1321.109308463173,,1,1.0,0.0
CVCUSDT-DIAUSDT,7133.409007428532,1,7133.409007428532,,1,1.0,0.0
CVCUSDT-DUSKUSDT,45.97660847606866,1,45.97660847606866,,1,1.0,0.0
CVCUSDT-EDUUSDT,5484.917313722237,1,5484.917313722237,,1,1.0,0.0
CVCUSDT-ENSUSDT,784.3822621222657,1,784.3822621222657,,1,1.0,0.0
CVCUSDT-EOSUSDT,4201.725642863537,1,4201.725642863537,,1,1.0,0.0
CVCUSDT-FETUSDT,131.19780671521292,1,131.19780671521292,,1,1.0,0.0
CVCUSDT-FLMUSDT,568.4557494920481,1,568.4557494920481,,1,1.0,0.0
CVCUSDT-FUNUSDT,259.0737414671263,1,259.0737414671263,,1,1.0,0.0
CVCUSDT-GMTUSDT,806.8491201560032,1,806.8491201560032,,1,1.0,0.0
CVCUSDT-GMXUSDT,640.7233293238921,1,640.7233293238921,,1,1.0,0.0
CVCUSDT-GRTUSDT,2060.1753392010864,1,2060.1753392010864,,1,1.0,0.0
CVCUSDT-HIVEUSDT,752.301085821554,1,752.301085821554,,1,1.0,0.0
CVCUSDT-HMSTRUSDT,86.971050900948,1,86.971050900948,,1,1.0,0.0
CVCUSDT-HOOKUSDT,2461.0702444433564,1,2461.0702444433564,,1,1.0,0.0
CVCUSDT-INJUSDT,239.32030186963271,1,239.32030186963271,,1,1.0,0.0
CVCUSDT-IOTAUSDT,602.5197170760487,1,602.5197170760487,,1,1.0,0.0
CVCUSDT-IOTXUSDT,11.834665033227942,1,11.834665033227942,,1,1.0,0.0
CVCUSDT-IOUSDT,669.1276802766898,1,669.1276802766898,,1,1.0,0.0
CVCUSDT-JOEUSDT,1284.8252387097627,1,1284.8252387097627,,1,1.0,0.0
CVCUSDT-JTOUSDT,208.90991416380768,1,208.90991416380768,,1,1.0,0.0
CVCUSDT-KNCUSDT,2268.0036395507705,1,2268.0036395507705,,1,1.0,0.0
CVCUSDT-MASKUSDT,410.4624135986007,1,410.4624135986007,,1,1.0,0.0
CVCUSDT-MBOXUSDT,1365.6425767121398,1,1365.6425767121398,,1,1.0,0.0
CVCUSDT-MEMEUSDT,395.80769510098366,1,395.80769510098366,,1,1.0,0.0
CVCUSDT-METISUSDT,309.12621035009715,1,309.12621035009715,,1,1.0,0.0
CVCUSDT-MLNUSDT,1457.420811649448,1,1457.420811649448,,1,1.0,0.0
CVCUSDT-MOVEUSDT,660.9567568657427,1,660.9567568657427,,1,1.0,0.0
CVCUSDT-NFPUSDT,585.9685849026821,1,585.9685849026821,,1,1.0,0.0
CVCUSDT-OMNIUSDT,2354.09029380122,1,2354.09029380122,,1,1.0,0.0
CVCUSDT-ONEUSDT,170.14369425050882,1,170.14369425050882,,1,1.0,0.0
CVCUSDT-ONTUSDT,823.1991479166348,1,823.1991479166348,,1,1.0,0.0
CVCUSDT-ORCAUSDT,1008.0860385621608,1,1008.0860385621608,,1,1.0,0.0
CVCUSDT-OXTUSDT,127.43328234658946,1,127.43328234658946,,1,1.0,0.0
CVCUSDT-PROMUSDT,1601.51104521675,1,1601.51104521675,,1,1.0,0.0
CVCUSDT-PYTHUSDT,189.56789625181136,1,189.56789625181136,,1,1.0,0.0
CVCUSDT-QNTUSDT,853.0192833749212,1,853.0192833749212,,1,1.0,0.0
CVCUSDT-QTUMUSDT,1551.9887807985142,1,1551.9887807985142,,1,1.0,0.0
CVCUSDT-RAREUSDT,4805.775715340189,1,4805.775715340189,,1,1.0,0.0
CVCUSDT-RPLUSDT,2148.994139629537,1,2148.994139629537,,1,1.0,0.0
CVCUSDT-SANDUSDT,1620.4995456902357,1,1620.4995456902357,,1,1.0,0.0
CVCUSDT-SFPUSDT,166.08064261967914,1,166.08064261967914,,1,1.0,0.0
CVCUSDT-SOLUSDT,1341.1616925416458,1,1341.1616925416458,,1,1.0,0.0
CVCUSDT-SUNUSDT,6482.590428462751,1,6482.590428462751,,1,1.0,0.0
CVCUSDT-SUPERUSDT,2457.5388533905552,1,2457.5388533905552,,1,1.0,0.0
CVCUSDT-TRUUSDT,1233.2460901067377,1,1233.2460901067377,,1,1.0,0.0
CVCUSDT-VICUSDT,190.00227510219145,1,190.00227510219145,,1,1.0,0.0
CVCUSDT-VIDTUSDT,38.43563644262967,1,38.43563644262967,,1,1.0,0.0
CVCUSDT-XVSUSDT,1134.9664573014568,1,1134.9664573014568,,1,1.0,0.0
CVCUSDT-YFIUSDT,56.32722795716008,1,56.32722795716008,,1,1.0,0.0
CVXUSDT-CYBERUSDT,2341.111028391178,1,2341.111028391178,,1,1.0,0.0
CVXUSDT-DUSDT,290.2180055710286,1,290.2180055710286,,1,1.0,0.0
CVXUSDT-ENAUSDT,725.8227643092436,1,725.8227643092436,,1,1.0,0.0
CVXUSDT-ETCUSDT,275.49451459591734,1,275.49451459591734,,1,1.0,0.0
CVXUSDT-FIOUSDT,5992.697703381413,1,5992.697703381413,,1,1.0,0.0
CVXUSDT-FLOWUSDT,287.4881329304928,1,287.4881329304928,,1,1.0,0.0
CVXUSDT-FLUXUSDT,181.37336041408645,1,181.37336041408645,,1,1.0,0.0
CVXUSDT-GHSTUSDT,362.04168759907134,1,362.04168759907134,,1,1.0,0.0
CVXUSDT-GLMUSDT,37.19997721942474,1,37.19997721942474,,1,1.0,0.0
CVXUSDT-GMTUSDT,451.4726902408993,1,451.4726902408993,,1,1.0,0.0
CVXUSDT-GMXUSDT,681.7003209586525,1,681.7003209586525,,1,1.0,0.0
CVXUSDT-GRTUSDT,775.13800840763,1,775.13800840763,,1,1.0,0.0
CVXUSDT-GTCUSDT,2770.006305285824,1,2770.006305285824,,1,1.0,0.0
CVXUSDT-HIFIUSDT,4442.909044597966,1,4442.909044597966,,1,1.0,0.0
CVXUSDT-HIVEUSDT,331.76445965514426,1,331.76445965514426,,1,1.0,0.0
CVXUSDT-IDEXUSDT,382.4798862352227,1,382.4798862352227,,1,1.0,0.0
CVXUSDT-IMXUSDT,4767.197401795897,1,4767.197401795897,,1,1.0,0.0
CVXUSDT-JASMYUSDT,8702.35724783078,1,8702.35724783078,,1,1.0,0.0
CVXUSDT-JTOUSDT,1128.3098489072902,1,1128.3098489072902,,1,1.0,0.0
CVXUSDT-JUPUSDT,489.8951720215375,1,489.8951720215375,,1,1.0,0.0
CVXUSDT-KNCUSDT,2144.600984338609,1,2144.600984338609,,1,1.0,0.0
CVXUSDT-KSMUSDT,917.1498775753164,1,917.1498775753164,,1,1.0,0.0
CVXUSDT-LISTAUSDT,2084.601600040861,1,2084.601600040861,,1,1.0,0.0
CVXUSDT-LPTUSDT,940.1890298882782,1,940.1890298882782,,1,1.0,0.0
CVXUSDT-LSKUSDT,1286.5350823587612,1,1286.5350823587612,,1,1.0,0.0
CVXUSDT-MAGICUSDT,172.91231132357805,1,172.91231132357805,,1,1.0,0.0
CVXUSDT-MASKUSDT,1189.0135444168386,1,1189.0135444168386,,1,1.0,0.0
CVXUSDT-MEMEUSDT,11524.832606443386,1,11524.832606443386,,1,1.0,0.0
CVXUSDT-NOTUSDT,11260.475690942692,1,11260.475690942692,,1,1.0,0.0
CVXUSDT-PENGUUSDT,1068.699969746017,1,1068.699969746017,,1,1.0,0.0
CVXUSDT-POLYXUSDT,9436.759703136127,1,9436.759703136127,,1,1.0,0.0
CVXUSDT-PORTALUSDT,8659.556228328043,1,8659.556228328043,,1,1.0,0.0
CVXUSDT-POWRUSDT,449.7301980531519,1,449.7301980531519,,1,1.0,0.0
CVXUSDT-PROMUSDT,6058.22344186157,1,6058.22344186157,,1,1.0,0.0
CVXUSDT-RADUSDT,638.2164116671403,1,638.2164116671403,,1,1.0,0.0
CVXUSDT-RLCUSDT,253.48727956883283,1,253.48727956883283,,1,1.0,0.0
CVXUSDT-RUNEUSDT,707.9511908407877,1,707.9511908407877,,1,1.0,0.0
CVXUSDT-SUIUSDT,9518.37096244451,1,9518.37096244451,,1,1.0,0.0
CVXUSDT-SUPERUSDT,849.9666569949634,1,849.9666569949634,,1,1.0,0.0
CVXUSDT-TAOUSDT,861.3465674332659,1,861.3465674332659,,1,1.0,0.0
CVXUSDT-VELODROMEUSDT,583.1898769784633,1,583.1898769784633,,1,1.0,0.0
CVXUSDT-WIFUSDT,252.18369483388312,1,252.18369483388312,,1,1.0,0.0
CVXUSDT-ZROUSDT,9988.493713449798,1,9988.493713449798,,1,1.0,0.0
CYBERUSDT-DOGEUSDT,614.5563276039984,1,614.5563276039984,,1,1.0,0.0
CYBERUSDT-DUSDT,385.1926023647021,1,385.1926023647021,,1,1.0,0.0
CYBERUSDT-ENJUSDT,1176.612331588046,1,1176.612331588046,,1,1.0,0.0
CYBERUSDT-GMXUSDT,1264.320981755188,1,1264.320981755188,,1,1.0,0.0
CYBERUSDT-GTCUSDT,1895.5513798075567,1,1895.5513798075567,,1,1.0,0.0
CYBERUSDT-HMSTRUSDT,510.6303278089188,1,510.6303278089188,,1,1.0,0.0
CYBERUSDT-ILVUSDT,667.288605291449,1,667.288605291449,,1,1.0,0.0
CYBERUSDT-IMXUSDT,28.94881665541244,1,28.94881665541244,,1,1.0,0.0
CYBERUSDT-IOTXUSDT,158.52655753308278,1,158.52655753308278,,1,1.0,0.0
CYBERUSDT-LEVERUSDT,2051.7358909884992,1,2051.7358909884992,,1,1.0,0.0
CYBERUSDT-LISTAUSDT,308.6599260837694,1,308.6599260837694,,1,1.0,0.0
CYBERUSDT-MAGICUSDT,2348.234363337547,1,2348.234363337547,,1,1.0,0.0
CYBERUSDT-MANTAUSDT,314.67732907459896,1,314.67732907459896,,1,1.0,0.0
CYBERUSDT-NMRUSDT,1224.7963830960066,1,1224.7963830960066,,1,1.0,0.0
CYBERUSDT-NOTUSDT,192.34421150186645,1,192.34421150186645,,1,1.0,0.0
CYBERUSDT-OXTUSDT,855.566798858637,1,855.566798858637,,1,1.0,0.0
CYBERUSDT-PROMUSDT,2448.4893184840475,1,2448.4893184840475,,1,1.0,0.0
CYBERUSDT-RAREUSDT,3.538609490164376,1,3.538609490164376,,1,1.0,0.0
CYBERUSDT-RAYUSDT,397.3559326126355,1,397.3559326126355,,1,1.0,0.0
CYBERUSDT-RVNUSDT,4971.764349899083,1,4971.764349899083,,1,1.0,0.0
CYBERUSDT-SCRTUSDT,11.895475108288572,1,11.895475108288572,,1,1.0,0.0
CYBERUSDT-SCUSDT,368.4826063668676,1,368.4826063668676,,1,1.0,0.0
CYBERUSDT-SUPERUSDT,339.3665854246815,1,339.3665854246815,,1,1.0,0.0
CYBERUSDT-SXPUSDT,39.28871411499294,1,39.28871411499294,,1,1.0,0.0
CYBERUSDT-SYSUSDT,47.556645773848274,1,47.556645773848274,,1,1.0,0.0
CYBERUSDT-TWTUSDT,2294.3359974450727,1,2294.3359974450727,,1,1.0,0.0
CYBERUSDT-WOOUSDT,3087.739179896681,1,3087.739179896681,,1,1.0,0.0
CYBERUSDT-ZROUSDT,429.1534870031984,1,429.1534870031984,,1,1.0,0.0
DASHUSDT-DEGOUSDT,2012.3176714000567,1,2012.3176714000567,,1,1.0,0.0
DASHUSDT-DEXEUSDT,274.9553057737887,1,274.9553057737887,,1,1.0,0.0
DASHUSDT-DGBUSDT,88.49161250037614,1,88.49161250037614,,1,1.0,0.0
DASHUSDT-DOGSUSDT,295.2648535878325,1,295.2648535878325,,1,1.0,0.0
DASHUSDT-FUNUSDT,69.60606726549261,1,69.60606726549261,,1,1.0,0.0
DASHUSDT-GLMRUSDT,4139.150065224373,1,4139.150065224373,,1,1.0,0.0
DASHUSDT-GMTUSDT,1843.213161120496,1,1843.213161120496,,1,1.0,0.0
DASHUSDT-HFTUSDT,1239.6030645248245,1,1239.6030645248245,,1,1.0,0.0
DASHUSDT-HIVEUSDT,497.67504775193095,1,497.67504775193095,,1,1.0,0.0
DASHUSDT-ICXUSDT,258.11063898738865,1,258.11063898738865,,1,1.0,0.0
DASHUSDT-IDEXUSDT,103.43410162796084,1,103.43410162796084,,1,1.0,0.0
DASHUSDT-LSKUSDT,166.94160725680965,1,166.94160725680965,,1,1.0,0.0
DASHUSDT-OMNIUSDT,704.6480023862634,1,704.6480023862634,,1,1.0,0.0
DASHUSDT-ONEUSDT,31.32782916308848,1,31.32782916308848,,1,1.0,0.0
DASHUSDT-PERPUSDT,87.98240329576649,1,87.98240329576649,,1,1.0,0.0
DASHUSDT-QTUMUSDT,1961.174636345797,1,1961.174636345797,,1,1.0,0.0
DASHUSDT-RDNTUSDT,1060.2060145420585,1,1060.2060145420585,,1,1.0,0.0
DASHUSDT-RPLUSDT,402.9414249070097,1,402.9414249070097,,1,1.0,0.0
DASHUSDT-SANTOSUSDT,1101.453409189055,1,1101.453409189055,,1,1.0,0.0
DASHUSDT-SFPUSDT,1185.675971656025,1,1185.675971656025,,1,1.0,0.0
DASHUSDT-SOLUSDT,738.1155543206296,1,738.1155543206296,,1,1.0,0.0
DASHUSDT-STPTUSDT,254.082832739171,1,254.082832739171,,1,1.0,0.0
DASHUSDT-SYNUSDT,280.77120599235303,1,280.77120599235303,,1,1.0,0.0
DASHUSDT-TUTUSDT,1489.837694906628,1,1489.837694906628,,1,1.0,0.0
DASHUSDT-VANRYUSDT,196.83306633517208,1,196.83306633517208,,1,1.0,0.0
DASHUSDT-YFIUSDT,184.98232097827108,1,184.98232097827108,,1,1.0,0.0
DEGOUSDT-DYMUSDT,3241.8426099781186,1,3241.8426099781186,,1,1.0,0.0
DEGOUSDT-EOSUSDT,92.62855860674254,1,92.62855860674254,,1,1.0,0.0
DEGOUSDT-FIDAUSDT,1616.472018588605,1,1616.472018588605,,1,1.0,0.0
DEGOUSDT-INJUSDT,1545.9624165972257,1,1545.9624165972257,,1,1.0,0.0
DEGOUSDT-IOTXUSDT,2713.717661132437,1,2713.717661132437,,1,1.0,0.0
DEGOUSDT-KAIAUSDT,79.34773408892372,1,79.34773408892372,,1,1.0,0.0
DEGOUSDT-KDAUSDT,2371.7362264468043,1,2371.7362264468043,,1,1.0,0.0
DEGOUSDT-KNCUSDT,185.1837664139932,1,185.1837664139932,,1,1.0,0.0
DEGOUSDT-KSMUSDT,126.47700160589582,1,126.47700160589582,,1,1.0,0.0
DEGOUSDT-METISUSDT,274.4010721817711,1,274.4010721817711,,1,1.0,0.0
DEGOUSDT-MKRUSDT,1323.6377611393789,1,1323.6377611393789,,1,1.0,0.0
DEGOUSDT-MOVRUSDT,2083.5314965493503,1,2083.5314965493503,,1,1.0,0.0
DEGOUSDT-NEIROUSDT,1091.292245456542,1,1091.292245456542,,1,1.0,0.0
DEGOUSDT-NMRUSDT,201.51546970485168,1,201.51546970485168,,1,1.0,0.0
DEGOUSDT-ONEUSDT,142.22335134971254,1,142.22335134971254,,1,1.0,0.0
DEGOUSDT-OPUSDT,21.47361279701621,1,21.47361279701621,,1,1.0,0.0
DEGOUSDT-OXTUSDT,955.2390785710528,1,955.2390785710528,,1,1.0,0.0
DEGOUSDT-PHAUSDT,832.6266908328619,1,832.6266908328619,,1,1.0,0.0
DEGOUSDT-PIXELUSDT,10.262277680133408,1,10.262277680133408,,1,1.0,0.0
DEGOUSDT-PNUTUSDT,930.1031315386516,1,930.1031315386516,,1,1.0,0.0
DEGOUSDT-QUICKUSDT,2780.5704651451747,1,2780.5704651451747,,1,1.0,0.0
DEGOUSDT-RAREUSDT,417.2646764892528,1,417.2646764892528,,1,1.0,0.0
DEGOUSDT-REDUSDT,143.22689197934125,1,143.22689197934125,,1,1.0,0.0
DEGOUSDT-REIUSDT,2346.024391810466,1,2346.024391810466,,1,1.0,0.0
DEGOUSDT-RIFUSDT,2732.8830744330435,1,2732.8830744330435,,1,1.0,0.0
DEGOUSDT-RPLUSDT,1111.466945024246,1,1111.466945024246,,1,1.0,0.0
DEGOUSDT-RSRUSDT,2727.495306126275,1,2727.495306126275,,1,1.0,0.0
DEGOUSDT-SKLUSDT,2870.2961737872893,1,2870.2961737872893,,1,1.0,0.0
DEGOUSDT-SSVUSDT,647.6390757104252,1,647.6390757104252,,1,1.0,0.0
DEGOUSDT-TAOUSDT,861.2125032463309,1,861.2125032463309,,1,1.0,0.0
DEGOUSDT-THETAUSDT,136.32544798446486,1,136.32544798446486,,1,1.0,0.0
DEGOUSDT-TNSRUSDT,3979.788842650809,1,3979.788842650809,,1,1.0,0.0
DEGOUSDT-TONUSDT,2187.267158133574,1,2187.267158133574,,1,1.0,0.0
DEGOUSDT-UMAUSDT,3248.8096988625293,1,3248.8096988625293,,1,1.0,0.0
DEGOUSDT-UNIUSDT,2451.1255090704585,1,2451.1255090704585,,1,1.0,0.0
DEGOUSDT-USUALUSDT,129.35845928744146,1,129.35845928744146,,1,1.0,0.0
DEGOUSDT-VOXELUSDT,813.4811332720981,1,813.4811332720981,,1,1.0,0.0
DEGOUSDT-WLDUSDT,253.2206539376217,1,253.2206539376217,,1,1.0,0.0
DEGOUSDT-WUSDT,150.70313164460882,1,150.70313164460882,,1,1.0,0.0
DEGOUSDT-XLMUSDT,1419.065893591257,1,1419.065893591257,,1,1.0,0.0
DEGOUSDT-XRPUSDT,147.27854056144548,1,147.27854056144548,,1,1.0,0.0
DEGOUSDT-YGGUSDT,38.557951868130985,1,38.557951868130985,,1,1.0,0.0
DENTUSDT-DFUSDT,1788.4382729252984,1,1788.4382729252984,,1,1.0,0.0
DENTUSDT-DGBUSDT,1256.5258722728904,1,1256.5258722728904,,1,1.0,0.0
DENTUSDT-DUSKUSDT,1624.0450218215803,1,1624.0450218215803,,1,1.0,0.0
DENTUSDT-EGLDUSDT,3127.979601373284,1,3127.979601373284,,1,1.0,0.0
DENTUSDT-ENAUSDT,4277.340951197335,1,4277.340951197335,,1,1.0,0.0
DENTUSDT-ETCUSDT,330.01949051519694,1,330.01949051519694,,1,1.0,0.0
DENTUSDT-FLUXUSDT,1305.4218513285143,1,1305.4218513285143,,1,1.0,0.0
DENTUSDT-GHSTUSDT,956.6062102369696,1,956.6062102369696,,1,1.0,0.0
DENTUSDT-GLMUSDT,116.17330645890742,1,116.17330645890742,,1,1.0,0.0
DENTUSDT-GMXUSDT,80.52761075546857,1,80.52761075546857,,1,1.0,0.0
DENTUSDT-HFTUSDT,2604.1430309285915,1,2604.1430309285915,,1,1.0,0.0
DENTUSDT-KAIAUSDT,1326.0880079253395,1,1326.0880079253395,,1,1.0,0.0
DENTUSDT-KDAUSDT,2392.37578376463,1,2392.37578376463,,1,1.0,0.0
DENTUSDT-LOKAUSDT,4476.942586126734,1,4476.942586126734,,1,1.0,0.0
DENTUSDT-LPTUSDT,1936.3364737756128,1,1936.3364737756128,,1,1.0,0.0
DENTUSDT-LTCUSDT,4650.359933302654,1,4650.359933302654,,1,1.0,0.0
DENTUSDT-NEIROUSDT,1262.7408147716822,1,1262.7408147716822,,1,1.0,0.0
DENTUSDT-NMRUSDT,73.49404264585151,1,73.49404264585151,,1,1.0,0.0
DENTUSDT-OMUSDT,22.686319286569123,1,22.686319286569123,,1,1.0,0.0
DENTUSDT-PROMUSDT,17.94793908147659,1,17.94793908147659,,1,1.0,0.0
DENTUSDT-PYTHUSDT,146.94547429213503,1,146.94547429213503,,1,1.0,0.0
DENTUSDT-QUICKUSDT,1399.57089253375,1,1399.57089253375,,1,1.0,0.0
DENTUSDT-SANDUSDT,367.3156979572613,1,367.3156979572613,,1,1.0,0.0
DENTUSDT-SCRTUSDT,348.06080787292234,1,348.06080787292234,,1,1.0,0.0
DENTUSDT-SFPUSDT,149.7846804281656,1,149.7846804281656,,1,1.0,0.0
DENTUSDT-SNTUSDT,22.753025109755303,1,22.753025109755303,,1,1.0,0.0
DENTUSDT-SNXUSDT,476.396628642355,1,476.396628642355,,1,1.0,0.0
DENTUSDT-SOLUSDT,3342.0707539108803,1,3342.0707539108803,,1,1.0,0.0
DENTUSDT-TRUUSDT,1682.3901874126414,1,1682.3901874126414,,1,1.0,0.0
DENTUSDT-TWTUSDT,1138.2444499838152,1,1138.2444499838152,,1,1.0,0.0
DENTUSDT-USUALUSDT,1778.4911711193636,1,1778.4911711193636,,1,1.0,0.0
DENTUSDT-VANRYUSDT,1394.2524426185464,1,1394.2524426185464,,1,1.0,0.0
DENTUSDT-VIDTUSDT,772.8647468521053,1,772.8647468521053,,1,1.0,0.0
DENTUSDT-XTZUSDT,1594.8492035080646,1,1594.8492035080646,,1,1.0,0.0
DENTUSDT-ZILUSDT,34.06945769349136,1,34.06945769349136,,1,1.0,0.0
DEXEUSDT-DUSDT,3464.8089053629737,1,3464.8089053629737,,1,1.0,0.0
DEXEUSDT-DYDXUSDT,43.29720029334676,1,43.29720029334676,,1,1.0,0.0
DEXEUSDT-EGLDUSDT,809.180914730589,1,809.180914730589,,1,1.0,0.0
DEXEUSDT-GPSUSDT,339.20707314385834,1,339.20707314385834,,1,1.0,0.0
DEXEUSDT-GTCUSDT,35.12487508233374,1,35.12487508233374,,1,1.0,0.0
DEXEUSDT-HOOKUSDT,212.9805026103905,1,212.9805026103905,,1,1.0,0.0
DEXEUSDT-IOTAUSDT,2586.3140167114407,1,2586.3140167114407,,1,1.0,0.0
DEXEUSDT-LPTUSDT,810.142677528194,1,810.142677528194,,1,1.0,0.0
DEXEUSDT-MASKUSDT,183.87172975100503,1,183.87172975100503,,1,1.0,0.0
DEXEUSDT-MBOXUSDT,3530.5991750876424,1,3530.5991750876424,,1,1.0,0.0
DEXEUSDT-MLNUSDT,228.1816510665353,1,228.1816510665353,,1,1.0,0.0
DEXEUSDT-NILUSDT,375.2449737225343,1,375.2449737225343,,1,1.0,0.0
DEXEUSDT-ONTUSDT,70.11059969635963,1,70.11059969635963,,1,1.0,0.0
DEXEUSDT-PARTIUSDT,3152.025117534481,1,3152.025117534481,,1,1.0,0.0
DEXEUSDT-QNTUSDT,3737.950723321075,1,3737.950723321075,,1,1.0,0.0
DEXEUSDT-QUICKUSDT,17.728541586515746,1,17.728541586515746,,1,1.0,0.0
DEXEUSDT-REIUSDT,715.4861731836443,1,715.4861731836443,,1,1.0,0.0
DEXEUSDT-RUNEUSDT,74.10914353374457,1,74.10914353374457,,1,1.0,0.0
DEXEUSDT-SANTOSUSDT,349.01618956181096,1,349.01618956181096,,1,1.0,0.0
DEXEUSDT-SOLUSDT,79.86995505651686,1,79.86995505651686,,1,1.0,0.0
DEXEUSDT-STPTUSDT,1331.0844069582226,1,1331.0844069582226,,1,1.0,0.0
DEXEUSDT-STRAXUSDT,811.8463506402466,1,811.8463506402466,,1,1.0,0.0
DEXEUSDT-SUPERUSDT,2140.084528926384,1,2140.084528926384,,1,1.0,0.0
DEXEUSDT-SYNUSDT,4832.997809504904,1,4832.997809504904,,1,1.0,0.0
DEXEUSDT-USTCUSDT,355.0001999866347,1,355.0001999866347,,1,1.0,0.0
DEXEUSDT-VIDTUSDT,749.5077227320742,1,749.5077227320742,,1,1.0,0.0
DEXEUSDT-VOXELUSDT,2199.2047246319235,1,2199.2047246319235,,1,1.0,0.0
DEXEUSDT-ZENUSDT,459.223769297647,1,459.223769297647,,1,1.0,0.0
DEXEUSDT-ZILUSDT,67.43503649822424,1,67.43503649822424,,1,1.0,0.0
DFUSDT-DYMUSDT,276.79183141169426,1,276.79183141169426,,1,1.0,0.0
DFUSDT-ENJUSDT,124.92806417647884,1,124.92806417647884,,1,1.0,0.0
DFUSDT-ETCUSDT,513.636822043566,1,513.636822043566,,1,1.0,0.0
DFUSDT-ETHFIUSDT,706.8860103153934,1,706.8860103153934,,1,1.0,0.0
DFUSDT-GMXUSDT,4815.664292697006,1,4815.664292697006,,1,1.0,0.0
DFUSDT-GUSDT,717.2689048551549,1,717.2689048551549,,1,1.0,0.0
DFUSDT-HIVEUSDT,653.4398619985052,1,653.4398619985052,,1,1.0,0.0
DFUSDT-IDEXUSDT,3038.6139188665848,1,3038.6139188665848,,1,1.0,0.0
DFUSDT-IMXUSDT,94.69239876517511,1,94.69239876517511,,1,1.0,0.0
DFUSDT-IOSTUSDT,2058.308380766476,1,2058.308380766476,,1,1.0,0.0
DFUSDT-JASMYUSDT,4019.267140780468,1,4019.267140780468,,1,1.0,0.0
DFUSDT-JOEUSDT,164.16942111604587,1,164.16942111604587,,1,1.0,0.0
DFUSDT-KAIAUSDT,1493.194251947843,1,1493.194251947843,,1,1.0,0.0
DFUSDT-KAITOUSDT,13679.850228274248,1,13679.850228274248,,1,1.0,0.0
DFUSDT-KSMUSDT,166.5111620805975,1,166.5111620805975,,1,1.0,0.0
DFUSDT-LOKAUSDT,219.72420020272597,1,219.72420020272597,,1,1.0,0.0
DFUSDT-MAVUSDT,1182.8671329433462,1,1182.8671329433462,,1,1.0,0.0
DFUSDT-ONGUSDT,1929.1966954682475,1,1929.1966954682475,,1,1.0,0.0
DFUSDT-PHAUSDT,927.3375507913014,1,927.3375507913014,,1,1.0,0.0
DFUSDT-RAYUSDT,7849.517001074926,1,7849.517001074926,,1,1.0,0.0
DFUSDT-REIUSDT,1576.8833910289345,1,1576.8833910289345,,1,1.0,0.0
DFUSDT-RSRUSDT,3298.911331248438,1,3298.911331248438,,1,1.0,0.0
DFUSDT-SCUSDT,101.15359368838403,1,101.15359368838403,,1,1.0,0.0
DFUSDT-SHELLUSDT,1028.7374239319097,1,1028.7374239319097,,1,1.0,0.0
DFUSDT-SKLUSDT,1626.251362358593,1,1626.251362358593,,1,1.0,0.0
DFUSDT-SLPUSDT,575.3596889930684,1,575.3596889930684,,1,1.0,0.0
DFUSDT-SPELLUSDT,249.4172687391813,1,249.4172687391813,,1,1.0,0.0
DFUSDT-SUSHIUSDT,229.1307713217552,1,229.1307713217552,,1,1.0,0.0
DFUSDT-UMAUSDT,338.32803242196667,1,338.32803242196667,,1,1.0,0.0
DFUSDT-ZENUSDT,1071.4969827513207,1,1071.4969827513207,,1,1.0,0.0
DGBUSDT-EGLDUSDT,52.99227325549221,1,52.99227325549221,,1,1.0,0.0
DGBUSDT-EIGENUSDT,1005.9264821196106,1,1005.9264821196106,,1,1.0,0.0
DGBUSDT-FIOUSDT,1631.6909554788754,1,1631.6909554788754,,1,1.0,0.0
DGBUSDT-FLUXUSDT,2856.149222830207,1,2856.149222830207,,1,1.0,0.0
DGBUSDT-FUNUSDT,1130.4131692582675,1,1130.4131692582675,,1,1.0,0.0
DGBUSDT-FXSUSDT,88.6442943741505,1,88.6442943741505,,1,1.0,0.0
DGBUSDT-GLMUSDT,56.03420504685026,1,56.03420504685026,,1,1.0,0.0
DGBUSDT-GPSUSDT,428.0838209768126,1,428.0838209768126,,1,1.0,0.0
DGBUSDT-HMSTRUSDT,2070.042532103579,1,2070.042532103579,,1,1.0,0.0
DGBUSDT-IOSTUSDT,54.15680770914385,1,54.15680770914385,,1,1.0,0.0
DGBUSDT-JOEUSDT,92.44529498677905,1,92.44529498677905,,1,1.0,0.0
DGBUSDT-KAITOUSDT,1886.6257191782015,1,1886.6257191782015,,1,1.0,0.0
DGBUSDT-KDAUSDT,3425.6248718550714,1,3425.6248718550714,,1,1.0,0.0
DGBUSDT-KNCUSDT,903.2593753576934,1,903.2593753576934,,1,1.0,0.0
DGBUSDT-LEVERUSDT,106.92097961427284,1,106.92097961427284,,1,1.0,0.0
DGBUSDT-LPTUSDT,1876.5501992092588,1,1876.5501992092588,,1,1.0,0.0
DGBUSDT-LTCUSDT,1331.8631411915617,1,1331.8631411915617,,1,1.0,0.0
DGBUSDT-MBOXUSDT,242.68504195819511,1,242.68504195819511,,1,1.0,0.0
DGBUSDT-MKRUSDT,1187.6712271203353,1,1187.6712271203353,,1,1.0,0.0
DGBUSDT-MLNUSDT,918.4229330506616,1,918.4229330506616,,1,1.0,0.0
DGBUSDT-MUBARAKUSDT,3094.9385103219693,1,3094.9385103219693,,1,1.0,0.0
DGBUSDT-NILUSDT,158.88772164900166,1,158.88772164900166,,1,1.0,0.0
DGBUSDT-OGNUSDT,550.7221959015314,1,550.7221959015314,,1,1.0,0.0
DGBUSDT-OPUSDT,113.45619143617702,1,113.45619143617702,,1,1.0,0.0
DGBUSDT-PHAUSDT,1176.4923947046425,1,1176.4923947046425,,1,1.0,0.0
DGBUSDT-QUICKUSDT,5309.27193870716,1,5309.27193870716,,1,1.0,0.0
DGBUSDT-RENDERUSDT,613.221698039842,1,613.221698039842,,1,1.0,0.0
DGBUSDT-RSRUSDT,428.01512556950297,1,428.01512556950297,,1,1.0,0.0
DGBUSDT-SEIUSDT,126.70569387105034,1,126.70569387105034,,1,1.0,0.0
DGBUSDT-SNTUSDT,274.2951171880454,1,274.2951171880454,,1,1.0,0.0
DGBUSDT-SOLUSDT,1944.946952561239,1,1944.946952561239,,1,1.0,0.0
DGBUSDT-TONUSDT,301.53676064768183,1,301.53676064768183,,1,1.0,0.0
DGBUSDT-TSTUSDT,185.7039756257987,1,185.7039756257987,,1,1.0,0.0
DGBUSDT-TWTUSDT,275.1332899084455,1,275.1332899084455,,1,1.0,0.0
DGBUSDT-UMAUSDT,91.53513601914344,1,91.53513601914344,,1,1.0,0.0
DGBUSDT-VANRYUSDT,17.801900634564618,1,17.801900634564618,,1,1.0,0.0
DGBUSDT-VELODROMEUSDT,376.3434246668969,1,376.3434246668969,,1,1.0,0.0
DGBUSDT-VICUSDT,476.5526173048809,1,476.5526173048809,,1,1.0,0.0
DGBUSDT-VOXELUSDT,1083.9321697615967,1,1083.9321697615967,,1,1.0,0.0
DGBUSDT-WAXPUSDT,159.9664241497142,1,159.9664241497142,,1,1.0,0.0
DGBUSDT-XLMUSDT,1107.5118932184382,1,1107.5118932184382,,1,1.0,0.0
DGBUSDT-ZKUSDT,141.94407264683264,1,141.94407264683264,,1,1.0,0.0
DIAUSDT-DUSDT,157.14272816010748,1,157.14272816010748,,1,1.0,0.0
DIAUSDT-EIGENUSDT,3569.9643189486364,1,3569.9643189486364,,1,1.0,0.0
DIAUSDT-ENAUSDT,199.8983841624308,1,199.8983841624308,,1,1.0,0.0
DIAUSDT-EOSUSDT,40.38086334691326,1,40.38086334691326,,1,1.0,0.0
DIAUSDT-FIDAUSDT,2673.0617151615133,1,2673.0617151615133,,1,1.0,0.0
DIAUSDT-FIOUSDT,547.9123762006523,1,547.9123762006523,,1,1.0,0.0
DIAUSDT-FLMUSDT,1854.3885163264777,1,1854.3885163264777,,1,1.0,0.0
DIAUSDT-FLUXUSDT,597.6605679915414,1,597.6605679915414,,1,1.0,0.0
DIAUSDT-HIVEUSDT,922.0612889738323,1,922.0612889738323,,1,1.0,0.0
DIAUSDT-HOTUSDT,654.33970193273,1,654.33970193273,,1,1.0,0.0
DIAUSDT-ICPUSDT,1417.5968603372935,1,1417.5968603372935,,1,1.0,0.0
DIAUSDT-IDEXUSDT,937.1472534618364,1,937.1472534618364,,1,1.0,0.0
DIAUSDT-ILVUSDT,125.7789677382421,1,125.7789677382421,,1,1.0,0.0
DIAUSDT-IMXUSDT,4799.501802584609,1,4799.501802584609,,1,1.0,0.0
DIAUSDT-IOUSDT,459.3667682450912,1,459.3667682450912,,1,1.0,0.0
DIAUSDT-JOEUSDT,637.3530885332875,1,637.3530885332875,,1,1.0,0.0
DIAUSDT-KDAUSDT,570.0245326778216,1,570.0245326778216,,1,1.0,0.0
DIAUSDT-LEVERUSDT,1424.1148771586716,1,1424.1148771586716,,1,1.0,0.0
DIAUSDT-LISTAUSDT,1717.7228808392242,1,1717.7228808392242,,1,1.0,0.0
DIAUSDT-MEMEUSDT,2.6450886873457264,1,2.6450886873457264,,1,1.0,0.0
DIAUSDT-METISUSDT,176.45429573984774,1,176.45429573984774,,1,1.0,0.0
DIAUSDT-NMRUSDT,194.46203434160364,1,194.46203434160364,,1,1.0,0.0
DIAUSDT-NTRNUSDT,1368.069935836607,1,1368.069935836607,,1,1.0,0.0
DIAUSDT-OMNIUSDT,2363.060544930309,1,2363.060544930309,,1,1.0,0.0
DIAUSDT-OPUSDT,1379.3084935840598,1,1379.3084935840598,,1,1.0,0.0
DIAUSDT-PIXELUSDT,2531.143968704367,1,2531.143968704367,,1,1.0,0.0
DIAUSDT-PNUTUSDT,1407.954163295788,1,1407.954163295788,,1,1.0,0.0
DIAUSDT-PYTHUSDT,4137.958164538777,1,4137.958164538777,,1,1.0,0.0
DIAUSDT-RUNEUSDT,1472.0333576750672,1,1472.0333576750672,,1,1.0,0.0
DIAUSDT-SAGAUSDT,627.1806785840646,1,627.1806785840646,,1,1.0,0.0
DIAUSDT-SEIUSDT,623.6153743658019,1,623.6153743658019,,1,1.0,0.0
DIAUSDT-SFPUSDT,142.44854512484278,1,142.44854512484278,,1,1.0,0.0
DIAUSDT-SLPUSDT,3541.89521181315,1,3541.89521181315,,1,1.0,0.0
DIAUSDT-SOLUSDT,3354.7204106482823,1,3354.7204106482823,,1,1.0,0.0
DIAUSDT-TRUUSDT,803.5691555046174,1,803.5691555046174,,1,1.0,0.0
DIAUSDT-TSTUSDT,1808.992128911584,1,1808.992128911584,,1,1.0,0.0
DIAUSDT-WUSDT,2965.3191186780577,1,2965.3191186780577,,1,1.0,0.0
DIAUSDT-XTZUSDT,344.30828780391016,1,344.30828780391016,,1,1.0,0.0
DIAUSDT-YGGUSDT,2021.97799962894,1,2021.97799962894,,1,1.0,0.0
DIAUSDT-ZECUSDT,123.0569918576227,1,123.0569918576227,,1,1.0,0.0
DIAUSDT-ZRXUSDT,117.05418662943332,1,117.05418662943332,,1,1.0,0.0
DOGEUSDT-ETHFIUSDT,803.5060421322502,1,803.5060421322502,,1,1.0,0.0
DOGEUSDT-FILUSDT,1331.9804905162173,1,1331.9804905162173,,1,1.0,0.0
DOGEUSDT-GLMRUSDT,13.418620880692735,1,13.418620880692735,,1,1.0,0.0
DOGEUSDT-HIFIUSDT,512.2978760219684,1,512.2978760219684,,1,1.0,0.0
DOGEUSDT-INJUSDT,471.7507427760405,1,471.7507427760405,,1,1.0,0.0
DOGEUSDT-IOSTUSDT,2368.060775415612,1,2368.060775415612,,1,1.0,0.0
DOGEUSDT-MAVUSDT,3747.912733498497,1,3747.912733498497,,1,1.0,0.0
DOGEUSDT-MOVRUSDT,212.5381489547269,1,212.5381489547269,,1,1.0,0.0
DOGEUSDT-OGNUSDT,1973.8057021948207,1,1973.8057021948207,,1,1.0,0.0
DOGEUSDT-ORDIUSDT,223.4386647794442,1,223.4386647794442,,1,1.0,0.0
DOGEUSDT-QNTUSDT,556.1926782071433,1,556.1926782071433,,1,1.0,0.0
DOGEUSDT-RDNTUSDT,3638.10071992796,1,3638.10071992796,,1,1.0,0.0
DOGEUSDT-RENDERUSDT,76.2671991914051,1,76.2671991914051,,1,1.0,0.0
DOGEUSDT-RIFUSDT,344.7183608999345,1,344.7183608999345,,1,1.0,0.0
DOGEUSDT-SFPUSDT,486.2560290105813,1,486.2560290105813,,1,1.0,0.0
DOGEUSDT-SLPUSDT,79.70609297104326,1,79.70609297104326,,1,1.0,0.0
DOGEUSDT-STRKUSDT,585.9330068281887,1,585.9330068281887,,1,1.0,0.0
DOGEUSDT-SUIUSDT,185.32769243720577,1,185.32769243720577,,1,1.0,0.0
DOGEUSDT-TURBOUSDT,99.05297244180171,1,99.05297244180171,,1,1.0,0.0
DOGEUSDT-XTZUSDT,306.31424422406525,1,306.31424422406525,,1,1.0,0.0
DOGEUSDT-ZROUSDT,2343.1076091203213,1,2343.1076091203213,,1,1.0,0.0
DOGSUSDT-ENJUSDT,849.9559036507061,1,849.9559036507061,,1,1.0,0.0
DOGSUSDT-GALAUSDT,744.2638668576571,1,744.2638668576571,,1,1.0,0.0
DOGSUSDT-GMTUSDT,812.4248870872251,1,812.4248870872251,,1,1.0,0.0
DOGSUSDT-GMXUSDT,864.170909303154,1,864.170909303154,,1,1.0,0.0
DOGSUSDT-HFTUSDT,437.31385827705617,1,437.31385827705617,,1,1.0,0.0
DOGSUSDT-HIGHUSDT,1279.2852903981277,1,1279.2852903981277,,1,1.0,0.0
DOGSUSDT-JUPUSDT,1080.256790094136,1,1080.256790094136,,1,1.0,0.0
DOGSUSDT-LINAUSDT,4043.772245143708,1,4043.772245143708,,1,1.0,0.0
DOGSUSDT-LPTUSDT,38.62042681411314,1,38.62042681411314,,1,1.0,0.0
DOGSUSDT-LRCUSDT,895.2553487218238,1,895.2553487218238,,1,1.0,0.0
DOGSUSDT-MAGICUSDT,2948.301589670688,1,2948.301589670688,,1,1.0,0.0
DOGSUSDT-MANAUSDT,113.10555784216204,1,113.10555784216204,,1,1.0,0.0
DOGSUSDT-MAVUSDT,3.675648642726252,1,3.675648642726252,,1,1.0,0.0
DOGSUSDT-MINAUSDT,244.67917509987737,1,244.67917509987737,,1,1.0,0.0
DOGSUSDT-NFPUSDT,4726.402175689877,1,4726.402175689877,,1,1.0,0.0
DOGSUSDT-NTRNUSDT,95.09772652246583,1,95.09772652246583,,1,1.0,0.0
DOGSUSDT-PAXGUSDT,98.76623809670735,1,98.76623809670735,,1,1.0,0.0
DOGSUSDT-PEOPLEUSDT,3546.5335138463392,1,3546.5335138463392,,1,1.0,0.0
DOGSUSDT-PNUTUSDT,1348.0815691058156,1,1348.0815691058156,,1,1.0,0.0
DOGSUSDT-RADUSDT,273.58784037137696,1,273.58784037137696,,1,1.0,0.0
DOGSUSDT-ROSEUSDT,615.3976047421878,1,615.3976047421878,,1,1.0,0.0
DOGSUSDT-SKLUSDT,546.1933178873716,1,546.1933178873716,,1,1.0,0.0
DOGSUSDT-SNXUSDT,858.3346649319603,1,858.3346649319603,,1,1.0,0.0
DOGSUSDT-STPTUSDT,788.8931811725201,1,788.8931811725201,,1,1.0,0.0
DOGSUSDT-UNIUSDT,426.02211402584,1,426.02211402584,,1,1.0,0.0
DOGSUSDT-VIDTUSDT,2969.7519163479283,1,2969.7519163479283,,1,1.0,0.0
DOGSUSDT-YFIUSDT,89.62487212000914,1,89.62487212000914,,1,1.0,0.0
DOGSUSDT-YGGUSDT,142.12829060084948,1,142.12829060084948,,1,1.0,0.0
DOTUSDT-EOSUSDT,1547.629340065254,1,1547.629340065254,,1,1.0,0.0
DOTUSDT-HBARUSDT,1076.9918275052623,1,1076.9918275052623,,1,1.0,0.0
DOTUSDT-HOTUSDT,128.85958328193828,1,128.85958328193828,,1,1.0,0.0
DOTUSDT-ICPUSDT,919.1106711579176,1,919.1106711579176,,1,1.0,0.0
DOTUSDT-INJUSDT,1643.3233599760642,1,1643.3233599760642,,1,1.0,0.0
DOTUSDT-JOEUSDT,36.6777578041215,1,36.6777578041215,,1,1.0,0.0
DOTUSDT-JTOUSDT,33.21810480003297,1,33.21810480003297,,1,1.0,0.0
DOTUSDT-JUPUSDT,280.36233912746604,1,280.36233912746604,,1,1.0,0.0
DOTUSDT-LOKAUSDT,565.5656713163378,1,565.5656713163378,,1,1.0,0.0
DOTUSDT-MANAUSDT,856.9570535881288,1,856.9570535881288,,1,1.0,0.0
DOTUSDT-MANTAUSDT,663.9953306546372,1,663.9953306546372,,1,1.0,0.0
DOTUSDT-MLNUSDT,602.6010783518273,1,602.6010783518273,,1,1.0,0.0
DOTUSDT-MTLUSDT,249.2895110260108,1,249.2895110260108,,1,1.0,0.0
DOTUSDT-NEIROUSDT,550.4477109743829,1,550.4477109743829,,1,1.0,0.0
DOTUSDT-NTRNUSDT,78.86755507799998,1,78.86755507799998,,1,1.0,0.0
DOTUSDT-ORDIUSDT,47.33315905144443,1,47.33315905144443,,1,1.0,0.0
DOTUSDT-PORTALUSDT,25.8140928201812,1,25.8140928201812,,1,1.0,0.0
DOTUSDT-POWRUSDT,617.1931700477846,1,617.1931700477846,,1,1.0,0.0
DOTUSDT-PYTHUSDT,1148.4957325593316,1,1148.4957325593316,,1,1.0,0.0
DOTUSDT-QUICKUSDT,214.2664872081392,1,214.2664872081392,,1,1.0,0.0
DOTUSDT-ROSEUSDT,232.38588302251424,1,232.38588302251424,,1,1.0,0.0
DOTUSDT-RUNEUSDT,1505.1741051215668,1,1505.1741051215668,,1,1.0,0.0
DOTUSDT-SSVUSDT,468.0405346496691,1,468.0405346496691,,1,1.0,0.0
DOTUSDT-TRBUSDT,1046.2763466571569,1,1046.2763466571569,,1,1.0,0.0
DOTUSDT-TSTUSDT,648.4719573031509,1,648.4719573031509,,1,1.0,0.0
DOTUSDT-TWTUSDT,1318.4020334714469,1,1318.4020334714469,,1,1.0,0.0
DOTUSDT-VETUSDT,443.90891231642615,1,443.90891231642615,,1,1.0,0.0
DOTUSDT-VICUSDT,3168.939857325553,1,3168.939857325553,,1,1.0,0.0
DOTUSDT-WUSDT,830.8111828202611,1,830.8111828202611,,1,1.0,0.0
DOTUSDT-ZKUSDT,741.874646129699,1,741.874646129699,,1,1.0,0.0
DUSDT-FIDAUSDT,1034.0506314209929,1,1034.0506314209929,,1,1.0,0.0
DUSDT-GHSTUSDT,64.82238557302352,1,64.82238557302352,,1,1.0,0.0
DUSDT-HIGHUSDT,497.08899991575936,1,497.08899991575936,,1,1.0,0.0
DUSDT-IOSTUSDT,338.20636736276725,1,338.20636736276725,,1,1.0,0.0
DUSDT-KAIAUSDT,4098.178213231487,1,4098.178213231487,,1,1.0,0.0
DUSDT-KDAUSDT,220.57779481451436,1,220.57779481451436,,1,1.0,0.0
DUSDT-LDOUSDT,1898.971965598424,1,1898.971965598424,,1,1.0,0.0
DUSDT-MLNUSDT,66.46685211465143,1,66.46685211465143,,1,1.0,0.0
DUSDT-MOVEUSDT,503.1432518195361,1,503.1432518195361,,1,1.0,0.0
DUSDT-OXTUSDT,2261.448383040733,1,2261.448383040733,,1,1.0,0.0
DUSDT-PERPUSDT,1813.574805221294,1,1813.574805221294,,1,1.0,0.0
DUSDT-POLUSDT,479.8904316536023,1,479.8904316536023,,1,1.0,0.0
DUSDT-SANDUSDT,258.10781442915004,1,258.10781442915004,,1,1.0,0.0
DUSDT-SFPUSDT,323.086926100366,1,323.086926100366,,1,1.0,0.0
DUSDT-SNXUSDT,2012.729558993167,1,2012.729558993167,,1,1.0,0.0
DUSDT-STEEMUSDT,252.65451635193924,1,252.65451635193924,,1,1.0,0.0
DUSDT-SUSHIUSDT,90.92765685936946,1,90.92765685936946,,1,1.0,0.0
DUSDT-TRBUSDT,3708.755194194545,1,3708.755194194545,,1,1.0,0.0
DUSDT-UMAUSDT,695.2109901968216,1,695.2109901968216,,1,1.0,0.0
DUSDT-ZENUSDT,311.2578945498709,1,311.2578945498709,,1,1.0,0.0
DUSKUSDT-DYDXUSDT,927.164440501253,1,927.164440501253,,1,1.0,0.0
DUSKUSDT-EIGENUSDT,3409.272521300622,1,3409.272521300622,,1,1.0,0.0
DUSKUSDT-EOSUSDT,4848.2476270760335,1,4848.2476270760335,,1,1.0,0.0
DUSKUSDT-ETHFIUSDT,2147.5830207551785,1,2147.5830207551785,,1,1.0,0.0
DUSKUSDT-FIDAUSDT,2169.435239971254,1,2169.435239971254,,1,1.0,0.0
DUSKUSDT-FTTUSDT,826.9069233349319,1,826.9069233349319,,1,1.0,0.0
DUSKUSDT-FUNUSDT,363.0579275845485,1,363.0579275845485,,1,1.0,0.0
DUSKUSDT-GHSTUSDT,245.7305200861635,1,245.7305200861635,,1,1.0,0.0
DUSKUSDT-HBARUSDT,1098.6448300918978,1,1098.6448300918978,,1,1.0,0.0
DUSKUSDT-INJUSDT,855.818294036186,1,855.818294036186,,1,1.0,0.0
DUSKUSDT-IOTAUSDT,578.9998741033093,1,578.9998741033093,,1,1.0,0.0
DUSKUSDT-LINKUSDT,1601.353296937852,1,1601.353296937852,,1,1.0,0.0
DUSKUSDT-MDTUSDT,186.5926321428672,1,186.5926321428672,,1,1.0,0.0
DUSKUSDT-MOVEUSDT,318.34328602607053,1,318.34328602607053,,1,1.0,0.0
DUSKUSDT-NFPUSDT,454.2410661206096,1,454.2410661206096,,1,1.0,0.0
DUSKUSDT-NMRUSDT,938.001492307771,1,938.001492307771,,1,1.0,0.0
DUSKUSDT-OGNUSDT,104.50396774317016,1,104.50396774317016,,1,1.0,0.0
DUSKUSDT-ONTUSDT,27.75381003384878,1,27.75381003384878,,1,1.0,0.0
DUSKUSDT-PIXELUSDT,498.44743907676775,1,498.44743907676775,,1,1.0,0.0
DUSKUSDT-POWRUSDT,25.66297430266981,1,25.66297430266981,,1,1.0,0.0
DUSKUSDT-QNTUSDT,1680.3130503329487,1,1680.3130503329487,,1,1.0,0.0
DUSKUSDT-RADUSDT,3901.358738653152,1,3901.358738653152,,1,1.0,0.0
DUSKUSDT-REIUSDT,1343.510156690881,1,1343.510156690881,,1,1.0,0.0
DUSKUSDT-STRAXUSDT,1509.422522437519,1,1509.422522437519,,1,1.0,0.0
DUSKUSDT-TRUUSDT,1983.8465915699053,1,1983.8465915699053,,1,1.0,0.0
DUSKUSDT-TURBOUSDT,803.694259610281,1,803.694259610281,,1,1.0,0.0
DUSKUSDT-TWTUSDT,1696.1487234500494,1,1696.1487234500494,,1,1.0,0.0
DUSKUSDT-XVGUSDT,3001.165774302736,1,3001.165774302736,,1,1.0,0.0
DUSKUSDT-YFIUSDT,3056.5039463155263,1,3056.5039463155263,,1,1.0,0.0
DUSKUSDT-ZROUSDT,101.48813808013716,1,101.48813808013716,,1,1.0,0.0
DYDXUSDT-ETHFIUSDT,67.88523774491017,1,67.88523774491017,,1,1.0,0.0
DYDXUSDT-FTTUSDT,3284.03898350896,1,3284.03898350896,,1,1.0,0.0
DYDXUSDT-FUNUSDT,640.4206217142112,1,640.4206217142112,,1,1.0,0.0
DYDXUSDT-FXSUSDT,3892.971305597407,1,3892.971305597407,,1,1.0,0.0
DYDXUSDT-GHSTUSDT,252.44756906415392,1,252.44756906415392,,1,1.0,0.0
DYDXUSDT-GRTUSDT,86.42912822313171,1,86.42912822313171,,1,1.0,0.0
DYDXUSDT-HIGHUSDT,11.069057096720575,1,11.069057096720575,,1,1.0,0.0
DYDXUSDT-ICPUSDT,158.577448357518,1,158.577448357518,,1,1.0,0.0
DYDXUSDT-JTOUSDT,29.34348974156162,1,29.34348974156162,,1,1.0,0.0
DYDXUSDT-LEVERUSDT,57.79216061499778,1,57.79216061499778,,1,1.0,0.0
DYDXUSDT-LINAUSDT,1402.137444344318,1,1402.137444344318,,1,1.0,0.0
DYDXUSDT-LUMIAUSDT,23.340243224600364,1,23.340243224600364,,1,1.0,0.0
DYDXUSDT-MANTAUSDT,1390.2241191703465,1,1390.2241191703465,,1,1.0,0.0
DYDXUSDT-MEMEUSDT,140.49726769146304,1,140.49726769146304,,1,1.0,0.0
DYDXUSDT-NILUSDT,328.4934281810718,1,328.4934281810718,,1,1.0,0.0
DYDXUSDT-NKNUSDT,943.85360349537,1,943.85360349537,,1,1.0,0.0
DYDXUSDT-NOTUSDT,242.9445840872741,1,242.9445840872741,,1,1.0,0.0
DYDXUSDT-NTRNUSDT,175.09363686930195,1,175.09363686930195,,1,1.0,0.0
DYDXUSDT-ONGUSDT,1357.2423402966042,1,1357.2423402966042,,1,1.0,0.0
DYDXUSDT-ORDIUSDT,578.5479149186791,1,578.5479149186791,,1,1.0,0.0
DYDXUSDT-PAXGUSDT,184.4683396063976,1,184.4683396063976,,1,1.0,0.0
DYDXUSDT-PERPUSDT,3367.9695304464703,1,3367.9695304464703,,1,1.0,0.0
DYDXUSDT-PHAUSDT,718.4252073022767,1,718.4252073022767,,1,1.0,0.0
DYDXUSDT-PHBUSDT,327.58342504511995,1,327.58342504511995,,1,1.0,0.0
DYDXUSDT-RADUSDT,2427.7167119936694,1,2427.7167119936694,,1,1.0,0.0
DYDXUSDT-RAREUSDT,2396.006464617214,1,2396.006464617214,,1,1.0,0.0
DYDXUSDT-RAYUSDT,793.4766892634616,1,793.4766892634616,,1,1.0,0.0
DYDXUSDT-RDNTUSDT,145.52563425678727,1,145.52563425678727,,1,1.0,0.0
DYDXUSDT-RVNUSDT,176.78209250738757,1,176.78209250738757,,1,1.0,0.0
DYDXUSDT-SCRTUSDT,2099.0023958680804,1,2099.0023958680804,,1,1.0,0.0
DYDXUSDT-SCUSDT,1843.685989403643,1,1843.685989403643,,1,1.0,0.0
DYDXUSDT-SEIUSDT,1049.8926790932328,1,1049.8926790932328,,1,1.0,0.0
DYDXUSDT-SPELLUSDT,1443.4065918488882,1,1443.4065918488882,,1,1.0,0.0
DYDXUSDT-STRAXUSDT,2.31074668673422,1,2.31074668673422,,1,1.0,0.0
DYDXUSDT-UNIUSDT,290.0627124535928,1,290.0627124535928,,1,1.0,0.0
DYDXUSDT-VANRYUSDT,429.7622147151611,1,429.7622147151611,,1,1.0,0.0
DYDXUSDT-WLDUSDT,51.40343677780259,1,51.40343677780259,,1,1.0,0.0
DYDXUSDT-ZILUSDT,65.57759313966098,1,65.57759313966098,,1,1.0,0.0
DYDXUSDT-ZROUSDT,949.757219601988,1,949.757219601988,,1,1.0,0.0
DYMUSDT-ENAUSDT,6.989454819851844,1,6.989454819851844,,1,1.0,0.0
DYMUSDT-ETCUSDT,483.7640108283508,1,483.7640108283508,,1,1.0,0.0
DYMUSDT-FILUSDT,181.40894514220508,1,181.40894514220508,,1,1.0,0.0
DYMUSDT-GHSTUSDT,653.2888307365238,1,653.2888307365238,,1,1.0,0.0
DYMUSDT-GRTUSDT,76.52131897243848,1,76.52131897243848,,1,1.0,0.0
DYMUSDT-HIGHUSDT,1174.2883423911856,1,1174.2883423911856,,1,1.0,0.0
DYMUSDT-ICPUSDT,85.64130069509758,1,85.64130069509758,,1,1.0,0.0
DYMUSDT-ICXUSDT,1552.0849267280907,1,1552.0849267280907,,1,1.0,0.0
DYMUSDT-JUPUSDT,2503.630097148628,1,2503.630097148628,,1,1.0,0.0
DYMUSDT-LAYERUSDT,1191.3181946050008,1,1191.3181946050008,,1,1.0,0.0
DYMUSDT-LRCUSDT,806.2374856206958,1,806.2374856206958,,1,1.0,0.0
DYMUSDT-LSKUSDT,1216.063697110894,1,1216.063697110894,,1,1.0,0.0
DYMUSDT-LUMIAUSDT,1694.4174339978736,1,1694.4174339978736,,1,1.0,0.0
DYMUSDT-MANAUSDT,1958.342957015171,1,1958.342957015171,,1,1.0,0.0
DYMUSDT-NEARUSDT,402.9024105130797,1,402.9024105130797,,1,1.0,0.0
DYMUSDT-NFPUSDT,3.104697296998637,1,3.104697296998637,,1,1.0,0.0
DYMUSDT-NILUSDT,8986.98649311997,1,8986.98649311997,,1,1.0,0.0
DYMUSDT-ONTUSDT,956.34180422158,1,956.34180422158,,1,1.0,0.0
DYMUSDT-OPUSDT,847.103871647097,1,847.103871647097,,1,1.0,0.0
DYMUSDT-ORCAUSDT,3424.914843515154,1,3424.914843515154,,1,1.0,0.0
DYMUSDT-OXTUSDT,62.89915681743141,1,62.89915681743141,,1,1.0,0.0
DYMUSDT-PHBUSDT,196.26744980379996,1,196.26744980379996,,1,1.0,0.0
DYMUSDT-PIXELUSDT,98.3181626595848,1,98.3181626595848,,1,1.0,0.0
DYMUSDT-RAYUSDT,4661.296012201844,1,4661.296012201844,,1,1.0,0.0
DYMUSDT-REDUSDT,393.1395222544075,1,393.1395222544075,,1,1.0,0.0
DYMUSDT-RONINUSDT,4462.3069244414655,1,4462.3069244414655,,1,1.0,0.0
DYMUSDT-ROSEUSDT,385.4194692942966,1,385.4194692942966,,1,1.0,0.0
DYMUSDT-RVNUSDT,1100.0689200237266,1,1100.0689200237266,,1,1.0,0.0
DYMUSDT-SAGAUSDT,528.8615447131393,1,528.8615447131393,,1,1.0,0.0
DYMUSDT-SKLUSDT,513.149414628203,1,513.149414628203,,1,1.0,0.0
DYMUSDT-STRAXUSDT,885.7002630184115,1,885.7002630184115,,1,1.0,0.0
DYMUSDT-SYNUSDT,2222.56594237465,1,2222.56594237465,,1,1.0,0.0
DYMUSDT-UNIUSDT,255.4702225050665,1,255.4702225050665,,1,1.0,0.0
DYMUSDT-VANRYUSDT,19.44811155827549,1,19.44811155827549,,1,1.0,0.0
DYMUSDT-VELODROMEUSDT,242.4646720392625,1,242.4646720392625,,1,1.0,0.0
DYMUSDT-VTHOUSDT,97.01096160630266,1,97.01096160630266,,1,1.0,0.0
DYMUSDT-WIFUSDT,424.9849352753898,1,424.9849352753898,,1,1.0,0.0
DYMUSDT-WLDUSDT,161.2803070937902,1,161.2803070937902,,1,1.0,0.0
DYMUSDT-WOOUSDT,423.61255711988537,1,423.61255711988537,,1,1.0,0.0
DYMUSDT-XAIUSDT,29.876549185198435,1,29.876549185198435,,1,1.0,0.0
DYMUSDT-XVGUSDT,12.29596620222614,1,12.29596620222614,,1,1.0,0.0
DYMUSDT-XVSUSDT,2365.764040634744,1,2365.764040634744,,1,1.0,0.0
DYMUSDT-YGGUSDT,1442.0082869173675,1,1442.0082869173675,,1,1.0,0.0
EDUUSDT-EGLDUSDT,872.0520056677957,1,872.0520056677957,,1,1.0,0.0
EDUUSDT-ENAUSDT,2620.5965993579925,1,2620.5965993579925,,1,1.0,0.0
EDUUSDT-ENJUSDT,868.3215036699443,1,868.3215036699443,,1,1.0,0.0
EDUUSDT-EOSUSDT,3116.306774156011,1,3116.306774156011,,1,1.0,0.0
EDUUSDT-GMTUSDT,3255.617620628146,1,3255.617620628146,,1,1.0,0.0
EDUUSDT-IDUSDT,850.5925198399614,1,850.5925198399614,,1,1.0,0.0
EDUUSDT-ILVUSDT,2509.857716229201,1,2509.857716229201,,1,1.0,0.0
EDUUSDT-KDAUSDT,111.9292390059504,1,111.9292390059504,,1,1.0,0.0
EDUUSDT-LDOUSDT,36.62172553441163,1,36.62172553441163,,1,1.0,0.0
EDUUSDT-LOKAUSDT,109.75563685405596,1,109.75563685405596,,1,1.0,0.0
EDUUSDT-LQTYUSDT,3981.2756822970064,1,3981.2756822970064,,1,1.0,0.0
EDUUSDT-LSKUSDT,17.747131755632417,1,17.747131755632417,,1,1.0,0.0
EDUUSDT-MINAUSDT,2437.0248330330824,1,2437.0248330330824,,1,1.0,0.0
EDUUSDT-MKRUSDT,395.9601995239677,1,395.9601995239677,,1,1.0,0.0
EDUUSDT-NEARUSDT,1555.0378349932655,1,1555.0378349932655,,1,1.0,0.0
EDUUSDT-NILUSDT,2.6915789723642547,1,2.6915789723642547,,1,1.0,0.0
EDUUSDT-OPUSDT,2094.8130311379177,1,2094.8130311379177,,1,1.0,0.0
EDUUSDT-ORDIUSDT,7760.597780441244,1,7760.597780441244,,1,1.0,0.0
EDUUSDT-PROMUSDT,626.2940585457134,1,626.2940585457134,,1,1.0,0.0
EDUUSDT-PYTHUSDT,1267.631919104614,1,1267.631919104614,,1,1.0,0.0
EDUUSDT-QNTUSDT,611.0681587788204,1,611.0681587788204,,1,1.0,0.0
EDUUSDT-RAYUSDT,984.9299518840918,1,984.9299518840918,,1,1.0,0.0
EDUUSDT-REZUSDT,1391.739639432297,1,1391.739639432297,,1,1.0,0.0
EDUUSDT-RSRUSDT,43.12607079352805,1,43.12607079352805,,1,1.0,0.0
EDUUSDT-RUNEUSDT,2605.5652098668625,1,2605.5652098668625,,1,1.0,0.0
EDUUSDT-SFPUSDT,112.56100999406198,1,112.56100999406198,,1,1.0,0.0
EDUUSDT-SYNUSDT,2296.1079664349118,1,2296.1079664349118,,1,1.0,0.0
EDUUSDT-TRUMPUSDT,2847.2667913631094,1,2847.2667913631094,,1,1.0,0.0
EDUUSDT-VANRYUSDT,755.3614733614643,1,755.3614733614643,,1,1.0,0.0
EDUUSDT-VICUSDT,1278.8976203297311,1,1278.8976203297311,,1,1.0,0.0
EDUUSDT-WOOUSDT,2204.474519054475,1,2204.474519054475,,1,1.0,0.0
EDUUSDT-XAIUSDT,4.825361140711131,1,4.825361140711131,,1,1.0,0.0
EDUUSDT-XLMUSDT,4275.579276949209,1,4275.579276949209,,1,1.0,0.0
EDUUSDT-XRPUSDT,4198.841509930275,1,4198.841509930275,,1,1.0,0.0
EDUUSDT-XTZUSDT,1664.555336304532,1,1664.555336304532,,1,1.0,0.0
EDUUSDT-ZENUSDT,1198.571617886206,1,1198.571617886206,,1,1.0,0.0
EDUUSDT-ZKUSDT,2327.228468096424,1,2327.228468096424,,1,1.0,0.0
EGLDUSDT-ENSUSDT,1164.2171742641572,1,1164.2171742641572,,1,1.0,0.0
EGLDUSDT-FIDAUSDT,6458.309964901206,1,6458.309964901206,,1,1.0,0.0
EGLDUSDT-FUNUSDT,1092.7281528023457,1,1092.7281528023457,,1,1.0,0.0
EGLDUSDT-HBARUSDT,223.5494053135664,1,223.5494053135664,,1,1.0,0.0
EGLDUSDT-HFTUSDT,7978.653220859813,1,7978.653220859813,,1,1.0,0.0
EGLDUSDT-HMSTRUSDT,87.35645721451604,1,87.35645721451604,,1,1.0,0.0
EGLDUSDT-HOOKUSDT,3580.936924710541,1,3580.936924710541,,1,1.0,0.0
EGLDUSDT-ICPUSDT,1053.688801586724,1,1053.688801586724,,1,1.0,0.0
EGLDUSDT-LPTUSDT,71.38567727938194,1,71.38567727938194,,1,1.0,0.0
EGLDUSDT-LQTYUSDT,33.393993193534435,1,33.393993193534435,,1,1.0,0.0
EGLDUSDT-LUMIAUSDT,77.0567449793957,1,77.0567449793957,,1,1.0,0.0
EGLDUSDT-MASKUSDT,15.031302873432118,1,15.031302873432118,,1,1.0,0.0
EGLDUSDT-MOVRUSDT,968.247884407086,1,968.247884407086,,1,1.0,0.0
EGLDUSDT-NTRNUSDT,729.9750165343222,1,729.9750165343222,,1,1.0,0.0
EGLDUSDT-ONEUSDT,181.78408349687152,1,181.78408349687152,,1,1.0,0.0
EGLDUSDT-ONGUSDT,1381.3392762975286,1,1381.3392762975286,,1,1.0,0.0
EGLDUSDT-ONTUSDT,7967.675720729056,1,7967.675720729056,,1,1.0,0.0
EGLDUSDT-PIXELUSDT,3047.5873844074035,1,3047.5873844074035,,1,1.0,0.0
EGLDUSDT-QUICKUSDT,514.4320900719074,1,514.4320900719074,,1,1.0,0.0
EGLDUSDT-REIUSDT,445.0072216869597,1,445.0072216869597,,1,1.0,0.0
EGLDUSDT-RENDERUSDT,3497.9018901520403,1,3497.9018901520403,,1,1.0,0.0
EGLDUSDT-RSRUSDT,1625.569094850473,1,1625.569094850473,,1,1.0,0.0
EGLDUSDT-SUPERUSDT,1862.201099445074,1,1862.201099445074,,1,1.0,0.0
EGLDUSDT-SYSUSDT,632.8836284823145,1,632.8836284823145,,1,1.0,0.0
EGLDUSDT-TRUUSDT,1602.4493257227484,1,1602.4493257227484,,1,1.0,0.0
EGLDUSDT-VOXELUSDT,306.6203192022595,1,306.6203192022595,,1,1.0,0.0
EGLDUSDT-VTHOUSDT,2247.894349408264,1,2247.894349408264,,1,1.0,0.0
EGLDUSDT-ZENUSDT,956.1062462381404,1,956.1062462381404,,1,1.0,0.0
EIGENUSDT-FETUSDT,297.18050460200885,1,297.18050460200885,,1,1.0,0.0
EIGENUSDT-GRTUSDT,3056.30742733703,1,3056.30742733703,,1,1.0,0.0
EIGENUSDT-HOOKUSDT,1352.2066409972322,1,1352.2066409972322,,1,1.0,0.0
EIGENUSDT-ILVUSDT,238.58118295286275,1,238.58118295286275,,1,1.0,0.0
EIGENUSDT-KAIAUSDT,360.4024166230173,1,360.4024166230173,,1,1.0,0.0
EIGENUSDT-MASKUSDT,61.784693674852825,1,61.784693674852825,,1,1.0,0.0
EIGENUSDT-MAVUSDT,497.7347063861332,1,497.7347063861332,,1,1.0,0.0
EIGENUSDT-ONGUSDT,1999.1074317157031,1,1999.1074317157031,,1,1.0,0.0
EIGENUSDT-POLYXUSDT,1808.86816859586,1,1808.86816859586,,1,1.0,0.0
EIGENUSDT-QNTUSDT,724.5160567755867,1,724.5160567755867,,1,1.0,0.0
EIGENUSDT-REZUSDT,1048.406691184388,1,1048.406691184388,,1,1.0,0.0
EIGENUSDT-RSRUSDT,1835.213629661804,1,1835.213629661804,,1,1.0,0.0
EIGENUSDT-RVNUSDT,1542.6571155262898,1,1542.6571155262898,,1,1.0,0.0
EIGENUSDT-SOLUSDT,99.7746115185985,1,99.7746115185985,,1,1.0,0.0
EIGENUSDT-STGUSDT,994.3900508596048,1,994.3900508596048,,1,1.0,0.0
EIGENUSDT-SUSHIUSDT,185.7790903857404,1,185.7790903857404,,1,1.0,0.0
EIGENUSDT-TRBUSDT,371.0455397662538,1,371.0455397662538,,1,1.0,0.0
EIGENUSDT-TWTUSDT,2396.905689853322,1,2396.905689853322,,1,1.0,0.0
EIGENUSDT-VOXELUSDT,717.5166463596656,1,717.5166463596656,,1,1.0,0.0
EIGENUSDT-WAXPUSDT,8596.888688472738,1,8596.888688472738,,1,1.0,0.0
EIGENUSDT-YFIUSDT,1399.2548911705894,1,1399.2548911705894,,1,1.0,0.0
EIGENUSDT-ZENUSDT,2813.628766479348,1,2813.628766479348,,1,1.0,0.0
ENAUSDT-ETHFIUSDT,3188.408198838697,1,3188.408198838697,,1,1.0,0.0
ENAUSDT-FIOUSDT,1012.2559028634925,1,1012.2559028634925,,1,1.0,0.0
ENAUSDT-FLOWUSDT,171.4451139071056,1,171.4451139071056,,1,1.0,0.0
ENAUSDT-FLUXUSDT,5572.708317256991,1,5572.708317256991,,1,1.0,0.0
ENAUSDT-FXSUSDT,2870.0231128966648,1,2870.0231128966648,,1,1.0,0.0
ENAUSDT-GASUSDT,1179.4885468941648,1,1179.4885468941648,,1,1.0,0.0
ENAUSDT-GMTUSDT,1293.4499411358988,1,1293.4499411358988,,1,1.0,0.0
ENAUSDT-GMXUSDT,2008.21386921445,1,2008.21386921445,,1,1.0,0.0
ENAUSDT-GPSUSDT,1426.7428942687611,1,1426.7428942687611,,1,1.0,0.0
ENAUSDT-GRTUSDT,2211.4431947690146,1,2211.4431947690146,,1,1.0,0.0
ENAUSDT-GTCUSDT,707.0083674447836,1,707.0083674447836,,1,1.0,0.0
ENAUSDT-HEIUSDT,292.04251034190776,1,292.04251034190776,,1,1.0,0.0
ENAUSDT-HIFIUSDT,2155.504213316769,1,2155.504213316769,,1,1.0,0.0
ENAUSDT-LOKAUSDT,3579.301977626772,1,3579.301977626772,,1,1.0,0.0
ENAUSDT-LSKUSDT,1519.7392221779885,1,1519.7392221779885,,1,1.0,0.0
ENAUSDT-OXTUSDT,818.8380704403834,1,818.8380704403834,,1,1.0,0.0
ENAUSDT-POLUSDT,738.7812815193713,1,738.7812815193713,,1,1.0,0.0
ENAUSDT-QNTUSDT,43.491257880190325,1,43.491257880190325,,1,1.0,0.0
ENAUSDT-SKLUSDT,598.105914784567,1,598.105914784567,,1,1.0,0.0
ENAUSDT-SNTUSDT,3241.549825882145,1,3241.549825882145,,1,1.0,0.0
ENAUSDT-SPELLUSDT,2931.0799714004493,1,2931.0799714004493,,1,1.0,0.0
ENAUSDT-SSVUSDT,490.3681637623722,1,490.3681637623722,,1,1.0,0.0
ENAUSDT-SUPERUSDT,897.7191318233819,1,897.7191318233819,,1,1.0,0.0
ENAUSDT-SUSHIUSDT,3212.333175757817,1,3212.333175757817,,1,1.0,0.0
ENAUSDT-VANAUSDT,320.7130347551815,1,320.7130347551815,,1,1.0,0.0
ENAUSDT-VICUSDT,54.03057848169424,1,54.03057848169424,,1,1.0,0.0
ENAUSDT-VTHOUSDT,425.8167734606511,1,425.8167734606511,,1,1.0,0.0
ENAUSDT-WIFUSDT,418.7042292271285,1,418.7042292271285,,1,1.0,0.0
ENAUSDT-XVGUSDT,252.09040586095276,1,252.09040586095276,,1,1.0,0.0
ENAUSDT-YGGUSDT,961.8545248849496,1,961.8545248849496,,1,1.0,0.0
ENAUSDT-ZRXUSDT,395.265864965359,1,395.265864965359,,1,1.0,0.0
ENJUSDT-GLMUSDT,474.4152879036948,1,474.4152879036948,,1,1.0,0.0
ENJUSDT-IOUSDT,1368.7038254311751,1,1368.7038254311751,,1,1.0,0.0
ENJUSDT-LUMIAUSDT,2242.7874432565704,1,2242.7874432565704,,1,1.0,0.0
ENJUSDT-MAGICUSDT,342.35922403862975,1,342.35922403862975,,1,1.0,0.0
ENJUSDT-MAVUSDT,324.35386386401365,1,324.35386386401365,,1,1.0,0.0
ENJUSDT-MBOXUSDT,2527.8568526359363,1,2527.8568526359363,,1,1.0,0.0
ENJUSDT-MEMEUSDT,1045.153119288812,1,1045.153119288812,,1,1.0,0.0
ENJUSDT-MUBARAKUSDT,2765.0184715939176,1,2765.0184715939176,,1,1.0,0.0
ENJUSDT-NEOUSDT,1734.2337025068668,1,1734.2337025068668,,1,1.0,0.0
ENJUSDT-NFPUSDT,1178.1231258074524,1,1178.1231258074524,,1,1.0,0.0
ENJUSDT-NMRUSDT,65.58336361467717,1,65.58336361467717,,1,1.0,0.0
ENJUSDT-POWRUSDT,3028.668169798588,1,3028.668169798588,,1,1.0,0.0
ENJUSDT-REIUSDT,619.6147613290492,1,619.6147613290492,,1,1.0,0.0
ENJUSDT-RPLUSDT,1250.3540585926023,1,1250.3540585926023,,1,1.0,0.0
ENJUSDT-SCRTUSDT,891.8781016222831,1,891.8781016222831,,1,1.0,0.0
ENJUSDT-SOLUSDT,4127.454686524494,1,4127.454686524494,,1,1.0,0.0
ENJUSDT-SSVUSDT,2837.438111747272,1,2837.438111747272,,1,1.0,0.0
ENJUSDT-STGUSDT,1236.638886292117,1,1236.638886292117,,1,1.0,0.0
ENJUSDT-SYSUSDT,629.459878532166,1,629.459878532166,,1,1.0,0.0
ENJUSDT-TSTUSDT,221.7722091506759,1,221.7722091506759,,1,1.0,0.0
ENJUSDT-TUSDT,60.78093779970638,1,60.78093779970638,,1,1.0,0.0
ENJUSDT-VETUSDT,852.5517904568926,1,852.5517904568926,,1,1.0,0.0
ENJUSDT-VIDTUSDT,192.6729159007312,1,192.6729159007312,,1,1.0,0.0
ENJUSDT-VTHOUSDT,875.5902361760227,1,875.5902361760227,,1,1.0,0.0
ENJUSDT-WAXPUSDT,421.4235224828549,1,421.4235224828549,,1,1.0,0.0
ENJUSDT-WLDUSDT,12.475884694901332,1,12.475884694901332,,1,1.0,0.0
ENJUSDT-WOOUSDT,2763.98620982336,1,2763.98620982336,,1,1.0,0.0
ENJUSDT-WUSDT,32.111721201089274,1,32.111721201089274,,1,1.0,0.0
ENJUSDT-XAIUSDT,4551.521655877094,1,4551.521655877094,,1,1.0,0.0
ENJUSDT-XRPUSDT,882.326876994895,1,882.326876994895,,1,1.0,0.0
ENJUSDT-XVGUSDT,1755.160921612911,1,1755.160921612911,,1,1.0,0.0
ENJUSDT-ZKUSDT,1356.6301347468643,1,1356.6301347468643,,1,1.0,0.0
ENSUSDT-ETHFIUSDT,681.0285620777029,1,681.0285620777029,,1,1.0,0.0
ENSUSDT-GLMUSDT,173.66113450275418,1,173.66113450275418,,1,1.0,0.0
ENSUSDT-GMTUSDT,1226.6309425731536,1,1226.6309425731536,,1,1.0,0.0
ENSUSDT-HIGHUSDT,44.06473280237697,1,44.06473280237697,,1,1.0,0.0
ENSUSDT-IMXUSDT,307.750789694818,1,307.750789694818,,1,1.0,0.0
ENSUSDT-JOEUSDT,243.3583094819353,1,243.3583094819353,,1,1.0,0.0
ENSUSDT-KDAUSDT,1994.065572729178,1,1994.065572729178,,1,1.0,0.0
ENSUSDT-LEVERUSDT,691.0164998178637,1,691.0164998178637,,1,1.0,0.0
ENSUSDT-LSKUSDT,186.9773506561064,1,186.9773506561064,,1,1.0,0.0
ENSUSDT-MANAUSDT,1034.1378521442718,1,1034.1378521442718,,1,1.0,0.0
ENSUSDT-METISUSDT,3212.157182711332,1,3212.157182711332,,1,1.0,0.0
ENSUSDT-MLNUSDT,2324.5441682714013,1,2324.5441682714013,,1,1.0,0.0
ENSUSDT-MOVRUSDT,233.83258423553772,1,233.83258423553772,,1,1.0,0.0
ENSUSDT-POWRUSDT,2151.9319030385054,1,2151.9319030385054,,1,1.0,0.0
ENSUSDT-PROMUSDT,3068.872928267558,1,3068.872928267558,,1,1.0,0.0
ENSUSDT-QUICKUSDT,62.244508948505526,1,62.244508948505526,,1,1.0,0.0
ENSUSDT-RADUSDT,578.3881829242374,1,578.3881829242374,,1,1.0,0.0
ENSUSDT-RIFUSDT,456.2443395460861,1,456.2443395460861,,1,1.0,0.0
ENSUSDT-ROSEUSDT,207.3389025268863,1,207.3389025268863,,1,1.0,0.0
ENSUSDT-RSRUSDT,610.4880755399429,1,610.4880755399429,,1,1.0,0.0
ENSUSDT-SAGAUSDT,228.01449093428144,1,228.01449093428144,,1,1.0,0.0
ENSUSDT-SNTUSDT,4816.557881386349,1,4816.557881386349,,1,1.0,0.0
ENSUSDT-SOLUSDT,2052.863605420399,1,2052.863605420399,,1,1.0,0.0
ENSUSDT-STRKUSDT,815.4624122271717,1,815.4624122271717,,1,1.0,0.0
ENSUSDT-TONUSDT,26.058730902553307,1,26.058730902553307,,1,1.0,0.0
ENSUSDT-TRUUSDT,338.06382225950574,1,338.06382225950574,,1,1.0,0.0
ENSUSDT-TSTUSDT,190.5544338287446,1,190.5544338287446,,1,1.0,0.0
ENSUSDT-VANRYUSDT,101.87232618322015,1,101.87232618322015,,1,1.0,0.0
ENSUSDT-VOXELUSDT,4127.030140486125,1,4127.030140486125,,1,1.0,0.0
ENSUSDT-XAIUSDT,4045.562849671489,1,4045.562849671489,,1,1.0,0.0
ENSUSDT-YFIUSDT,673.9427473832332,1,673.9427473832332,,1,1.0,0.0
EOSUSDT-ETHFIUSDT,685.8957871063908,1,685.8957871063908,,1,1.0,0.0
EOSUSDT-GALAUSDT,1726.537805788507,1,1726.537805788507,,1,1.0,0.0
EOSUSDT-GRTUSDT,4598.970468577776,1,4598.970468577776,,1,1.0,0.0
EOSUSDT-HIFIUSDT,404.1965349570826,1,404.1965349570826,,1,1.0,0.0
EOSUSDT-IMXUSDT,639.439568512873,1,639.439568512873,,1,1.0,0.0
EOSUSDT-IOSTUSDT,327.0443872872799,1,327.0443872872799,,1,1.0,0.0
EOSUSDT-JASMYUSDT,157.83658782985057,1,157.83658782985057,,1,1.0,0.0
EOSUSDT-JOEUSDT,855.8317081183903,1,855.8317081183903,,1,1.0,0.0
EOSUSDT-KDAUSDT,2834.000620104511,1,2834.000620104511,,1,1.0,0.0
EOSUSDT-MANAUSDT,266.407559472172,1,266.407559472172,,1,1.0,0.0
EOSUSDT-MASKUSDT,54.559527654402,1,54.559527654402,,1,1.0,0.0
EOSUSDT-MAVUSDT,1714.7533547169985,1,1714.7533547169985,,1,1.0,0.0
EOSUSDT-MLNUSDT,71.26918146762634,1,71.26918146762634,,1,1.0,0.0
EOSUSDT-NFPUSDT,174.71402210785013,1,174.71402210785013,,1,1.0,0.0
EOSUSDT-ONGUSDT,510.075396823074,1,510.075396823074,,1,1.0,0.0
EOSUSDT-PERPUSDT,1668.1116987904968,1,1668.1116987904968,,1,1.0,0.0
EOSUSDT-RIFUSDT,1996.094891902575,1,1996.094891902575,,1,1.0,0.0
EOSUSDT-RPLUSDT,1802.0916184862056,1,1802.0916184862056,,1,1.0,0.0
EOSUSDT-RVNUSDT,183.5390572978841,1,183.5390572978841,,1,1.0,0.0
EOSUSDT-SKLUSDT,201.57126116431945,1,201.57126116431945,,1,1.0,0.0
EOSUSDT-STORJUSDT,407.7483484019416,1,407.7483484019416,,1,1.0,0.0
EOSUSDT-SXPUSDT,80.67816818693895,1,80.67816818693895,,1,1.0,0.0
EOSUSDT-TRXUSDT,59.68715704283407,1,59.68715704283407,,1,1.0,0.0
EOSUSDT-TURBOUSDT,400.3313154384946,1,400.3313154384946,,1,1.0,0.0
EOSUSDT-WAXPUSDT,159.7326749224946,1,159.7326749224946,,1,1.0,0.0
EOSUSDT-WOOUSDT,81.67444639774276,1,81.67444639774276,,1,1.0,0.0
EOSUSDT-WUSDT,124.10367208653749,1,124.10367208653749,,1,1.0,0.0
EOSUSDT-XVSUSDT,552.0171715610301,1,552.0171715610301,,1,1.0,0.0
EOSUSDT-ZKUSDT,99.28933468747796,1,99.28933468747796,,1,1.0,0.0
EOSUSDT-ZRXUSDT,64.16524373909034,1,64.16524373909034,,1,1.0,0.0
EPICUSDT-FORMUSDT,3399.554636418684,1,3399.554636418684,,1,1.0,0.0
EPICUSDT-LDOUSDT,2306.860939045732,1,2306.860939045732,,1,1.0,0.0
EPICUSDT-MDTUSDT,4390.340788973465,1,4390.340788973465,,1,1.0,0.0
EPICUSDT-PHAUSDT,2674.861501655957,1,2674.861501655957,,1,1.0,0.0
EPICUSDT-SCRUSDT,144.47753842061948,1,144.47753842061948,,1,1.0,0.0
EPICUSDT-XAIUSDT,1906.079510069592,1,1906.079510069592,,1,1.0,0.0
EPICUSDT-YFIUSDT,1006.186003625339,1,1006.186003625339,,1,1.0,0.0
ETCUSDT-FLMUSDT,724.0933480435298,1,724.0933480435298,,1,1.0,0.0
ETCUSDT-FLUXUSDT,70.6657196136582,1,70.6657196136582,,1,1.0,0.0
ETCUSDT-FUNUSDT,482.8737646717145,1,482.8737646717145,,1,1.0,0.0
ETCUSDT-GASUSDT,1005.2833129506456,1,1005.2833129506456,,1,1.0,0.0
ETCUSDT-GLMUSDT,968.0840266587,1,968.0840266587,,1,1.0,0.0
ETCUSDT-GTCUSDT,681.7791695633506,1,681.7791695633506,,1,1.0,0.0
ETCUSDT-ICPUSDT,261.3935998352358,1,261.3935998352358,,1,1.0,0.0
ETCUSDT-ICXUSDT,2258.028893950887,1,2258.028893950887,,1,1.0,0.0
ETCUSDT-INJUSDT,41.80626881038231,1,41.80626881038231,,1,1.0,0.0
ETCUSDT-JASMYUSDT,146.7585300672524,1,146.7585300672524,,1,1.0,0.0
ETCUSDT-JTOUSDT,754.2473257466231,1,754.2473257466231,,1,1.0,0.0
ETCUSDT-KNCUSDT,4327.075480543221,1,4327.075480543221,,1,1.0,0.0
ETCUSDT-MTLUSDT,4447.967649353053,1,4447.967649353053,,1,1.0,0.0
ETCUSDT-NEARUSDT,339.103263577704,1,339.103263577704,,1,1.0,0.0
ETCUSDT-NKNUSDT,628.182412193277,1,628.182412193277,,1,1.0,0.0
ETCUSDT-ONTUSDT,1430.1502279495924,1,1430.1502279495924,,1,1.0,0.0
ETCUSDT-OPUSDT,736.1214272320456,1,736.1214272320456,,1,1.0,0.0
ETCUSDT-ORCAUSDT,574.7815244307841,1,574.7815244307841,,1,1.0,0.0
ETCUSDT-POLYXUSDT,2372.0836756513927,1,2372.0836756513927,,1,1.0,0.0
ETCUSDT-PORTALUSDT,85.46427454236095,1,85.46427454236095,,1,1.0,0.0
ETCUSDT-RAYUSDT,460.729143713273,1,460.729143713273,,1,1.0,0.0
ETCUSDT-REDUSDT,89.65865517132734,1,89.65865517132734,,1,1.0,0.0
ETCUSDT-REZUSDT,2800.8374907874054,1,2800.8374907874054,,1,1.0,0.0
ETCUSDT-RIFUSDT,1746.1051059433337,1,1746.1051059433337,,1,1.0,0.0
ETCUSDT-RONINUSDT,1389.374164442951,1,1389.374164442951,,1,1.0,0.0
ETCUSDT-RPLUSDT,650.8209609523825,1,650.8209609523825,,1,1.0,0.0
ETCUSDT-RUNEUSDT,707.0489190185477,1,707.0489190185477,,1,1.0,0.0
ETCUSDT-SCUSDT,891.4892768841548,1,891.4892768841548,,1,1.0,0.0
ETCUSDT-SFPUSDT,2003.7860104628849,1,2003.7860104628849,,1,1.0,0.0
ETCUSDT-SPELLUSDT,910.422640815314,1,910.422640815314,,1,1.0,0.0
ETCUSDT-SSVUSDT,104.71345042484757,1,104.71345042484757,,1,1.0,0.0
ETCUSDT-SUSHIUSDT,223.06240304427,1,223.06240304427,,1,1.0,0.0
ETCUSDT-VOXELUSDT,460.8078446407285,1,460.8078446407285,,1,1.0,0.0
ETCUSDT-WOOUSDT,3494.838947422654,1,3494.838947422654,,1,1.0,0.0
ETCUSDT-XTZUSDT,1496.974719389979,1,1496.974719389979,,1,1.0,0.0
ETHFIUSDT-FLUXUSDT,2235.591131591475,1,2235.591131591475,,1,1.0,0.0
ETHFIUSDT-FTTUSDT,3052.895477129911,1,3052.895477129911,,1,1.0,0.0
ETHFIUSDT-GASUSDT,657.0954270214226,1,657.0954270214226,,1,1.0,0.0
ETHFIUSDT-INJUSDT,743.7111415841882,1,743.7111415841882,,1,1.0,0.0
ETHFIUSDT-LEVERUSDT,205.3917933084709,1,205.3917933084709,,1,1.0,0.0
ETHFIUSDT-LINAUSDT,1088.426215726059,1,1088.426215726059,,1,1.0,0.0
ETHFIUSDT-METISUSDT,2134.233955280426,1,2134.233955280426,,1,1.0,0.0
ETHFIUSDT-NMRUSDT,2882.317783450113,1,2882.317783450113,,1,1.0,0.0
ETHFIUSDT-NTRNUSDT,389.5458204755247,1,389.5458204755247,,1,1.0,0.0
ETHFIUSDT-OMNIUSDT,1998.467056226328,1,1998.467056226328,,1,1.0,0.0
ETHFIUSDT-ONEUSDT,276.141951078029,1,276.141951078029,,1,1.0,0.0
ETHFIUSDT-OXTUSDT,761.9725155234348,1,761.9725155234348,,1,1.0,0.0
ETHFIUSDT-PARTIUSDT,157.82667951907644,1,157.82667951907644,,1,1.0,0.0
ETHFIUSDT-PORTALUSDT,57.61585959085969,1,57.61585959085969,,1,1.0,0.0
ETHFIUSDT-RLCUSDT,1636.7799690512825,1,1636.7799690512825,,1,1.0,0.0
ETHFIUSDT-SEIUSDT,2854.7639121691727,1,2854.7639121691727,,1,1.0,0.0
ETHFIUSDT-STORJUSDT,1975.4296782384663,1,1975.4296782384663,,1,1.0,0.0
ETHFIUSDT-STXUSDT,1372.9279461052786,1,1372.9279461052786,,1,1.0,0.0
ETHFIUSDT-TNSRUSDT,2074.8892750187742,1,2074.8892750187742,,1,1.0,0.0
ETHFIUSDT-TSTUSDT,844.5116686582317,1,844.5116686582317,,1,1.0,0.0
ETHFIUSDT-XTZUSDT,2839.1250931986874,1,2839.1250931986874,,1,1.0,0.0
ETHFIUSDT-ZKUSDT,3331.647186830696,1,3331.647186830696,,1,1.0,0.0
FETUSDT-FTTUSDT,8835.366930259841,1,8835.366930259841,,1,1.0,0.0
FETUSDT-ICXUSDT,95.99579431932642,1,95.99579431932642,,1,1.0,0.0
FETUSDT-IOTXUSDT,1425.0543389322388,1,1425.0543389322388,,1,1.0,0.0
FETUSDT-KNCUSDT,2148.6081157375165,1,2148.6081157375165,,1,1.0,0.0
FETUSDT-LOKAUSDT,1586.6569487933562,1,1586.6569487933562,,1,1.0,0.0
FETUSDT-MANAUSDT,211.08880764689297,1,211.08880764689297,,1,1.0,0.0
FETUSDT-MEUSDT,560.953391492891,1,560.953391492891,,1,1.0,0.0
FETUSDT-NEOUSDT,736.6640910074301,1,736.6640910074301,,1,1.0,0.0
FETUSDT-NOTUSDT,31.0300728069759,1,31.0300728069759,,1,1.0,0.0
FETUSDT-OMNIUSDT,1427.4791434536228,1,1427.4791434536228,,1,1.0,0.0
FETUSDT-ONEUSDT,239.5505744821762,1,239.5505744821762,,1,1.0,0.0
FETUSDT-OXTUSDT,125.05091501298696,1,125.05091501298696,,1,1.0,0.0
FETUSDT-PERPUSDT,867.2385704089991,1,867.2385704089991,,1,1.0,0.0
FETUSDT-PIXELUSDT,429.8128073511864,1,429.8128073511864,,1,1.0,0.0
FETUSDT-PYTHUSDT,206.38419619640845,1,206.38419619640845,,1,1.0,0.0
FETUSDT-RAREUSDT,1394.6138343066002,1,1394.6138343066002,,1,1.0,0.0
FETUSDT-RENDERUSDT,1903.008005636989,1,1903.008005636989,,1,1.0,0.0
FETUSDT-REZUSDT,40.30894173392381,1,40.30894173392381,,1,1.0,0.0
FETUSDT-RIFUSDT,1671.6450931623713,1,1671.6450931623713,,1,1.0,0.0
FETUSDT-RONINUSDT,32.19111442891981,1,32.19111442891981,,1,1.0,0.0
FETUSDT-SANTOSUSDT,3248.6863274789184,1,3248.6863274789184,,1,1.0,0.0
FETUSDT-SKLUSDT,742.0709024433306,1,742.0709024433306,,1,1.0,0.0
FETUSDT-SNXUSDT,1774.3890778007294,1,1774.3890778007294,,1,1.0,0.0
FETUSDT-SPELLUSDT,665.9327577139861,1,665.9327577139861,,1,1.0,0.0
FETUSDT-STEEMUSDT,135.21545319562327,1,135.21545319562327,,1,1.0,0.0
FETUSDT-SUSDT,618.0058027013226,1,618.0058027013226,,1,1.0,0.0
FETUSDT-SXPUSDT,348.7648243796356,1,348.7648243796356,,1,1.0,0.0
FETUSDT-SYSUSDT,724.2078788838643,1,724.2078788838643,,1,1.0,0.0
FETUSDT-TIAUSDT,728.7321960724621,1,728.7321960724621,,1,1.0,0.0
FETUSDT-TRUMPUSDT,192.2687160206374,1,192.2687160206374,,1,1.0,0.0
FETUSDT-TUSDT,805.7414587357547,1,805.7414587357547,,1,1.0,0.0
FETUSDT-TWTUSDT,2193.056488556962,1,2193.056488556962,,1,1.0,0.0
FETUSDT-WOOUSDT,782.6671209352126,1,782.6671209352126,,1,1.0,0.0
FETUSDT-XAIUSDT,1308.1553485832414,1,1308.1553485832414,,1,1.0,0.0
FETUSDT-XRPUSDT,1569.2088078830773,1,1569.2088078830773,,1,1.0,0.0
FETUSDT-YFIUSDT,1833.040833379799,1,1833.040833379799,,1,1.0,0.0
FIDAUSDT-FILUSDT,167.8740730207249,1,167.8740730207249,,1,1.0,0.0
FIDAUSDT-FLUXUSDT,1163.1392077222145,1,1163.1392077222145,,1,1.0,0.0
FIDAUSDT-GALAUSDT,648.6401991810732,1,648.6401991810732,,1,1.0,0.0
FIDAUSDT-GMXUSDT,1797.163168792225,1,1797.163168792225,,1,1.0,0.0
FIDAUSDT-HEIUSDT,318.8723786262329,1,318.8723786262329,,1,1.0,0.0
FIDAUSDT-IOSTUSDT,1837.194128112588,1,1837.194128112588,,1,1.0,0.0
FIDAUSDT-JASMYUSDT,1378.722814145588,1,1378.722814145588,,1,1.0,0.0
FIDAUSDT-KAVAUSDT,2711.4181654317254,1,2711.4181654317254,,1,1.0,0.0
FIDAUSDT-KDAUSDT,282.55272171970057,1,282.55272171970057,,1,1.0,0.0
FIDAUSDT-KNCUSDT,3.47425933987104,1,3.47425933987104,,1,1.0,0.0
FIDAUSDT-LDOUSDT,1140.653570391343,1,1140.653570391343,,1,1.0,0.0
FIDAUSDT-LRCUSDT,1265.2743427143555,1,1265.2743427143555,,1,1.0,0.0
FIDAUSDT-MDTUSDT,636.5368284215435,1,636.5368284215435,,1,1.0,0.0
FIDAUSDT-MUBARAKUSDT,1719.5169476777178,1,1719.5169476777178,,1,1.0,0.0
FIDAUSDT-ONEUSDT,494.37171628404775,1,494.37171628404775,,1,1.0,0.0
FIDAUSDT-ONGUSDT,555.9479764391135,1,555.9479764391135,,1,1.0,0.0
FIDAUSDT-ORDIUSDT,263.92254374909794,1,263.92254374909794,,1,1.0,0.0
FIDAUSDT-PEOPLEUSDT,3170.6910975041537,1,3170.6910975041537,,1,1.0,0.0
FIDAUSDT-PHAUSDT,232.0218578591017,1,232.0218578591017,,1,1.0,0.0
FIDAUSDT-PNUTUSDT,173.24467484636517,1,173.24467484636517,,1,1.0,0.0
FIDAUSDT-RIFUSDT,1414.1301611798965,1,1414.1301611798965,,1,1.0,0.0
FIDAUSDT-RONINUSDT,425.5978757308317,1,425.5978757308317,,1,1.0,0.0
FIDAUSDT-SCRTUSDT,472.39149144743584,1,472.39149144743584,,1,1.0,0.0
FIDAUSDT-SFPUSDT,1864.6668668031607,1,1864.6668668031607,,1,1.0,0.0
FIDAUSDT-STXUSDT,668.004595712808,1,668.004595712808,,1,1.0,0.0
FIDAUSDT-TAOUSDT,756.928436652616,1,756.928436652616,,1,1.0,0.0
FIDAUSDT-TRUMPUSDT,71.80885140260304,1,71.80885140260304,,1,1.0,0.0
FIDAUSDT-UNIUSDT,2865.9287370511397,1,2865.9287370511397,,1,1.0,0.0
FIDAUSDT-USTCUSDT,3153.670972861048,1,3153.670972861048,,1,1.0,0.0
FIDAUSDT-XAIUSDT,1441.167219575175,1,1441.167219575175,,1,1.0,0.0
FIDAUSDT-XLMUSDT,1521.9250765916577,1,1521.9250765916577,,1,1.0,0.0
FIDAUSDT-XRPUSDT,357.03155835995983,1,357.03155835995983,,1,1.0,0.0
FILUSDT-FIOUSDT,2152.332070830224,1,2152.332070830224,,1,1.0,0.0
FILUSDT-FLOWUSDT,1161.1111617308638,1,1161.1111617308638,,1,1.0,0.0
FILUSDT-GMXUSDT,592.080609381035,1,592.080609381035,,1,1.0,0.0
FILUSDT-HMSTRUSDT,221.71364209548705,1,221.71364209548705,,1,1.0,0.0
FILUSDT-INJUSDT,545.8481622746888,1,545.8481622746888,,1,1.0,0.0
FILUSDT-IOTAUSDT,347.42231796213355,1,347.42231796213355,,1,1.0,0.0
FILUSDT-JOEUSDT,324.1311632546184,1,324.1311632546184,,1,1.0,0.0
FILUSDT-JUPUSDT,604.9199454823598,1,604.9199454823598,,1,1.0,0.0
FILUSDT-LTCUSDT,3389.218919724018,1,3389.218919724018,,1,1.0,0.0
FILUSDT-MBOXUSDT,11.90916244634419,1,11.90916244634419,,1,1.0,0.0
FILUSDT-MDTUSDT,17.449860736111816,1,17.449860736111816,,1,1.0,0.0
FILUSDT-MLNUSDT,192.55598189952485,1,192.55598189952485,,1,1.0,0.0
FILUSDT-MUBARAKUSDT,1061.784232970535,1,1061.784232970535,,1,1.0,0.0
FILUSDT-OGNUSDT,3608.004606752004,1,3608.004606752004,,1,1.0,0.0
FILUSDT-PENDLEUSDT,2186.146062412929,1,2186.146062412929,,1,1.0,0.0
FILUSDT-PIXELUSDT,2588.2873717242564,1,2588.2873717242564,,1,1.0,0.0
FILUSDT-RADUSDT,924.067537959876,1,924.067537959876,,1,1.0,0.0
FILUSDT-SKLUSDT,201.6787982154522,1,201.6787982154522,,1,1.0,0.0
FILUSDT-SUSHIUSDT,4899.84577561966,1,4899.84577561966,,1,1.0,0.0
FILUSDT-SXPUSDT,177.5307730290515,1,177.5307730290515,,1,1.0,0.0
FILUSDT-SYNUSDT,2271.423548336643,1,2271.423548336643,,1,1.0,0.0
FILUSDT-TRUUSDT,455.0625784294054,1,455.0625784294054,,1,1.0,0.0
FILUSDT-VETUSDT,58.07155710506776,1,58.07155710506776,,1,1.0,0.0
FILUSDT-WUSDT,3261.704176032009,1,3261.704176032009,,1,1.0,0.0
FIOUSDT-FUNUSDT,982.5696876948812,1,982.5696876948812,,1,1.0,0.0
FIOUSDT-FXSUSDT,693.3341250564399,1,693.3341250564399,,1,1.0,0.0
FIOUSDT-GALAUSDT,3286.4014247840187,1,3286.4014247840187,,1,1.0,0.0
FIOUSDT-GHSTUSDT,861.4859776028388,1,861.4859776028388,,1,1.0,0.0
FIOUSDT-GLMRUSDT,17.53465766869438,1,17.53465766869438,,1,1.0,0.0
FIOUSDT-HBARUSDT,1908.7487163242608,1,1908.7487163242608,,1,1.0,0.0
FIOUSDT-HEIUSDT,2119.862987189092,1,2119.862987189092,,1,1.0,0.0
FIOUSDT-HIFIUSDT,1144.0440549234345,1,1144.0440549234345,,1,1.0,0.0
FIOUSDT-HOOKUSDT,694.263538729967,1,694.263538729967,,1,1.0,0.0
FIOUSDT-IOTXUSDT,1310.4848305133405,1,1310.4848305133405,,1,1.0,0.0
FIOUSDT-KDAUSDT,431.93171856547445,1,431.93171856547445,,1,1.0,0.0
FIOUSDT-LDOUSDT,23.96748330232897,1,23.96748330232897,,1,1.0,0.0
FIOUSDT-LOKAUSDT,452.6151175794329,1,452.6151175794329,,1,1.0,0.0
FIOUSDT-LQTYUSDT,133.12192355527384,1,133.12192355527384,,1,1.0,0.0
FIOUSDT-LTCUSDT,18.016335197160807,1,18.016335197160807,,1,1.0,0.0
FIOUSDT-LUMIAUSDT,2876.1889670984656,1,2876.1889670984656,,1,1.0,0.0
FIOUSDT-MAGICUSDT,1640.3756992008775,1,1640.3756992008775,,1,1.0,0.0
FIOUSDT-MANTAUSDT,3978.91917789586,1,3978.91917789586,,1,1.0,0.0
FIOUSDT-NMRUSDT,136.07847109792965,1,136.07847109792965,,1,1.0,0.0
FIOUSDT-ORDIUSDT,68.52779896155386,1,68.52779896155386,,1,1.0,0.0
FIOUSDT-PEOPLEUSDT,1058.4303295891486,1,1058.4303295891486,,1,1.0,0.0
FIOUSDT-PNUTUSDT,280.2603975231011,1,280.2603975231011,,1,1.0,0.0
FIOUSDT-POLYXUSDT,133.75390926043372,1,133.75390926043372,,1,1.0,0.0
FIOUSDT-POWRUSDT,1667.8319149154186,1,1667.8319149154186,,1,1.0,0.0
FIOUSDT-REIUSDT,2917.687675174827,1,2917.687675174827,,1,1.0,0.0
FIOUSDT-SANDUSDT,4234.48396598736,1,4234.48396598736,,1,1.0,0.0
FIOUSDT-SANTOSUSDT,63.60589625963228,1,63.60589625963228,,1,1.0,0.0
FIOUSDT-SCUSDT,461.8828246723037,1,461.8828246723037,,1,1.0,0.0
FIOUSDT-SNXUSDT,1292.340526853098,1,1292.340526853098,,1,1.0,0.0
FIOUSDT-STXUSDT,802.8168235963975,1,802.8168235963975,,1,1.0,0.0
FIOUSDT-SUPERUSDT,2252.2986399953943,1,2252.2986399953943,,1,1.0,0.0
FIOUSDT-TLMUSDT,245.15823910840575,1,245.15823910840575,,1,1.0,0.0
FIOUSDT-TROYUSDT,5217.872723066501,1,5217.872723066501,,1,1.0,0.0
FIOUSDT-TRUMPUSDT,1980.8614148927104,1,1980.8614148927104,,1,1.0,0.0
FIOUSDT-TSTUSDT,255.90086459577887,1,255.90086459577887,,1,1.0,0.0
FIOUSDT-USTCUSDT,214.24963291731973,1,214.24963291731973,,1,1.0,0.0
FIOUSDT-VIDTUSDT,593.1083460871097,1,593.1083460871097,,1,1.0,0.0
FIOUSDT-VOXELUSDT,167.5414963143484,1,167.5414963143484,,1,1.0,0.0
FIOUSDT-WOOUSDT,321.2453899483909,1,321.2453899483909,,1,1.0,0.0
FIOUSDT-YFIUSDT,753.269328588565,1,753.269328588565,,1,1.0,0.0
FIOUSDT-ZENUSDT,232.07400306788716,1,232.07400306788716,,1,1.0,0.0
FLMUSDT-HFTUSDT,4661.27899141124,1,4661.27899141124,,1,1.0,0.0
FLMUSDT-HIFIUSDT,1226.4354195687777,1,1226.4354195687777,,1,1.0,0.0
FLMUSDT-HMSTRUSDT,2359.883824523257,1,2359.883824523257,,1,1.0,0.0
FLMUSDT-IDEXUSDT,551.3701016893376,1,551.3701016893376,,1,1.0,0.0
FLMUSDT-KDAUSDT,223.6670707741592,1,223.6670707741592,,1,1.0,0.0
FLMUSDT-LAYERUSDT,525.230305523015,1,525.230305523015,,1,1.0,0.0
FLMUSDT-LSKUSDT,414.05303130593205,1,414.05303130593205,,1,1.0,0.0
FLMUSDT-MASKUSDT,63.24186173575507,1,63.24186173575507,,1,1.0,0.0
FLMUSDT-MBOXUSDT,45.642748214146586,1,45.642748214146586,,1,1.0,0.0
FLMUSDT-MDTUSDT,117.2393435381942,1,117.2393435381942,,1,1.0,0.0
FLMUSDT-MINAUSDT,589.7313653759701,1,589.7313653759701,,1,1.0,0.0
FLMUSDT-NEARUSDT,41.76403373855278,1,41.76403373855278,,1,1.0,0.0
FLMUSDT-NMRUSDT,2797.334146114582,1,2797.334146114582,,1,1.0,0.0
FLMUSDT-OMNIUSDT,667.0795310253316,1,667.0795310253316,,1,1.0,0.0
FLMUSDT-PERPUSDT,76.27479027457505,1,76.27479027457505,,1,1.0,0.0
FLMUSDT-PHBUSDT,113.46678026360632,1,113.46678026360632,,1,1.0,0.0
FLMUSDT-POLUSDT,255.62556301017796,1,255.62556301017796,,1,1.0,0.0
FLMUSDT-PYTHUSDT,127.62523275739872,1,127.62523275739872,,1,1.0,0.0
FLMUSDT-QUICKUSDT,32.95932089223167,1,32.95932089223167,,1,1.0,0.0
FLMUSDT-RAREUSDT,50.11853386261091,1,50.11853386261091,,1,1.0,0.0
FLMUSDT-REIUSDT,3211.534100173522,1,3211.534100173522,,1,1.0,0.0
FLMUSDT-RUNEUSDT,576.3837863968364,1,576.3837863968364,,1,1.0,0.0
FLMUSDT-SSVUSDT,62.826159876330856,1,62.826159876330856,,1,1.0,0.0
FLMUSDT-STRKUSDT,354.61916468774905,1,354.61916468774905,,1,1.0,0.0
FLMUSDT-TNSRUSDT,34.99826912348402,1,34.99826912348402,,1,1.0,0.0
FLMUSDT-TRBUSDT,3541.1381258401702,1,3541.1381258401702,,1,1.0,0.0
FLMUSDT-TROYUSDT,74.16712056357979,1,74.16712056357979,,1,1.0,0.0
FLMUSDT-VOXELUSDT,1225.5018148848217,1,1225.5018148848217,,1,1.0,0.0
FLMUSDT-WAXPUSDT,322.1123520150531,1,322.1123520150531,,1,1.0,0.0
FLMUSDT-WLDUSDT,224.95848134661065,1,224.95848134661065,,1,1.0,0.0
FLMUSDT-WOOUSDT,211.13718955404136,1,211.13718955404136,,1,1.0,0.0
FLMUSDT-XAIUSDT,1125.519243845427,1,1125.519243845427,,1,1.0,0.0
FLMUSDT-ZECUSDT,209.1798933558937,1,209.1798933558937,,1,1.0,0.0
FLMUSDT-ZENUSDT,26.32636321666275,1,26.32636321666275,,1,1.0,0.0
FLOWUSDT-GLMUSDT,37.12370225207201,1,37.12370225207201,,1,1.0,0.0
FLOWUSDT-JTOUSDT,172.97807875254188,1,172.97807875254188,,1,1.0,0.0
FLOWUSDT-KSMUSDT,108.01956817845826,1,108.01956817845826,,1,1.0,0.0
FLOWUSDT-LEVERUSDT,60.29557010277863,1,60.29557010277863,,1,1.0,0.0
FLOWUSDT-LOKAUSDT,609.4193519959784,1,609.4193519959784,,1,1.0,0.0
FLOWUSDT-LTCUSDT,1940.599176756304,1,1940.599176756304,,1,1.0,0.0
FLOWUSDT-MANTAUSDT,900.2875159786252,1,900.2875159786252,,1,1.0,0.0
FLOWUSDT-MASKUSDT,545.4667678707202,1,545.4667678707202,,1,1.0,0.0
FLOWUSDT-NEARUSDT,384.5212292033606,1,384.5212292033606,,1,1.0,0.0
FLOWUSDT-NILUSDT,2406.645160148678,1,2406.645160148678,,1,1.0,0.0
FLOWUSDT-ORCAUSDT,946.8272696537624,1,946.8272696537624,,1,1.0,0.0
FLOWUSDT-PHBUSDT,1672.1294391903837,1,1672.1294391903837,,1,1.0,0.0
FLOWUSDT-RADUSDT,3473.8180139380534,1,3473.8180139380534,,1,1.0,0.0
FLOWUSDT-RDNTUSDT,1454.3001169022673,1,1454.3001169022673,,1,1.0,0.0
FLOWUSDT-SAGAUSDT,1674.9280371918503,1,1674.9280371918503,,1,1.0,0.0
FLOWUSDT-STGUSDT,3964.183542774,1,3964.183542774,,1,1.0,0.0
FLOWUSDT-STPTUSDT,642.2379254371236,1,642.2379254371236,,1,1.0,0.0
FLOWUSDT-STRAXUSDT,3433.3739919455006,1,3433.3739919455006,,1,1.0,0.0
FLOWUSDT-TONUSDT,691.4805118746477,1,691.4805118746477,,1,1.0,0.0
FLOWUSDT-TSTUSDT,95.39660711349484,1,95.39660711349484,,1,1.0,0.0
FLOWUSDT-UMAUSDT,12.948694848504822,1,12.948694848504822,,1,1.0,0.0
FLOWUSDT-WOOUSDT,962.519265230736,1,962.519265230736,,1,1.0,0.0
FLOWUSDT-XAIUSDT,2381.911829487497,1,2381.911829487497,,1,1.0,0.0
FLOWUSDT-XVGUSDT,768.6043839139214,1,768.6043839139214,,1,1.0,0.0
FLUXUSDT-GPSUSDT,1928.6362116770035,1,1928.6362116770035,,1,1.0,0.0
FLUXUSDT-HBARUSDT,2027.5366052938173,1,2027.5366052938173,,1,1.0,0.0
FLUXUSDT-ICPUSDT,1986.5985743482347,1,1986.5985743482347,,1,1.0,0.0
FLUXUSDT-IDEXUSDT,15.16410936775832,1,15.16410936775832,,1,1.0,0.0
FLUXUSDT-INJUSDT,406.1745396902106,1,406.1745396902106,,1,1.0,0.0
FLUXUSDT-JASMYUSDT,566.0984607721979,1,566.0984607721979,,1,1.0,0.0
FLUXUSDT-KAITOUSDT,1941.0672088365964,1,1941.0672088365964,,1,1.0,0.0
FLUXUSDT-KDAUSDT,407.7448962601571,1,407.7448962601571,,1,1.0,0.0
FLUXUSDT-KNCUSDT,1191.7369664670698,1,1191.7369664670698,,1,1.0,0.0
FLUXUSDT-LEVERUSDT,702.11049769425,1,702.11049769425,,1,1.0,0.0
FLUXUSDT-LINKUSDT,2039.965190521775,1,2039.965190521775,,1,1.0,0.0
FLUXUSDT-MASKUSDT,176.96478764397835,1,176.96478764397835,,1,1.0,0.0
FLUXUSDT-MAVUSDT,241.63013159682944,1,241.63013159682944,,1,1.0,0.0
FLUXUSDT-MOVEUSDT,1338.1207124598498,1,1338.1207124598498,,1,1.0,0.0
FLUXUSDT-MOVRUSDT,754.2760610125589,1,754.2760610125589,,1,1.0,0.0
FLUXUSDT-NULSUSDT,17.56626296566015,1,17.56626296566015,,1,1.0,0.0
FLUXUSDT-OMNIUSDT,290.6361605892056,1,290.6361605892056,,1,1.0,0.0
FLUXUSDT-ONTUSDT,62.56268441352471,1,62.56268441352471,,1,1.0,0.0
FLUXUSDT-OXTUSDT,106.09157132003118,1,106.09157132003118,,1,1.0,0.0
FLUXUSDT-PHBUSDT,2793.914306069958,1,2793.914306069958,,1,1.0,0.0
FLUXUSDT-PNUTUSDT,149.91718385244545,1,149.91718385244545,,1,1.0,0.0
FLUXUSDT-QNTUSDT,87.80985628783115,1,87.80985628783115,,1,1.0,0.0
FLUXUSDT-RDNTUSDT,814.3916651407826,1,814.3916651407826,,1,1.0,0.0
FLUXUSDT-SAGAUSDT,303.14346729843265,1,303.14346729843265,,1,1.0,0.0
FLUXUSDT-SCRTUSDT,1191.4946950642263,1,1191.4946950642263,,1,1.0,0.0
FLUXUSDT-SEIUSDT,415.2537842631969,1,415.2537842631969,,1,1.0,0.0
FLUXUSDT-SUIUSDT,1830.3996839791212,1,1830.3996839791212,,1,1.0,0.0
FLUXUSDT-TLMUSDT,1411.3532465439291,1,1411.3532465439291,,1,1.0,0.0
FLUXUSDT-TNSRUSDT,1550.719063422173,1,1550.719063422173,,1,1.0,0.0
FLUXUSDT-TROYUSDT,6311.880757391374,1,6311.880757391374,,1,1.0,0.0
FLUXUSDT-USUALUSDT,3309.690867649237,1,3309.690867649237,,1,1.0,0.0
FLUXUSDT-VELODROMEUSDT,114.28528651910074,1,114.28528651910074,,1,1.0,0.0
FLUXUSDT-XVGUSDT,236.45710415889255,1,236.45710415889255,,1,1.0,0.0
FLUXUSDT-XVSUSDT,297.5187566523695,1,297.5187566523695,,1,1.0,0.0
FORMUSDT-GMTUSDT,294.5960400065438,1,294.5960400065438,,1,1.0,0.0
FORMUSDT-GRTUSDT,413.6781616276294,1,413.6781616276294,,1,1.0,0.0
FORMUSDT-HBARUSDT,210.59568067636437,1,210.59568067636437,,1,1.0,0.0
FORMUSDT-HIGHUSDT,2361.186619578706,1,2361.186619578706,,1,1.0,0.0
FORMUSDT-HIVEUSDT,150.7313989756473,1,150.7313989756473,,1,1.0,0.0
FORMUSDT-HOTUSDT,227.19452347355343,1,227.19452347355343,,1,1.0,0.0
FORMUSDT-INJUSDT,425.8785045702562,1,425.8785045702562,,1,1.0,0.0
FORMUSDT-KNCUSDT,204.41509707889423,1,204.41509707889423,,1,1.0,0.0
FORMUSDT-LDOUSDT,1471.2976460937418,1,1471.2976460937418,,1,1.0,0.0
FORMUSDT-LSKUSDT,221.01684005125784,1,221.01684005125784,,1,1.0,0.0
FORMUSDT-LUMIAUSDT,498.3263661665327,1,498.3263661665327,,1,1.0,0.0
FORMUSDT-MANAUSDT,428.444744669903,1,428.444744669903,,1,1.0,0.0
FORMUSDT-MANTAUSDT,146.4986518091157,1,146.4986518091157,,1,1.0,0.0
FORMUSDT-METISUSDT,2270.3621244388105,1,2270.3621244388105,,1,1.0,0.0
FORMUSDT-MINAUSDT,285.8942215695505,1,285.8942215695505,,1,1.0,0.0
FORMUSDT-NEOUSDT,372.1693963211093,1,372.1693963211093,,1,1.0,0.0
FORMUSDT-NKNUSDT,236.96763669901648,1,236.96763669901648,,1,1.0,0.0
FORMUSDT-NMRUSDT,420.670166016534,1,420.670166016534,,1,1.0,0.0
FORMUSDT-PENDLEUSDT,104.06928050507892,1,104.06928050507892,,1,1.0,0.0
FORMUSDT-PEOPLEUSDT,572.7912935592504,1,572.7912935592504,,1,1.0,0.0
FORMUSDT-POLYXUSDT,149.98476434549423,1,149.98476434549423,,1,1.0,0.0
FORMUSDT-POWRUSDT,2.5775238775072964,1,2.5775238775072964,,1,1.0,0.0
FORMUSDT-QNTUSDT,156.63144036316393,1,156.63144036316393,,1,1.0,0.0
FORMUSDT-RONINUSDT,1576.512190665913,1,1576.512190665913,,1,1.0,0.0
FORMUSDT-SEIUSDT,263.2958853322807,1,263.2958853322807,,1,1.0,0.0
FORMUSDT-SLPUSDT,371.89388714164687,1,371.89388714164687,,1,1.0,0.0
FORMUSDT-SNTUSDT,837.4716695299925,1,837.4716695299925,,1,1.0,0.0
FORMUSDT-SSVUSDT,2067.043503786514,1,2067.043503786514,,1,1.0,0.0
FORMUSDT-SYSUSDT,378.9934366329152,1,378.9934366329152,,1,1.0,0.0
FORMUSDT-TLMUSDT,526.1542855149901,1,526.1542855149901,,1,1.0,0.0
FORMUSDT-TONUSDT,1694.1802558729044,1,1694.1802558729044,,1,1.0,0.0
FORMUSDT-TRUUSDT,458.3250244646029,1,458.3250244646029,,1,1.0,0.0
FORMUSDT-TWTUSDT,15.370081643781177,1,15.370081643781177,,1,1.0,0.0
FORMUSDT-YGGUSDT,428.5962844810177,1,428.5962844810177,,1,1.0,0.0
FORMUSDT-ZILUSDT,338.63407510351726,1,338.63407510351726,,1,1.0,0.0
FTTUSDT-GUSDT,2561.7631766086843,1,2561.7631766086843,,1,1.0,0.0
FTTUSDT-HFTUSDT,17311.664729730262,1,17311.664729730262,,1,1.0,0.0
FTTUSDT-HIFIUSDT,14836.7236804676,1,14836.7236804676,,1,1.0,0.0
FTTUSDT-HOOKUSDT,16062.560225497831,1,16062.560225497831,,1,1.0,0.0
FTTUSDT-IDEXUSDT,15543.240070737353,1,15543.240070737353,,1,1.0,0.0
FTTUSDT-INJUSDT,188.36592461570197,1,188.36592461570197,,1,1.0,0.0
FTTUSDT-IOTAUSDT,96.07620864150846,1,96.07620864150846,,1,1.0,0.0
FTTUSDT-IOTXUSDT,15611.793506581322,1,15611.793506581322,,1,1.0,0.0
FTTUSDT-IOUSDT,8497.384671273163,1,8497.384671273163,,1,1.0,0.0
FTTUSDT-JTOUSDT,16699.576702800743,1,16699.576702800743,,1,1.0,0.0
FTTUSDT-JUPUSDT,323.56088247642134,1,323.56088247642134,,1,1.0,0.0
FTTUSDT-KAIAUSDT,10914.18083400376,1,10914.18083400376,,1,1.0,0.0
FTTUSDT-KDAUSDT,8206.370160492903,1,8206.370160492903,,1,1.0,0.0
FTTUSDT-LAYERUSDT,19.41733672540788,1,19.41733672540788,,1,1.0,0.0
FTTUSDT-LDOUSDT,9017.842922840236,1,9017.842922840236,,1,1.0,0.0
FTTUSDT-LINAUSDT,15344.081891207525,1,15344.081891207525,,1,1.0,0.0
FTTUSDT-LRCUSDT,14895.46013278278,1,14895.46013278278,,1,1.0,0.0
FTTUSDT-MANAUSDT,14995.615936503566,1,14995.615936503566,,1,1.0,0.0
FTTUSDT-MDTUSDT,17817.778611542388,1,17817.778611542388,,1,1.0,0.0
FTTUSDT-MEUSDT,1247.1144593881409,1,1247.1144593881409,,1,1.0,0.0
FTTUSDT-NFPUSDT,23.27569570470282,1,23.27569570470282,,1,1.0,0.0
FTTUSDT-NOTUSDT,3641.677476973562,1,3641.677476973562,,1,1.0,0.0
FTTUSDT-NULSUSDT,8549.500080327398,1,8549.500080327398,,1,1.0,0.0
FTTUSDT-ONEUSDT,8265.418173100274,1,8265.418173100274,,1,1.0,0.0
FTTUSDT-ORDIUSDT,938.7779653875672,1,938.7779653875672,,1,1.0,0.0
FTTUSDT-OXTUSDT,8012.824175864892,1,8012.824175864892,,1,1.0,0.0
FTTUSDT-POLUSDT,15585.963957947395,1,15585.963957947395,,1,1.0,0.0
FTTUSDT-PORTALUSDT,18036.502269786502,1,18036.502269786502,,1,1.0,0.0
FTTUSDT-QUICKUSDT,8197.678436498902,1,8197.678436498902,,1,1.0,0.0
FTTUSDT-RADUSDT,2151.295930864296,1,2151.295930864296,,1,1.0,0.0
FTTUSDT-REDUSDT,1808.9644956714344,1,1808.9644956714344,,1,1.0,0.0
FTTUSDT-RIFUSDT,15869.340112718312,1,15869.340112718312,,1,1.0,0.0
FTTUSDT-RLCUSDT,7707.162419080048,1,7707.162419080048,,1,1.0,0.0
FTTUSDT-RPLUSDT,14764.454291665968,1,14764.454291665968,,1,1.0,0.0
FTTUSDT-SANDUSDT,7578.816246689708,1,7578.816246689708,,1,1.0,0.0
FTTUSDT-SCUSDT,268.1765911716953,1,268.1765911716953,,1,1.0,0.0
FTTUSDT-SFPUSDT,1160.7736874871907,1,1160.7736874871907,,1,1.0,0.0
FTTUSDT-SOLUSDT,4898.993525505353,1,4898.993525505353,,1,1.0,0.0
FTTUSDT-SSVUSDT,15248.249561006707,1,15248.249561006707,,1,1.0,0.0
FTTUSDT-STXUSDT,112.83142779633936,1,112.83142779633936,,1,1.0,0.0
FTTUSDT-SUIUSDT,2064.0821848357914,1,2064.0821848357914,,1,1.0,0.0
FTTUSDT-SUNUSDT,5406.232645545102,1,5406.232645545102,,1,1.0,0.0
FTTUSDT-SXPUSDT,913.3932093503392,1,913.3932093503392,,1,1.0,0.0
FTTUSDT-THETAUSDT,8199.310117097495,1,8199.310117097495,,1,1.0,0.0
FTTUSDT-THEUSDT,45.47039030340262,1,45.47039030340262,,1,1.0,0.0
FTTUSDT-TONUSDT,13854.17708704917,1,13854.17708704917,,1,1.0,0.0
FTTUSDT-TROYUSDT,4111.05487290173,1,4111.05487290173,,1,1.0,0.0
FTTUSDT-TRUUSDT,45.63225026973997,1,45.63225026973997,,1,1.0,0.0
FTTUSDT-TSTUSDT,518.137107642815,1,518.137107642815,,1,1.0,0.0
FTTUSDT-USTCUSDT,16330.449803733023,1,16330.449803733023,,1,1.0,0.0
FTTUSDT-VTHOUSDT,7909.780534849085,1,7909.780534849085,,1,1.0,0.0
FTTUSDT-WIFUSDT,6402.217454859968,1,6402.217454859968,,1,1.0,0.0
FTTUSDT-WLDUSDT,4446.488939600013,1,4446.488939600013,,1,1.0,0.0
FTTUSDT-XLMUSDT,176.1081632797039,1,176.1081632797039,,1,1.0,0.0
FTTUSDT-XVGUSDT,7839.64708045965,1,7839.64708045965,,1,1.0,0.0
FTTUSDT-ZENUSDT,1688.7347063780348,1,1688.7347063780348,,1,1.0,0.0
FUNUSDT-GLMRUSDT,1485.514477763388,1,1485.514477763388,,1,1.0,0.0
FUNUSDT-HIGHUSDT,5449.6059722813525,1,5449.6059722813525,,1,1.0,0.0
FUNUSDT-HIVEUSDT,297.71020783390946,1,297.71020783390946,,1,1.0,0.0
FUNUSDT-HOTUSDT,370.6962364649473,1,370.6962364649473,,1,1.0,0.0
FUNUSDT-ICPUSDT,4429.605529881097,1,4429.605529881097,,1,1.0,0.0
FUNUSDT-IOSTUSDT,355.1100701294423,1,355.1100701294423,,1,1.0,0.0
FUNUSDT-IOTXUSDT,365.29171911877125,1,365.29171911877125,,1,1.0,0.0
FUNUSDT-LINAUSDT,544.1574535905888,1,544.1574535905888,,1,1.0,0.0
FUNUSDT-LINKUSDT,1018.4464699317904,1,1018.4464699317904,,1,1.0,0.0
FUNUSDT-LTCUSDT,359.8553952489076,1,359.8553952489076,,1,1.0,0.0
FUNUSDT-LUMIAUSDT,5951.668152113907,1,5951.668152113907,,1,1.0,0.0
FUNUSDT-MAGICUSDT,348.294124323183,1,348.294124323183,,1,1.0,0.0
FUNUSDT-MASKUSDT,83.62377888649618,1,83.62377888649618,,1,1.0,0.0
FUNUSDT-MEUSDT,38.48872363318306,1,38.48872363318306,,1,1.0,0.0
FUNUSDT-MTLUSDT,795.1722892020962,1,795.1722892020962,,1,1.0,0.0
FUNUSDT-NEIROUSDT,402.810284570762,1,402.810284570762,,1,1.0,0.0
FUNUSDT-NFPUSDT,227.79957955260352,1,227.79957955260352,,1,1.0,0.0
FUNUSDT-NOTUSDT,380.1352305609764,1,380.1352305609764,,1,1.0,0.0
FUNUSDT-ORCAUSDT,18.356437635522987,1,18.356437635522987,,1,1.0,0.0
FUNUSDT-ORDIUSDT,379.68513076309296,1,379.68513076309296,,1,1.0,0.0
FUNUSDT-PENGUUSDT,40.07067783599328,1,40.07067783599328,,1,1.0,0.0
FUNUSDT-PERPUSDT,2641.4568689640187,1,2641.4568689640187,,1,1.0,0.0
FUNUSDT-PIXELUSDT,713.6350232820769,1,713.6350232820769,,1,1.0,0.0
FUNUSDT-PNUTUSDT,377.82653565292577,1,377.82653565292577,,1,1.0,0.0
FUNUSDT-POWRUSDT,331.8986935472912,1,331.8986935472912,,1,1.0,0.0
FUNUSDT-QUICKUSDT,80.7120284612881,1,80.7120284612881,,1,1.0,0.0
FUNUSDT-RDNTUSDT,391.6479851723556,1,391.6479851723556,,1,1.0,0.0
FUNUSDT-REIUSDT,26.32764100302081,1,26.32764100302081,,1,1.0,0.0
FUNUSDT-RENDERUSDT,388.3381427202385,1,388.3381427202385,,1,1.0,0.0
FUNUSDT-REZUSDT,365.05689983376215,1,365.05689983376215,,1,1.0,0.0
FUNUSDT-ROSEUSDT,297.16027535964577,1,297.16027535964577,,1,1.0,0.0
FUNUSDT-SANTOSUSDT,1551.1114771199757,1,1551.1114771199757,,1,1.0,0.0
FUNUSDT-SCRTUSDT,373.21742623629206,1,373.21742623629206,,1,1.0,0.0
FUNUSDT-SEIUSDT,396.7441946717597,1,396.7441946717597,,1,1.0,0.0
FUNUSDT-SLPUSDT,390.8021411990048,1,390.8021411990048,,1,1.0,0.0
FUNUSDT-SNXUSDT,3152.23113331586,1,3152.23113331586,,1,1.0,0.0
FUNUSDT-STEEMUSDT,267.1266359489473,1,267.1266359489473,,1,1.0,0.0
FUNUSDT-SUIUSDT,387.1593322790032,1,387.1593322790032,,1,1.0,0.0
FUNUSDT-SYNUSDT,396.96194033019503,1,396.96194033019503,,1,1.0,0.0
FUNUSDT-THETAUSDT,379.5602448149451,1,379.5602448149451,,1,1.0,0.0
FUNUSDT-TONUSDT,5907.684302435055,1,5907.684302435055,,1,1.0,0.0
FUNUSDT-TRBUSDT,376.61506745175126,1,376.61506745175126,,1,1.0,0.0
FUNUSDT-TRUMPUSDT,388.6153723549552,1,388.6153723549552,,1,1.0,0.0
FUNUSDT-TURBOUSDT,390.015535026092,1,390.015535026092,,1,1.0,0.0
FUNUSDT-VANRYUSDT,402.5829349863935,1,402.5829349863935,,1,1.0,0.0
FUNUSDT-VICUSDT,373.9493572205809,1,373.9493572205809,,1,1.0,0.0
FUNUSDT-WAXPUSDT,382.6039508816304,1,382.6039508816304,,1,1.0,0.0
FUNUSDT-WIFUSDT,400.9101403957189,1,400.9101403957189,,1,1.0,0.0
FUNUSDT-WLDUSDT,388.3864349698766,1,388.3864349698766,,1,1.0,0.0
FUNUSDT-WUSDT,1638.293225462236,1,1638.293225462236,,1,1.0,0.0
FUNUSDT-YFIUSDT,250.4241490549844,1,250.4241490549844,,1,1.0,0.0
FUNUSDT-YGGUSDT,234.45722330922328,1,234.45722330922328,,1,1.0,0.0
FUNUSDT-ZKUSDT,2063.5719678145174,1,2063.5719678145174,,1,1.0,0.0
FUNUSDT-ZRXUSDT,11.012378493494133,1,11.012378493494133,,1,1.0,0.0
FXSUSDT-HMSTRUSDT,1176.3879183236577,1,1176.3879183236577,,1,1.0,0.0
FXSUSDT-IOSTUSDT,1764.9658214210356,1,1764.9658214210356,,1,1.0,0.0
FXSUSDT-JASMYUSDT,2453.492553234425,1,2453.492553234425,,1,1.0,0.0
FXSUSDT-JTOUSDT,445.76257475032463,1,445.76257475032463,,1,1.0,0.0
FXSUSDT-LINAUSDT,843.8187733785177,1,843.8187733785177,,1,1.0,0.0
FXSUSDT-NILUSDT,783.9723692952623,1,783.9723692952623,,1,1.0,0.0
FXSUSDT-PHBUSDT,535.122331121976,1,535.122331121976,,1,1.0,0.0
FXSUSDT-POWRUSDT,742.7264835745507,1,742.7264835745507,,1,1.0,0.0
FXSUSDT-QUICKUSDT,3977.171854688778,1,3977.171854688778,,1,1.0,0.0
FXSUSDT-RDNTUSDT,2808.1747974006,1,2808.1747974006,,1,1.0,0.0
FXSUSDT-REIUSDT,1128.734838034915,1,1128.734838034915,,1,1.0,0.0
FXSUSDT-RIFUSDT,287.0156756987648,1,287.0156756987648,,1,1.0,0.0
FXSUSDT-SFPUSDT,1675.57024447301,1,1675.57024447301,,1,1.0,0.0
FXSUSDT-SHELLUSDT,2130.5677568005294,1,2130.5677568005294,,1,1.0,0.0
FXSUSDT-SLPUSDT,301.8706863860544,1,301.8706863860544,,1,1.0,0.0
FXSUSDT-SOLVUSDT,509.4866250581179,1,509.4866250581179,,1,1.0,0.0
FXSUSDT-SSVUSDT,5639.4782724322,1,5639.4782724322,,1,1.0,0.0
FXSUSDT-THEUSDT,1811.2064984092249,1,1811.2064984092249,,1,1.0,0.0
FXSUSDT-TRUMPUSDT,1306.330761872336,1,1306.330761872336,,1,1.0,0.0
FXSUSDT-VTHOUSDT,2196.754104364717,1,2196.754104364717,,1,1.0,0.0
FXSUSDT-ZECUSDT,2836.101269459973,1,2836.101269459973,,1,1.0,0.0
FXSUSDT-ZROUSDT,183.78155123714737,1,183.78155123714737,,1,1.0,0.0
GALAUSDT-GASUSDT,200.42192961398112,1,200.42192961398112,,1,1.0,0.0
GALAUSDT-GHSTUSDT,4.740574772021475,1,4.740574772021475,,1,1.0,0.0
GALAUSDT-GMXUSDT,591.918248661275,1,591.918248661275,,1,1.0,0.0
GALAUSDT-ICPUSDT,96.35940525712036,1,96.35940525712036,,1,1.0,0.0
GALAUSDT-JUPUSDT,261.63433691600494,1,261.63433691600494,,1,1.0,0.0
GALAUSDT-LRCUSDT,151.62183146733122,1,151.62183146733122,,1,1.0,0.0
GALAUSDT-NFPUSDT,1482.9222384478032,1,1482.9222384478032,,1,1.0,0.0
GALAUSDT-ONEUSDT,88.99146135489018,1,88.99146135489018,,1,1.0,0.0
GALAUSDT-ONGUSDT,50.32838781973181,1,50.32838781973181,,1,1.0,0.0
GALAUSDT-ONTUSDT,1486.1423976069443,1,1486.1423976069443,,1,1.0,0.0
GALAUSDT-PERPUSDT,457.4315872333937,1,457.4315872333937,,1,1.0,0.0
GALAUSDT-PYTHUSDT,575.4485810389544,1,575.4485810389544,,1,1.0,0.0
GALAUSDT-QTUMUSDT,321.0476448639716,1,321.0476448639716,,1,1.0,0.0
GALAUSDT-RAYUSDT,3233.366204662821,1,3233.366204662821,,1,1.0,0.0
GALAUSDT-RIFUSDT,441.1702447294553,1,441.1702447294553,,1,1.0,0.0
GALAUSDT-SHELLUSDT,1053.6755233067902,1,1053.6755233067902,,1,1.0,0.0
GALAUSDT-STRAXUSDT,1015.5629947772196,1,1015.5629947772196,,1,1.0,0.0
GALAUSDT-SUPERUSDT,1542.9945162742886,1,1542.9945162742886,,1,1.0,0.0
GALAUSDT-USTCUSDT,58.851174257471705,1,58.851174257471705,,1,1.0,0.0
GALAUSDT-VICUSDT,2409.7833351421577,1,2409.7833351421577,,1,1.0,0.0
GALAUSDT-WIFUSDT,1118.477488799211,1,1118.477488799211,,1,1.0,0.0
GALAUSDT-XAIUSDT,2091.765559173413,1,2091.765559173413,,1,1.0,0.0
GALAUSDT-ZROUSDT,377.9957009451674,1,377.9957009451674,,1,1.0,0.0
GASUSDT-GMTUSDT,648.6052461612907,1,648.6052461612907,,1,1.0,0.0
GASUSDT-GUSDT,0.3853643596056955,1,0.3853643596056955,,1,1.0,0.0
GASUSDT-HIFIUSDT,454.21430168607577,1,454.21430168607577,,1,1.0,0.0
GASUSDT-IDUSDT,133.51225659178607,1,133.51225659178607,,1,1.0,0.0
GASUSDT-LEVERUSDT,159.86161321661393,1,159.86161321661393,,1,1.0,0.0
GASUSDT-LINKUSDT,1180.3654074166718,1,1180.3654074166718,,1,1.0,0.0
GASUSDT-LSKUSDT,135.18061268822453,1,135.18061268822453,,1,1.0,0.0
GASUSDT-LTCUSDT,2957.681488155853,1,2957.681488155853,,1,1.0,0.0
GASUSDT-LUMIAUSDT,406.30049324918434,1,406.30049324918434,,1,1.0,0.0
GASUSDT-MAVUSDT,837.8838913301195,1,837.8838913301195,,1,1.0,0.0
GASUSDT-MDTUSDT,216.8513961728811,1,216.8513961728811,,1,1.0,0.0
GASUSDT-NEOUSDT,9.265801701876647,1,9.265801701876647,,1,1.0,0.0
GASUSDT-NFPUSDT,1181.5524895633105,1,1181.5524895633105,,1,1.0,0.0
GASUSDT-PEOPLEUSDT,527.1557440407304,1,527.1557440407304,,1,1.0,0.0
GASUSDT-PIXELUSDT,653.001632278835,1,653.001632278835,,1,1.0,0.0
GASUSDT-PNUTUSDT,33.31140005602744,1,33.31140005602744,,1,1.0,0.0
GASUSDT-POLYXUSDT,15.892435557502338,1,15.892435557502338,,1,1.0,0.0
GASUSDT-QTUMUSDT,830.5061651845518,1,830.5061651845518,,1,1.0,0.0
GASUSDT-RVNUSDT,142.9796523063422,1,142.9796523063422,,1,1.0,0.0
GASUSDT-SANDUSDT,270.0219199370523,1,270.0219199370523,,1,1.0,0.0
GASUSDT-SCRUSDT,897.9529257966753,1,897.9529257966753,,1,1.0,0.0
GASUSDT-SYNUSDT,415.81543945905446,1,415.81543945905446,,1,1.0,0.0
GASUSDT-TLMUSDT,376.91173194209057,1,376.91173194209057,,1,1.0,0.0
GASUSDT-USTCUSDT,663.5108561778582,1,663.5108561778582,,1,1.0,0.0
GASUSDT-VOXELUSDT,97.1642215410867,1,97.1642215410867,,1,1.0,0.0
GASUSDT-XLMUSDT,684.7442235015614,1,684.7442235015614,,1,1.0,0.0
GASUSDT-XTZUSDT,396.649688102796,1,396.649688102796,,1,1.0,0.0
GHSTUSDT-HFTUSDT,1968.1992060811667,1,1968.1992060811667,,1,1.0,0.0
GHSTUSDT-JASMYUSDT,1256.364045799408,1,1256.364045799408,,1,1.0,0.0
GHSTUSDT-JOEUSDT,2117.075102846381,1,2117.075102846381,,1,1.0,0.0
GHSTUSDT-KAVAUSDT,108.23648629035657,1,108.23648629035657,,1,1.0,0.0
GHSTUSDT-LRCUSDT,5.305754455969748,1,5.305754455969748,,1,1.0,0.0
GHSTUSDT-MDTUSDT,1285.1720684400796,1,1285.1720684400796,,1,1.0,0.0
GHSTUSDT-METISUSDT,167.42673269159363,1,167.42673269159363,,1,1.0,0.0
GHSTUSDT-MKRUSDT,457.3586323033706,1,457.3586323033706,,1,1.0,0.0
GHSTUSDT-ORCAUSDT,3339.87086440758,1,3339.87086440758,,1,1.0,0.0
GHSTUSDT-PENDLEUSDT,401.5614793211511,1,401.5614793211511,,1,1.0,0.0
GHSTUSDT-PYTHUSDT,186.8304874836556,1,186.8304874836556,,1,1.0,0.0
GHSTUSDT-REZUSDT,340.4160911914536,1,340.4160911914536,,1,1.0,0.0
GHSTUSDT-RONINUSDT,875.2300484313415,1,875.2300484313415,,1,1.0,0.0
GHSTUSDT-ROSEUSDT,2968.099004374296,1,2968.099004374296,,1,1.0,0.0
GHSTUSDT-RSRUSDT,2408.821011586382,1,2408.821011586382,,1,1.0,0.0
GHSTUSDT-SAGAUSDT,410.50406692615456,1,410.50406692615456,,1,1.0,0.0
GHSTUSDT-SANDUSDT,866.8774818472986,1,866.8774818472986,,1,1.0,0.0
GHSTUSDT-SHELLUSDT,434.9931902701152,1,434.9931902701152,,1,1.0,0.0
GHSTUSDT-SLPUSDT,4596.690694736542,1,4596.690694736542,,1,1.0,0.0
GHSTUSDT-STORJUSDT,1031.801010914726,1,1031.801010914726,,1,1.0,0.0
GHSTUSDT-STRAXUSDT,2781.116359936938,1,2781.116359936938,,1,1.0,0.0
GHSTUSDT-SUIUSDT,1694.728265965408,1,1694.728265965408,,1,1.0,0.0
GHSTUSDT-SXPUSDT,790.455004887388,1,790.455004887388,,1,1.0,0.0
GHSTUSDT-TNSRUSDT,368.356109826513,1,368.356109826513,,1,1.0,0.0
GHSTUSDT-TONUSDT,476.84363545236704,1,476.84363545236704,,1,1.0,0.0
GHSTUSDT-UMAUSDT,892.6741174837323,1,892.6741174837323,,1,1.0,0.0
GHSTUSDT-VETUSDT,444.173455574341,1,444.173455574341,,1,1.0,0.0
GHSTUSDT-VICUSDT,593.7084494970887,1,593.7084494970887,,1,1.0,0.0
GHSTUSDT-WOOUSDT,343.45661815842493,1,343.45661815842493,,1,1.0,0.0
GHSTUSDT-WUSDT,2540.202929755128,1,2540.202929755128,,1,1.0,0.0
GHSTUSDT-XRPUSDT,97.11830254864458,1,97.11830254864458,,1,1.0,0.0
GLMRUSDT-HOOKUSDT,8.493324915995629,1,8.493324915995629,,1,1.0,0.0
GLMRUSDT-IDUSDT,42.59878848222873,1,42.59878848222873,,1,1.0,0.0
GLMRUSDT-JASMYUSDT,229.66412466451732,1,229.66412466451732,,1,1.0,0.0
GLMRUSDT-KDAUSDT,167.55060524491722,1,167.55060524491722,,1,1.0,0.0
GLMRUSDT-LPTUSDT,99.25062618682216,1,99.25062618682216,,1,1.0,0.0
GLMRUSDT-MEMEUSDT,690.4379964533737,1,690.4379964533737,,1,1.0,0.0
GLMRUSDT-MINAUSDT,156.94545492488712,1,156.94545492488712,,1,1.0,0.0
GLMRUSDT-MTLUSDT,421.53386165226885,1,421.53386165226885,,1,1.0,0.0
GLMRUSDT-MUBARAKUSDT,95.41458885797672,1,95.41458885797672,,1,1.0,0.0
GLMRUSDT-NILUSDT,2123.275054378765,1,2123.275054378765,,1,1.0,0.0
GLMRUSDT-NOTUSDT,1285.1417592256666,1,1285.1417592256666,,1,1.0,0.0
GLMRUSDT-OMUSDT,57.17435097728627,1,57.17435097728627,,1,1.0,0.0
GLMRUSDT-ONGUSDT,294.38625584908687,1,294.38625584908687,,1,1.0,0.0
GLMRUSDT-PENDLEUSDT,357.7282140101554,1,357.7282140101554,,1,1.0,0.0
GLMRUSDT-PERPUSDT,163.19805851003295,1,163.19805851003295,,1,1.0,0.0
GLMRUSDT-POWRUSDT,3275.967151258394,1,3275.967151258394,,1,1.0,0.0
GLMRUSDT-PROMUSDT,708.5995555100885,1,708.5995555100885,,1,1.0,0.0
GLMRUSDT-PYTHUSDT,1172.771868593126,1,1172.771868593126,,1,1.0,0.0
GLMRUSDT-RENDERUSDT,649.2070907922042,1,649.2070907922042,,1,1.0,0.0
GLMRUSDT-RONINUSDT,688.3177235050993,1,688.3177235050993,,1,1.0,0.0
GLMRUSDT-SAGAUSDT,587.7515524740465,1,587.7515524740465,,1,1.0,0.0
GLMRUSDT-SCUSDT,164.8740014102456,1,164.8740014102456,,1,1.0,0.0
GLMRUSDT-SEIUSDT,570.9503009366799,1,570.9503009366799,,1,1.0,0.0
GLMRUSDT-SFPUSDT,320.53218464795845,1,320.53218464795845,,1,1.0,0.0
GLMRUSDT-STRAXUSDT,743.8111727316306,1,743.8111727316306,,1,1.0,0.0
GLMRUSDT-STXUSDT,144.6991135241537,1,144.6991135241537,,1,1.0,0.0
GLMRUSDT-SYNUSDT,6426.398811594301,1,6426.398811594301,,1,1.0,0.0
GLMRUSDT-TIAUSDT,638.2692993761431,1,638.2692993761431,,1,1.0,0.0
GLMRUSDT-TNSRUSDT,165.69116728560164,1,165.69116728560164,,1,1.0,0.0
GLMRUSDT-TWTUSDT,651.1471706860904,1,651.1471706860904,,1,1.0,0.0
GLMRUSDT-UNIUSDT,895.9033925045351,1,895.9033925045351,,1,1.0,0.0
GLMRUSDT-VICUSDT,1026.8049114114456,1,1026.8049114114456,,1,1.0,0.0
GLMRUSDT-VTHOUSDT,1604.2663182748718,1,1604.2663182748718,,1,1.0,0.0
GLMRUSDT-XLMUSDT,178.564963449763,1,178.564963449763,,1,1.0,0.0
GLMUSDT-GTCUSDT,2050.986258180623,1,2050.986258180623,,1,1.0,0.0
GLMUSDT-HEIUSDT,143.08815231691307,1,143.08815231691307,,1,1.0,0.0
GLMUSDT-HFTUSDT,13.043762965221298,1,13.043762965221298,,1,1.0,0.0
GLMUSDT-HIFIUSDT,189.85295798292535,1,189.85295798292535,,1,1.0,0.0
GLMUSDT-LISTAUSDT,145.5405689638576,1,145.5405689638576,,1,1.0,0.0
GLMUSDT-LQTYUSDT,88.64911093303851,1,88.64911093303851,,1,1.0,0.0
GLMUSDT-LRCUSDT,322.381253273621,1,322.381253273621,,1,1.0,0.0
GLMUSDT-MLNUSDT,109.27945428671666,1,109.27945428671666,,1,1.0,0.0
GLMUSDT-NFPUSDT,320.6279148769096,1,320.6279148769096,,1,1.0,0.0
GLMUSDT-NKNUSDT,1850.5972925165008,1,1850.5972925165008,,1,1.0,0.0
GLMUSDT-OGNUSDT,304.38699844198777,1,304.38699844198777,,1,1.0,0.0
GLMUSDT-OXTUSDT,807.5752614820663,1,807.5752614820663,,1,1.0,0.0
GLMUSDT-POLUSDT,33.800341451752125,1,33.800341451752125,,1,1.0,0.0
GLMUSDT-QNTUSDT,130.6127997068686,1,130.6127997068686,,1,1.0,0.0
GLMUSDT-QUICKUSDT,46.53835943033494,1,46.53835943033494,,1,1.0,0.0
GLMUSDT-REIUSDT,537.119717374365,1,537.119717374365,,1,1.0,0.0
GLMUSDT-SCRUSDT,219.63493354275064,1,219.63493354275064,,1,1.0,0.0
GLMUSDT-SUSDT,196.29337793086904,1,196.29337793086904,,1,1.0,0.0
GLMUSDT-TAOUSDT,655.1151644782312,1,655.1151644782312,,1,1.0,0.0
GLMUSDT-TONUSDT,699.5923557324641,1,699.5923557324641,,1,1.0,0.0
GLMUSDT-UNIUSDT,487.1175580879376,1,487.1175580879376,,1,1.0,0.0
GLMUSDT-XVSUSDT,2759.4363274429747,1,2759.4363274429747,,1,1.0,0.0
GMTUSDT-GTCUSDT,727.7991213011035,1,727.7991213011035,,1,1.0,0.0
GMTUSDT-HBARUSDT,131.4458032196557,1,131.4458032196557,,1,1.0,0.0
GMTUSDT-ICXUSDT,92.2509082439854,1,92.2509082439854,,1,1.0,0.0
GMTUSDT-LUMIAUSDT,81.63385897219098,1,81.63385897219098,,1,1.0,0.0
GMTUSDT-PERPUSDT,492.6209383236283,1,492.6209383236283,,1,1.0,0.0
GMTUSDT-POLYXUSDT,19.375209311315597,1,19.375209311315597,,1,1.0,0.0
GMTUSDT-RAYUSDT,2635.34081742534,1,2635.34081742534,,1,1.0,0.0
GMTUSDT-RIFUSDT,538.0309417740918,1,538.0309417740918,,1,1.0,0.0
GMTUSDT-RLCUSDT,1515.0921358440671,1,1515.0921358440671,,1,1.0,0.0
GMTUSDT-SCUSDT,1571.1689451226364,1,1571.1689451226364,,1,1.0,0.0
GMTUSDT-STORJUSDT,372.1005293846041,1,372.1005293846041,,1,1.0,0.0
GMTUSDT-SUSHIUSDT,56.07433703475939,1,56.07433703475939,,1,1.0,0.0
GMTUSDT-SYSUSDT,1229.976856536454,1,1229.976856536454,,1,1.0,0.0
GMTUSDT-TIAUSDT,749.4851232690501,1,749.4851232690501,,1,1.0,0.0
GMTUSDT-ZROUSDT,1469.3183394644302,1,1469.3183394644302,,1,1.0,0.0
GMXUSDT-HIFIUSDT,3.765115671723912,1,3.765115671723912,,1,1.0,0.0
GMXUSDT-IOSTUSDT,71.913418085273,1,71.913418085273,,1,1.0,0.0
GMXUSDT-JTOUSDT,514.6943644149388,1,514.6943644149388,,1,1.0,0.0
GMXUSDT-KSMUSDT,2051.6128401346664,1,2051.6128401346664,,1,1.0,0.0
GMXUSDT-MANAUSDT,120.65962277567256,1,120.65962277567256,,1,1.0,0.0
GMXUSDT-METISUSDT,547.8513382849144,1,547.8513382849144,,1,1.0,0.0
GMXUSDT-NFPUSDT,155.19089844519448,1,155.19089844519448,,1,1.0,0.0
GMXUSDT-OMNIUSDT,405.28353558006086,1,405.28353558006086,,1,1.0,0.0
GMXUSDT-OPUSDT,350.1411443508806,1,350.1411443508806,,1,1.0,0.0
GMXUSDT-ORCAUSDT,1720.2598378336293,1,1720.2598378336293,,1,1.0,0.0
GMXUSDT-PAXGUSDT,48.381733726971326,1,48.381733726971326,,1,1.0,0.0
GMXUSDT-RADUSDT,184.4958781778357,1,184.4958781778357,,1,1.0,0.0
GMXUSDT-RAREUSDT,1156.013355442673,1,1156.013355442673,,1,1.0,0.0
GMXUSDT-RONINUSDT,1794.2793809275065,1,1794.2793809275065,,1,1.0,0.0
GMXUSDT-RSRUSDT,447.61277492632513,1,447.61277492632513,,1,1.0,0.0
GMXUSDT-SCUSDT,73.46602237656131,1,73.46602237656131,,1,1.0,0.0
GMXUSDT-SKLUSDT,1651.0826545211778,1,1651.0826545211778,,1,1.0,0.0
GMXUSDT-SYSUSDT,971.177560213676,1,971.177560213676,,1,1.0,0.0
GMXUSDT-TAOUSDT,96.1119923714709,1,96.1119923714709,,1,1.0,0.0
GMXUSDT-THEUSDT,171.546850651454,1,171.546850651454,,1,1.0,0.0
GMXUSDT-TURBOUSDT,115.70146617969016,1,115.70146617969016,,1,1.0,0.0
GMXUSDT-TUSDT,135.7078082621758,1,135.7078082621758,,1,1.0,0.0
GMXUSDT-VANRYUSDT,2715.7122636086674,1,2715.7122636086674,,1,1.0,0.0
GMXUSDT-VETUSDT,675.4215784120923,1,675.4215784120923,,1,1.0,0.0
GMXUSDT-VICUSDT,2354.805049529378,1,2354.805049529378,,1,1.0,0.0
GMXUSDT-ZRXUSDT,390.4230975214831,1,390.4230975214831,,1,1.0,0.0
GPSUSDT-HFTUSDT,1714.586908317765,1,1714.586908317765,,1,1.0,0.0
GPSUSDT-MKRUSDT,2304.58004775205,1,2304.58004775205,,1,1.0,0.0
GPSUSDT-MLNUSDT,1263.4122456090954,1,1263.4122456090954,,1,1.0,0.0
GPSUSDT-ONTUSDT,43.5220478655237,1,43.5220478655237,,1,1.0,0.0
GPSUSDT-TRUMPUSDT,19.565962442609447,1,19.565962442609447,,1,1.0,0.0
GPSUSDT-USTCUSDT,114.65196081355272,1,114.65196081355272,,1,1.0,0.0
GPSUSDT-ZROUSDT,10.363868633792436,1,10.363868633792436,,1,1.0,0.0
GRTUSDT-HIFIUSDT,916.7845080912728,1,916.7845080912728,,1,1.0,0.0
GRTUSDT-HMSTRUSDT,831.9327649605794,1,831.9327649605794,,1,1.0,0.0
GRTUSDT-INJUSDT,792.6759066507102,1,792.6759066507102,,1,1.0,0.0
GRTUSDT-JOEUSDT,382.6485313997764,1,382.6485313997764,,1,1.0,0.0
GRTUSDT-KDAUSDT,1362.3004140338946,1,1362.3004140338946,,1,1.0,0.0
GRTUSDT-LDOUSDT,107.1664829982621,1,107.1664829982621,,1,1.0,0.0
GRTUSDT-LEVERUSDT,46.4029999563508,1,46.4029999563508,,1,1.0,0.0
GRTUSDT-MEUSDT,841.7730770895283,1,841.7730770895283,,1,1.0,0.0
GRTUSDT-MINAUSDT,893.8624374067779,1,893.8624374067779,,1,1.0,0.0
GRTUSDT-MTLUSDT,6.424934465619074,1,6.424934465619074,,1,1.0,0.0
GRTUSDT-NKNUSDT,33.87907962889635,1,33.87907962889635,,1,1.0,0.0
GRTUSDT-NOTUSDT,703.2795893800815,1,703.2795893800815,,1,1.0,0.0
GRTUSDT-NTRNUSDT,81.0807282594638,1,81.0807282594638,,1,1.0,0.0
GRTUSDT-OMNIUSDT,896.2169134892439,1,896.2169134892439,,1,1.0,0.0
GRTUSDT-PEOPLEUSDT,587.6582418753561,1,587.6582418753561,,1,1.0,0.0
GRTUSDT-PHAUSDT,325.0242229847262,1,325.0242229847262,,1,1.0,0.0
GRTUSDT-PHBUSDT,165.6963088284429,1,165.6963088284429,,1,1.0,0.0
GRTUSDT-RAYUSDT,365.9403180000637,1,365.9403180000637,,1,1.0,0.0
GRTUSDT-RENDERUSDT,965.6982057465924,1,965.6982057465924,,1,1.0,0.0
GRTUSDT-RPLUSDT,438.53217871225166,1,438.53217871225166,,1,1.0,0.0
GRTUSDT-RSRUSDT,271.4236991238167,1,271.4236991238167,,1,1.0,0.0
GRTUSDT-SANTOSUSDT,1675.8815836600988,1,1675.8815836600988,,1,1.0,0.0
GRTUSDT-SLPUSDT,31.204237781152003,1,31.204237781152003,,1,1.0,0.0
GRTUSDT-STEEMUSDT,128.14518110298323,1,128.14518110298323,,1,1.0,0.0
GRTUSDT-STRAXUSDT,1695.1466857194318,1,1695.1466857194318,,1,1.0,0.0
GRTUSDT-STRKUSDT,1077.023630687096,1,1077.023630687096,,1,1.0,0.0
GRTUSDT-TURBOUSDT,545.5183489011622,1,545.5183489011622,,1,1.0,0.0
GRTUSDT-VETUSDT,466.5955538331184,1,466.5955538331184,,1,1.0,0.0
GRTUSDT-WIFUSDT,268.5354868168899,1,268.5354868168899,,1,1.0,0.0
GRTUSDT-WLDUSDT,824.2972377482788,1,824.2972377482788,,1,1.0,0.0
GTCUSDT-GUSDT,1111.6244272903637,1,1111.6244272903637,,1,1.0,0.0
GTCUSDT-HOTUSDT,682.5311408565539,1,682.5311408565539,,1,1.0,0.0
GTCUSDT-IDUSDT,23.04462515035676,1,23.04462515035676,,1,1.0,0.0
GTCUSDT-JTOUSDT,3106.9579360567614,1,3106.9579360567614,,1,1.0,0.0
GTCUSDT-KAIAUSDT,1696.9523455684912,1,1696.9523455684912,,1,1.0,0.0
GTCUSDT-LISTAUSDT,1153.3959878346077,1,1153.3959878346077,,1,1.0,0.0
GTCUSDT-LTCUSDT,2219.9413022461554,1,2219.9413022461554,,1,1.0,0.0
GTCUSDT-MANTAUSDT,172.14510098369297,1,172.14510098369297,,1,1.0,0.0
GTCUSDT-MASKUSDT,634.1456150036388,1,634.1456150036388,,1,1.0,0.0
GTCUSDT-MOVRUSDT,759.040483662325,1,759.040483662325,,1,1.0,0.0
GTCUSDT-NOTUSDT,94.95826026246408,1,94.95826026246408,,1,1.0,0.0
GTCUSDT-OMUSDT,950.4863184458636,1,950.4863184458636,,1,1.0,0.0
GTCUSDT-PHBUSDT,1555.962389897002,1,1555.962389897002,,1,1.0,0.0
GTCUSDT-PIXELUSDT,1656.5090682441491,1,1656.5090682441491,,1,1.0,0.0
GTCUSDT-PROMUSDT,138.7546341527847,1,138.7546341527847,,1,1.0,0.0
GTCUSDT-PYTHUSDT,156.77865584290805,1,156.77865584290805,,1,1.0,0.0
GTCUSDT-RDNTUSDT,935.2176303670128,1,935.2176303670128,,1,1.0,0.0
GTCUSDT-RENDERUSDT,201.77035819883173,1,201.77035819883173,,1,1.0,0.0
GTCUSDT-RIFUSDT,437.00119243203767,1,437.00119243203767,,1,1.0,0.0
GTCUSDT-RLCUSDT,3759.259768231531,1,3759.259768231531,,1,1.0,0.0
GTCUSDT-RPLUSDT,2499.555642100029,1,2499.555642100029,,1,1.0,0.0
GTCUSDT-RVNUSDT,1624.6817287847598,1,1624.6817287847598,,1,1.0,0.0
GTCUSDT-SANTOSUSDT,623.6758079687467,1,623.6758079687467,,1,1.0,0.0
GTCUSDT-SCRTUSDT,987.77185496364,1,987.77185496364,,1,1.0,0.0
GTCUSDT-SCUSDT,237.2060248290524,1,237.2060248290524,,1,1.0,0.0
GTCUSDT-STORJUSDT,222.58504066386752,1,222.58504066386752,,1,1.0,0.0
GTCUSDT-TIAUSDT,2738.24958978047,1,2738.24958978047,,1,1.0,0.0
GTCUSDT-TONUSDT,58.08693721788287,1,58.08693721788287,,1,1.0,0.0
GTCUSDT-USTCUSDT,2055.95407062277,1,2055.95407062277,,1,1.0,0.0
GTCUSDT-VOXELUSDT,17.62594591693761,1,17.62594591693761,,1,1.0,0.0
GTCUSDT-ZENUSDT,4753.471811611894,1,4753.471811611894,,1,1.0,0.0
GUSDT-HOOKUSDT,1765.426053554922,1,1765.426053554922,,1,1.0,0.0
GUSDT-JUPUSDT,1538.8465337250882,1,1538.8465337250882,,1,1.0,0.0
GUSDT-KNCUSDT,157.1598488190326,1,157.1598488190326,,1,1.0,0.0
GUSDT-LINAUSDT,13.871166975252429,1,13.871166975252429,,1,1.0,0.0
GUSDT-LTCUSDT,2362.1272730197784,1,2362.1272730197784,,1,1.0,0.0
GUSDT-MANAUSDT,682.3889141428652,1,682.3889141428652,,1,1.0,0.0
GUSDT-MANTAUSDT,79.37514579289109,1,79.37514579289109,,1,1.0,0.0
GUSDT-MAVUSDT,1421.586982784709,1,1421.586982784709,,1,1.0,0.0
GUSDT-MEUSDT,266.890668887775,1,266.890668887775,,1,1.0,0.0
GUSDT-MOVEUSDT,119.48912435947769,1,119.48912435947769,,1,1.0,0.0
GUSDT-NEIROUSDT,1660.729934800075,1,1660.729934800075,,1,1.0,0.0
GUSDT-NMRUSDT,572.2453105784165,1,572.2453105784165,,1,1.0,0.0
GUSDT-OPUSDT,1980.1269541619024,1,1980.1269541619024,,1,1.0,0.0
GUSDT-PARTIUSDT,1864.0846549126557,1,1864.0846549126557,,1,1.0,0.0
GUSDT-PYTHUSDT,3.5486451210604173,1,3.5486451210604173,,1,1.0,0.0
GUSDT-QTUMUSDT,107.0519981233058,1,107.0519981233058,,1,1.0,0.0
GUSDT-RSRUSDT,619.6930878196315,1,619.6930878196315,,1,1.0,0.0
GUSDT-SAGAUSDT,5732.897226180628,1,5732.897226180628,,1,1.0,0.0
GUSDT-SCUSDT,374.86533689948953,1,374.86533689948953,,1,1.0,0.0
GUSDT-SEIUSDT,63.68209133293532,1,63.68209133293532,,1,1.0,0.0
GUSDT-SPELLUSDT,2304.5685848474745,1,2304.5685848474745,,1,1.0,0.0
GUSDT-SSVUSDT,81.98648387375758,1,81.98648387375758,,1,1.0,0.0
GUSDT-SYSUSDT,59.68279993569105,1,59.68279993569105,,1,1.0,0.0
GUSDT-TRUUSDT,2296.084369496904,1,2296.084369496904,,1,1.0,0.0
GUSDT-VICUSDT,539.9530250760023,1,539.9530250760023,,1,1.0,0.0
GUSDT-WAXPUSDT,147.01000521195735,1,147.01000521195735,,1,1.0,0.0
GUSDT-WIFUSDT,176.29476610365532,1,176.29476610365532,,1,1.0,0.0
GUSDT-WLDUSDT,129.749546736031,1,129.749546736031,,1,1.0,0.0
GUSDT-XRPUSDT,890.1966053139879,1,890.1966053139879,,1,1.0,0.0
GUSDT-ZILUSDT,5324.883583043655,1,5324.883583043655,,1,1.0,0.0
HBARUSDT-IDEXUSDT,207.96780097864516,1,207.96780097864516,,1,1.0,0.0
HBARUSDT-ILVUSDT,849.5625490080301,1,849.5625490080301,,1,1.0,0.0
HBARUSDT-LINAUSDT,682.9185624909373,1,682.9185624909373,,1,1.0,0.0
HBARUSDT-LRCUSDT,2114.6722861614626,1,2114.6722861614626,,1,1.0,0.0
HBARUSDT-LSKUSDT,265.39586926013965,1,265.39586926013965,,1,1.0,0.0
HBARUSDT-MAGICUSDT,316.6723608566648,1,316.6723608566648,,1,1.0,0.0
HBARUSDT-METISUSDT,1443.4328711709236,1,1443.4328711709236,,1,1.0,0.0
HBARUSDT-MLNUSDT,1399.1059982018562,1,1399.1059982018562,,1,1.0,0.0
HBARUSDT-MTLUSDT,820.6149801760886,1,820.6149801760886,,1,1.0,0.0
HBARUSDT-OGNUSDT,16.729592914610507,1,16.729592914610507,,1,1.0,0.0
HBARUSDT-OMNIUSDT,425.1492150049251,1,425.1492150049251,,1,1.0,0.0
HBARUSDT-OPUSDT,720.8351071839726,1,720.8351071839726,,1,1.0,0.0
HBARUSDT-PHAUSDT,312.3768401393784,1,312.3768401393784,,1,1.0,0.0
HBARUSDT-QNTUSDT,1011.2325556203735,1,1011.2325556203735,,1,1.0,0.0
HBARUSDT-RENDERUSDT,89.55301243002182,1,89.55301243002182,,1,1.0,0.0
HBARUSDT-SANTOSUSDT,2509.567050983286,1,2509.567050983286,,1,1.0,0.0
HBARUSDT-SOLUSDT,2165.166016453916,1,2165.166016453916,,1,1.0,0.0
HBARUSDT-SPELLUSDT,140.29136533185294,1,140.29136533185294,,1,1.0,0.0
HBARUSDT-STRAXUSDT,780.7663083211542,1,780.7663083211542,,1,1.0,0.0
HBARUSDT-SXPUSDT,140.03988054363535,1,140.03988054363535,,1,1.0,0.0
HBARUSDT-UNIUSDT,2629.452785580017,1,2629.452785580017,,1,1.0,0.0
HBARUSDT-VICUSDT,213.57001679459296,1,213.57001679459296,,1,1.0,0.0
HBARUSDT-YFIUSDT,707.0374847932355,1,707.0374847932355,,1,1.0,0.0
HEIUSDT-HOTUSDT,1415.9163430098338,1,1415.9163430098338,,1,1.0,0.0
HEIUSDT-INJUSDT,3892.466110200472,1,3892.466110200472,,1,1.0,0.0
HEIUSDT-JOEUSDT,1352.0415580578033,1,1352.0415580578033,,1,1.0,0.0
HEIUSDT-KAIAUSDT,4929.909317684222,1,4929.909317684222,,1,1.0,0.0
HEIUSDT-MANAUSDT,58.15478175563998,1,58.15478175563998,,1,1.0,0.0
HEIUSDT-ORCAUSDT,1479.3048998552065,1,1479.3048998552065,,1,1.0,0.0
HEIUSDT-PARTIUSDT,1045.3311602047638,1,1045.3311602047638,,1,1.0,0.0
HEIUSDT-PHAUSDT,346.82749627454587,1,346.82749627454587,,1,1.0,0.0
HEIUSDT-PORTALUSDT,1222.0809285739306,1,1222.0809285739306,,1,1.0,0.0
HEIUSDT-ROSEUSDT,1633.8883956052575,1,1633.8883956052575,,1,1.0,0.0
HEIUSDT-RPLUSDT,2685.8253410512343,1,2685.8253410512343,,1,1.0,0.0
HEIUSDT-SAGAUSDT,931.7708451862188,1,931.7708451862188,,1,1.0,0.0
HEIUSDT-SKLUSDT,3593.2508850704385,1,3593.2508850704385,,1,1.0,0.0
HEIUSDT-SLPUSDT,453.5459941868677,1,453.5459941868677,,1,1.0,0.0
HEIUSDT-SOLUSDT,131.06890141029757,1,131.06890141029757,,1,1.0,0.0
HEIUSDT-SUSDT,1498.6010390073027,1,1498.6010390073027,,1,1.0,0.0
HEIUSDT-USUALUSDT,544.2802035879071,1,544.2802035879071,,1,1.0,0.0
HEIUSDT-WOOUSDT,2210.037440009794,1,2210.037440009794,,1,1.0,0.0
HEIUSDT-XLMUSDT,628.9025733925329,1,628.9025733925329,,1,1.0,0.0
HEIUSDT-XRPUSDT,1186.3206378478733,1,1186.3206378478733,,1,1.0,0.0
HEIUSDT-XVGUSDT,2327.6158867140807,1,2327.6158867140807,,1,1.0,0.0
HEIUSDT-ZKUSDT,425.11719887475743,1,425.11719887475743,,1,1.0,0.0
HEIUSDT-ZROUSDT,2238.798106777791,1,2238.798106777791,,1,1.0,0.0
HFTUSDT-HIVEUSDT,1867.0690309507931,1,1867.0690309507931,,1,1.0,0.0
HFTUSDT-HMSTRUSDT,272.39312479561886,1,272.39312479561886,,1,1.0,0.0
HFTUSDT-HOTUSDT,3013.023923405813,1,3013.023923405813,,1,1.0,0.0
HFTUSDT-KDAUSDT,316.61870260431573,1,316.61870260431573,,1,1.0,0.0
HFTUSDT-KSMUSDT,470.6787103484549,1,470.6787103484549,,1,1.0,0.0
HFTUSDT-LEVERUSDT,510.719457577217,1,510.719457577217,,1,1.0,0.0
HFTUSDT-LTCUSDT,4232.316128776351,1,4232.316128776351,,1,1.0,0.0
HFTUSDT-MANAUSDT,104.56816158461804,1,104.56816158461804,,1,1.0,0.0
HFTUSDT-MOVEUSDT,133.1991781978049,1,133.1991781978049,,1,1.0,0.0
HFTUSDT-MTLUSDT,1481.6185358412836,1,1481.6185358412836,,1,1.0,0.0
HFTUSDT-NFPUSDT,70.09187869102777,1,70.09187869102777,,1,1.0,0.0
HFTUSDT-NMRUSDT,134.34868439587729,1,134.34868439587729,,1,1.0,0.0
HFTUSDT-OXTUSDT,701.4397704187631,1,701.4397704187631,,1,1.0,0.0
HFTUSDT-PAXGUSDT,162.38097259220666,1,162.38097259220666,,1,1.0,0.0
HFTUSDT-PENDLEUSDT,42.9474490328382,1,42.9474490328382,,1,1.0,0.0
HFTUSDT-RAREUSDT,172.7913009357948,1,172.7913009357948,,1,1.0,0.0
HFTUSDT-RDNTUSDT,306.5872353483184,1,306.5872353483184,,1,1.0,0.0
HFTUSDT-RIFUSDT,948.1034272429928,1,948.1034272429928,,1,1.0,0.0
HFTUSDT-RONINUSDT,1042.351375228441,1,1042.351375228441,,1,1.0,0.0
HFTUSDT-SCRTUSDT,191.14467166091663,1,191.14467166091663,,1,1.0,0.0
HFTUSDT-SCRUSDT,2733.5592589383577,1,2733.5592589383577,,1,1.0,0.0
HFTUSDT-SLPUSDT,2479.16810098271,1,2479.16810098271,,1,1.0,0.0
HFTUSDT-STGUSDT,539.7221380497076,1,539.7221380497076,,1,1.0,0.0
HFTUSDT-STORJUSDT,120.04381817921016,1,120.04381817921016,,1,1.0,0.0
HFTUSDT-SUSHIUSDT,359.8692618460051,1,359.8692618460051,,1,1.0,0.0
HFTUSDT-THEUSDT,356.63569905173284,1,356.63569905173284,,1,1.0,0.0
HFTUSDT-TLMUSDT,1613.7566583307491,1,1613.7566583307491,,1,1.0,0.0
HFTUSDT-TROYUSDT,239.20995634668424,1,239.20995634668424,,1,1.0,0.0
HFTUSDT-TURBOUSDT,123.9930379157089,1,123.9930379157089,,1,1.0,0.0
HFTUSDT-VTHOUSDT,157.85048516674826,1,157.85048516674826,,1,1.0,0.0
HIFIUSDT-HOOKUSDT,1595.6730435821717,1,1595.6730435821717,,1,1.0,0.0
HIFIUSDT-JASMYUSDT,1384.185457518889,1,1384.185457518889,,1,1.0,0.0
HIFIUSDT-KDAUSDT,1354.611411205154,1,1354.611411205154,,1,1.0,0.0
HIFIUSDT-MBOXUSDT,43.291828534561866,1,43.291828534561866,,1,1.0,0.0
HIFIUSDT-MEMEUSDT,1993.41920434496,1,1993.41920434496,,1,1.0,0.0
HIFIUSDT-MLNUSDT,91.33105661705626,1,91.33105661705626,,1,1.0,0.0
HIFIUSDT-OPUSDT,1356.174327582948,1,1356.174327582948,,1,1.0,0.0
HIFIUSDT-ORDIUSDT,10458.351448244528,1,10458.351448244528,,1,1.0,0.0
HIFIUSDT-PEOPLEUSDT,1437.5432544929708,1,1437.5432544929708,,1,1.0,0.0
HIFIUSDT-POLYXUSDT,138.8835534480246,1,138.8835534480246,,1,1.0,0.0
HIFIUSDT-ROSEUSDT,697.6371599996511,1,697.6371599996511,,1,1.0,0.0
HIFIUSDT-SSVUSDT,514.0322440719762,1,514.0322440719762,,1,1.0,0.0
HIFIUSDT-STEEMUSDT,119.67646628026856,1,119.67646628026856,,1,1.0,0.0
HIFIUSDT-SUPERUSDT,160.2143926319829,1,160.2143926319829,,1,1.0,0.0
HIFIUSDT-TRUUSDT,374.059166066946,1,374.059166066946,,1,1.0,0.0
HIFIUSDT-TURBOUSDT,21357.83524828357,1,21357.83524828357,,1,1.0,0.0
HIFIUSDT-UMAUSDT,30.462111800703426,1,30.462111800703426,,1,1.0,0.0
HIFIUSDT-VANRYUSDT,66.3390158499742,1,66.3390158499742,,1,1.0,0.0
HIGHUSDT-HOOKUSDT,101.45064527895396,1,101.45064527895396,,1,1.0,0.0
HIGHUSDT-ICPUSDT,420.7693621572761,1,420.7693621572761,,1,1.0,0.0
HIGHUSDT-KAIAUSDT,201.72870091116545,1,201.72870091116545,,1,1.0,0.0
HIGHUSDT-KAVAUSDT,3833.241822967625,1,3833.241822967625,,1,1.0,0.0
HIGHUSDT-LINAUSDT,31.08310805107912,1,31.08310805107912,,1,1.0,0.0
HIGHUSDT-LISTAUSDT,1368.3427982117262,1,1368.3427982117262,,1,1.0,0.0
HIGHUSDT-MAGICUSDT,288.48324541788685,1,288.48324541788685,,1,1.0,0.0
HIGHUSDT-OXTUSDT,26.2722033290527,1,26.2722033290527,,1,1.0,0.0
HIGHUSDT-RIFUSDT,2796.935474836037,1,2796.935474836037,,1,1.0,0.0
HIGHUSDT-ROSEUSDT,1126.6273782338858,1,1126.6273782338858,,1,1.0,0.0
HIGHUSDT-RPLUSDT,24.711046049978503,1,24.711046049978503,,1,1.0,0.0
HIGHUSDT-SEIUSDT,1217.831549974366,1,1217.831549974366,,1,1.0,0.0
HIGHUSDT-TRUUSDT,4145.492582793124,1,4145.492582793124,,1,1.0,0.0
HIGHUSDT-VANRYUSDT,920.8160185363902,1,920.8160185363902,,1,1.0,0.0
HIGHUSDT-VETUSDT,517.344648124587,1,517.344648124587,,1,1.0,0.0
HIGHUSDT-VICUSDT,205.9701598625794,1,205.9701598625794,,1,1.0,0.0
HIGHUSDT-WIFUSDT,1575.4860376512097,1,1575.4860376512097,,1,1.0,0.0
HIVEUSDT-HOOKUSDT,4121.988375407063,1,4121.988375407063,,1,1.0,0.0
HIVEUSDT-ILVUSDT,249.70937261501487,1,249.70937261501487,,1,1.0,0.0
HIVEUSDT-IMXUSDT,386.5200928183351,1,386.5200928183351,,1,1.0,0.0
HIVEUSDT-IOTAUSDT,771.1180241761332,1,771.1180241761332,,1,1.0,0.0
HIVEUSDT-IOUSDT,663.1330906850657,1,663.1330906850657,,1,1.0,0.0
HIVEUSDT-JUPUSDT,1065.3385815015652,1,1065.3385815015652,,1,1.0,0.0
HIVEUSDT-KDAUSDT,407.0236210808097,1,407.0236210808097,,1,1.0,0.0
HIVEUSDT-KSMUSDT,6274.079139517481,1,6274.079139517481,,1,1.0,0.0
HIVEUSDT-LISTAUSDT,844.676291044779,1,844.676291044779,,1,1.0,0.0
HIVEUSDT-MANAUSDT,5516.003137295058,1,5516.003137295058,,1,1.0,0.0
HIVEUSDT-MLNUSDT,341.5769855682952,1,341.5769855682952,,1,1.0,0.0
HIVEUSDT-PEOPLEUSDT,2572.6418678676982,1,2572.6418678676982,,1,1.0,0.0
HIVEUSDT-RAYUSDT,1755.0023607330825,1,1755.0023607330825,,1,1.0,0.0
HIVEUSDT-SANTOSUSDT,166.0043180089016,1,166.0043180089016,,1,1.0,0.0
HIVEUSDT-SEIUSDT,1252.626179168922,1,1252.626179168922,,1,1.0,0.0
HIVEUSDT-SSVUSDT,261.4781134404967,1,261.4781134404967,,1,1.0,0.0
HIVEUSDT-STXUSDT,519.5605343678885,1,519.5605343678885,,1,1.0,0.0
HIVEUSDT-TIAUSDT,42.39525153477902,1,42.39525153477902,,1,1.0,0.0
HIVEUSDT-TURBOUSDT,543.8273714988992,1,543.8273714988992,,1,1.0,0.0
HIVEUSDT-UNIUSDT,1256.8308572113012,1,1256.8308572113012,,1,1.0,0.0
HIVEUSDT-USUALUSDT,204.34746836296125,1,204.34746836296125,,1,1.0,0.0
HIVEUSDT-VICUSDT,3.426823665425637,1,3.426823665425637,,1,1.0,0.0
HIVEUSDT-VOXELUSDT,29.317129422857803,1,29.317129422857803,,1,1.0,0.0
HIVEUSDT-WUSDT,47.74656670664449,1,47.74656670664449,,1,1.0,0.0
HIVEUSDT-XVSUSDT,76.89581178052862,1,76.89581178052862,,1,1.0,0.0
HMSTRUSDT-HOOKUSDT,3504.537148703754,1,3504.537148703754,,1,1.0,0.0
HMSTRUSDT-ICPUSDT,2516.63431120004,1,2516.63431120004,,1,1.0,0.0
HMSTRUSDT-INJUSDT,356.113921583244,1,356.113921583244,,1,1.0,0.0
HMSTRUSDT-JOEUSDT,274.2010205404557,1,274.2010205404557,,1,1.0,0.0
HMSTRUSDT-KSMUSDT,27.28345802396329,1,27.28345802396329,,1,1.0,0.0
HMSTRUSDT-LINAUSDT,301.72401132505604,1,301.72401132505604,,1,1.0,0.0
HMSTRUSDT-LINKUSDT,1199.0815486195163,1,1199.0815486195163,,1,1.0,0.0
HMSTRUSDT-MASKUSDT,6368.802366372974,1,6368.802366372974,,1,1.0,0.0
HMSTRUSDT-MAVUSDT,184.36705187772463,1,184.36705187772463,,1,1.0,0.0
HMSTRUSDT-MEUSDT,118.40477270943852,1,118.40477270943852,,1,1.0,0.0
HMSTRUSDT-MTLUSDT,1340.3941298593556,1,1340.3941298593556,,1,1.0,0.0
HMSTRUSDT-NEARUSDT,892.6429449449979,1,892.6429449449979,,1,1.0,0.0
HMSTRUSDT-NILUSDT,1012.567720820298,1,1012.567720820298,,1,1.0,0.0
HMSTRUSDT-NMRUSDT,459.4073821929765,1,459.4073821929765,,1,1.0,0.0
HMSTRUSDT-ONEUSDT,1137.3219411855646,1,1137.3219411855646,,1,1.0,0.0
HMSTRUSDT-POLUSDT,848.7043185363003,1,848.7043185363003,,1,1.0,0.0
HMSTRUSDT-RIFUSDT,941.1848810630656,1,941.1848810630656,,1,1.0,0.0
HMSTRUSDT-STORJUSDT,385.4858299926753,1,385.4858299926753,,1,1.0,0.0
HMSTRUSDT-STRAXUSDT,129.01623627214917,1,129.01623627214917,,1,1.0,0.0
HMSTRUSDT-SUSHIUSDT,752.9775821775746,1,752.9775821775746,,1,1.0,0.0
HMSTRUSDT-VIDTUSDT,327.95702286802015,1,327.95702286802015,,1,1.0,0.0
HMSTRUSDT-WLDUSDT,224.46214603713807,1,224.46214603713807,,1,1.0,0.0
HOOKUSDT-IOTAUSDT,46.52226640612999,1,46.52226640612999,,1,1.0,0.0
HOOKUSDT-IOUSDT,1626.758514082729,1,1626.758514082729,,1,1.0,0.0
HOOKUSDT-JASMYUSDT,1172.30465681327,1,1172.30465681327,,1,1.0,0.0
HOOKUSDT-KNCUSDT,746.4904573921256,1,746.4904573921256,,1,1.0,0.0
HOOKUSDT-LEVERUSDT,224.98531738679924,1,224.98531738679924,,1,1.0,0.0
HOOKUSDT-LINAUSDT,220.7976040059526,1,220.7976040059526,,1,1.0,0.0
HOOKUSDT-LOKAUSDT,620.88614816642,1,620.88614816642,,1,1.0,0.0
HOOKUSDT-LTCUSDT,4840.717398052487,1,4840.717398052487,,1,1.0,0.0
HOOKUSDT-MEMEUSDT,5320.003988790187,1,5320.003988790187,,1,1.0,0.0
HOOKUSDT-MLNUSDT,107.22290363454852,1,107.22290363454852,,1,1.0,0.0
HOOKUSDT-NILUSDT,129.7145912697481,1,129.7145912697481,,1,1.0,0.0
HOOKUSDT-NKNUSDT,1759.656814083232,1,1759.656814083232,,1,1.0,0.0
HOOKUSDT-OPUSDT,373.0656698056432,1,373.0656698056432,,1,1.0,0.0
HOOKUSDT-PAXGUSDT,63.9755199719088,1,63.9755199719088,,1,1.0,0.0
HOOKUSDT-PHBUSDT,868.0981708076856,1,868.0981708076856,,1,1.0,0.0
HOOKUSDT-RADUSDT,260.9705370442288,1,260.9705370442288,,1,1.0,0.0
HOOKUSDT-RLCUSDT,203.48880283005408,1,203.48880283005408,,1,1.0,0.0
HOOKUSDT-SANDUSDT,919.58943311013,1,919.58943311013,,1,1.0,0.0
HOOKUSDT-SFPUSDT,288.30262213299164,1,288.30262213299164,,1,1.0,0.0
HOOKUSDT-SNXUSDT,264.0914893061068,1,264.0914893061068,,1,1.0,0.0
HOOKUSDT-SUNUSDT,2036.4789195717924,1,2036.4789195717924,,1,1.0,0.0
HOOKUSDT-SUSDT,467.46417864270256,1,467.46417864270256,,1,1.0,0.0
HOOKUSDT-THEUSDT,94.13368471016486,1,94.13368471016486,,1,1.0,0.0
HOOKUSDT-TNSRUSDT,5823.557646335965,1,5823.557646335965,,1,1.0,0.0
HOOKUSDT-TSTUSDT,175.01526858023047,1,175.01526858023047,,1,1.0,0.0
HOOKUSDT-UMAUSDT,84.12809380160341,1,84.12809380160341,,1,1.0,0.0
HOOKUSDT-USTCUSDT,1435.704686384351,1,1435.704686384351,,1,1.0,0.0
HOOKUSDT-USUALUSDT,1673.280173075664,1,1673.280173075664,,1,1.0,0.0
HOOKUSDT-WAXPUSDT,495.0170777622084,1,495.0170777622084,,1,1.0,0.0
HOTUSDT-INJUSDT,394.3305796480649,1,394.3305796480649,,1,1.0,0.0
HOTUSDT-KNCUSDT,709.6136267175118,1,709.6136267175118,,1,1.0,0.0
HOTUSDT-LISTAUSDT,1819.5552528357125,1,1819.5552528357125,,1,1.0,0.0
HOTUSDT-LSKUSDT,83.56711916171054,1,83.56711916171054,,1,1.0,0.0
HOTUSDT-NKNUSDT,2173.716456115969,1,2173.716456115969,,1,1.0,0.0
HOTUSDT-OXTUSDT,732.1833420712844,1,732.1833420712844,,1,1.0,0.0
HOTUSDT-PEOPLEUSDT,4995.365102990865,1,4995.365102990865,,1,1.0,0.0
HOTUSDT-POWRUSDT,807.5728938239988,1,807.5728938239988,,1,1.0,0.0
HOTUSDT-QTUMUSDT,827.0317215989788,1,827.0317215989788,,1,1.0,0.0
HOTUSDT-RIFUSDT,27.90902354916225,1,27.90902354916225,,1,1.0,0.0
HOTUSDT-RONINUSDT,759.365450797892,1,759.365450797892,,1,1.0,0.0
HOTUSDT-THEUSDT,937.8787410413436,1,937.8787410413436,,1,1.0,0.0
HOTUSDT-TLMUSDT,482.2381709368169,1,482.2381709368169,,1,1.0,0.0
HOTUSDT-TWTUSDT,210.0827225557944,1,210.0827225557944,,1,1.0,0.0
HOTUSDT-VANAUSDT,1454.057711915997,1,1454.057711915997,,1,1.0,0.0
HOTUSDT-VANRYUSDT,4176.62707279348,1,4176.62707279348,,1,1.0,0.0
HOTUSDT-VOXELUSDT,1214.485102338779,1,1214.485102338779,,1,1.0,0.0
HOTUSDT-XRPUSDT,312.53965039496154,1,312.53965039496154,,1,1.0,0.0
HOTUSDT-XVSUSDT,570.0109754198672,1,570.0109754198672,,1,1.0,0.0
HOTUSDT-YGGUSDT,412.22049863546016,1,412.22049863546016,,1,1.0,0.0
HOTUSDT-ZILUSDT,290.67504405982805,1,290.67504405982805,,1,1.0,0.0
HOTUSDT-ZRXUSDT,315.7985412120363,1,315.7985412120363,,1,1.0,0.0
ICPUSDT-ICXUSDT,184.26941807994876,1,184.26941807994876,,1,1.0,0.0
ICPUSDT-IDUSDT,1374.0391594072717,1,1374.0391594072717,,1,1.0,0.0
ICPUSDT-ILVUSDT,563.0314685478415,1,563.0314685478415,,1,1.0,0.0
ICPUSDT-KNCUSDT,219.8197650176025,1,219.8197650176025,,1,1.0,0.0
ICPUSDT-LSKUSDT,523.6518339408636,1,523.6518339408636,,1,1.0,0.0
ICPUSDT-MANTAUSDT,971.1898621505558,1,971.1898621505558,,1,1.0,0.0
ICPUSDT-MINAUSDT,41.51629108245331,1,41.51629108245331,,1,1.0,0.0
ICPUSDT-NEARUSDT,189.47349116548023,1,189.47349116548023,,1,1.0,0.0
ICPUSDT-ORCAUSDT,227.3638999027525,1,227.3638999027525,,1,1.0,0.0
ICPUSDT-PARTIUSDT,1428.9638463483554,1,1428.9638463483554,,1,1.0,0.0
ICPUSDT-PYTHUSDT,774.7068832156677,1,774.7068832156677,,1,1.0,0.0
ICPUSDT-QTUMUSDT,495.4472873375814,1,495.4472873375814,,1,1.0,0.0
ICPUSDT-QUICKUSDT,899.0941134989022,1,899.0941134989022,,1,1.0,0.0
ICPUSDT-RAYUSDT,5629.318562118103,1,5629.318562118103,,1,1.0,0.0
ICPUSDT-RLCUSDT,403.0339575438863,1,403.0339575438863,,1,1.0,0.0
ICPUSDT-SOLUSDT,1580.4281651994606,1,1580.4281651994606,,1,1.0,0.0
ICPUSDT-SSVUSDT,813.2284184962537,1,813.2284184962537,,1,1.0,0.0
ICPUSDT-SUPERUSDT,3156.968271134953,1,3156.968271134953,,1,1.0,0.0
ICPUSDT-SUSDT,1885.0444461570723,1,1885.0444461570723,,1,1.0,0.0
ICPUSDT-SXPUSDT,1469.739166216185,1,1469.739166216185,,1,1.0,0.0
ICPUSDT-USUALUSDT,5.454651918954582,1,5.454651918954582,,1,1.0,0.0
ICPUSDT-VETUSDT,56.93131783623502,1,56.93131783623502,,1,1.0,0.0
ICPUSDT-WUSDT,1945.4988601494924,1,1945.4988601494924,,1,1.0,0.0
ICPUSDT-XVGUSDT,392.1545216782504,1,392.1545216782504,,1,1.0,0.0
ICPUSDT-ZROUSDT,98.64781581948436,1,98.64781581948436,,1,1.0,0.0
ICXUSDT-IDEXUSDT,1262.1049682499852,1,1262.1049682499852,,1,1.0,0.0
ICXUSDT-ILVUSDT,138.66590642165082,1,138.66590642165082,,1,1.0,0.0
ICXUSDT-IMXUSDT,671.387530675012,1,671.387530675012,,1,1.0,0.0
ICXUSDT-INJUSDT,42.62259663062027,1,42.62259663062027,,1,1.0,0.0
ICXUSDT-JASMYUSDT,22.211006934001333,1,22.211006934001333,,1,1.0,0.0
ICXUSDT-KAVAUSDT,16.72912777983788,1,16.72912777983788,,1,1.0,0.0
ICXUSDT-LINAUSDT,3.7518115186417305,1,3.7518115186417305,,1,1.0,0.0
ICXUSDT-LOKAUSDT,376.82334691526455,1,376.82334691526455,,1,1.0,0.0
ICXUSDT-LPTUSDT,198.00146997974724,1,198.00146997974724,,1,1.0,0.0
ICXUSDT-LUMIAUSDT,91.16133019020556,1,91.16133019020556,,1,1.0,0.0
ICXUSDT-MASKUSDT,50.28928322261606,1,50.28928322261606,,1,1.0,0.0
ICXUSDT-MINAUSDT,359.8141549757248,1,359.8141549757248,,1,1.0,0.0
ICXUSDT-MOVEUSDT,144.07723914144012,1,144.07723914144012,,1,1.0,0.0
ICXUSDT-ORCAUSDT,2081.5694029904407,1,2081.5694029904407,,1,1.0,0.0
ICXUSDT-PERPUSDT,1331.9118392205266,1,1331.9118392205266,,1,1.0,0.0
ICXUSDT-PROMUSDT,15.906866253372948,1,15.906866253372948,,1,1.0,0.0
ICXUSDT-PYTHUSDT,1228.286298323421,1,1228.286298323421,,1,1.0,0.0
ICXUSDT-RIFUSDT,3891.573321832203,1,3891.573321832203,,1,1.0,0.0
ICXUSDT-SAGAUSDT,1875.3388381495613,1,1875.3388381495613,,1,1.0,0.0
ICXUSDT-SUSHIUSDT,668.913992095961,1,668.913992095961,,1,1.0,0.0
ICXUSDT-TNSRUSDT,1693.6262361634117,1,1693.6262361634117,,1,1.0,0.0
ICXUSDT-TONUSDT,154.05334814086507,1,154.05334814086507,,1,1.0,0.0
ICXUSDT-YFIUSDT,186.4598950141608,1,186.4598950141608,,1,1.0,0.0
IDEXUSDT-IMXUSDT,651.503566434309,1,651.503566434309,,1,1.0,0.0
IDEXUSDT-JTOUSDT,2444.306080803027,1,2444.306080803027,,1,1.0,0.0
IDEXUSDT-JUPUSDT,263.44841951854244,1,263.44841951854244,,1,1.0,0.0
IDEXUSDT-LAYERUSDT,3607.783080452005,1,3607.783080452005,,1,1.0,0.0
IDEXUSDT-LRCUSDT,57.44744558908705,1,57.44744558908705,,1,1.0,0.0
IDEXUSDT-LTCUSDT,18.714667527861927,1,18.714667527861927,,1,1.0,0.0
IDEXUSDT-LUMIAUSDT,146.9470058596298,1,146.9470058596298,,1,1.0,0.0
IDEXUSDT-NEARUSDT,397.29175264640105,1,397.29175264640105,,1,1.0,0.0
IDEXUSDT-NKNUSDT,126.32704743580273,1,126.32704743580273,,1,1.0,0.0
IDEXUSDT-NULSUSDT,165.9542963366515,1,165.9542963366515,,1,1.0,0.0
IDEXUSDT-ONTUSDT,932.5889887332928,1,932.5889887332928,,1,1.0,0.0
IDEXUSDT-ORDIUSDT,993.6759856932318,1,993.6759856932318,,1,1.0,0.0
IDEXUSDT-OXTUSDT,71.18291901274247,1,71.18291901274247,,1,1.0,0.0
IDEXUSDT-REZUSDT,130.94045416756683,1,130.94045416756683,,1,1.0,0.0
IDEXUSDT-SCRUSDT,818.7398767817248,1,818.7398767817248,,1,1.0,0.0
IDEXUSDT-STPTUSDT,388.2292389378517,1,388.2292389378517,,1,1.0,0.0
IDEXUSDT-STRKUSDT,477.5775543809397,1,477.5775543809397,,1,1.0,0.0
IDEXUSDT-SUSDT,73.79937648844766,1,73.79937648844766,,1,1.0,0.0
IDEXUSDT-SUSHIUSDT,4019.342735105453,1,4019.342735105453,,1,1.0,0.0
IDEXUSDT-TRBUSDT,1417.3101727075452,1,1417.3101727075452,,1,1.0,0.0
IDEXUSDT-TURBOUSDT,134.18650963296636,1,134.18650963296636,,1,1.0,0.0
IDEXUSDT-UNIUSDT,25.57965246936385,1,25.57965246936385,,1,1.0,0.0
IDEXUSDT-USUALUSDT,337.4224099043818,1,337.4224099043818,,1,1.0,0.0
IDEXUSDT-VOXELUSDT,227.85692438224044,1,227.85692438224044,,1,1.0,0.0
IDUSDT-KSMUSDT,122.20521547089054,1,122.20521547089054,,1,1.0,0.0
IDUSDT-LINKUSDT,901.6248768157571,1,901.6248768157571,,1,1.0,0.0
IDUSDT-LQTYUSDT,623.796013158797,1,623.796013158797,,1,1.0,0.0
IDUSDT-LRCUSDT,2335.818053042618,1,2335.818053042618,,1,1.0,0.0
IDUSDT-LTCUSDT,1329.5350400560642,1,1329.5350400560642,,1,1.0,0.0
IDUSDT-MKRUSDT,464.4411221220082,1,464.4411221220082,,1,1.0,0.0
IDUSDT-NEIROUSDT,9165.366959804744,1,9165.366959804744,,1,1.0,0.0
IDUSDT-NMRUSDT,668.6577218297095,1,668.6577218297095,,1,1.0,0.0
IDUSDT-NULSUSDT,901.3928848481504,1,901.3928848481504,,1,1.0,0.0
IDUSDT-PHBUSDT,3019.6354804360885,1,3019.6354804360885,,1,1.0,0.0
IDUSDT-PORTALUSDT,1320.757901023746,1,1320.757901023746,,1,1.0,0.0
IDUSDT-SANTOSUSDT,703.6767815952416,1,703.6767815952416,,1,1.0,0.0
IDUSDT-SKLUSDT,137.77880616952237,1,137.77880616952237,,1,1.0,0.0
IDUSDT-SNXUSDT,36.46142353974049,1,36.46142353974049,,1,1.0,0.0
IDUSDT-SUPERUSDT,222.3770136111452,1,222.3770136111452,,1,1.0,0.0
IDUSDT-THETAUSDT,49.35290963284377,1,49.35290963284377,,1,1.0,0.0
IDUSDT-VOXELUSDT,41.98312913740277,1,41.98312913740277,,1,1.0,0.0
IDUSDT-XVGUSDT,2176.1904979033834,1,2176.1904979033834,,1,1.0,0.0
ILVUSDT-INJUSDT,354.2521991025523,1,354.2521991025523,,1,1.0,0.0
ILVUSDT-IOSTUSDT,1815.7092555344016,1,1815.7092555344016,,1,1.0,0.0
ILVUSDT-JASMYUSDT,3370.25128562712,1,3370.25128562712,,1,1.0,0.0
ILVUSDT-JOEUSDT,21.124570299333683,1,21.124570299333683,,1,1.0,0.0
ILVUSDT-LDOUSDT,1614.0264027930543,1,1614.0264027930543,,1,1.0,0.0
ILVUSDT-LSKUSDT,720.6674747221364,1,720.6674747221364,,1,1.0,0.0
ILVUSDT-MBOXUSDT,29.6162640118772,1,29.6162640118772,,1,1.0,0.0
ILVUSDT-MOVEUSDT,2634.094673145992,1,2634.094673145992,,1,1.0,0.0
ILVUSDT-NEIROUSDT,131.6351101565011,1,131.6351101565011,,1,1.0,0.0
ILVUSDT-NKNUSDT,24.697604301129477,1,24.697604301129477,,1,1.0,0.0
ILVUSDT-NMRUSDT,198.14072137174617,1,198.14072137174617,,1,1.0,0.0
ILVUSDT-OMNIUSDT,1058.1388173502912,1,1058.1388173502912,,1,1.0,0.0
ILVUSDT-ORCAUSDT,1700.825282629543,1,1700.825282629543,,1,1.0,0.0
ILVUSDT-PAXGUSDT,101.5943308269587,1,101.5943308269587,,1,1.0,0.0
ILVUSDT-PORTALUSDT,3684.8617671811353,1,3684.8617671811353,,1,1.0,0.0
ILVUSDT-RDNTUSDT,1688.8353156304345,1,1688.8353156304345,,1,1.0,0.0
ILVUSDT-REIUSDT,16.438364361340767,1,16.438364361340767,,1,1.0,0.0
ILVUSDT-REZUSDT,3666.799180648523,1,3666.799180648523,,1,1.0,0.0
ILVUSDT-RLCUSDT,333.0446929863542,1,333.0446929863542,,1,1.0,0.0
ILVUSDT-RONINUSDT,2069.425907576681,1,2069.425907576681,,1,1.0,0.0
ILVUSDT-SFPUSDT,1097.9924274886466,1,1097.9924274886466,,1,1.0,0.0
ILVUSDT-SOLUSDT,3271.873934171638,1,3271.873934171638,,1,1.0,0.0
ILVUSDT-STGUSDT,1376.8482857232752,1,1376.8482857232752,,1,1.0,0.0
ILVUSDT-SUIUSDT,3788.29739427779,1,3788.29739427779,,1,1.0,0.0
ILVUSDT-TAOUSDT,198.0712363670084,1,198.0712363670084,,1,1.0,0.0
ILVUSDT-TRUMPUSDT,3138.0239839690503,1,3138.0239839690503,,1,1.0,0.0
ILVUSDT-TWTUSDT,2029.892757740905,1,2029.892757740905,,1,1.0,0.0
ILVUSDT-UNIUSDT,2293.2824841980027,1,2293.2824841980027,,1,1.0,0.0
ILVUSDT-USTCUSDT,912.5763495646512,1,912.5763495646512,,1,1.0,0.0
ILVUSDT-VOXELUSDT,1189.3988910143794,1,1189.3988910143794,,1,1.0,0.0
ILVUSDT-WOOUSDT,1702.451568064274,1,1702.451568064274,,1,1.0,0.0
ILVUSDT-WUSDT,1328.3854683367886,1,1328.3854683367886,,1,1.0,0.0
ILVUSDT-XRPUSDT,2854.167305190312,1,2854.167305190312,,1,1.0,0.0
ILVUSDT-XVGUSDT,599.7812630374076,1,599.7812630374076,,1,1.0,0.0
ILVUSDT-ZENUSDT,824.4796895850366,1,824.4796895850366,,1,1.0,0.0
IMXUSDT-IOSTUSDT,46.93974098192581,1,46.93974098192581,,1,1.0,0.0
IMXUSDT-IOUSDT,897.6712765666689,1,897.6712765666689,,1,1.0,0.0
IMXUSDT-MASKUSDT,170.8418454052005,1,170.8418454052005,,1,1.0,0.0
IMXUSDT-MAVUSDT,493.5755329851672,1,493.5755329851672,,1,1.0,0.0
IMXUSDT-MINAUSDT,180.3436583502664,1,180.3436583502664,,1,1.0,0.0
IMXUSDT-NEARUSDT,1048.303932559264,1,1048.303932559264,,1,1.0,0.0
IMXUSDT-NEIROUSDT,1254.9593672102442,1,1254.9593672102442,,1,1.0,0.0
IMXUSDT-NULSUSDT,1754.4557495699328,1,1754.4557495699328,,1,1.0,0.0
IMXUSDT-OMUSDT,6469.107570721541,1,6469.107570721541,,1,1.0,0.0
IMXUSDT-ONGUSDT,490.0098453316498,1,490.0098453316498,,1,1.0,0.0
IMXUSDT-PERPUSDT,1677.1211538155994,1,1677.1211538155994,,1,1.0,0.0
IMXUSDT-PHBUSDT,1986.7406052524957,1,1986.7406052524957,,1,1.0,0.0
IMXUSDT-POLYXUSDT,271.13185608171307,1,271.13185608171307,,1,1.0,0.0
IMXUSDT-QNTUSDT,1946.7961042160537,1,1946.7961042160537,,1,1.0,0.0
IMXUSDT-QUICKUSDT,945.948293335127,1,945.948293335127,,1,1.0,0.0
IMXUSDT-RIFUSDT,116.45420805700688,1,116.45420805700688,,1,1.0,0.0
IMXUSDT-SAGAUSDT,1005.091622158489,1,1005.091622158489,,1,1.0,0.0
IMXUSDT-SUPERUSDT,484.0514277707168,1,484.0514277707168,,1,1.0,0.0
IMXUSDT-SYNUSDT,2262.476612511085,1,2262.476612511085,,1,1.0,0.0
IMXUSDT-TLMUSDT,603.3875538863603,1,603.3875538863603,,1,1.0,0.0
IMXUSDT-TRBUSDT,4026.481648783913,1,4026.481648783913,,1,1.0,0.0
IMXUSDT-WIFUSDT,271.05828346719386,1,271.05828346719386,,1,1.0,0.0
IMXUSDT-XTZUSDT,281.846085176365,1,281.846085176365,,1,1.0,0.0
INJUSDT-KAVAUSDT,1434.2586537815466,1,1434.2586537815466,,1,1.0,0.0
INJUSDT-LUMIAUSDT,263.8153079312219,1,263.8153079312219,,1,1.0,0.0
INJUSDT-METISUSDT,77.96745927357053,1,77.96745927357053,,1,1.0,0.0
INJUSDT-MTLUSDT,122.25124561036397,1,122.25124561036397,,1,1.0,0.0
INJUSDT-NEARUSDT,828.7133195917286,1,828.7133195917286,,1,1.0,0.0
INJUSDT-NTRNUSDT,1389.3542552561942,1,1389.3542552561942,,1,1.0,0.0
INJUSDT-OMNIUSDT,263.6379731287534,1,263.6379731287534,,1,1.0,0.0
INJUSDT-ONEUSDT,2151.713875582981,1,2151.713875582981,,1,1.0,0.0
INJUSDT-POLYXUSDT,1346.4447366624272,1,1346.4447366624272,,1,1.0,0.0
INJUSDT-PYTHUSDT,405.41860282978826,1,405.41860282978826,,1,1.0,0.0
INJUSDT-RAREUSDT,194.427476852544,1,194.427476852544,,1,1.0,0.0
INJUSDT-RLCUSDT,695.565697822161,1,695.565697822161,,1,1.0,0.0
INJUSDT-SCRTUSDT,1504.1949036375038,1,1504.1949036375038,,1,1.0,0.0
INJUSDT-SCUSDT,1528.4376227398586,1,1528.4376227398586,,1,1.0,0.0
INJUSDT-SHELLUSDT,988.9621703877142,1,988.9621703877142,,1,1.0,0.0
INJUSDT-SUPERUSDT,229.78299259542013,1,229.78299259542013,,1,1.0,0.0
INJUSDT-VELODROMEUSDT,3743.8920834478367,1,3743.8920834478367,,1,1.0,0.0
INJUSDT-YFIUSDT,653.027362572107,1,653.027362572107,,1,1.0,0.0
INJUSDT-ZENUSDT,1502.9356534015803,1,1502.9356534015803,,1,1.0,0.0
INJUSDT-ZROUSDT,1345.1806951903873,1,1345.1806951903873,,1,1.0,0.0
INJUSDT-ZRXUSDT,1696.0420176458304,1,1696.0420176458304,,1,1.0,0.0
IOSTUSDT-KNCUSDT,529.5278641391517,1,529.5278641391517,,1,1.0,0.0
IOSTUSDT-MTLUSDT,382.6069537156523,1,382.6069537156523,,1,1.0,0.0
IOSTUSDT-NOTUSDT,30.4123097164533,1,30.4123097164533,,1,1.0,0.0
IOSTUSDT-OMNIUSDT,711.2828382543585,1,711.2828382543585,,1,1.0,0.0
IOSTUSDT-ORDIUSDT,6040.521058950779,1,6040.521058950779,,1,1.0,0.0
IOSTUSDT-PNUTUSDT,691.6483631601296,1,691.6483631601296,,1,1.0,0.0
IOSTUSDT-POLYXUSDT,918.6833774307272,1,918.6833774307272,,1,1.0,0.0
IOSTUSDT-PORTALUSDT,2894.031705170509,1,2894.031705170509,,1,1.0,0.0
IOSTUSDT-PROMUSDT,1218.2946340521505,1,1218.2946340521505,,1,1.0,0.0
IOSTUSDT-PYTHUSDT,2023.0199705857692,1,2023.0199705857692,,1,1.0,0.0
IOSTUSDT-QTUMUSDT,513.1107715267236,1,513.1107715267236,,1,1.0,0.0
IOSTUSDT-QUICKUSDT,1000.9065043552558,1,1000.9065043552558,,1,1.0,0.0
IOSTUSDT-RAYUSDT,2844.3989303947237,1,2844.3989303947237,,1,1.0,0.0
IOSTUSDT-RDNTUSDT,212.15268026588345,1,212.15268026588345,,1,1.0,0.0
IOSTUSDT-REIUSDT,2410.7867680756644,1,2410.7867680756644,,1,1.0,0.0
IOSTUSDT-RPLUSDT,13.710136859083306,1,13.710136859083306,,1,1.0,0.0
IOSTUSDT-SEIUSDT,33.109732100702175,1,33.109732100702175,,1,1.0,0.0
IOSTUSDT-STRKUSDT,521.2268231356148,1,521.2268231356148,,1,1.0,0.0
IOSTUSDT-TIAUSDT,5320.460222451613,1,5320.460222451613,,1,1.0,0.0
IOSTUSDT-TNSRUSDT,7907.356626667649,1,7907.356626667649,,1,1.0,0.0
IOSTUSDT-TURBOUSDT,1148.0092678359567,1,1148.0092678359567,,1,1.0,0.0
IOSTUSDT-UMAUSDT,737.2694326785827,1,737.2694326785827,,1,1.0,0.0
IOSTUSDT-UNIUSDT,3431.6359968511338,1,3431.6359968511338,,1,1.0,0.0
IOSTUSDT-USUALUSDT,586.6630002751301,1,586.6630002751301,,1,1.0,0.0
IOSTUSDT-VANAUSDT,119.1488299892376,1,119.1488299892376,,1,1.0,0.0
IOSTUSDT-VELODROMEUSDT,1443.2728777963052,1,1443.2728777963052,,1,1.0,0.0
IOSTUSDT-WAXPUSDT,1102.5511802040414,1,1102.5511802040414,,1,1.0,0.0
IOSTUSDT-ZENUSDT,1136.071450197987,1,1136.071450197987,,1,1.0,0.0
IOTAUSDT-JTOUSDT,313.2515941836414,1,313.2515941836414,,1,1.0,0.0
IOTAUSDT-KAVAUSDT,208.43401988031545,1,208.43401988031545,,1,1.0,0.0
IOTAUSDT-LRCUSDT,222.8221960415869,1,222.8221960415869,,1,1.0,0.0
IOTAUSDT-LSKUSDT,269.7789195149379,1,269.7789195149379,,1,1.0,0.0
IOTAUSDT-MEMEUSDT,228.0990131549359,1,228.0990131549359,,1,1.0,0.0
IOTAUSDT-MLNUSDT,12.000148199227588,1,12.000148199227588,,1,1.0,0.0
IOTAUSDT-NEIROUSDT,2370.808148255685,1,2370.808148255685,,1,1.0,0.0
IOTAUSDT-ONGUSDT,127.64782849002326,1,127.64782849002326,,1,1.0,0.0
IOTAUSDT-PENDLEUSDT,748.556960727395,1,748.556960727395,,1,1.0,0.0
IOTAUSDT-PENGUUSDT,372.95580660683993,1,372.95580660683993,,1,1.0,0.0
IOTAUSDT-PEOPLEUSDT,1815.2080108687255,1,1815.2080108687255,,1,1.0,0.0
IOTAUSDT-PERPUSDT,4600.956632534986,1,4600.956632534986,,1,1.0,0.0
IOTAUSDT-PIXELUSDT,59.272168666235736,1,59.272168666235736,,1,1.0,0.0
IOTAUSDT-PORTALUSDT,10008.640375513694,1,10008.640375513694,,1,1.0,0.0
IOTAUSDT-QTUMUSDT,27.056343592599937,1,27.056343592599937,,1,1.0,0.0
IOTAUSDT-QUICKUSDT,721.374871052564,1,721.374871052564,,1,1.0,0.0
IOTAUSDT-RPLUSDT,801.9112170812879,1,801.9112170812879,,1,1.0,0.0
IOTAUSDT-SEIUSDT,331.58667643334127,1,331.58667643334127,,1,1.0,0.0
IOTAUSDT-SPELLUSDT,616.7394166908394,1,616.7394166908394,,1,1.0,0.0
IOTAUSDT-STPTUSDT,1050.815281810335,1,1050.815281810335,,1,1.0,0.0
IOTAUSDT-TAOUSDT,1022.3081606370658,1,1022.3081606370658,,1,1.0,0.0
IOTAUSDT-TIAUSDT,3121.4301065313243,1,3121.4301065313243,,1,1.0,0.0
IOTAUSDT-TLMUSDT,973.9435172174236,1,973.9435172174236,,1,1.0,0.0
IOTAUSDT-VELODROMEUSDT,7.288714151006872,1,7.288714151006872,,1,1.0,0.0
IOTAUSDT-VOXELUSDT,254.9364940198051,1,254.9364940198051,,1,1.0,0.0
IOTAUSDT-VTHOUSDT,250.8937348415677,1,250.8937348415677,,1,1.0,0.0
IOTAUSDT-XTZUSDT,152.75899726071214,1,152.75899726071214,,1,1.0,0.0
IOTAUSDT-XVSUSDT,965.9388374230124,1,965.9388374230124,,1,1.0,0.0
IOTXUSDT-JASMYUSDT,1626.6598941737384,1,1626.6598941737384,,1,1.0,0.0
IOTXUSDT-JTOUSDT,181.229688495253,1,181.229688495253,,1,1.0,0.0
IOTXUSDT-KNCUSDT,339.95588515736955,1,339.95588515736955,,1,1.0,0.0
IOTXUSDT-LISTAUSDT,4124.514182977002,1,4124.514182977002,,1,1.0,0.0
IOTXUSDT-LSKUSDT,407.2357627714766,1,407.2357627714766,,1,1.0,0.0
IOTXUSDT-LTCUSDT,2526.911093918311,1,2526.911093918311,,1,1.0,0.0
IOTXUSDT-MANAUSDT,545.3766388509525,1,545.3766388509525,,1,1.0,0.0
IOTXUSDT-MANTAUSDT,3775.90972237172,1,3775.90972237172,,1,1.0,0.0
IOTXUSDT-MAVUSDT,1854.6505115996135,1,1854.6505115996135,,1,1.0,0.0
IOTXUSDT-MBOXUSDT,3743.889181389537,1,3743.889181389537,,1,1.0,0.0
IOTXUSDT-METISUSDT,4290.942872121868,1,4290.942872121868,,1,1.0,0.0
IOTXUSDT-MINAUSDT,1615.1575505464857,1,1615.1575505464857,,1,1.0,0.0
IOTXUSDT-NEIROUSDT,431.4467706665197,1,431.4467706665197,,1,1.0,0.0
IOTXUSDT-OGNUSDT,266.60501558966786,1,266.60501558966786,,1,1.0,0.0
IOTXUSDT-OPUSDT,898.338808397798,1,898.338808397798,,1,1.0,0.0
IOTXUSDT-PEOPLEUSDT,200.8936748172543,1,200.8936748172543,,1,1.0,0.0
IOTXUSDT-POWRUSDT,177.82163287842448,1,177.82163287842448,,1,1.0,0.0
IOTXUSDT-QUICKUSDT,635.6766401336438,1,635.6766401336438,,1,1.0,0.0
IOTXUSDT-RDNTUSDT,787.3542188652624,1,787.3542188652624,,1,1.0,0.0
IOTXUSDT-RVNUSDT,529.081472112057,1,529.081472112057,,1,1.0,0.0
IOTXUSDT-SANDUSDT,65.43295396162779,1,65.43295396162779,,1,1.0,0.0
IOTXUSDT-SUNUSDT,577.0413348157019,1,577.0413348157019,,1,1.0,0.0
IOTXUSDT-TLMUSDT,866.0772005277473,1,866.0772005277473,,1,1.0,0.0
IOTXUSDT-TSTUSDT,1248.1698257298467,1,1248.1698257298467,,1,1.0,0.0
IOTXUSDT-TWTUSDT,279.0692772306617,1,279.0692772306617,,1,1.0,0.0
IOTXUSDT-VANRYUSDT,159.10117341848806,1,159.10117341848806,,1,1.0,0.0
IOTXUSDT-WAXPUSDT,316.5316447388095,1,316.5316447388095,,1,1.0,0.0
IOUSDT-JOEUSDT,410.8951707142596,1,410.8951707142596,,1,1.0,0.0
IOUSDT-KAVAUSDT,74.04605165812306,1,74.04605165812306,,1,1.0,0.0
IOUSDT-KNCUSDT,628.5531929008048,1,628.5531929008048,,1,1.0,0.0
IOUSDT-LDOUSDT,2172.628050480582,1,2172.628050480582,,1,1.0,0.0
IOUSDT-LEVERUSDT,28.410387254522973,1,28.410387254522973,,1,1.0,0.0
IOUSDT-MAVUSDT,8194.992481371859,1,8194.992481371859,,1,1.0,0.0
IOUSDT-MUBARAKUSDT,351.2907394743149,1,351.2907394743149,,1,1.0,0.0
IOUSDT-ONEUSDT,1074.9521860406123,1,1074.9521860406123,,1,1.0,0.0
IOUSDT-ONGUSDT,53.8635939111219,1,53.8635939111219,,1,1.0,0.0
IOUSDT-ORDIUSDT,1596.7685882784774,1,1596.7685882784774,,1,1.0,0.0
IOUSDT-PIXELUSDT,5886.557434761786,1,5886.557434761786,,1,1.0,0.0
IOUSDT-REDUSDT,7973.695785432229,1,7973.695785432229,,1,1.0,0.0
IOUSDT-SHELLUSDT,4306.742899819312,1,4306.742899819312,,1,1.0,0.0
IOUSDT-SKLUSDT,772.3754058875808,1,772.3754058875808,,1,1.0,0.0
IOUSDT-STRKUSDT,81.70758755864608,1,81.70758755864608,,1,1.0,0.0
IOUSDT-STXUSDT,45.0222925187142,1,45.0222925187142,,1,1.0,0.0
IOUSDT-THETAUSDT,1652.019014797169,1,1652.019014797169,,1,1.0,0.0
IOUSDT-TUSDT,119.84036255381083,1,119.84036255381083,,1,1.0,0.0
IOUSDT-VETUSDT,162.6291674533068,1,162.6291674533068,,1,1.0,0.0
IOUSDT-WLDUSDT,292.8969422955556,1,292.8969422955556,,1,1.0,0.0
IOUSDT-XVSUSDT,7138.164612067747,1,7138.164612067747,,1,1.0,0.0
IOUSDT-ZKUSDT,2301.157192035474,1,2301.157192035474,,1,1.0,0.0
IOUSDT-ZROUSDT,1199.330913805432,1,1199.330913805432,,1,1.0,0.0
JASMYUSDT-KDAUSDT,445.6077146650895,1,445.6077146650895,,1,1.0,0.0
JASMYUSDT-LEVERUSDT,477.802327598484,1,477.802327598484,,1,1.0,0.0
JASMYUSDT-LTCUSDT,717.1157768304653,1,717.1157768304653,,1,1.0,0.0
JASMYUSDT-MEUSDT,1460.6675430421071,1,1460.6675430421071,,1,1.0,0.0
JASMYUSDT-MOVRUSDT,320.77306496028467,1,320.77306496028467,,1,1.0,0.0
JASMYUSDT-ORDIUSDT,362.7744119481569,1,362.7744119481569,,1,1.0,0.0
JASMYUSDT-PHAUSDT,1153.173391094858,1,1153.173391094858,,1,1.0,0.0
JASMYUSDT-PNUTUSDT,7950.978949549959,1,7950.978949549959,,1,1.0,0.0
JASMYUSDT-POLYXUSDT,9.84024432137533,1,9.84024432137533,,1,1.0,0.0
JASMYUSDT-PORTALUSDT,675.9915882920562,1,675.9915882920562,,1,1.0,0.0
JASMYUSDT-POWRUSDT,653.4518609090173,1,653.4518609090173,,1,1.0,0.0
JASMYUSDT-QNTUSDT,329.41165440917723,1,329.41165440917723,,1,1.0,0.0
JASMYUSDT-RAREUSDT,976.5207669919588,1,976.5207669919588,,1,1.0,0.0
JASMYUSDT-REIUSDT,37.37343876864302,1,37.37343876864302,,1,1.0,0.0
JASMYUSDT-REZUSDT,804.8103141852451,1,804.8103141852451,,1,1.0,0.0
JASMYUSDT-RPLUSDT,1708.8313290739518,1,1708.8313290739518,,1,1.0,0.0
JASMYUSDT-RUNEUSDT,256.1745309701729,1,256.1745309701729,,1,1.0,0.0
JASMYUSDT-SKLUSDT,557.369905200056,1,557.369905200056,,1,1.0,0.0
JASMYUSDT-STXUSDT,114.05853890954134,1,114.05853890954134,,1,1.0,0.0
JASMYUSDT-TRUMPUSDT,22.17442857823638,1,22.17442857823638,,1,1.0,0.0
JASMYUSDT-USTCUSDT,460.7603728511066,1,460.7603728511066,,1,1.0,0.0
JASMYUSDT-VANAUSDT,15.580733140920415,1,15.580733140920415,,1,1.0,0.0
JASMYUSDT-VELODROMEUSDT,171.54940811408875,1,171.54940811408875,,1,1.0,0.0
JASMYUSDT-WOOUSDT,142.2758253862781,1,142.2758253862781,,1,1.0,0.0
JASMYUSDT-WUSDT,939.185298885585,1,939.185298885585,,1,1.0,0.0
JASMYUSDT-XLMUSDT,94.28575278849824,1,94.28575278849824,,1,1.0,0.0
JASMYUSDT-ZILUSDT,450.1265001502256,1,450.1265001502256,,1,1.0,0.0
JASMYUSDT-ZRXUSDT,1103.138762078882,1,1103.138762078882,,1,1.0,0.0
JOEUSDT-LEVERUSDT,32.79722173262983,1,32.79722173262983,,1,1.0,0.0
JOEUSDT-LUMIAUSDT,1910.9394679264392,1,1910.9394679264392,,1,1.0,0.0
JOEUSDT-MASKUSDT,259.28920477114445,1,259.28920477114445,,1,1.0,0.0
JOEUSDT-MDTUSDT,2300.5838508924817,1,2300.5838508924817,,1,1.0,0.0
JOEUSDT-MEMEUSDT,3659.1116340399,1,3659.1116340399,,1,1.0,0.0
JOEUSDT-MOVRUSDT,4054.0583149490017,1,4054.0583149490017,,1,1.0,0.0
JOEUSDT-NKNUSDT,173.71121303132364,1,173.71121303132364,,1,1.0,0.0
JOEUSDT-PENGUUSDT,145.4851038587797,1,145.4851038587797,,1,1.0,0.0
JOEUSDT-PHAUSDT,62.61018077450402,1,62.61018077450402,,1,1.0,0.0
JOEUSDT-POLYXUSDT,868.109594811554,1,868.109594811554,,1,1.0,0.0
JOEUSDT-POWRUSDT,847.9328066681405,1,847.9328066681405,,1,1.0,0.0
JOEUSDT-RAYUSDT,860.8813988097301,1,860.8813988097301,,1,1.0,0.0
JOEUSDT-RDNTUSDT,793.1975816448665,1,793.1975816448665,,1,1.0,0.0
JOEUSDT-RIFUSDT,680.7635254403446,1,680.7635254403446,,1,1.0,0.0
JOEUSDT-RUNEUSDT,868.9960029408454,1,868.9960029408454,,1,1.0,0.0
JOEUSDT-SANTOSUSDT,2329.266623600986,1,2329.266623600986,,1,1.0,0.0
JOEUSDT-SEIUSDT,142.2241376302306,1,142.2241376302306,,1,1.0,0.0
JOEUSDT-STRAXUSDT,5117.816354041773,1,5117.816354041773,,1,1.0,0.0
JOEUSDT-SYSUSDT,36.77429260601803,1,36.77429260601803,,1,1.0,0.0
JOEUSDT-TRBUSDT,1166.5446018416276,1,1166.5446018416276,,1,1.0,0.0
JOEUSDT-UMAUSDT,3969.996345735205,1,3969.996345735205,,1,1.0,0.0
JOEUSDT-VELODROMEUSDT,1189.369755029271,1,1189.369755029271,,1,1.0,0.0
JOEUSDT-WAXPUSDT,8735.191939625749,1,8735.191939625749,,1,1.0,0.0
JOEUSDT-XLMUSDT,244.0902397214553,1,244.0902397214553,,1,1.0,0.0
JTOUSDT-KAVAUSDT,199.52298431942864,1,199.52298431942864,,1,1.0,0.0
JTOUSDT-MANTAUSDT,623.8067726952764,1,623.8067726952764,,1,1.0,0.0
JTOUSDT-METISUSDT,68.77626734235956,1,68.77626734235956,,1,1.0,0.0
JTOUSDT-MOVEUSDT,103.4944988394268,1,103.4944988394268,,1,1.0,0.0
JTOUSDT-NEOUSDT,836.4770469243667,1,836.4770469243667,,1,1.0,0.0
JTOUSDT-NMRUSDT,2038.0525524821408,1,2038.0525524821408,,1,1.0,0.0
JTOUSDT-OMNIUSDT,162.29363911153723,1,162.29363911153723,,1,1.0,0.0
JTOUSDT-OPUSDT,481.5308987429854,1,481.5308987429854,,1,1.0,0.0
JTOUSDT-PEOPLEUSDT,116.1793404205466,1,116.1793404205466,,1,1.0,0.0
JTOUSDT-PHBUSDT,1245.4776773729322,1,1245.4776773729322,,1,1.0,0.0
JTOUSDT-PNUTUSDT,23.81471558376656,1,23.81471558376656,,1,1.0,0.0
JTOUSDT-POLYXUSDT,224.90685153997657,1,224.90685153997657,,1,1.0,0.0
JTOUSDT-PORTALUSDT,2000.2423587293144,1,2000.2423587293144,,1,1.0,0.0
JTOUSDT-RDNTUSDT,635.5155393922734,1,635.5155393922734,,1,1.0,0.0
JTOUSDT-RVNUSDT,3232.241154286735,1,3232.241154286735,,1,1.0,0.0
JTOUSDT-SAGAUSDT,358.32940187869946,1,358.32940187869946,,1,1.0,0.0
JTOUSDT-SEIUSDT,627.7753752658925,1,627.7753752658925,,1,1.0,0.0
JTOUSDT-SKLUSDT,2868.3591928721307,1,2868.3591928721307,,1,1.0,0.0
JTOUSDT-SOLUSDT,766.343696078519,1,766.343696078519,,1,1.0,0.0
JTOUSDT-STGUSDT,1529.1942091524793,1,1529.1942091524793,,1,1.0,0.0
JTOUSDT-SUSHIUSDT,1303.2313033127236,1,1303.2313033127236,,1,1.0,0.0
JTOUSDT-SXPUSDT,61.33810255252779,1,61.33810255252779,,1,1.0,0.0
JTOUSDT-TNSRUSDT,82.48432895792753,1,82.48432895792753,,1,1.0,0.0
JTOUSDT-UMAUSDT,20.60872324408061,1,20.60872324408061,,1,1.0,0.0
JTOUSDT-VANAUSDT,222.5793047915292,1,222.5793047915292,,1,1.0,0.0
JTOUSDT-VANRYUSDT,424.3919794955572,1,424.3919794955572,,1,1.0,0.0
JTOUSDT-WOOUSDT,1322.971521075177,1,1322.971521075177,,1,1.0,0.0
JTOUSDT-WUSDT,758.8266262951526,1,758.8266262951526,,1,1.0,0.0
JTOUSDT-YGGUSDT,532.3878853741654,1,532.3878853741654,,1,1.0,0.0
JUPUSDT-KNCUSDT,438.30992318036726,1,438.30992318036726,,1,1.0,0.0
JUPUSDT-KSMUSDT,871.5643060725922,1,871.5643060725922,,1,1.0,0.0
JUPUSDT-LEVERUSDT,2977.930949186549,1,2977.930949186549,,1,1.0,0.0
JUPUSDT-MANTAUSDT,147.328662323681,1,147.328662323681,,1,1.0,0.0
JUPUSDT-MASKUSDT,6.825819103326182,1,6.825819103326182,,1,1.0,0.0
JUPUSDT-MTLUSDT,2423.64622941954,1,2423.64622941954,,1,1.0,0.0
JUPUSDT-NEARUSDT,956.1902522143848,1,956.1902522143848,,1,1.0,0.0
JUPUSDT-NOTUSDT,3884.233546970944,1,3884.233546970944,,1,1.0,0.0
JUPUSDT-OMUSDT,2251.388746882677,1,2251.388746882677,,1,1.0,0.0
JUPUSDT-OXTUSDT,938.6002159771018,1,938.6002159771018,,1,1.0,0.0
JUPUSDT-POWRUSDT,2120.785270123501,1,2120.785270123501,,1,1.0,0.0
JUPUSDT-ROSEUSDT,601.4541729376568,1,601.4541729376568,,1,1.0,0.0
JUPUSDT-SANDUSDT,1762.1376759505872,1,1762.1376759505872,,1,1.0,0.0
JUPUSDT-SKLUSDT,1346.2845016089689,1,1346.2845016089689,,1,1.0,0.0
JUPUSDT-SLPUSDT,11.012830452475823,1,11.012830452475823,,1,1.0,0.0
JUPUSDT-SUIUSDT,493.7560364321768,1,493.7560364321768,,1,1.0,0.0
JUPUSDT-TUSDT,2135.103514641542,1,2135.103514641542,,1,1.0,0.0
JUPUSDT-UMAUSDT,869.3148220570283,1,869.3148220570283,,1,1.0,0.0
JUPUSDT-USTCUSDT,354.8068558856985,1,354.8068558856985,,1,1.0,0.0
JUPUSDT-USUALUSDT,913.1722378505262,1,913.1722378505262,,1,1.0,0.0
JUPUSDT-VETUSDT,82.92987357942475,1,82.92987357942475,,1,1.0,0.0
JUPUSDT-WIFUSDT,476.03387417242885,1,476.03387417242885,,1,1.0,0.0
JUPUSDT-WOOUSDT,140.99498824425984,1,140.99498824425984,,1,1.0,0.0
JUPUSDT-XTZUSDT,2168.051426061864,1,2168.051426061864,,1,1.0,0.0
JUPUSDT-ZENUSDT,262.5561038255114,1,262.5561038255114,,1,1.0,0.0
JUPUSDT-ZRXUSDT,252.2692841208159,1,252.2692841208159,,1,1.0,0.0
KAIAUSDT-LEVERUSDT,43.45291038756612,1,43.45291038756612,,1,1.0,0.0
KAIAUSDT-MANTAUSDT,17.296712167032076,1,17.296712167032076,,1,1.0,0.0
KAIAUSDT-METISUSDT,1058.6629072432002,1,1058.6629072432002,,1,1.0,0.0
KAIAUSDT-NMRUSDT,902.983266142424,1,902.983266142424,,1,1.0,0.0
KAIAUSDT-QUICKUSDT,630.7775694538784,1,630.7775694538784,,1,1.0,0.0
KAIAUSDT-RENDERUSDT,1790.9677293695331,1,1790.9677293695331,,1,1.0,0.0
KAIAUSDT-RVNUSDT,1224.5718677989744,1,1224.5718677989744,,1,1.0,0.0
KAIAUSDT-SKLUSDT,1065.1690555997557,1,1065.1690555997557,,1,1.0,0.0
KAIAUSDT-SOLUSDT,4031.7647046468633,1,4031.7647046468633,,1,1.0,0.0
KAIAUSDT-TLMUSDT,264.4032264542923,1,264.4032264542923,,1,1.0,0.0
KAIAUSDT-TRUMPUSDT,9321.334487788256,1,9321.334487788256,,1,1.0,0.0
KAIAUSDT-TRUUSDT,135.2759999265301,1,135.2759999265301,,1,1.0,0.0
KAIAUSDT-UMAUSDT,3853.967826285951,1,3853.967826285951,,1,1.0,0.0
KAIAUSDT-VOXELUSDT,161.3110868724283,1,161.3110868724283,,1,1.0,0.0
KAIAUSDT-XLMUSDT,3240.7291199354654,1,3240.7291199354654,,1,1.0,0.0
KAIAUSDT-XVGUSDT,618.360376901615,1,618.360376901615,,1,1.0,0.0
KAIAUSDT-XVSUSDT,8477.91049826287,1,8477.91049826287,,1,1.0,0.0
KAIAUSDT-YGGUSDT,83.42044598177277,1,83.42044598177277,,1,1.0,0.0
KAITOUSDT-LAYERUSDT,17.474583528213138,1,17.474583528213138,,1,1.0,0.0
KAITOUSDT-MUBARAKUSDT,2319.1131649169333,1,2319.1131649169333,,1,1.0,0.0
KAITOUSDT-PERPUSDT,270.40533319115445,1,270.40533319115445,,1,1.0,0.0
KAITOUSDT-SEIUSDT,4430.4116392689175,1,4430.4116392689175,,1,1.0,0.0
KAITOUSDT-SFPUSDT,2305.866932307031,1,2305.866932307031,,1,1.0,0.0
KAITOUSDT-WLDUSDT,271.2787055980078,1,271.2787055980078,,1,1.0,0.0
KAITOUSDT-XTZUSDT,416.5148833266094,1,416.5148833266094,,1,1.0,0.0
KAITOUSDT-XVSUSDT,3290.860523560475,1,3290.860523560475,,1,1.0,0.0
KAITOUSDT-ZROUSDT,304.92770846529754,1,304.92770846529754,,1,1.0,0.0
KAVAUSDT-KDAUSDT,2593.268781042901,1,2593.268781042901,,1,1.0,0.0
KAVAUSDT-KSMUSDT,8.493570538758512,1,8.493570538758512,,1,1.0,0.0
KAVAUSDT-LAYERUSDT,125.74675704510857,1,125.74675704510857,,1,1.0,0.0
KAVAUSDT-LDOUSDT,533.1098631350496,1,533.1098631350496,,1,1.0,0.0
KAVAUSDT-LRCUSDT,673.0994151491034,1,673.0994151491034,,1,1.0,0.0
KAVAUSDT-MAGICUSDT,1612.4814046450394,1,1612.4814046450394,,1,1.0,0.0
KAVAUSDT-MBOXUSDT,45.14200970763803,1,45.14200970763803,,1,1.0,0.0
KAVAUSDT-MLNUSDT,1923.911168147072,1,1923.911168147072,,1,1.0,0.0
KAVAUSDT-MOVEUSDT,1541.6363695378752,1,1541.6363695378752,,1,1.0,0.0
KAVAUSDT-MOVRUSDT,355.8399832855449,1,355.8399832855449,,1,1.0,0.0
KAVAUSDT-MTLUSDT,2082.261167973381,1,2082.261167973381,,1,1.0,0.0
KAVAUSDT-PHAUSDT,2541.980062041759,1,2541.980062041759,,1,1.0,0.0
KAVAUSDT-PIXELUSDT,2317.529860531152,1,2317.529860531152,,1,1.0,0.0
KAVAUSDT-QTUMUSDT,8.04217522049187,1,8.04217522049187,,1,1.0,0.0
KAVAUSDT-REZUSDT,523.4610968739769,1,523.4610968739769,,1,1.0,0.0
KAVAUSDT-ROSEUSDT,42.98795912908536,1,42.98795912908536,,1,1.0,0.0
KAVAUSDT-SEIUSDT,1284.454682386977,1,1284.454682386977,,1,1.0,0.0
KAVAUSDT-STRKUSDT,580.1306869872943,1,580.1306869872943,,1,1.0,0.0
KAVAUSDT-THEUSDT,1960.2541875087709,1,1960.2541875087709,,1,1.0,0.0
KAVAUSDT-TWTUSDT,798.6348510329465,1,798.6348510329465,,1,1.0,0.0
KAVAUSDT-USUALUSDT,2633.817236521624,1,2633.817236521624,,1,1.0,0.0
KAVAUSDT-VANRYUSDT,163.24688488937608,1,163.24688488937608,,1,1.0,0.0
KAVAUSDT-WAXPUSDT,1604.2316168413945,1,1604.2316168413945,,1,1.0,0.0
KAVAUSDT-XVGUSDT,1318.8714623733763,1,1318.8714623733763,,1,1.0,0.0
KAVAUSDT-ZENUSDT,2402.350003057604,1,2402.350003057604,,1,1.0,0.0
KDAUSDT-KNCUSDT,558.037699293866,1,558.037699293866,,1,1.0,0.0
KDAUSDT-LAYERUSDT,1526.8299365869586,1,1526.8299365869586,,1,1.0,0.0
KDAUSDT-LPTUSDT,239.22452652449795,1,239.22452652449795,,1,1.0,0.0
KDAUSDT-LRCUSDT,2746.061335549874,1,2746.061335549874,,1,1.0,0.0
KDAUSDT-LUMIAUSDT,150.70745879733056,1,150.70745879733056,,1,1.0,0.0
KDAUSDT-MAVUSDT,425.9432592877887,1,425.9432592877887,,1,1.0,0.0
KDAUSDT-MOVRUSDT,3384.740763492749,1,3384.740763492749,,1,1.0,0.0
KDAUSDT-NMRUSDT,968.8819748861284,1,968.8819748861284,,1,1.0,0.0
KDAUSDT-OMUSDT,3923.658735777182,1,3923.658735777182,,1,1.0,0.0
KDAUSDT-ONTUSDT,127.88980309845564,1,127.88980309845564,,1,1.0,0.0
KDAUSDT-PENDLEUSDT,1178.558162095576,1,1178.558162095576,,1,1.0,0.0
KDAUSDT-PENGUUSDT,331.46248716817365,1,331.46248716817365,,1,1.0,0.0
KDAUSDT-PHBUSDT,43.98238664352214,1,43.98238664352214,,1,1.0,0.0
KDAUSDT-PNUTUSDT,201.31832999399936,1,201.31832999399936,,1,1.0,0.0
KDAUSDT-POLYXUSDT,2538.648334127113,1,2538.648334127113,,1,1.0,0.0
KDAUSDT-QUICKUSDT,384.7038092120194,1,384.7038092120194,,1,1.0,0.0
KDAUSDT-REIUSDT,225.70509858078677,1,225.70509858078677,,1,1.0,0.0
KDAUSDT-RLCUSDT,359.579175441397,1,359.579175441397,,1,1.0,0.0
KDAUSDT-RUNEUSDT,44.12283494547509,1,44.12283494547509,,1,1.0,0.0
KDAUSDT-STGUSDT,1384.53479182537,1,1384.53479182537,,1,1.0,0.0
KDAUSDT-STRKUSDT,1463.0961305709366,1,1463.0961305709366,,1,1.0,0.0
KDAUSDT-STXUSDT,916.9709614680128,1,916.9709614680128,,1,1.0,0.0
KDAUSDT-TURBOUSDT,108.9868695250548,1,108.9868695250548,,1,1.0,0.0
KDAUSDT-TUSDT,23.90460415523597,1,23.90460415523597,,1,1.0,0.0
KDAUSDT-ZROUSDT,124.87712115059904,1,124.87712115059904,,1,1.0,0.0
KNCUSDT-LINAUSDT,60.260221118966726,1,60.260221118966726,,1,1.0,0.0
KNCUSDT-LTCUSDT,429.08354731900135,1,429.08354731900135,,1,1.0,0.0
KNCUSDT-MANAUSDT,1453.725414959362,1,1453.725414959362,,1,1.0,0.0
KNCUSDT-MANTAUSDT,78.95379471764318,1,78.95379471764318,,1,1.0,0.0
KNCUSDT-MLNUSDT,284.9403295120096,1,284.9403295120096,,1,1.0,0.0
KNCUSDT-MTLUSDT,140.7414280751865,1,140.7414280751865,,1,1.0,0.0
KNCUSDT-NOTUSDT,1506.6296385665937,1,1506.6296385665937,,1,1.0,0.0
KNCUSDT-ORCAUSDT,1281.2906764355075,1,1281.2906764355075,,1,1.0,0.0
KNCUSDT-PARTIUSDT,9.49849504103662,1,9.49849504103662,,1,1.0,0.0
KNCUSDT-PHBUSDT,1111.1686945642548,1,1111.1686945642548,,1,1.0,0.0
KNCUSDT-POLUSDT,1642.228294370169,1,1642.228294370169,,1,1.0,0.0
KNCUSDT-QTUMUSDT,119.57816362808106,1,119.57816362808106,,1,1.0,0.0
KNCUSDT-RAYUSDT,2911.9083127607064,1,2911.9083127607064,,1,1.0,0.0
KNCUSDT-RENDERUSDT,1137.0089007214306,1,1137.0089007214306,,1,1.0,0.0
KNCUSDT-SFPUSDT,314.7468045181906,1,314.7468045181906,,1,1.0,0.0
KNCUSDT-SKLUSDT,1720.0113713435,1,1720.0113713435,,1,1.0,0.0
KNCUSDT-STORJUSDT,214.9597314969868,1,214.9597314969868,,1,1.0,0.0
KNCUSDT-STRAXUSDT,689.7379863047536,1,689.7379863047536,,1,1.0,0.0
KNCUSDT-SXPUSDT,95.72224994240752,1,95.72224994240752,,1,1.0,0.0
KNCUSDT-TUSDT,10.978245849774709,1,10.978245849774709,,1,1.0,0.0
KNCUSDT-VANAUSDT,129.59827695671447,1,129.59827695671447,,1,1.0,0.0
KNCUSDT-WIFUSDT,753.0647287345996,1,753.0647287345996,,1,1.0,0.0
KNCUSDT-WUSDT,392.2889269168461,1,392.2889269168461,,1,1.0,0.0
KNCUSDT-XVGUSDT,399.9134196622418,1,399.9134196622418,,1,1.0,0.0
KNCUSDT-ZKUSDT,359.7508946544295,1,359.7508946544295,,1,1.0,0.0
KSMUSDT-LEVERUSDT,817.0671137927799,1,817.0671137927799,,1,1.0,0.0
KSMUSDT-LINAUSDT,163.20775442895092,1,163.20775442895092,,1,1.0,0.0
KSMUSDT-LRCUSDT,80.27603080426755,1,80.27603080426755,,1,1.0,0.0
KSMUSDT-LTCUSDT,4506.110351391437,1,4506.110351391437,,1,1.0,0.0
KSMUSDT-OPUSDT,81.76451215678253,1,81.76451215678253,,1,1.0,0.0
KSMUSDT-PHAUSDT,656.8557972852288,1,656.8557972852288,,1,1.0,0.0
KSMUSDT-POLYXUSDT,65.12574552424925,1,65.12574552424925,,1,1.0,0.0
KSMUSDT-QUICKUSDT,1379.1523754305072,1,1379.1523754305072,,1,1.0,0.0
KSMUSDT-RAREUSDT,256.4020061095966,1,256.4020061095966,,1,1.0,0.0
KSMUSDT-RDNTUSDT,473.58307323271424,1,473.58307323271424,,1,1.0,0.0
KSMUSDT-SCRUSDT,1481.8804337466263,1,1481.8804337466263,,1,1.0,0.0
KSMUSDT-SEIUSDT,219.94351657056876,1,219.94351657056876,,1,1.0,0.0
KSMUSDT-SNTUSDT,118.2164855643685,1,118.2164855643685,,1,1.0,0.0
KSMUSDT-STGUSDT,1121.093164908736,1,1121.093164908736,,1,1.0,0.0
KSMUSDT-STORJUSDT,183.7812384891846,1,183.7812384891846,,1,1.0,0.0
KSMUSDT-STRAXUSDT,738.9100045707944,1,738.9100045707944,,1,1.0,0.0
KSMUSDT-TRUMPUSDT,137.09068899867623,1,137.09068899867623,,1,1.0,0.0
KSMUSDT-UNIUSDT,450.8854415598323,1,450.8854415598323,,1,1.0,0.0
KSMUSDT-USUALUSDT,227.8963367971334,1,227.8963367971334,,1,1.0,0.0
KSMUSDT-VANAUSDT,240.4881081547166,1,240.4881081547166,,1,1.0,0.0
KSMUSDT-VICUSDT,171.21853556148554,1,171.21853556148554,,1,1.0,0.0
KSMUSDT-VTHOUSDT,358.6281320338248,1,358.6281320338248,,1,1.0,0.0
KSMUSDT-WLDUSDT,430.3014241827781,1,430.3014241827781,,1,1.0,0.0
KSMUSDT-XRPUSDT,333.9356326946208,1,333.9356326946208,,1,1.0,0.0
LAYERUSDT-LDOUSDT,847.029512280002,1,847.029512280002,,1,1.0,0.0
LAYERUSDT-MANAUSDT,1263.4270304827503,1,1263.4270304827503,,1,1.0,0.0
LAYERUSDT-MOVEUSDT,296.0253889328217,1,296.0253889328217,,1,1.0,0.0
LAYERUSDT-MTLUSDT,744.094614123059,1,744.094614123059,,1,1.0,0.0
LAYERUSDT-PERPUSDT,8340.589067969357,1,8340.589067969357,,1,1.0,0.0
LAYERUSDT-QNTUSDT,873.1361751500942,1,873.1361751500942,,1,1.0,0.0
LAYERUSDT-STGUSDT,3016.61179416525,1,3016.61179416525,,1,1.0,0.0
LAYERUSDT-STRKUSDT,27.66441634480315,1,27.66441634480315,,1,1.0,0.0
LAYERUSDT-TONUSDT,278.75436633008525,1,278.75436633008525,,1,1.0,0.0
LDOUSDT-OXTUSDT,178.13568195042455,1,178.13568195042455,,1,1.0,0.0
LDOUSDT-PROMUSDT,171.42673680192826,1,171.42673680192826,,1,1.0,0.0
LDOUSDT-RSRUSDT,787.7613934272606,1,787.7613934272606,,1,1.0,0.0
LDOUSDT-STEEMUSDT,28.472877579332756,1,28.472877579332756,,1,1.0,0.0
LDOUSDT-STORJUSDT,434.1798598575801,1,434.1798598575801,,1,1.0,0.0
LDOUSDT-STXUSDT,55.03232261542068,1,55.03232261542068,,1,1.0,0.0
LDOUSDT-UNIUSDT,653.5476963814194,1,653.5476963814194,,1,1.0,0.0
LDOUSDT-USUALUSDT,1397.33611365767,1,1397.33611365767,,1,1.0,0.0
LDOUSDT-VETUSDT,299.9180476525331,1,299.9180476525331,,1,1.0,0.0
LDOUSDT-VOXELUSDT,93.70571699120995,1,93.70571699120995,,1,1.0,0.0
LEVERUSDT-LQTYUSDT,216.64940950946263,1,216.64940950946263,,1,1.0,0.0
LEVERUSDT-LSKUSDT,302.9688953508666,1,302.9688953508666,,1,1.0,0.0
LEVERUSDT-MAGICUSDT,267.4337532283175,1,267.4337532283175,,1,1.0,0.0
LEVERUSDT-METISUSDT,1338.250709217295,1,1338.250709217295,,1,1.0,0.0
LEVERUSDT-MLNUSDT,11.662696627498237,1,11.662696627498237,,1,1.0,0.0
LEVERUSDT-NEOUSDT,2102.95349934542,1,2102.95349934542,,1,1.0,0.0
LEVERUSDT-OMNIUSDT,115.80071538729916,1,115.80071538729916,,1,1.0,0.0
LEVERUSDT-PROMUSDT,7153.760406193618,1,7153.760406193618,,1,1.0,0.0
LEVERUSDT-QTUMUSDT,1423.262620616688,1,1423.262620616688,,1,1.0,0.0
LEVERUSDT-RAYUSDT,3676.935146377236,1,3676.935146377236,,1,1.0,0.0
LEVERUSDT-REIUSDT,342.786649786736,1,342.786649786736,,1,1.0,0.0
LEVERUSDT-RENDERUSDT,585.483918246829,1,585.483918246829,,1,1.0,0.0
LEVERUSDT-RUNEUSDT,640.4192107378436,1,640.4192107378436,,1,1.0,0.0
LEVERUSDT-SOLUSDT,1056.0902480886052,1,1056.0902480886052,,1,1.0,0.0
LEVERUSDT-STEEMUSDT,2316.635540945067,1,2316.635540945067,,1,1.0,0.0
LEVERUSDT-SUSHIUSDT,737.1686571653122,1,737.1686571653122,,1,1.0,0.0
LEVERUSDT-SXPUSDT,34.53499565387042,1,34.53499565387042,,1,1.0,0.0
LEVERUSDT-USTCUSDT,1613.1840628400355,1,1613.1840628400355,,1,1.0,0.0
LEVERUSDT-VANAUSDT,3387.060499877134,1,3387.060499877134,,1,1.0,0.0
LEVERUSDT-VANRYUSDT,1204.8366815923864,1,1204.8366815923864,,1,1.0,0.0
LEVERUSDT-XAIUSDT,111.53561520815067,1,111.53561520815067,,1,1.0,0.0
LINAUSDT-LRCUSDT,92.83684055835953,1,92.83684055835953,,1,1.0,0.0
LINAUSDT-LSKUSDT,1821.758440239555,1,1821.758440239555,,1,1.0,0.0
LINAUSDT-MLNUSDT,2407.492380414045,1,2407.492380414045,,1,1.0,0.0
LINAUSDT-NULSUSDT,1478.779628137766,1,1478.779628137766,,1,1.0,0.0
LINAUSDT-POWRUSDT,1666.3010432272429,1,1666.3010432272429,,1,1.0,0.0
LINAUSDT-REZUSDT,899.8729311163405,1,899.8729311163405,,1,1.0,0.0
LINAUSDT-ROSEUSDT,205.16350373079672,1,205.16350373079672,,1,1.0,0.0
LINAUSDT-SCRTUSDT,648.3097434616568,1,648.3097434616568,,1,1.0,0.0
LINAUSDT-SNTUSDT,618.7277568262064,1,618.7277568262064,,1,1.0,0.0
LINAUSDT-TURBOUSDT,900.3354413556417,1,900.3354413556417,,1,1.0,0.0
LINAUSDT-USTCUSDT,2792.544295622577,1,2792.544295622577,,1,1.0,0.0
LINAUSDT-VICUSDT,1586.4022376902783,1,1586.4022376902783,,1,1.0,0.0
LINAUSDT-VTHOUSDT,4645.678275919747,1,4645.678275919747,,1,1.0,0.0
LINAUSDT-WIFUSDT,484.36203930802577,1,484.36203930802577,,1,1.0,0.0
LINAUSDT-WOOUSDT,760.8412000000128,1,760.8412000000128,,1,1.0,0.0
LINAUSDT-XAIUSDT,927.4372138147626,1,927.4372138147626,,1,1.0,0.0
LINAUSDT-YFIUSDT,1341.1738530392531,1,1341.1738530392531,,1,1.0,0.0
LINAUSDT-ZRXUSDT,76.02472234109823,1,76.02472234109823,,1,1.0,0.0
LINKUSDT-LTCUSDT,1122.673899598083,1,1122.673899598083,,1,1.0,0.0
LINKUSDT-MAVUSDT,6424.963409705588,1,6424.963409705588,,1,1.0,0.0
LINKUSDT-MBOXUSDT,418.4908777325199,1,418.4908777325199,,1,1.0,0.0
LINKUSDT-MLNUSDT,1340.69582104264,1,1340.69582104264,,1,1.0,0.0
LINKUSDT-MTLUSDT,30.350303969455357,1,30.350303969455357,,1,1.0,0.0
LINKUSDT-PNUTUSDT,2301.648066508615,1,2301.648066508615,,1,1.0,0.0
LINKUSDT-RADUSDT,1155.186128443717,1,1155.186128443717,,1,1.0,0.0
LINKUSDT-RPLUSDT,905.5158373910782,1,905.5158373910782,,1,1.0,0.0
LINKUSDT-SAGAUSDT,667.0582442778101,1,667.0582442778101,,1,1.0,0.0
LINKUSDT-SSVUSDT,1297.3376709433012,1,1297.3376709433012,,1,1.0,0.0
LINKUSDT-SUPERUSDT,1475.8297367258149,1,1475.8297367258149,,1,1.0,0.0
LINKUSDT-TRBUSDT,1249.2646392020597,1,1249.2646392020597,,1,1.0,0.0
LINKUSDT-TURBOUSDT,191.7975585512079,1,191.7975585512079,,1,1.0,0.0
LINKUSDT-TUSDT,5273.77455350624,1,5273.77455350624,,1,1.0,0.0
LINKUSDT-UNIUSDT,37.56153692931713,1,37.56153692931713,,1,1.0,0.0
LINKUSDT-VANRYUSDT,3409.065146414047,1,3409.065146414047,,1,1.0,0.0
LINKUSDT-VICUSDT,1233.199493368544,1,1233.199493368544,,1,1.0,0.0
LINKUSDT-VIDTUSDT,107.0386762108881,1,107.0386762108881,,1,1.0,0.0
LINKUSDT-WAXPUSDT,1036.9604028924832,1,1036.9604028924832,,1,1.0,0.0
LINKUSDT-WIFUSDT,510.9780168424363,1,510.9780168424363,,1,1.0,0.0
LINKUSDT-XLMUSDT,476.4846377418335,1,476.4846377418335,,1,1.0,0.0
LINKUSDT-XRPUSDT,1667.3171570059676,1,1667.3171570059676,,1,1.0,0.0
LINKUSDT-XTZUSDT,332.300783853173,1,332.300783853173,,1,1.0,0.0
LINKUSDT-XVSUSDT,5210.041308904938,1,5210.041308904938,,1,1.0,0.0
LINKUSDT-YFIUSDT,31.74167745423702,1,31.74167745423702,,1,1.0,0.0
LINKUSDT-ZILUSDT,1192.7606891521764,1,1192.7606891521764,,1,1.0,0.0
LISTAUSDT-LQTYUSDT,1623.588765811763,1,1623.588765811763,,1,1.0,0.0
LISTAUSDT-MBOXUSDT,2509.3510492621567,1,2509.3510492621567,,1,1.0,0.0
LISTAUSDT-MDTUSDT,388.2095859721893,1,388.2095859721893,,1,1.0,0.0
LISTAUSDT-METISUSDT,2662.4344365351344,1,2662.4344365351344,,1,1.0,0.0
LISTAUSDT-MTLUSDT,2404.794136929136,1,2404.794136929136,,1,1.0,0.0
LISTAUSDT-NMRUSDT,291.0219071526507,1,291.0219071526507,,1,1.0,0.0
LISTAUSDT-NULSUSDT,1160.6315219922778,1,1160.6315219922778,,1,1.0,0.0
LISTAUSDT-ONTUSDT,2884.1326360297185,1,2884.1326360297185,,1,1.0,0.0
LISTAUSDT-POWRUSDT,4840.878461126835,1,4840.878461126835,,1,1.0,0.0
LISTAUSDT-QNTUSDT,1013.3560308018766,1,1013.3560308018766,,1,1.0,0.0
LISTAUSDT-RADUSDT,1132.2621265870182,1,1132.2621265870182,,1,1.0,0.0
LISTAUSDT-RIFUSDT,109.87357970023636,1,109.87357970023636,,1,1.0,0.0
LISTAUSDT-RLCUSDT,666.2702048305696,1,666.2702048305696,,1,1.0,0.0
LISTAUSDT-RONINUSDT,157.11339201691533,1,157.11339201691533,,1,1.0,0.0
LISTAUSDT-SYSUSDT,4164.33447475265,1,4164.33447475265,,1,1.0,0.0
LISTAUSDT-THETAUSDT,335.2863297854783,1,335.2863297854783,,1,1.0,0.0
LISTAUSDT-TLMUSDT,2144.1858043875054,1,2144.1858043875054,,1,1.0,0.0
LISTAUSDT-TONUSDT,157.1572706580341,1,157.1572706580341,,1,1.0,0.0
LISTAUSDT-TRXUSDT,53.29927904232415,1,53.29927904232415,,1,1.0,0.0
LISTAUSDT-TWTUSDT,2949.0912376712618,1,2949.0912376712618,,1,1.0,0.0
LISTAUSDT-VANAUSDT,3794.096764260253,1,3794.096764260253,,1,1.0,0.0
LISTAUSDT-VANRYUSDT,1985.822543267181,1,1985.822543267181,,1,1.0,0.0
LISTAUSDT-WLDUSDT,2282.39732570158,1,2282.39732570158,,1,1.0,0.0
LISTAUSDT-XVGUSDT,555.2720688693528,1,555.2720688693528,,1,1.0,0.0
LISTAUSDT-ZROUSDT,4830.479173670885,1,4830.479173670885,,1,1.0,0.0
LOKAUSDT-LPTUSDT,902.4605335183276,1,902.4605335183276,,1,1.0,0.0
LOKAUSDT-METISUSDT,1239.8986074183472,1,1239.8986074183472,,1,1.0,0.0
LOKAUSDT-MEUSDT,3423.873743451564,1,3423.873743451564,,1,1.0,0.0
LOKAUSDT-MLNUSDT,680.7473379158803,1,680.7473379158803,,1,1.0,0.0
LOKAUSDT-MTLUSDT,1315.9481771999128,1,1315.9481771999128,,1,1.0,0.0
LOKAUSDT-NFPUSDT,20.890198557630683,1,20.890198557630683,,1,1.0,0.0
LOKAUSDT-OGNUSDT,1533.6480666262391,1,1533.6480666262391,,1,1.0,0.0
LOKAUSDT-ONTUSDT,180.7121905680471,1,180.7121905680471,,1,1.0,0.0
LOKAUSDT-ORCAUSDT,996.3060482912828,1,996.3060482912828,,1,1.0,0.0
LOKAUSDT-PERPUSDT,10.865872549359324,1,10.865872549359324,,1,1.0,0.0
LOKAUSDT-QTUMUSDT,1245.5357870506089,1,1245.5357870506089,,1,1.0,0.0
LOKAUSDT-QUICKUSDT,1347.8863063200736,1,1347.8863063200736,,1,1.0,0.0
LOKAUSDT-SCUSDT,1737.7361831515257,1,1737.7361831515257,,1,1.0,0.0
LOKAUSDT-SNXUSDT,31.832153084960275,1,31.832153084960275,,1,1.0,0.0
LOKAUSDT-STGUSDT,1320.5851574942026,1,1320.5851574942026,,1,1.0,0.0
LOKAUSDT-TRBUSDT,1557.2723703933757,1,1557.2723703933757,,1,1.0,0.0
LOKAUSDT-XVSUSDT,3019.7303382251685,1,3019.7303382251685,,1,1.0,0.0
LOKAUSDT-YGGUSDT,20.21082408191527,1,20.21082408191527,,1,1.0,0.0
LOKAUSDT-ZECUSDT,2636.898130798066,1,2636.898130798066,,1,1.0,0.0
LPTUSDT-LSKUSDT,6134.857242334262,1,6134.857242334262,,1,1.0,0.0
LPTUSDT-LUMIAUSDT,2664.858949899598,1,2664.858949899598,,1,1.0,0.0
LPTUSDT-MAVUSDT,18329.589015698995,1,18329.589015698995,,1,1.0,0.0
LPTUSDT-MEUSDT,2748.1614365731907,1,2748.1614365731907,,1,1.0,0.0
LPTUSDT-MINAUSDT,70.17841918747698,1,70.17841918747698,,1,1.0,0.0
LPTUSDT-MOVEUSDT,292.6242329380998,1,292.6242329380998,,1,1.0,0.0
LPTUSDT-NEIROUSDT,8068.692998319843,1,8068.692998319843,,1,1.0,0.0
LPTUSDT-OGNUSDT,36.38130040037871,1,36.38130040037871,,1,1.0,0.0
LPTUSDT-ONTUSDT,119.6494439158883,1,119.6494439158883,,1,1.0,0.0
LPTUSDT-ORDIUSDT,373.0697621508148,1,373.0697621508148,,1,1.0,0.0
LPTUSDT-PERPUSDT,377.3558558004121,1,377.3558558004121,,1,1.0,0.0
LPTUSDT-RENDERUSDT,1190.3561183332,1,1190.3561183332,,1,1.0,0.0
LPTUSDT-SAGAUSDT,1276.961931599812,1,1276.961931599812,,1,1.0,0.0
LPTUSDT-SANTOSUSDT,3359.0528174343385,1,3359.0528174343385,,1,1.0,0.0
LPTUSDT-SCRTUSDT,2000.6328689542984,1,2000.6328689542984,,1,1.0,0.0
LPTUSDT-SPELLUSDT,877.3452410130338,1,877.3452410130338,,1,1.0,0.0
LPTUSDT-STORJUSDT,4112.783158163363,1,4112.783158163363,,1,1.0,0.0
LPTUSDT-STRAXUSDT,44.58935719972158,1,44.58935719972158,,1,1.0,0.0
LPTUSDT-SUPERUSDT,58.722455102419296,1,58.722455102419296,,1,1.0,0.0
LPTUSDT-SYNUSDT,10710.83682127658,1,10710.83682127658,,1,1.0,0.0
LPTUSDT-TRBUSDT,7788.047630214492,1,7788.047630214492,,1,1.0,0.0
LPTUSDT-TRUMPUSDT,564.9253784181325,1,564.9253784181325,,1,1.0,0.0
LPTUSDT-USUALUSDT,158.44870753517887,1,158.44870753517887,,1,1.0,0.0
LPTUSDT-VETUSDT,431.29718700260383,1,431.29718700260383,,1,1.0,0.0
LPTUSDT-WLDUSDT,249.2244455363164,1,249.2244455363164,,1,1.0,0.0
LPTUSDT-XLMUSDT,62.32951489621986,1,62.32951489621986,,1,1.0,0.0
LPTUSDT-ZENUSDT,25.935196081488208,1,25.935196081488208,,1,1.0,0.0
LQTYUSDT-MBOXUSDT,1982.4645750450247,1,1982.4645750450247,,1,1.0,0.0
LQTYUSDT-METISUSDT,333.50885087493,1,333.50885087493,,1,1.0,0.0
LQTYUSDT-NEARUSDT,831.2951622923802,1,831.2951622923802,,1,1.0,0.0
LQTYUSDT-NOTUSDT,57.7743200645758,1,57.7743200645758,,1,1.0,0.0
LQTYUSDT-NULSUSDT,1284.661991870756,1,1284.661991870756,,1,1.0,0.0
LQTYUSDT-ONGUSDT,1421.0359053151658,1,1421.0359053151658,,1,1.0,0.0
LQTYUSDT-PERPUSDT,330.99018037910287,1,330.99018037910287,,1,1.0,0.0
LQTYUSDT-PHBUSDT,267.7948308784743,1,267.7948308784743,,1,1.0,0.0
LQTYUSDT-PIXELUSDT,3268.4464924652048,1,3268.4464924652048,,1,1.0,0.0
LQTYUSDT-RAYUSDT,1418.068541546349,1,1418.068541546349,,1,1.0,0.0
LQTYUSDT-REZUSDT,3468.032117611383,1,3468.032117611383,,1,1.0,0.0
LQTYUSDT-SLPUSDT,925.0252717425222,1,925.0252717425222,,1,1.0,0.0
LQTYUSDT-SNXUSDT,2913.2235332382293,1,2913.2235332382293,,1,1.0,0.0
LQTYUSDT-SSVUSDT,23.644927763192108,1,23.644927763192108,,1,1.0,0.0
LQTYUSDT-STORJUSDT,235.67007521413237,1,235.67007521413237,,1,1.0,0.0
LQTYUSDT-STRAXUSDT,147.42243464963565,1,147.42243464963565,,1,1.0,0.0
LQTYUSDT-SUIUSDT,393.5697809156418,1,393.5697809156418,,1,1.0,0.0
LQTYUSDT-SYNUSDT,1340.0104595541522,1,1340.0104595541522,,1,1.0,0.0
LQTYUSDT-TNSRUSDT,234.99060558556755,1,234.99060558556755,,1,1.0,0.0
LQTYUSDT-TRXUSDT,230.8949471383158,1,230.8949471383158,,1,1.0,0.0
LQTYUSDT-TURBOUSDT,4190.69551793539,1,4190.69551793539,,1,1.0,0.0
LQTYUSDT-VICUSDT,413.2548983705334,1,413.2548983705334,,1,1.0,0.0
LQTYUSDT-VTHOUSDT,1823.3931905438887,1,1823.3931905438887,,1,1.0,0.0
LQTYUSDT-XAIUSDT,1698.1859541421404,1,1698.1859541421404,,1,1.0,0.0
LQTYUSDT-XLMUSDT,2617.558114292336,1,2617.558114292336,,1,1.0,0.0
LQTYUSDT-XVSUSDT,72.31207493397804,1,72.31207493397804,,1,1.0,0.0
LQTYUSDT-ZENUSDT,1907.253442627603,1,1907.253442627603,,1,1.0,0.0
LRCUSDT-LSKUSDT,34.49984207452443,1,34.49984207452443,,1,1.0,0.0
LRCUSDT-METISUSDT,1126.292509692941,1,1126.292509692941,,1,1.0,0.0
LRCUSDT-NKNUSDT,1091.720548838104,1,1091.720548838104,,1,1.0,0.0
LRCUSDT-NTRNUSDT,130.21614981703402,1,130.21614981703402,,1,1.0,0.0
LRCUSDT-ORDIUSDT,315.1556906438715,1,315.1556906438715,,1,1.0,0.0
LRCUSDT-PHBUSDT,649.6131620688425,1,649.6131620688425,,1,1.0,0.0
LRCUSDT-PIXELUSDT,947.3539738525948,1,947.3539738525948,,1,1.0,0.0
LRCUSDT-PYTHUSDT,111.7532542102184,1,111.7532542102184,,1,1.0,0.0
LRCUSDT-REZUSDT,964.6182954961362,1,964.6182954961362,,1,1.0,0.0
LRCUSDT-RONINUSDT,133.11430921406864,1,133.11430921406864,,1,1.0,0.0
LRCUSDT-ROSEUSDT,1000.9851314220812,1,1000.9851314220812,,1,1.0,0.0
LRCUSDT-SNTUSDT,78.86644318196397,1,78.86644318196397,,1,1.0,0.0
LRCUSDT-STGUSDT,8.16303074162024,1,8.16303074162024,,1,1.0,0.0
LRCUSDT-STORJUSDT,107.06586071447556,1,107.06586071447556,,1,1.0,0.0
LRCUSDT-SXPUSDT,564.7379302013926,1,564.7379302013926,,1,1.0,0.0
LRCUSDT-TRUUSDT,553.0677187945638,1,553.0677187945638,,1,1.0,0.0
LRCUSDT-VOXELUSDT,773.8321072450196,1,773.8321072450196,,1,1.0,0.0
LRCUSDT-WIFUSDT,1014.8871398894833,1,1014.8871398894833,,1,1.0,0.0
LRCUSDT-WUSDT,2329.13923354331,1,2329.13923354331,,1,1.0,0.0
LRCUSDT-XRPUSDT,9673.353160395647,1,9673.353160395647,,1,1.0,0.0
LRCUSDT-XVGUSDT,122.50691583490746,1,122.50691583490746,,1,1.0,0.0
LRCUSDT-ZILUSDT,629.8542039144916,1,629.8542039144916,,1,1.0,0.0
LRCUSDT-ZROUSDT,2441.143946818185,1,2441.143946818185,,1,1.0,0.0
LSKUSDT-MANAUSDT,369.0749036822905,1,369.0749036822905,,1,1.0,0.0
LSKUSDT-MAVUSDT,982.6749015432572,1,982.6749015432572,,1,1.0,0.0
LSKUSDT-MUBARAKUSDT,790.0736959173324,1,790.0736959173324,,1,1.0,0.0
LSKUSDT-NEARUSDT,59.32732939127011,1,59.32732939127011,,1,1.0,0.0
LSKUSDT-NULSUSDT,732.5836183987556,1,732.5836183987556,,1,1.0,0.0
LSKUSDT-PHAUSDT,223.13294165774343,1,223.13294165774343,,1,1.0,0.0
LSKUSDT-POLYXUSDT,465.92429677270593,1,465.92429677270593,,1,1.0,0.0
LSKUSDT-RADUSDT,20.21897890364009,1,20.21897890364009,,1,1.0,0.0
LSKUSDT-RAYUSDT,1778.8754338845806,1,1778.8754338845806,,1,1.0,0.0
LSKUSDT-REZUSDT,405.2127758957827,1,405.2127758957827,,1,1.0,0.0
LSKUSDT-SUSHIUSDT,15.632309777286714,1,15.632309777286714,,1,1.0,0.0
LSKUSDT-TAOUSDT,270.82099290382087,1,270.82099290382087,,1,1.0,0.0
LSKUSDT-THETAUSDT,23.756874654461384,1,23.756874654461384,,1,1.0,0.0
LSKUSDT-VANRYUSDT,466.7069248806459,1,466.7069248806459,,1,1.0,0.0
LSKUSDT-VICUSDT,848.684525259976,1,848.684525259976,,1,1.0,0.0
LSKUSDT-XRPUSDT,32.87278107698508,1,32.87278107698508,,1,1.0,0.0
LSKUSDT-ZILUSDT,999.6809164812106,1,999.6809164812106,,1,1.0,0.0
LTCUSDT-MAGICUSDT,681.605259721724,1,681.605259721724,,1,1.0,0.0
LTCUSDT-MANAUSDT,3102.8230618007938,1,3102.8230618007938,,1,1.0,0.0
LTCUSDT-MANTAUSDT,4946.204276501496,1,4946.204276501496,,1,1.0,0.0
LTCUSDT-METISUSDT,686.3470049496914,1,686.3470049496914,,1,1.0,0.0
LTCUSDT-NTRNUSDT,1968.5224145259028,1,1968.5224145259028,,1,1.0,0.0
LTCUSDT-NULSUSDT,6144.630064194179,1,6144.630064194179,,1,1.0,0.0
LTCUSDT-PNUTUSDT,166.17322445368436,1,166.17322445368436,,1,1.0,0.0
LTCUSDT-RDNTUSDT,1592.8701191437783,1,1592.8701191437783,,1,1.0,0.0
LTCUSDT-REIUSDT,455.9412465685127,1,455.9412465685127,,1,1.0,0.0
LTCUSDT-REZUSDT,4897.855124521935,1,4897.855124521935,,1,1.0,0.0
LTCUSDT-RVNUSDT,3152.174221604621,1,3152.174221604621,,1,1.0,0.0
LTCUSDT-SPELLUSDT,4233.680070464429,1,4233.680070464429,,1,1.0,0.0
LTCUSDT-SUIUSDT,194.7819845522964,1,194.7819845522964,,1,1.0,0.0
LTCUSDT-SYSUSDT,3636.3902900415737,1,3636.3902900415737,,1,1.0,0.0
LTCUSDT-TRBUSDT,1791.1886019157216,1,1791.1886019157216,,1,1.0,0.0
LTCUSDT-USUALUSDT,1970.1920108950624,1,1970.1920108950624,,1,1.0,0.0
LTCUSDT-VICUSDT,2539.9825182664017,1,2539.9825182664017,,1,1.0,0.0
LTCUSDT-XAIUSDT,4976.776113262038,1,4976.776113262038,,1,1.0,0.0
LTCUSDT-XVSUSDT,1313.577091633664,1,1313.577091633664,,1,1.0,0.0
LUMIAUSDT-MASKUSDT,3063.232390770348,1,3063.232390770348,,1,1.0,0.0
LUMIAUSDT-MBOXUSDT,1298.402520745643,1,1298.402520745643,,1,1.0,0.0
LUMIAUSDT-NULSUSDT,1828.561341503144,1,1828.561341503144,,1,1.0,0.0
LUMIAUSDT-OGNUSDT,3329.4994446649007,1,3329.4994446649007,,1,1.0,0.0
LUMIAUSDT-PHAUSDT,867.7314091799221,1,867.7314091799221,,1,1.0,0.0
LUMIAUSDT-PYTHUSDT,2538.2688920136147,1,2538.2688920136147,,1,1.0,0.0
LUMIAUSDT-QUICKUSDT,3058.15849786046,1,3058.15849786046,,1,1.0,0.0
LUMIAUSDT-RONINUSDT,267.07476446166817,1,267.07476446166817,,1,1.0,0.0
LUMIAUSDT-ROSEUSDT,158.70972455782888,1,158.70972455782888,,1,1.0,0.0
LUMIAUSDT-TRBUSDT,156.07004920793747,1,156.07004920793747,,1,1.0,0.0
LUMIAUSDT-UMAUSDT,325.0287154332499,1,325.0287154332499,,1,1.0,0.0
LUMIAUSDT-VTHOUSDT,1431.3322818568472,1,1431.3322818568472,,1,1.0,0.0
MAGICUSDT-MEMEUSDT,246.55342192974257,1,246.55342192974257,,1,1.0,0.0
MAGICUSDT-NEARUSDT,4967.989105764841,1,4967.989105764841,,1,1.0,0.0
MAGICUSDT-NILUSDT,171.87013636717356,1,171.87013636717356,,1,1.0,0.0
MAGICUSDT-ONGUSDT,1396.2636882454422,1,1396.2636882454422,,1,1.0,0.0
MAGICUSDT-OPUSDT,948.8590623176412,1,948.8590623176412,,1,1.0,0.0
MAGICUSDT-ORCAUSDT,2872.364717837306,1,2872.364717837306,,1,1.0,0.0
MAGICUSDT-RADUSDT,2311.9550658336684,1,2311.9550658336684,,1,1.0,0.0
MAGICUSDT-RONINUSDT,56.43652171614833,1,56.43652171614833,,1,1.0,0.0
MAGICUSDT-RPLUSDT,130.32799756538964,1,130.32799756538964,,1,1.0,0.0
MAGICUSDT-SAGAUSDT,105.5601728053091,1,105.5601728053091,,1,1.0,0.0
MAGICUSDT-SYSUSDT,2630.936986673826,1,2630.936986673826,,1,1.0,0.0
MAGICUSDT-TIAUSDT,1054.6662731437525,1,1054.6662731437525,,1,1.0,0.0
MAGICUSDT-TLMUSDT,634.6371229347014,1,634.6371229347014,,1,1.0,0.0
MAGICUSDT-TRBUSDT,26.080445020163168,1,26.080445020163168,,1,1.0,0.0
MAGICUSDT-USTCUSDT,4050.37028337995,1,4050.37028337995,,1,1.0,0.0
MAGICUSDT-WAXPUSDT,1144.4650898413747,1,1144.4650898413747,,1,1.0,0.0
MAGICUSDT-WLDUSDT,509.9934918796045,1,509.9934918796045,,1,1.0,0.0
MAGICUSDT-WOOUSDT,1022.3981377222042,1,1022.3981377222042,,1,1.0,0.0
MAGICUSDT-XAIUSDT,705.9180122069552,1,705.9180122069552,,1,1.0,0.0
MAGICUSDT-ZENUSDT,3556.5961200460265,1,3556.5961200460265,,1,1.0,0.0
MAGICUSDT-ZROUSDT,993.884997433424,1,993.884997433424,,1,1.0,0.0
MANAUSDT-MDTUSDT,135.6627171152195,1,135.6627171152195,,1,1.0,0.0
MANAUSDT-METISUSDT,83.56594297679449,1,83.56594297679449,,1,1.0,0.0
MANAUSDT-MKRUSDT,716.3072524506454,1,716.3072524506454,,1,1.0,0.0
MANAUSDT-OGNUSDT,3311.6123690570707,1,3311.6123690570707,,1,1.0,0.0
MANAUSDT-ONEUSDT,83.99298657798411,1,83.99298657798411,,1,1.0,0.0
MANAUSDT-OXTUSDT,136.30951186176372,1,136.30951186176372,,1,1.0,0.0
MANAUSDT-PHAUSDT,894.1782369939942,1,894.1782369939942,,1,1.0,0.0
MANAUSDT-PROMUSDT,58.420901917562496,1,58.420901917562496,,1,1.0,0.0
MANAUSDT-RADUSDT,2335.758112580318,1,2335.758112580318,,1,1.0,0.0
MANAUSDT-RPLUSDT,6105.117608434485,1,6105.117608434485,,1,1.0,0.0
MANAUSDT-SANTOSUSDT,657.2981462857795,1,657.2981462857795,,1,1.0,0.0
MANAUSDT-SEIUSDT,352.1871635031137,1,352.1871635031137,,1,1.0,0.0
MANAUSDT-SLPUSDT,353.76050562664864,1,353.76050562664864,,1,1.0,0.0
MANAUSDT-SNXUSDT,1072.828845533584,1,1072.828845533584,,1,1.0,0.0
MANAUSDT-STGUSDT,1186.6176583284755,1,1186.6176583284755,,1,1.0,0.0
MANAUSDT-STORJUSDT,152.0571307841006,1,152.0571307841006,,1,1.0,0.0
MANAUSDT-STRAXUSDT,1233.3715813416377,1,1233.3715813416377,,1,1.0,0.0
MANAUSDT-SUIUSDT,295.47089649513146,1,295.47089649513146,,1,1.0,0.0
MANAUSDT-SXPUSDT,591.9581290673536,1,591.9581290673536,,1,1.0,0.0
MANAUSDT-THETAUSDT,185.7956033171326,1,185.7956033171326,,1,1.0,0.0
MANAUSDT-TRUUSDT,234.54113153566863,1,234.54113153566863,,1,1.0,0.0
MANAUSDT-TWTUSDT,106.88676191923,1,106.88676191923,,1,1.0,0.0
MANAUSDT-UMAUSDT,111.30194388833168,1,111.30194388833168,,1,1.0,0.0
MANAUSDT-VANAUSDT,321.4949269835396,1,321.4949269835396,,1,1.0,0.0
MANAUSDT-VOXELUSDT,197.50877426956043,1,197.50877426956043,,1,1.0,0.0
MANAUSDT-WUSDT,107.89317278660356,1,107.89317278660356,,1,1.0,0.0
MANTAUSDT-MAVUSDT,224.9866764773577,1,224.9866764773577,,1,1.0,0.0
MANTAUSDT-METISUSDT,2410.4422166095774,1,2410.4422166095774,,1,1.0,0.0
MANTAUSDT-NEIROUSDT,951.56891091624,1,951.56891091624,,1,1.0,0.0
MANTAUSDT-ORDIUSDT,1403.7361844120137,1,1403.7361844120137,,1,1.0,0.0
MANTAUSDT-PEOPLEUSDT,3702.357048686863,1,3702.357048686863,,1,1.0,0.0
MANTAUSDT-PNUTUSDT,1847.7282240880745,1,1847.7282240880745,,1,1.0,0.0
MANTAUSDT-RADUSDT,2204.314797774396,1,2204.314797774396,,1,1.0,0.0
MANTAUSDT-RDNTUSDT,2226.0882536706577,1,2226.0882536706577,,1,1.0,0.0
MANTAUSDT-RENDERUSDT,1130.6591718914397,1,1130.6591718914397,,1,1.0,0.0
MANTAUSDT-RUNEUSDT,807.9422798976792,1,807.9422798976792,,1,1.0,0.0
MANTAUSDT-SCUSDT,258.5135655107064,1,258.5135655107064,,1,1.0,0.0
MANTAUSDT-SKLUSDT,737.6049187955736,1,737.6049187955736,,1,1.0,0.0
MANTAUSDT-SLPUSDT,829.2684481890502,1,829.2684481890502,,1,1.0,0.0
MANTAUSDT-STRAXUSDT,608.3177201230881,1,608.3177201230881,,1,1.0,0.0
MANTAUSDT-TNSRUSDT,55.41413914365702,1,55.41413914365702,,1,1.0,0.0
MANTAUSDT-TONUSDT,2367.062904329758,1,2367.062904329758,,1,1.0,0.0
MANTAUSDT-TRUMPUSDT,81.46355600956286,1,81.46355600956286,,1,1.0,0.0
MANTAUSDT-UNIUSDT,1244.176257193909,1,1244.176257193909,,1,1.0,0.0
MANTAUSDT-VOXELUSDT,34.13425728550314,1,34.13425728550314,,1,1.0,0.0
MANTAUSDT-XTZUSDT,347.5023716159611,1,347.5023716159611,,1,1.0,0.0
MANTAUSDT-XVSUSDT,3448.4850946566826,1,3448.4850946566826,,1,1.0,0.0
MASKUSDT-MAVUSDT,1634.5354105796544,1,1634.5354105796544,,1,1.0,0.0
MASKUSDT-MOVRUSDT,2376.56076155479,1,2376.56076155479,,1,1.0,0.0
MASKUSDT-NEIROUSDT,5828.542532040846,1,5828.542532040846,,1,1.0,0.0
MASKUSDT-NEOUSDT,110.33648410414878,1,110.33648410414878,,1,1.0,0.0
MASKUSDT-NFPUSDT,372.5416502057166,1,372.5416502057166,,1,1.0,0.0
MASKUSDT-NILUSDT,1874.211086599788,1,1874.211086599788,,1,1.0,0.0
MASKUSDT-OMNIUSDT,2093.01753058676,1,2093.01753058676,,1,1.0,0.0
MASKUSDT-ORCAUSDT,68.98857561788815,1,68.98857561788815,,1,1.0,0.0
MASKUSDT-PEOPLEUSDT,1882.766980188532,1,1882.766980188532,,1,1.0,0.0
MASKUSDT-PHAUSDT,1335.9165643646206,1,1335.9165643646206,,1,1.0,0.0
MASKUSDT-POLYXUSDT,771.4717852516553,1,771.4717852516553,,1,1.0,0.0
MASKUSDT-PYTHUSDT,108.51834587841876,1,108.51834587841876,,1,1.0,0.0
MASKUSDT-QNTUSDT,321.6785103285953,1,321.6785103285953,,1,1.0,0.0
MASKUSDT-QTUMUSDT,1437.0736560374933,1,1437.0736560374933,,1,1.0,0.0
MASKUSDT-RLCUSDT,619.518611936208,1,619.518611936208,,1,1.0,0.0
MASKUSDT-RONINUSDT,49.567164290237095,1,49.567164290237095,,1,1.0,0.0
MASKUSDT-RSRUSDT,412.3215721449157,1,412.3215721449157,,1,1.0,0.0
MASKUSDT-SCRTUSDT,1967.3945825432247,1,1967.3945825432247,,1,1.0,0.0
MASKUSDT-SNTUSDT,340.8430777504664,1,340.8430777504664,,1,1.0,0.0
MASKUSDT-SUIUSDT,1889.0522441503235,1,1889.0522441503235,,1,1.0,0.0
MASKUSDT-SYNUSDT,1073.6766346310808,1,1073.6766346310808,,1,1.0,0.0
MASKUSDT-TAOUSDT,613.1309896368888,1,613.1309896368888,,1,1.0,0.0
MASKUSDT-TIAUSDT,8217.987681073277,1,8217.987681073277,,1,1.0,0.0
MASKUSDT-TONUSDT,2251.4802100702987,1,2251.4802100702987,,1,1.0,0.0
MASKUSDT-USTCUSDT,1061.512652659739,1,1061.512652659739,,1,1.0,0.0
MASKUSDT-WLDUSDT,394.98974788930775,1,394.98974788930775,,1,1.0,0.0
MASKUSDT-XTZUSDT,1112.6756489120337,1,1112.6756489120337,,1,1.0,0.0
MASKUSDT-ZRXUSDT,236.3445078894918,1,236.3445078894918,,1,1.0,0.0
MAVUSDT-NOTUSDT,163.47441097120785,1,163.47441097120785,,1,1.0,0.0
MAVUSDT-OPUSDT,2441.9684189523127,1,2441.9684189523127,,1,1.0,0.0
MAVUSDT-OXTUSDT,815.5493951892963,1,815.5493951892963,,1,1.0,0.0
MAVUSDT-PENDLEUSDT,999.9646507054784,1,999.9646507054784,,1,1.0,0.0
MAVUSDT-PEOPLEUSDT,2404.896882285754,1,2404.896882285754,,1,1.0,0.0
MAVUSDT-PERPUSDT,3750.270999210048,1,3750.270999210048,,1,1.0,0.0
MAVUSDT-PHBUSDT,3752.461855335441,1,3752.461855335441,,1,1.0,0.0
MAVUSDT-PIXELUSDT,158.1732912899407,1,158.1732912899407,,1,1.0,0.0
MAVUSDT-REDUSDT,2866.7357514071336,1,2866.7357514071336,,1,1.0,0.0
MAVUSDT-RPLUSDT,1366.6039905278012,1,1366.6039905278012,,1,1.0,0.0
MAVUSDT-SCRTUSDT,87.89269778595784,1,87.89269778595784,,1,1.0,0.0
MAVUSDT-SEIUSDT,71.41014653270938,1,71.41014653270938,,1,1.0,0.0
MAVUSDT-STRKUSDT,415.96664423404434,1,415.96664423404434,,1,1.0,0.0
MAVUSDT-THEUSDT,1932.4012405076244,1,1932.4012405076244,,1,1.0,0.0
MAVUSDT-TROYUSDT,49.51608782769896,1,49.51608782769896,,1,1.0,0.0
MAVUSDT-TRUUSDT,99.77057267346892,1,99.77057267346892,,1,1.0,0.0
MAVUSDT-UMAUSDT,2582.9443561069647,1,2582.9443561069647,,1,1.0,0.0
MAVUSDT-VANRYUSDT,1958.630823659391,1,1958.630823659391,,1,1.0,0.0
MAVUSDT-VIDTUSDT,514.3465892381698,1,514.3465892381698,,1,1.0,0.0
MAVUSDT-WUSDT,1946.103824668532,1,1946.103824668532,,1,1.0,0.0
MAVUSDT-XVGUSDT,1709.262500174929,1,1709.262500174929,,1,1.0,0.0
MAVUSDT-ZECUSDT,210.7099570381928,1,210.7099570381928,,1,1.0,0.0
MAVUSDT-ZKUSDT,142.5437646036764,1,142.5437646036764,,1,1.0,0.0
MBOXUSDT-MINAUSDT,1050.7609035453434,1,1050.7609035453434,,1,1.0,0.0
MBOXUSDT-NMRUSDT,1355.5280352526056,1,1355.5280352526056,,1,1.0,0.0
MBOXUSDT-NTRNUSDT,1278.028079309341,1,1278.028079309341,,1,1.0,0.0
MBOXUSDT-POLUSDT,4175.881780770865,1,4175.881780770865,,1,1.0,0.0
MBOXUSDT-PORTALUSDT,112.62849709315432,1,112.62849709315432,,1,1.0,0.0
MBOXUSDT-PYTHUSDT,276.0052302418706,1,276.0052302418706,,1,1.0,0.0
MBOXUSDT-RADUSDT,746.17188456198,1,746.17188456198,,1,1.0,0.0
MBOXUSDT-RAYUSDT,4478.313649276274,1,4478.313649276274,,1,1.0,0.0
MBOXUSDT-RENDERUSDT,1145.6362106134284,1,1145.6362106134284,,1,1.0,0.0
MBOXUSDT-RLCUSDT,282.81351506521133,1,282.81351506521133,,1,1.0,0.0
MBOXUSDT-ROSEUSDT,283.0119324904188,1,283.0119324904188,,1,1.0,0.0
MBOXUSDT-RSRUSDT,33.93075175561013,1,33.93075175561013,,1,1.0,0.0
MBOXUSDT-SCUSDT,909.8217586900992,1,909.8217586900992,,1,1.0,0.0
MBOXUSDT-SLPUSDT,48.71979493617834,1,48.71979493617834,,1,1.0,0.0
MBOXUSDT-SOLUSDT,2406.37055414265,1,2406.37055414265,,1,1.0,0.0
MBOXUSDT-SSVUSDT,821.7999561384354,1,821.7999561384354,,1,1.0,0.0
MBOXUSDT-STEEMUSDT,14.371142275565049,1,14.371142275565049,,1,1.0,0.0
MBOXUSDT-STXUSDT,179.21461529318464,1,179.21461529318464,,1,1.0,0.0
MBOXUSDT-TLMUSDT,135.73403604479623,1,135.73403604479623,,1,1.0,0.0
MBOXUSDT-TRUUSDT,1675.0261860273956,1,1675.0261860273956,,1,1.0,0.0
MBOXUSDT-VICUSDT,2004.9884948449023,1,2004.9884948449023,,1,1.0,0.0
MBOXUSDT-WAXPUSDT,399.9888071826071,1,399.9888071826071,,1,1.0,0.0
MBOXUSDT-WLDUSDT,1202.407144347427,1,1202.407144347427,,1,1.0,0.0
MBOXUSDT-WUSDT,983.9989854055316,1,983.9989854055316,,1,1.0,0.0
MBOXUSDT-ZROUSDT,2880.819234542007,1,2880.819234542007,,1,1.0,0.0
MDTUSDT-MKRUSDT,636.3481819146806,1,636.3481819146806,,1,1.0,0.0
MDTUSDT-NEIROUSDT,2386.512272566145,1,2386.512272566145,,1,1.0,0.0
MDTUSDT-NULSUSDT,18.33357612857303,1,18.33357612857303,,1,1.0,0.0
MDTUSDT-OMUSDT,27.722883514724685,1,27.722883514724685,,1,1.0,0.0
MDTUSDT-OPUSDT,1541.5442606650415,1,1541.5442606650415,,1,1.0,0.0
MDTUSDT-ORCAUSDT,289.88539761714264,1,289.88539761714264,,1,1.0,0.0
MDTUSDT-PEOPLEUSDT,1707.2132354032042,1,1707.2132354032042,,1,1.0,0.0
MDTUSDT-PHBUSDT,3440.495386107584,1,3440.495386107584,,1,1.0,0.0
MDTUSDT-RAREUSDT,37.71259214449078,1,37.71259214449078,,1,1.0,0.0
MDTUSDT-RENDERUSDT,2951.310528494356,1,2951.310528494356,,1,1.0,0.0
MDTUSDT-RIFUSDT,238.19932501068385,1,238.19932501068385,,1,1.0,0.0
MDTUSDT-RONINUSDT,5866.0084562437005,1,5866.0084562437005,,1,1.0,0.0
MDTUSDT-THETAUSDT,5203.042905961212,1,5203.042905961212,,1,1.0,0.0
MDTUSDT-TIAUSDT,2808.399722139363,1,2808.399722139363,,1,1.0,0.0
MDTUSDT-VANAUSDT,161.70167342189248,1,161.70167342189248,,1,1.0,0.0
MDTUSDT-VELODROMEUSDT,198.93897227415363,1,198.93897227415363,,1,1.0,0.0
MDTUSDT-WOOUSDT,1445.7621127533712,1,1445.7621127533712,,1,1.0,0.0
MDTUSDT-XLMUSDT,95.31504416826698,1,95.31504416826698,,1,1.0,0.0
MDTUSDT-YGGUSDT,49.75383144909345,1,49.75383144909345,,1,1.0,0.0
MDTUSDT-ZECUSDT,97.22227538480982,1,97.22227538480982,,1,1.0,0.0
MDTUSDT-ZKUSDT,33.58032493095837,1,33.58032493095837,,1,1.0,0.0
MDTUSDT-ZRXUSDT,0.9336993117853112,1,0.9336993117853112,,1,1.0,0.0
MEMEUSDT-METISUSDT,1629.9860245017237,1,1629.9860245017237,,1,1.0,0.0
MEMEUSDT-MEUSDT,102.91681027783328,1,102.91681027783328,,1,1.0,0.0
MEMEUSDT-MLNUSDT,2190.805786236776,1,2190.805786236776,,1,1.0,0.0
MEMEUSDT-NFPUSDT,247.2288878061782,1,247.2288878061782,,1,1.0,0.0
MEMEUSDT-OMNIUSDT,2343.9653396626995,1,2343.9653396626995,,1,1.0,0.0
MEMEUSDT-ORCAUSDT,551.7364549748171,1,551.7364549748171,,1,1.0,0.0
MEMEUSDT-PERPUSDT,133.85783093418982,1,133.85783093418982,,1,1.0,0.0
MEMEUSDT-POLUSDT,1661.31708656147,1,1661.31708656147,,1,1.0,0.0
MEMEUSDT-SKLUSDT,47.16579193269378,1,47.16579193269378,,1,1.0,0.0
MEMEUSDT-STRKUSDT,2365.952111241492,1,2365.952111241492,,1,1.0,0.0
MEMEUSDT-STXUSDT,713.1179783872724,1,713.1179783872724,,1,1.0,0.0
MEMEUSDT-SUPERUSDT,276.96735416133123,1,276.96735416133123,,1,1.0,0.0
MEMEUSDT-TRUUSDT,704.0598765480455,1,704.0598765480455,,1,1.0,0.0
MEMEUSDT-UMAUSDT,3648.632785567652,1,3648.632785567652,,1,1.0,0.0
MEMEUSDT-UNIUSDT,50.9433121284142,1,50.9433121284142,,1,1.0,0.0
MEMEUSDT-XLMUSDT,6594.326346077448,1,6594.326346077448,,1,1.0,0.0
MEMEUSDT-XTZUSDT,2174.3602526062227,1,2174.3602526062227,,1,1.0,0.0
MEMEUSDT-ZECUSDT,151.65201018911716,1,151.65201018911716,,1,1.0,0.0
MEMEUSDT-ZENUSDT,1419.7691360567444,1,1419.7691360567444,,1,1.0,0.0
METISUSDT-NKNUSDT,99.17753165987136,1,99.17753165987136,,1,1.0,0.0
METISUSDT-PERPUSDT,98.25258744349097,1,98.25258744349097,,1,1.0,0.0
METISUSDT-PIXELUSDT,1560.450150932537,1,1560.450150932537,,1,1.0,0.0
METISUSDT-POLUSDT,1664.0094593582555,1,1664.0094593582555,,1,1.0,0.0
METISUSDT-PORTALUSDT,94.45397815544284,1,94.45397815544284,,1,1.0,0.0
METISUSDT-RADUSDT,478.5542423694226,1,478.5542423694226,,1,1.0,0.0
METISUSDT-RSRUSDT,223.1699640271572,1,223.1699640271572,,1,1.0,0.0
METISUSDT-SAGAUSDT,1685.5268846319905,1,1685.5268846319905,,1,1.0,0.0
METISUSDT-SOLUSDT,1973.969285396664,1,1973.969285396664,,1,1.0,0.0
METISUSDT-STXUSDT,135.64117672287068,1,135.64117672287068,,1,1.0,0.0
METISUSDT-SYNUSDT,4794.298459386941,1,4794.298459386941,,1,1.0,0.0
METISUSDT-THETAUSDT,409.2986408488657,1,409.2986408488657,,1,1.0,0.0
METISUSDT-TLMUSDT,1054.7004646793014,1,1054.7004646793014,,1,1.0,0.0
METISUSDT-TRUUSDT,1051.544337805862,1,1051.544337805862,,1,1.0,0.0
METISUSDT-TRXUSDT,263.87094543973285,1,263.87094543973285,,1,1.0,0.0
METISUSDT-TURBOUSDT,1480.3312406760515,1,1480.3312406760515,,1,1.0,0.0
METISUSDT-VANAUSDT,1565.824183115138,1,1565.824183115138,,1,1.0,0.0
METISUSDT-XAIUSDT,3320.713220755653,1,3320.713220755653,,1,1.0,0.0
METISUSDT-XVGUSDT,12.109116467684842,1,12.109116467684842,,1,1.0,0.0
METISUSDT-YFIUSDT,2229.0281654030678,1,2229.0281654030678,,1,1.0,0.0
MEUSDT-MINAUSDT,986.360786767934,1,986.360786767934,,1,1.0,0.0
MEUSDT-MTLUSDT,200.8723436124764,1,200.8723436124764,,1,1.0,0.0
MEUSDT-NKNUSDT,132.34004307916152,1,132.34004307916152,,1,1.0,0.0
MEUSDT-PARTIUSDT,99.77612894111776,1,99.77612894111776,,1,1.0,0.0
MEUSDT-PORTALUSDT,1094.6848958114635,1,1094.6848958114635,,1,1.0,0.0
MEUSDT-POWRUSDT,2.212090925443178,1,2.212090925443178,,1,1.0,0.0
MEUSDT-RAYUSDT,11325.573265764404,1,11325.573265764404,,1,1.0,0.0
MEUSDT-RENDERUSDT,2431.117495577994,1,2431.117495577994,,1,1.0,0.0
MEUSDT-RLCUSDT,1263.0602944727043,1,1263.0602944727043,,1,1.0,0.0
MEUSDT-RONINUSDT,2696.330338569327,1,2696.330338569327,,1,1.0,0.0
MEUSDT-SCRUSDT,2958.296175105133,1,2958.296175105133,,1,1.0,0.0
MEUSDT-SOLVUSDT,3704.5870862277607,1,3704.5870862277607,,1,1.0,0.0
MEUSDT-SSVUSDT,427.9872647368276,1,427.9872647368276,,1,1.0,0.0
MEUSDT-STEEMUSDT,2997.002786387412,1,2997.002786387412,,1,1.0,0.0
MEUSDT-STGUSDT,325.32668982709083,1,325.32668982709083,,1,1.0,0.0
MEUSDT-STXUSDT,1698.1996714368267,1,1698.1996714368267,,1,1.0,0.0
MEUSDT-SUPERUSDT,172.5547879663405,1,172.5547879663405,,1,1.0,0.0
MEUSDT-TURBOUSDT,645.96104146066,1,645.96104146066,,1,1.0,0.0
MEUSDT-UMAUSDT,214.38807354617649,1,214.38807354617649,,1,1.0,0.0
MEUSDT-USUALUSDT,361.6300256126085,1,361.6300256126085,,1,1.0,0.0
MEUSDT-WIFUSDT,91.3444648695538,1,91.3444648695538,,1,1.0,0.0
MEUSDT-WLDUSDT,1344.698969553108,1,1344.698969553108,,1,1.0,0.0
MEUSDT-WUSDT,1194.201174884965,1,1194.201174884965,,1,1.0,0.0
MEUSDT-XTZUSDT,1414.3853410352765,1,1414.3853410352765,,1,1.0,0.0
MEUSDT-XVGUSDT,136.96302744632888,1,136.96302744632888,,1,1.0,0.0
MEUSDT-ZRXUSDT,2938.238615833574,1,2938.238615833574,,1,1.0,0.0
MINAUSDT-MOVEUSDT,177.79926605239967,1,177.79926605239967,,1,1.0,0.0
MINAUSDT-MUBARAKUSDT,162.74768871266997,1,162.74768871266997,,1,1.0,0.0
MINAUSDT-NEARUSDT,715.9963228806939,1,715.9963228806939,,1,1.0,0.0
MINAUSDT-NEIROUSDT,4463.020040013322,1,4463.020040013322,,1,1.0,0.0
MINAUSDT-OMNIUSDT,648.3161439516265,1,648.3161439516265,,1,1.0,0.0
MINAUSDT-ORDIUSDT,502.3808222206754,1,502.3808222206754,,1,1.0,0.0
MINAUSDT-PAXGUSDT,15.152887600771628,1,15.152887600771628,,1,1.0,0.0
MINAUSDT-PHAUSDT,319.33631009593745,1,319.33631009593745,,1,1.0,0.0
MINAUSDT-PHBUSDT,911.15765397439,1,911.15765397439,,1,1.0,0.0
MINAUSDT-POLYXUSDT,164.36594911768583,1,164.36594911768583,,1,1.0,0.0
MINAUSDT-RADUSDT,220.3092550602719,1,220.3092550602719,,1,1.0,0.0
MINAUSDT-RLCUSDT,350.8021488178295,1,350.8021488178295,,1,1.0,0.0
MINAUSDT-ROSEUSDT,166.23421827514824,1,166.23421827514824,,1,1.0,0.0
MINAUSDT-RSRUSDT,1058.0443007177355,1,1058.0443007177355,,1,1.0,0.0
MINAUSDT-SCUSDT,76.94897467027921,1,76.94897467027921,,1,1.0,0.0
MINAUSDT-SFPUSDT,511.3100901055367,1,511.3100901055367,,1,1.0,0.0
MINAUSDT-SUIUSDT,2627.2305012441007,1,2627.2305012441007,,1,1.0,0.0
MINAUSDT-SUSDT,695.974340022809,1,695.974340022809,,1,1.0,0.0
MINAUSDT-THETAUSDT,2087.103744835196,1,2087.103744835196,,1,1.0,0.0
MINAUSDT-TLMUSDT,168.20946548494834,1,168.20946548494834,,1,1.0,0.0
MINAUSDT-TNSRUSDT,1517.310094518588,1,1517.310094518588,,1,1.0,0.0
MINAUSDT-TRUMPUSDT,677.6148810549827,1,677.6148810549827,,1,1.0,0.0
MINAUSDT-VANAUSDT,1103.0562115629812,1,1103.0562115629812,,1,1.0,0.0
MINAUSDT-VIDTUSDT,63.969653741916765,1,63.969653741916765,,1,1.0,0.0
MKRUSDT-ORCAUSDT,2190.69516010104,1,2190.69516010104,,1,1.0,0.0
MKRUSDT-ORDIUSDT,486.1344507211483,1,486.1344507211483,,1,1.0,0.0
MKRUSDT-POWRUSDT,1921.3395236718177,1,1921.3395236718177,,1,1.0,0.0
MKRUSDT-QUICKUSDT,714.3731146197637,1,714.3731146197637,,1,1.0,0.0
MKRUSDT-RAYUSDT,3253.7496291904454,1,3253.7496291904454,,1,1.0,0.0
MKRUSDT-REDUSDT,30.199146239935004,1,30.199146239935004,,1,1.0,0.0
MKRUSDT-RUNEUSDT,2394.0735458200047,1,2394.0735458200047,,1,1.0,0.0
MKRUSDT-SANDUSDT,2237.143490281528,1,2237.143490281528,,1,1.0,0.0
MKRUSDT-STXUSDT,220.8241518165459,1,220.8241518165459,,1,1.0,0.0
MKRUSDT-SUIUSDT,2066.1911905630773,1,2066.1911905630773,,1,1.0,0.0
MKRUSDT-SYSUSDT,200.0658794992007,1,200.0658794992007,,1,1.0,0.0
MKRUSDT-THETAUSDT,2082.287355827488,1,2082.287355827488,,1,1.0,0.0
MKRUSDT-VTHOUSDT,901.7961340661492,1,901.7961340661492,,1,1.0,0.0
MKRUSDT-WOOUSDT,3695.7350571969714,1,3695.7350571969714,,1,1.0,0.0
MKRUSDT-XLMUSDT,69.26156793987714,1,69.26156793987714,,1,1.0,0.0
MKRUSDT-XTZUSDT,1676.3561855892297,1,1676.3561855892297,,1,1.0,0.0
MKRUSDT-ZECUSDT,1222.5916505190444,1,1222.5916505190444,,1,1.0,0.0
MKRUSDT-ZENUSDT,1521.4344408674249,1,1521.4344408674249,,1,1.0,0.0
MKRUSDT-ZILUSDT,402.63721865889545,1,402.63721865889545,,1,1.0,0.0
MLNUSDT-MUBARAKUSDT,2328.883621136209,1,2328.883621136209,,1,1.0,0.0
MLNUSDT-NULSUSDT,774.5383018546386,1,774.5383018546386,,1,1.0,0.0
MLNUSDT-OPUSDT,1666.762131048392,1,1666.762131048392,,1,1.0,0.0
MLNUSDT-PEOPLEUSDT,961.9348171919552,1,961.9348171919552,,1,1.0,0.0
MLNUSDT-PYTHUSDT,1326.467155997021,1,1326.467155997021,,1,1.0,0.0
MLNUSDT-QTUMUSDT,691.2255404369248,1,691.2255404369248,,1,1.0,0.0
MLNUSDT-RENDERUSDT,560.8541795696689,1,560.8541795696689,,1,1.0,0.0
MLNUSDT-RLCUSDT,1151.434438051035,1,1151.434438051035,,1,1.0,0.0
MLNUSDT-SANDUSDT,335.37693452954176,1,335.37693452954176,,1,1.0,0.0
MLNUSDT-SOLUSDT,499.45988295411416,1,499.45988295411416,,1,1.0,0.0
MLNUSDT-SSVUSDT,91.21884511062746,1,91.21884511062746,,1,1.0,0.0
MLNUSDT-TAOUSDT,2564.2528529979672,1,2564.2528529979672,,1,1.0,0.0
MLNUSDT-TNSRUSDT,2161.225151307647,1,2161.225151307647,,1,1.0,0.0
MLNUSDT-USUALUSDT,646.3824401406152,1,646.3824401406152,,1,1.0,0.0
MLNUSDT-WIFUSDT,180.491929166708,1,180.491929166708,,1,1.0,0.0
MLNUSDT-XRPUSDT,12.008122289568185,1,12.008122289568185,,1,1.0,0.0
MLNUSDT-XVGUSDT,3727.177453850814,1,3727.177453850814,,1,1.0,0.0
MLNUSDT-YGGUSDT,884.0554484333295,1,884.0554484333295,,1,1.0,0.0
MOVEUSDT-PEOPLEUSDT,3983.470414481935,1,3983.470414481935,,1,1.0,0.0
MOVEUSDT-REZUSDT,47.4267135815561,1,47.4267135815561,,1,1.0,0.0
MOVEUSDT-RIFUSDT,5.551000242941598,1,5.551000242941598,,1,1.0,0.0
MOVEUSDT-SEIUSDT,139.7352520912431,1,139.7352520912431,,1,1.0,0.0
MOVEUSDT-STORJUSDT,173.16058122932856,1,173.16058122932856,,1,1.0,0.0
MOVEUSDT-SUSDT,725.5664049861269,1,725.5664049861269,,1,1.0,0.0
MOVEUSDT-USUALUSDT,393.3984125833266,1,393.3984125833266,,1,1.0,0.0
MOVEUSDT-VICUSDT,166.11258466859158,1,166.11258466859158,,1,1.0,0.0
MOVEUSDT-VOXELUSDT,77.73739038949967,1,77.73739038949967,,1,1.0,0.0
MOVEUSDT-WLDUSDT,86.68057051305331,1,86.68057051305331,,1,1.0,0.0
MOVEUSDT-XVSUSDT,460.0738352081541,1,460.0738352081541,,1,1.0,0.0
MOVEUSDT-ZROUSDT,1017.3296827447728,1,1017.3296827447728,,1,1.0,0.0
MOVRUSDT-NEARUSDT,684.7155011072374,1,684.7155011072374,,1,1.0,0.0
MOVRUSDT-OMUSDT,145.74022206399425,1,145.74022206399425,,1,1.0,0.0
MOVRUSDT-PEOPLEUSDT,4416.60667447393,1,4416.60667447393,,1,1.0,0.0
MOVRUSDT-PROMUSDT,5285.0636833641865,1,5285.0636833641865,,1,1.0,0.0
MOVRUSDT-PYTHUSDT,1532.2585795106677,1,1532.2585795106677,,1,1.0,0.0
MOVRUSDT-RADUSDT,1407.1367274256372,1,1407.1367274256372,,1,1.0,0.0
MOVRUSDT-RIFUSDT,137.21933939589618,1,137.21933939589618,,1,1.0,0.0
MOVRUSDT-ROSEUSDT,484.81496497273935,1,484.81496497273935,,1,1.0,0.0
MOVRUSDT-RPLUSDT,863.8197728679007,1,863.8197728679007,,1,1.0,0.0
MOVRUSDT-SANDUSDT,2276.0302338269626,1,2276.0302338269626,,1,1.0,0.0
MOVRUSDT-TLMUSDT,961.739023083258,1,961.739023083258,,1,1.0,0.0
MOVRUSDT-TRBUSDT,97.48587540612556,1,97.48587540612556,,1,1.0,0.0
MOVRUSDT-TRXUSDT,721.6462880918274,1,721.6462880918274,,1,1.0,0.0
MOVRUSDT-UMAUSDT,467.4375513013844,1,467.4375513013844,,1,1.0,0.0
MOVRUSDT-WUSDT,4571.389655625248,1,4571.389655625248,,1,1.0,0.0
MOVRUSDT-XVGUSDT,417.9864003803793,1,417.9864003803793,,1,1.0,0.0
MOVRUSDT-YGGUSDT,404.3884152631745,1,404.3884152631745,,1,1.0,0.0
MOVRUSDT-ZILUSDT,265.5670503379211,1,265.5670503379211,,1,1.0,0.0
MTLUSDT-NEIROUSDT,1774.3319893019243,1,1774.3319893019243,,1,1.0,0.0
MTLUSDT-ONTUSDT,239.3927656349605,1,239.3927656349605,,1,1.0,0.0
MTLUSDT-OPUSDT,1693.0140877376753,1,1693.0140877376753,,1,1.0,0.0
MTLUSDT-PERPUSDT,2482.534048214296,1,2482.534048214296,,1,1.0,0.0
MTLUSDT-PYTHUSDT,2138.3505347728137,1,2138.3505347728137,,1,1.0,0.0
MTLUSDT-ROSEUSDT,2019.960878855373,1,2019.960878855373,,1,1.0,0.0
MTLUSDT-SCRTUSDT,1544.7392924611647,1,1544.7392924611647,,1,1.0,0.0
MTLUSDT-SKLUSDT,159.57203937619488,1,159.57203937619488,,1,1.0,0.0
MTLUSDT-SLPUSDT,87.79672585317576,1,87.79672585317576,,1,1.0,0.0
MTLUSDT-SPELLUSDT,1246.1809016683726,1,1246.1809016683726,,1,1.0,0.0
MTLUSDT-STXUSDT,2437.5966171755044,1,2437.5966171755044,,1,1.0,0.0
MTLUSDT-SUSDT,1800.347619884944,1,1800.347619884944,,1,1.0,0.0
MTLUSDT-SUSHIUSDT,174.47217147945733,1,174.47217147945733,,1,1.0,0.0
MTLUSDT-TNSRUSDT,2293.96567711802,1,2293.96567711802,,1,1.0,0.0
MTLUSDT-USTCUSDT,589.8665407235952,1,589.8665407235952,,1,1.0,0.0
MTLUSDT-VANAUSDT,617.6021894017499,1,617.6021894017499,,1,1.0,0.0
MTLUSDT-VETUSDT,465.059936248739,1,465.059936248739,,1,1.0,0.0
MTLUSDT-WOOUSDT,1845.927551469321,1,1845.927551469321,,1,1.0,0.0
MTLUSDT-ZKUSDT,1614.7070119469545,1,1614.7070119469545,,1,1.0,0.0
MUBARAKUSDT-QNTUSDT,1548.1145831999308,1,1548.1145831999308,,1,1.0,0.0
MUBARAKUSDT-SANTOSUSDT,84.99325307076575,1,84.99325307076575,,1,1.0,0.0
MUBARAKUSDT-SPELLUSDT,2288.761659802534,1,2288.761659802534,,1,1.0,0.0
MUBARAKUSDT-VELODROMEUSDT,216.09441328537065,1,216.09441328537065,,1,1.0,0.0
MUBARAKUSDT-WLDUSDT,569.6841603247664,1,569.6841603247664,,1,1.0,0.0
MUBARAKUSDT-XLMUSDT,4567.715230178495,1,4567.715230178495,,1,1.0,0.0
MUBARAKUSDT-XVGUSDT,272.4546964483357,1,272.4546964483357,,1,1.0,0.0
MUBARAKUSDT-ZECUSDT,4640.282096177759,1,4640.282096177759,,1,1.0,0.0
MUBARAKUSDT-ZILUSDT,281.4488271879542,1,281.4488271879542,,1,1.0,0.0
NEARUSDT-OMNIUSDT,15.109032052883656,1,15.109032052883656,,1,1.0,0.0
NEARUSDT-ONEUSDT,765.159870995197,1,765.159870995197,,1,1.0,0.0
NEARUSDT-ONGUSDT,162.9119337083121,1,162.9119337083121,,1,1.0,0.0
NEARUSDT-ORCAUSDT,2460.362352064566,1,2460.362352064566,,1,1.0,0.0
NEARUSDT-PENDLEUSDT,1485.9214371412588,1,1485.9214371412588,,1,1.0,0.0
NEARUSDT-PORTALUSDT,356.67610128696305,1,356.67610128696305,,1,1.0,0.0
NEARUSDT-QNTUSDT,88.0776025301908,1,88.0776025301908,,1,1.0,0.0
NEARUSDT-RADUSDT,3115.1733512913543,1,3115.1733512913543,,1,1.0,0.0
NEARUSDT-RAREUSDT,1946.291812807088,1,1946.291812807088,,1,1.0,0.0
NEARUSDT-ROSEUSDT,329.53302804994064,1,329.53302804994064,,1,1.0,0.0
NEARUSDT-RSRUSDT,2339.2659521383475,1,2339.2659521383475,,1,1.0,0.0
NEARUSDT-RVNUSDT,308.89308683242444,1,308.89308683242444,,1,1.0,0.0
NEARUSDT-SEIUSDT,97.7433844767659,1,97.7433844767659,,1,1.0,0.0
NEARUSDT-SOLUSDT,33.7025556400712,1,33.7025556400712,,1,1.0,0.0
NEARUSDT-SSVUSDT,484.0726438509136,1,484.0726438509136,,1,1.0,0.0
NEARUSDT-STRAXUSDT,1533.2949875322497,1,1533.2949875322497,,1,1.0,0.0
NEARUSDT-STXUSDT,951.0771228343698,1,951.0771228343698,,1,1.0,0.0
NEARUSDT-SYSUSDT,797.03094423363,1,797.03094423363,,1,1.0,0.0
NEARUSDT-TIAUSDT,697.9510878986348,1,697.9510878986348,,1,1.0,0.0
NEARUSDT-TRBUSDT,391.37850897872977,1,391.37850897872977,,1,1.0,0.0
NEARUSDT-VICUSDT,1194.3542477351382,1,1194.3542477351382,,1,1.0,0.0
NEARUSDT-WOOUSDT,406.5534948837098,1,406.5534948837098,,1,1.0,0.0
NEARUSDT-ZROUSDT,72.47714150348298,1,72.47714150348298,,1,1.0,0.0
NEIROUSDT-NOTUSDT,6295.682650969018,1,6295.682650969018,,1,1.0,0.0
NEIROUSDT-NTRNUSDT,3564.46874202999,1,3564.46874202999,,1,1.0,0.0
NEIROUSDT-POLYXUSDT,1006.9846220021924,1,1006.9846220021924,,1,1.0,0.0
NEIROUSDT-QNTUSDT,1174.5586490258777,1,1174.5586490258777,,1,1.0,0.0
NEIROUSDT-RAREUSDT,451.907329037205,1,451.907329037205,,1,1.0,0.0
NEIROUSDT-RAYUSDT,393.5697369466764,1,393.5697369466764,,1,1.0,0.0
NEIROUSDT-SLPUSDT,10.768581552244456,1,10.768581552244456,,1,1.0,0.0
NEIROUSDT-SPELLUSDT,1406.132842208507,1,1406.132842208507,,1,1.0,0.0
NEIROUSDT-TURBOUSDT,13.476577015564487,1,13.476577015564487,,1,1.0,0.0
NEIROUSDT-UMAUSDT,1228.6709151837451,1,1228.6709151837451,,1,1.0,0.0
NEIROUSDT-VETUSDT,574.652472808658,1,574.652472808658,,1,1.0,0.0
NEIROUSDT-WUSDT,263.67782721900005,1,263.67782721900005,,1,1.0,0.0
NEIROUSDT-XTZUSDT,167.2338249831452,1,167.2338249831452,,1,1.0,0.0
NEIROUSDT-XVGUSDT,161.99573002449452,1,161.99573002449452,,1,1.0,0.0
NEIROUSDT-YGGUSDT,679.4106787917581,1,679.4106787917581,,1,1.0,0.0
NEIROUSDT-ZENUSDT,786.2279007580787,1,786.2279007580787,,1,1.0,0.0
NEOUSDT-NILUSDT,1558.6262402592813,1,1558.6262402592813,,1,1.0,0.0
NEOUSDT-OMNIUSDT,18.453413785171584,1,18.453413785171584,,1,1.0,0.0
NEOUSDT-OPUSDT,1818.7836607200377,1,1818.7836607200377,,1,1.0,0.0
NEOUSDT-PHBUSDT,317.1273957001033,1,317.1273957001033,,1,1.0,0.0
NEOUSDT-PORTALUSDT,3502.6936714633143,1,3502.6936714633143,,1,1.0,0.0
NEOUSDT-PROMUSDT,792.2899869720704,1,792.2899869720704,,1,1.0,0.0
NEOUSDT-RAREUSDT,392.164048627209,1,392.164048627209,,1,1.0,0.0
NEOUSDT-ROSEUSDT,187.35355960404465,1,187.35355960404465,,1,1.0,0.0
NEOUSDT-SEIUSDT,377.3298638744519,1,377.3298638744519,,1,1.0,0.0
NEOUSDT-SXPUSDT,322.0188224840639,1,322.0188224840639,,1,1.0,0.0
NEOUSDT-THETAUSDT,963.4169393332986,1,963.4169393332986,,1,1.0,0.0
NEOUSDT-TIAUSDT,1304.2741222051163,1,1304.2741222051163,,1,1.0,0.0
NEOUSDT-VELODROMEUSDT,1588.5423240966102,1,1588.5423240966102,,1,1.0,0.0
NEOUSDT-WLDUSDT,1241.6616376230822,1,1241.6616376230822,,1,1.0,0.0
NFPUSDT-NKNUSDT,382.16517314553965,1,382.16517314553965,,1,1.0,0.0
NFPUSDT-NOTUSDT,3529.420043433488,1,3529.420043433488,,1,1.0,0.0
NFPUSDT-NULSUSDT,364.7636571299694,1,364.7636571299694,,1,1.0,0.0
NFPUSDT-ONEUSDT,1280.9235578613325,1,1280.9235578613325,,1,1.0,0.0
NFPUSDT-ORDIUSDT,161.8334485485263,1,161.8334485485263,,1,1.0,0.0
NFPUSDT-PARTIUSDT,4341.958455258687,1,4341.958455258687,,1,1.0,0.0
NFPUSDT-PIXELUSDT,381.8359340822233,1,381.8359340822233,,1,1.0,0.0
NFPUSDT-RADUSDT,773.9854563586413,1,773.9854563586413,,1,1.0,0.0
NFPUSDT-SANTOSUSDT,66.18301488062805,1,66.18301488062805,,1,1.0,0.0
NFPUSDT-SCRTUSDT,401.3006532683345,1,401.3006532683345,,1,1.0,0.0
NFPUSDT-SFPUSDT,164.69819607815228,1,164.69819607815228,,1,1.0,0.0
NFPUSDT-STORJUSDT,2290.9307874377077,1,2290.9307874377077,,1,1.0,0.0
NFPUSDT-STRAXUSDT,3609.133725689391,1,3609.133725689391,,1,1.0,0.0
NFPUSDT-STRKUSDT,1105.9393672702372,1,1105.9393672702372,,1,1.0,0.0
NFPUSDT-SUNUSDT,1187.1611337181862,1,1187.1611337181862,,1,1.0,0.0
NFPUSDT-TAOUSDT,1886.5412776855385,1,1886.5412776855385,,1,1.0,0.0
NFPUSDT-USUALUSDT,904.0566332494778,1,904.0566332494778,,1,1.0,0.0
NFPUSDT-VIDTUSDT,744.1457814127554,1,744.1457814127554,,1,1.0,0.0
NFPUSDT-WAXPUSDT,1329.058149202217,1,1329.058149202217,,1,1.0,0.0
NFPUSDT-WLDUSDT,2340.3999026405545,1,2340.3999026405545,,1,1.0,0.0
NFPUSDT-XVSUSDT,4937.312729754834,1,4937.312729754834,,1,1.0,0.0
NFPUSDT-ZROUSDT,3101.104610047373,1,3101.104610047373,,1,1.0,0.0
NILUSDT-NOTUSDT,1840.1675707919023,1,1840.1675707919023,,1,1.0,0.0
NILUSDT-NTRNUSDT,74.8093085201199,1,74.8093085201199,,1,1.0,0.0
NILUSDT-PAXGUSDT,4777.332759130509,1,4777.332759130509,,1,1.0,0.0
NILUSDT-POLYXUSDT,326.8019309897355,1,326.8019309897355,,1,1.0,0.0
NILUSDT-PORTALUSDT,1595.0356738278729,1,1595.0356738278729,,1,1.0,0.0
NILUSDT-PROMUSDT,1861.68140452797,1,1861.68140452797,,1,1.0,0.0
NILUSDT-RENDERUSDT,74.29648872707988,1,74.29648872707988,,1,1.0,0.0
NILUSDT-ROSEUSDT,1198.201729760932,1,1198.201729760932,,1,1.0,0.0
NILUSDT-RUNEUSDT,1268.7282399138717,1,1268.7282399138717,,1,1.0,0.0
NILUSDT-STORJUSDT,22.94596875910389,1,22.94596875910389,,1,1.0,0.0
NILUSDT-SYSUSDT,2111.1386565344314,1,2111.1386565344314,,1,1.0,0.0
NILUSDT-VTHOUSDT,2000.4480755348927,1,2000.4480755348927,,1,1.0,0.0
NILUSDT-WAXPUSDT,8275.721436060236,1,8275.721436060236,,1,1.0,0.0
NILUSDT-ZKUSDT,1726.4838796989388,1,1726.4838796989388,,1,1.0,0.0
NKNUSDT-OMNIUSDT,2377.1232042314336,1,2377.1232042314336,,1,1.0,0.0
NKNUSDT-ORCAUSDT,488.9684990069708,1,488.9684990069708,,1,1.0,0.0
NKNUSDT-PENGUUSDT,3014.0987502506887,1,3014.0987502506887,,1,1.0,0.0
NKNUSDT-PHBUSDT,34.60538504331166,1,34.60538504331166,,1,1.0,0.0
NKNUSDT-RDNTUSDT,795.4356597725223,1,795.4356597725223,,1,1.0,0.0
NKNUSDT-RIFUSDT,278.52835358059025,1,278.52835358059025,,1,1.0,0.0
NKNUSDT-SCRTUSDT,1690.9513282896116,1,1690.9513282896116,,1,1.0,0.0
NKNUSDT-SCUSDT,491.5109890341862,1,491.5109890341862,,1,1.0,0.0
NKNUSDT-STGUSDT,3005.2043676599164,1,3005.2043676599164,,1,1.0,0.0
NKNUSDT-TRUUSDT,243.0002445672305,1,243.0002445672305,,1,1.0,0.0
NKNUSDT-UMAUSDT,117.78498671370626,1,117.78498671370626,,1,1.0,0.0
NKNUSDT-VANRYUSDT,2473.834180178217,1,2473.834180178217,,1,1.0,0.0
NKNUSDT-VELODROMEUSDT,1220.8352161087448,1,1220.8352161087448,,1,1.0,0.0
NKNUSDT-VICUSDT,481.752428682545,1,481.752428682545,,1,1.0,0.0
NKNUSDT-WOOUSDT,912.6317065680508,1,912.6317065680508,,1,1.0,0.0
NKNUSDT-ZRXUSDT,1127.330214115843,1,1127.330214115843,,1,1.0,0.0
NMRUSDT-NTRNUSDT,1695.9092376754986,1,1695.9092376754986,,1,1.0,0.0
NMRUSDT-OXTUSDT,715.4911327465215,1,715.4911327465215,,1,1.0,0.0
NMRUSDT-PEOPLEUSDT,3079.627184799142,1,3079.627184799142,,1,1.0,0.0
NMRUSDT-PERPUSDT,328.12529508063227,1,328.12529508063227,,1,1.0,0.0
NMRUSDT-PHBUSDT,291.37516802288485,1,291.37516802288485,,1,1.0,0.0
NMRUSDT-PNUTUSDT,199.65282803225463,1,199.65282803225463,,1,1.0,0.0
NMRUSDT-QNTUSDT,196.7898516802838,1,196.7898516802838,,1,1.0,0.0
NMRUSDT-RAYUSDT,3038.96559885578,1,3038.96559885578,,1,1.0,0.0
NMRUSDT-REIUSDT,8423.338960506653,1,8423.338960506653,,1,1.0,0.0
NMRUSDT-RSRUSDT,295.8293652876979,1,295.8293652876979,,1,1.0,0.0
NMRUSDT-SCUSDT,670.6428509606299,1,670.6428509606299,,1,1.0,0.0
NMRUSDT-SLPUSDT,17.775696876221076,1,17.775696876221076,,1,1.0,0.0
NMRUSDT-STRAXUSDT,527.2940918673693,1,527.2940918673693,,1,1.0,0.0
NMRUSDT-STXUSDT,1315.1284204702524,1,1315.1284204702524,,1,1.0,0.0
NMRUSDT-SUPERUSDT,757.8042434218651,1,757.8042434218651,,1,1.0,0.0
NMRUSDT-TLMUSDT,1775.3433870089425,1,1775.3433870089425,,1,1.0,0.0
NMRUSDT-TRBUSDT,127.4558693655076,1,127.4558693655076,,1,1.0,0.0
NMRUSDT-VELODROMEUSDT,246.2874146361172,1,246.2874146361172,,1,1.0,0.0
NMRUSDT-VICUSDT,159.71644967099402,1,159.71644967099402,,1,1.0,0.0
NMRUSDT-XVSUSDT,1530.9284540167282,1,1530.9284540167282,,1,1.0,0.0
NMRUSDT-YFIUSDT,1751.7774450921008,1,1751.7774450921008,,1,1.0,0.0
NMRUSDT-ZECUSDT,1803.0622301157623,1,1803.0622301157623,,1,1.0,0.0
NMRUSDT-ZKUSDT,345.456829967143,1,345.456829967143,,1,1.0,0.0
NOTUSDT-ORDIUSDT,1164.1238277091595,1,1164.1238277091595,,1,1.0,0.0
NOTUSDT-PNUTUSDT,265.2446091030603,1,265.2446091030603,,1,1.0,0.0
NOTUSDT-POLUSDT,269.0785896184332,1,269.0785896184332,,1,1.0,0.0
NOTUSDT-POLYXUSDT,232.0660164025773,1,232.0660164025773,,1,1.0,0.0
NOTUSDT-PYTHUSDT,493.99105377753017,1,493.99105377753017,,1,1.0,0.0
NOTUSDT-RDNTUSDT,754.2376627103877,1,754.2376627103877,,1,1.0,0.0
NOTUSDT-RIFUSDT,419.16767420792553,1,419.16767420792553,,1,1.0,0.0
NOTUSDT-ROSEUSDT,2036.2802004691653,1,2036.2802004691653,,1,1.0,0.0
NOTUSDT-RPLUSDT,316.9366580082096,1,316.9366580082096,,1,1.0,0.0
NOTUSDT-RVNUSDT,6.966480629535454,1,6.966480629535454,,1,1.0,0.0
NOTUSDT-SEIUSDT,328.5876549588059,1,328.5876549588059,,1,1.0,0.0
NOTUSDT-SKLUSDT,576.7396725932157,1,576.7396725932157,,1,1.0,0.0
NOTUSDT-SLPUSDT,716.358823800612,1,716.358823800612,,1,1.0,0.0
NOTUSDT-STPTUSDT,3186.271577056318,1,3186.271577056318,,1,1.0,0.0
NOTUSDT-TNSRUSDT,1818.2482277075487,1,1818.2482277075487,,1,1.0,0.0
NOTUSDT-USTCUSDT,178.80903285162728,1,178.80903285162728,,1,1.0,0.0
NOTUSDT-VELODROMEUSDT,1416.6043246401994,1,1416.6043246401994,,1,1.0,0.0
NOTUSDT-VICUSDT,437.7564556273012,1,437.7564556273012,,1,1.0,0.0
NOTUSDT-XVGUSDT,338.76133761838287,1,338.76133761838287,,1,1.0,0.0
NOTUSDT-ZECUSDT,105.75022915416812,1,105.75022915416812,,1,1.0,0.0
NOTUSDT-ZKUSDT,1835.5745278013517,1,1835.5745278013517,,1,1.0,0.0
NTRNUSDT-ORCAUSDT,123.93638438144568,1,123.93638438144568,,1,1.0,0.0
NTRNUSDT-PERPUSDT,548.7778759073971,1,548.7778759073971,,1,1.0,0.0
NTRNUSDT-PNUTUSDT,109.73896595162566,1,109.73896595162566,,1,1.0,0.0
NTRNUSDT-QUICKUSDT,737.5838470716828,1,737.5838470716828,,1,1.0,0.0
NTRNUSDT-RADUSDT,179.8154746885859,1,179.8154746885859,,1,1.0,0.0
NTRNUSDT-RVNUSDT,437.5362210124738,1,437.5362210124738,,1,1.0,0.0
NTRNUSDT-SCRTUSDT,187.9217819760112,1,187.9217819760112,,1,1.0,0.0
NTRNUSDT-SLPUSDT,70.47023563165891,1,70.47023563165891,,1,1.0,0.0
NTRNUSDT-STGUSDT,143.37109353810445,1,143.37109353810445,,1,1.0,0.0
NTRNUSDT-STORJUSDT,532.9231644305906,1,532.9231644305906,,1,1.0,0.0
NTRNUSDT-SUSDT,35.92168622487451,1,35.92168622487451,,1,1.0,0.0
NTRNUSDT-TRUMPUSDT,1893.3653435236768,1,1893.3653435236768,,1,1.0,0.0
NTRNUSDT-TWTUSDT,116.71761965993872,1,116.71761965993872,,1,1.0,0.0
NTRNUSDT-USTCUSDT,2685.0135216936683,1,2685.0135216936683,,1,1.0,0.0
NTRNUSDT-VETUSDT,87.09002247974433,1,87.09002247974433,,1,1.0,0.0
NTRNUSDT-VOXELUSDT,2108.2032945240912,1,2108.2032945240912,,1,1.0,0.0
NTRNUSDT-WAXPUSDT,7708.416998937763,1,7708.416998937763,,1,1.0,0.0
NTRNUSDT-XLMUSDT,112.39539761977176,1,112.39539761977176,,1,1.0,0.0
NTRNUSDT-XVSUSDT,47.96969658592126,1,47.96969658592126,,1,1.0,0.0
NTRNUSDT-YFIUSDT,123.6783062505119,1,123.6783062505119,,1,1.0,0.0
NULSUSDT-OGNUSDT,19.21711289162697,1,19.21711289162697,,1,1.0,0.0
NULSUSDT-OMNIUSDT,3181.8763081416764,1,3181.8763081416764,,1,1.0,0.0
NULSUSDT-PERPUSDT,229.7476461855951,1,229.7476461855951,,1,1.0,0.0
NULSUSDT-QNTUSDT,125.33805288076556,1,125.33805288076556,,1,1.0,0.0
NULSUSDT-RDNTUSDT,7.650966437330851,1,7.650966437330851,,1,1.0,0.0
NULSUSDT-REZUSDT,620.1658203839178,1,620.1658203839178,,1,1.0,0.0
NULSUSDT-ROSEUSDT,58.45428725925348,1,58.45428725925348,,1,1.0,0.0
NULSUSDT-SKLUSDT,1133.5692637191037,1,1133.5692637191037,,1,1.0,0.0
NULSUSDT-SLPUSDT,807.8640352442064,1,807.8640352442064,,1,1.0,0.0
NULSUSDT-TNSRUSDT,526.5482530872416,1,526.5482530872416,,1,1.0,0.0
NULSUSDT-UMAUSDT,1688.130168494748,1,1688.130168494748,,1,1.0,0.0
NULSUSDT-VANRYUSDT,400.65385571179337,1,400.65385571179337,,1,1.0,0.0
NULSUSDT-VETUSDT,324.76959462368575,1,324.76959462368575,,1,1.0,0.0
NULSUSDT-WLDUSDT,200.97403296096303,1,200.97403296096303,,1,1.0,0.0
NULSUSDT-XAIUSDT,4145.154435357576,1,4145.154435357576,,1,1.0,0.0
OGNUSDT-ORCAUSDT,2786.82052091531,1,2786.82052091531,,1,1.0,0.0
OGNUSDT-PEOPLEUSDT,1211.1630824062431,1,1211.1630824062431,,1,1.0,0.0
OGNUSDT-POLYXUSDT,289.0139159581398,1,289.0139159581398,,1,1.0,0.0
OGNUSDT-RIFUSDT,1687.011364877425,1,1687.011364877425,,1,1.0,0.0
OGNUSDT-RPLUSDT,4716.256990959362,1,4716.256990959362,,1,1.0,0.0
OGNUSDT-SCRTUSDT,1555.5815836287738,1,1555.5815836287738,,1,1.0,0.0
OGNUSDT-STEEMUSDT,286.149764006695,1,286.149764006695,,1,1.0,0.0
OGNUSDT-STPTUSDT,2290.360649884207,1,2290.360649884207,,1,1.0,0.0
OGNUSDT-TNSRUSDT,335.30973604005624,1,335.30973604005624,,1,1.0,0.0
OGNUSDT-TRBUSDT,5121.936858808042,1,5121.936858808042,,1,1.0,0.0
OGNUSDT-TRUUSDT,2117.750744139912,1,2117.750744139912,,1,1.0,0.0
OGNUSDT-VICUSDT,924.5463390187908,1,924.5463390187908,,1,1.0,0.0
OGNUSDT-WAXPUSDT,2216.3511509072,1,2216.3511509072,,1,1.0,0.0
OGNUSDT-XAIUSDT,3696.795697101573,1,3696.795697101573,,1,1.0,0.0
OGNUSDT-ZECUSDT,3616.576010214743,1,3616.576010214743,,1,1.0,0.0
OGNUSDT-ZROUSDT,138.89174063213034,1,138.89174063213034,,1,1.0,0.0
OMNIUSDT-ONEUSDT,1678.8961338091592,1,1678.8961338091592,,1,1.0,0.0
OMNIUSDT-ORDIUSDT,1156.2650074617732,1,1156.2650074617732,,1,1.0,0.0
OMNIUSDT-PERPUSDT,763.5684693889106,1,763.5684693889106,,1,1.0,0.0
OMNIUSDT-QTUMUSDT,84.71428149792817,1,84.71428149792817,,1,1.0,0.0
OMNIUSDT-RVNUSDT,1195.599484752667,1,1195.599484752667,,1,1.0,0.0
OMNIUSDT-SEIUSDT,322.62477929129483,1,322.62477929129483,,1,1.0,0.0
OMNIUSDT-SLPUSDT,828.134421124863,1,828.134421124863,,1,1.0,0.0
OMNIUSDT-TIAUSDT,1232.2316817934675,1,1232.2316817934675,,1,1.0,0.0
OMNIUSDT-TRUUSDT,1537.2515665368728,1,1537.2515665368728,,1,1.0,0.0
OMNIUSDT-XTZUSDT,1253.386951517062,1,1253.386951517062,,1,1.0,0.0
OMNIUSDT-XVGUSDT,2955.118529941326,1,2955.118529941326,,1,1.0,0.0
OMUSDT-ONGUSDT,2847.125366761217,1,2847.125366761217,,1,1.0,0.0
OMUSDT-PENDLEUSDT,2046.761227832164,1,2046.761227832164,,1,1.0,0.0
OMUSDT-PENGUUSDT,601.6697539448916,1,601.6697539448916,,1,1.0,0.0
OMUSDT-PERPUSDT,183.5411422609853,1,183.5411422609853,,1,1.0,0.0
OMUSDT-PHBUSDT,579.2106029943615,1,579.2106029943615,,1,1.0,0.0
OMUSDT-QTUMUSDT,706.1866987592124,1,706.1866987592124,,1,1.0,0.0
OMUSDT-RAYUSDT,1932.5553633439076,1,1932.5553633439076,,1,1.0,0.0
OMUSDT-SCUSDT,818.4756542898647,1,818.4756542898647,,1,1.0,0.0
OMUSDT-SLPUSDT,1118.155988325004,1,1118.155988325004,,1,1.0,0.0
OMUSDT-SPELLUSDT,73.6080146022887,1,73.6080146022887,,1,1.0,0.0
OMUSDT-STRKUSDT,907.5510717373472,1,907.5510717373472,,1,1.0,0.0
OMUSDT-TRUUSDT,94.14120555027615,1,94.14120555027615,,1,1.0,0.0
OMUSDT-TURBOUSDT,14.196166407854356,1,14.196166407854356,,1,1.0,0.0
OMUSDT-TUSDT,2537.522651817724,1,2537.522651817724,,1,1.0,0.0
OMUSDT-VIDTUSDT,7344.369920780898,1,7344.369920780898,,1,1.0,0.0
OMUSDT-VOXELUSDT,3525.0742572352774,1,3525.0742572352774,,1,1.0,0.0
OMUSDT-WAXPUSDT,6843.682781807815,1,6843.682781807815,,1,1.0,0.0
ONEUSDT-PHBUSDT,129.63692106866654,1,129.63692106866654,,1,1.0,0.0
ONEUSDT-POWRUSDT,120.56076048194784,1,120.56076048194784,,1,1.0,0.0
ONEUSDT-QUICKUSDT,103.24012622029348,1,103.24012622029348,,1,1.0,0.0
ONEUSDT-REIUSDT,59.21326995698943,1,59.21326995698943,,1,1.0,0.0
ONEUSDT-RIFUSDT,200.1892748402176,1,200.1892748402176,,1,1.0,0.0
ONEUSDT-RSRUSDT,2676.3489777920413,1,2676.3489777920413,,1,1.0,0.0
ONEUSDT-SANTOSUSDT,1260.9420998297635,1,1260.9420998297635,,1,1.0,0.0
ONEUSDT-SEIUSDT,547.2862214301831,1,547.2862214301831,,1,1.0,0.0
ONEUSDT-SFPUSDT,4543.133413804278,1,4543.133413804278,,1,1.0,0.0
ONEUSDT-SKLUSDT,1057.1605815722069,1,1057.1605815722069,,1,1.0,0.0
ONEUSDT-SNXUSDT,279.1611430711865,1,279.1611430711865,,1,1.0,0.0
ONEUSDT-SSVUSDT,970.6716926931368,1,970.6716926931368,,1,1.0,0.0
ONEUSDT-SUSHIUSDT,472.6181663815598,1,472.6181663815598,,1,1.0,0.0
ONEUSDT-TLMUSDT,25.81430438514405,1,25.81430438514405,,1,1.0,0.0
ONEUSDT-TUSDT,111.81823189058792,1,111.81823189058792,,1,1.0,0.0
ONEUSDT-UMAUSDT,912.1933628681396,1,912.1933628681396,,1,1.0,0.0
ONEUSDT-USUALUSDT,238.3197858194036,1,238.3197858194036,,1,1.0,0.0
ONEUSDT-YFIUSDT,806.7509117975451,1,806.7509117975451,,1,1.0,0.0
ONEUSDT-ZROUSDT,275.01826101253187,1,275.01826101253187,,1,1.0,0.0
ONGUSDT-PROMUSDT,296.69684977463163,1,296.69684977463163,,1,1.0,0.0
ONGUSDT-RONINUSDT,1937.1011386808864,1,1937.1011386808864,,1,1.0,0.0
ONGUSDT-ROSEUSDT,382.1836617713136,1,382.1836617713136,,1,1.0,0.0
ONGUSDT-SCRTUSDT,13.823906924733976,1,13.823906924733976,,1,1.0,0.0
ONGUSDT-SEIUSDT,125.05507980132214,1,125.05507980132214,,1,1.0,0.0
ONGUSDT-SOLUSDT,734.1445846023671,1,734.1445846023671,,1,1.0,0.0
ONGUSDT-STGUSDT,785.2014548751448,1,785.2014548751448,,1,1.0,0.0
ONGUSDT-SUSHIUSDT,847.9877643405191,1,847.9877643405191,,1,1.0,0.0
ONGUSDT-SYNUSDT,864.124479408768,1,864.124479408768,,1,1.0,0.0
ONGUSDT-WLDUSDT,468.4824070303907,1,468.4824070303907,,1,1.0,0.0
ONGUSDT-XTZUSDT,1627.7637092312757,1,1627.7637092312757,,1,1.0,0.0
ONGUSDT-XVGUSDT,3554.436913416983,1,3554.436913416983,,1,1.0,0.0
ONGUSDT-ZILUSDT,393.3946613975417,1,393.3946613975417,,1,1.0,0.0
ONTUSDT-PENDLEUSDT,20.62959181507535,1,20.62959181507535,,1,1.0,0.0
ONTUSDT-PHAUSDT,717.9492233645739,1,717.9492233645739,,1,1.0,0.0
ONTUSDT-PHBUSDT,447.75857175484015,1,447.75857175484015,,1,1.0,0.0
ONTUSDT-PROMUSDT,72.01910511008683,1,72.01910511008683,,1,1.0,0.0
ONTUSDT-SLPUSDT,252.90988600321467,1,252.90988600321467,,1,1.0,0.0
ONTUSDT-SOLUSDT,3210.172240441456,1,3210.172240441456,,1,1.0,0.0
ONTUSDT-STPTUSDT,209.31189478284145,1,209.31189478284145,,1,1.0,0.0
ONTUSDT-TNSRUSDT,6372.298965682326,1,6372.298965682326,,1,1.0,0.0
ONTUSDT-TROYUSDT,550.960891740136,1,550.960891740136,,1,1.0,0.0
ONTUSDT-TRUMPUSDT,65.5736835594218,1,65.5736835594218,,1,1.0,0.0
ONTUSDT-TWTUSDT,1073.994680039227,1,1073.994680039227,,1,1.0,0.0
ONTUSDT-VELODROMEUSDT,4432.921527414739,1,4432.921527414739,,1,1.0,0.0
ONTUSDT-VOXELUSDT,3765.082950309331,1,3765.082950309331,,1,1.0,0.0
ONTUSDT-WLDUSDT,469.7128980439852,1,469.7128980439852,,1,1.0,0.0
ONTUSDT-WOOUSDT,551.9686942382809,1,551.9686942382809,,1,1.0,0.0
ONTUSDT-XAIUSDT,2626.512558506084,1,2626.512558506084,,1,1.0,0.0
ONTUSDT-ZENUSDT,1667.503205260428,1,1667.503205260428,,1,1.0,0.0
OPUSDT-POLUSDT,3591.040508554484,1,3591.040508554484,,1,1.0,0.0
OPUSDT-RDNTUSDT,599.3879400713838,1,599.3879400713838,,1,1.0,0.0
OPUSDT-RSRUSDT,2003.3964505160131,1,2003.3964505160131,,1,1.0,0.0
OPUSDT-SCUSDT,2075.088708629092,1,2075.088708629092,,1,1.0,0.0
OPUSDT-SEIUSDT,1162.5271979063084,1,1162.5271979063084,,1,1.0,0.0
OPUSDT-SPELLUSDT,305.41636349918014,1,305.41636349918014,,1,1.0,0.0
OPUSDT-SSVUSDT,176.9941090245889,1,176.9941090245889,,1,1.0,0.0
OPUSDT-SUSHIUSDT,324.10582462853745,1,324.10582462853745,,1,1.0,0.0
OPUSDT-THETAUSDT,2002.4307003146544,1,2002.4307003146544,,1,1.0,0.0
OPUSDT-WAXPUSDT,67.73978637509947,1,67.73978637509947,,1,1.0,0.0
OPUSDT-XVSUSDT,425.6793965142122,1,425.6793965142122,,1,1.0,0.0
ORCAUSDT-QUICKUSDT,32.715562342924564,1,32.715562342924564,,1,1.0,0.0
ORCAUSDT-RENDERUSDT,520.3077840024579,1,520.3077840024579,,1,1.0,0.0
ORCAUSDT-REZUSDT,1366.0058227343409,1,1366.0058227343409,,1,1.0,0.0
ORCAUSDT-RLCUSDT,1181.9858091008052,1,1181.9858091008052,,1,1.0,0.0
ORCAUSDT-SANDUSDT,3168.1209643937746,1,3168.1209643937746,,1,1.0,0.0
ORCAUSDT-SANTOSUSDT,1129.360979846633,1,1129.360979846633,,1,1.0,0.0
ORCAUSDT-SLPUSDT,978.5253151132392,1,978.5253151132392,,1,1.0,0.0
ORCAUSDT-SNXUSDT,1238.816440499465,1,1238.816440499465,,1,1.0,0.0
ORCAUSDT-SSVUSDT,455.3725229137351,1,455.3725229137351,,1,1.0,0.0
ORCAUSDT-STRKUSDT,33.45725916243129,1,33.45725916243129,,1,1.0,0.0
ORCAUSDT-SUIUSDT,1101.1117946036804,1,1101.1117946036804,,1,1.0,0.0
ORCAUSDT-SUSDT,75.32932312623657,1,75.32932312623657,,1,1.0,0.0
ORCAUSDT-TLMUSDT,2263.7414512667683,1,2263.7414512667683,,1,1.0,0.0
ORCAUSDT-TUSDT,1924.167689137859,1,1924.167689137859,,1,1.0,0.0
ORCAUSDT-USUALUSDT,95.37420061139872,1,95.37420061139872,,1,1.0,0.0
ORCAUSDT-VELODROMEUSDT,331.2858291903362,1,331.2858291903362,,1,1.0,0.0
ORCAUSDT-XLMUSDT,361.6976940426412,1,361.6976940426412,,1,1.0,0.0
ORCAUSDT-XTZUSDT,627.4133141742084,1,627.4133141742084,,1,1.0,0.0
ORCAUSDT-ZROUSDT,2102.019234126091,1,2102.019234126091,,1,1.0,0.0
ORDIUSDT-PENGUUSDT,41.480814439051926,1,41.480814439051926,,1,1.0,0.0
ORDIUSDT-PHAUSDT,43.409609769263874,1,43.409609769263874,,1,1.0,0.0
ORDIUSDT-POLYXUSDT,1884.8148441365795,1,1884.8148441365795,,1,1.0,0.0
ORDIUSDT-RDNTUSDT,427.61719759051033,1,427.61719759051033,,1,1.0,0.0
ORDIUSDT-STEEMUSDT,28.95008646027508,1,28.95008646027508,,1,1.0,0.0
ORDIUSDT-STRAXUSDT,275.2308156433988,1,275.2308156433988,,1,1.0,0.0
ORDIUSDT-STRKUSDT,1277.1412026377216,1,1277.1412026377216,,1,1.0,0.0
ORDIUSDT-TRUUSDT,846.0035261799671,1,846.0035261799671,,1,1.0,0.0
ORDIUSDT-TUSDT,8140.304750488233,1,8140.304750488233,,1,1.0,0.0
ORDIUSDT-UNIUSDT,123.79325779172976,1,123.79325779172976,,1,1.0,0.0
ORDIUSDT-USTCUSDT,5527.407023702537,1,5527.407023702537,,1,1.0,0.0
ORDIUSDT-VELODROMEUSDT,497.4458449876969,1,497.4458449876969,,1,1.0,0.0
ORDIUSDT-VTHOUSDT,458.5398827503297,1,458.5398827503297,,1,1.0,0.0
ORDIUSDT-XAIUSDT,645.8256520948394,1,645.8256520948394,,1,1.0,0.0
ORDIUSDT-YFIUSDT,2.168596018864122,1,2.168596018864122,,1,1.0,0.0
ORDIUSDT-ZENUSDT,727.3820734811638,1,727.3820734811638,,1,1.0,0.0
OXTUSDT-PIXELUSDT,1344.67834061936,1,1344.67834061936,,1,1.0,0.0
OXTUSDT-QTUMUSDT,275.6923500800336,1,275.6923500800336,,1,1.0,0.0
OXTUSDT-RAREUSDT,2046.5833121411456,1,2046.5833121411456,,1,1.0,0.0
OXTUSDT-RDNTUSDT,102.95659114482076,1,102.95659114482076,,1,1.0,0.0
OXTUSDT-ROSEUSDT,884.1877515763357,1,884.1877515763357,,1,1.0,0.0
OXTUSDT-RUNEUSDT,181.22583897137508,1,181.22583897137508,,1,1.0,0.0
OXTUSDT-SCUSDT,400.1838027034642,1,400.1838027034642,,1,1.0,0.0
OXTUSDT-TAOUSDT,73.24230084931233,1,73.24230084931233,,1,1.0,0.0
OXTUSDT-TIAUSDT,2809.113385168115,1,2809.113385168115,,1,1.0,0.0
OXTUSDT-TNSRUSDT,5607.014480697037,1,5607.014480697037,,1,1.0,0.0
OXTUSDT-TURBOUSDT,716.7185172836832,1,716.7185172836832,,1,1.0,0.0
OXTUSDT-UNIUSDT,2423.651705500258,1,2423.651705500258,,1,1.0,0.0
OXTUSDT-WUSDT,1866.0293720554707,1,1866.0293720554707,,1,1.0,0.0
OXTUSDT-XAIUSDT,4238.0054427674,1,4238.0054427674,,1,1.0,0.0
OXTUSDT-XTZUSDT,535.557156276518,1,535.557156276518,,1,1.0,0.0
OXTUSDT-YFIUSDT,1113.6616838055093,1,1113.6616838055093,,1,1.0,0.0
OXTUSDT-YGGUSDT,79.30969473527878,1,79.30969473527878,,1,1.0,0.0
PARTIUSDT-PORTALUSDT,5676.972361851254,1,5676.972361851254,,1,1.0,0.0
PARTIUSDT-RAYUSDT,387.03642026732666,1,387.03642026732666,,1,1.0,0.0
PARTIUSDT-RLCUSDT,389.8981335817263,1,389.8981335817263,,1,1.0,0.0
PARTIUSDT-RUNEUSDT,516.119600769514,1,516.119600769514,,1,1.0,0.0
PARTIUSDT-UNIUSDT,167.62274158145726,1,167.62274158145726,,1,1.0,0.0
PARTIUSDT-XLMUSDT,2354.643678354628,1,2354.643678354628,,1,1.0,0.0
PARTIUSDT-XVSUSDT,779.9831264834036,1,779.9831264834036,,1,1.0,0.0
PARTIUSDT-ZILUSDT,4622.292331085942,1,4622.292331085942,,1,1.0,0.0
PAXGUSDT-REDUSDT,6.164948684230815,1,6.164948684230815,,1,1.0,0.0
PAXGUSDT-SFPUSDT,25.67546228699617,1,25.67546228699617,,1,1.0,0.0
PAXGUSDT-TONUSDT,133.92674399067158,1,133.92674399067158,,1,1.0,0.0
PAXGUSDT-TRUMPUSDT,25.052729804280474,1,25.052729804280474,,1,1.0,0.0
PAXGUSDT-TURBOUSDT,25.07179644743972,1,25.07179644743972,,1,1.0,0.0
PAXGUSDT-USUALUSDT,24.71297427264368,1,24.71297427264368,,1,1.0,0.0
PENDLEUSDT-PIXELUSDT,146.4662288961981,1,146.4662288961981,,1,1.0,0.0
PENDLEUSDT-PYTHUSDT,49.01204556438229,1,49.01204556438229,,1,1.0,0.0
PENDLEUSDT-RAYUSDT,625.7046014776207,1,625.7046014776207,,1,1.0,0.0
PENDLEUSDT-SAGAUSDT,291.64274153573854,1,291.64274153573854,,1,1.0,0.0
PENDLEUSDT-SANTOSUSDT,4115.452886334661,1,4115.452886334661,,1,1.0,0.0
PENDLEUSDT-SCRTUSDT,1578.8658259613617,1,1578.8658259613617,,1,1.0,0.0
PENDLEUSDT-SNXUSDT,1372.5296901102938,1,1372.5296901102938,,1,1.0,0.0
PENDLEUSDT-SSVUSDT,76.9963836860916,1,76.9963836860916,,1,1.0,0.0
PENDLEUSDT-STEEMUSDT,54.90756157601524,1,54.90756157601524,,1,1.0,0.0
PENDLEUSDT-STGUSDT,1093.2062886805954,1,1093.2062886805954,,1,1.0,0.0
PENDLEUSDT-STRKUSDT,2011.686505056654,1,2011.686505056654,,1,1.0,0.0
PENDLEUSDT-TWTUSDT,2131.940053339894,1,2131.940053339894,,1,1.0,0.0
PENDLEUSDT-VANAUSDT,1724.3186503447218,1,1724.3186503447218,,1,1.0,0.0
PENGUUSDT-PIXELUSDT,2234.13012630986,1,2234.13012630986,,1,1.0,0.0
PENGUUSDT-QTUMUSDT,2054.295888192177,1,2054.295888192177,,1,1.0,0.0
PENGUUSDT-RDNTUSDT,2264.9094894224486,1,2264.9094894224486,,1,1.0,0.0
PENGUUSDT-RONINUSDT,652.6131364247079,1,652.6131364247079,,1,1.0,0.0
PENGUUSDT-SFPUSDT,41.24267566009373,1,41.24267566009373,,1,1.0,0.0
PENGUUSDT-THEUSDT,992.4883686735044,1,992.4883686735044,,1,1.0,0.0
PENGUUSDT-TURBOUSDT,1689.5649314239538,1,1689.5649314239538,,1,1.0,0.0
PENGUUSDT-USTCUSDT,8096.036036323294,1,8096.036036323294,,1,1.0,0.0
PENGUUSDT-VANAUSDT,1589.88935955918,1,1589.88935955918,,1,1.0,0.0
PENGUUSDT-WLDUSDT,1589.295099399544,1,1589.295099399544,,1,1.0,0.0
PENGUUSDT-ZKUSDT,268.13657993582086,1,268.13657993582086,,1,1.0,0.0
PEOPLEUSDT-POWRUSDT,128.41445235802746,1,128.41445235802746,,1,1.0,0.0
PEOPLEUSDT-PROMUSDT,867.2110079198837,1,867.2110079198837,,1,1.0,0.0
PEOPLEUSDT-QTUMUSDT,2242.959234419895,1,2242.959234419895,,1,1.0,0.0
PEOPLEUSDT-RPLUSDT,2.863537877346211,1,2.863537877346211,,1,1.0,0.0
PEOPLEUSDT-SANDUSDT,6087.715591991696,1,6087.715591991696,,1,1.0,0.0
PEOPLEUSDT-SLPUSDT,294.8792351892294,1,294.8792351892294,,1,1.0,0.0
PEOPLEUSDT-SPELLUSDT,221.43740389642412,1,221.43740389642412,,1,1.0,0.0
PEOPLEUSDT-SUIUSDT,485.5628121236161,1,485.5628121236161,,1,1.0,0.0
PEOPLEUSDT-SYSUSDT,19112.587481124043,1,19112.587481124043,,1,1.0,0.0
PEOPLEUSDT-THETAUSDT,2280.574527634455,1,2280.574527634455,,1,1.0,0.0
PEOPLEUSDT-USUALUSDT,1899.4166997849272,1,1899.4166997849272,,1,1.0,0.0
PEOPLEUSDT-VANAUSDT,4434.230834400241,1,4434.230834400241,,1,1.0,0.0
PEOPLEUSDT-VANRYUSDT,1322.0723821484466,1,1322.0723821484466,,1,1.0,0.0
PEOPLEUSDT-VICUSDT,134.7092096750704,1,134.7092096750704,,1,1.0,0.0
PEOPLEUSDT-VTHOUSDT,2040.105164632735,1,2040.105164632735,,1,1.0,0.0
PEOPLEUSDT-WAXPUSDT,660.5582514054847,1,660.5582514054847,,1,1.0,0.0
PEOPLEUSDT-WOOUSDT,348.5696164329353,1,348.5696164329353,,1,1.0,0.0
PEOPLEUSDT-XLMUSDT,538.1318382435367,1,538.1318382435367,,1,1.0,0.0
PEOPLEUSDT-YGGUSDT,1736.9718754159956,1,1736.9718754159956,,1,1.0,0.0
PEOPLEUSDT-ZRXUSDT,740.6781830934565,1,740.6781830934565,,1,1.0,0.0
PERPUSDT-PNUTUSDT,1629.6655649146808,1,1629.6655649146808,,1,1.0,0.0
PERPUSDT-POLUSDT,1417.176478360096,1,1417.176478360096,,1,1.0,0.0
PERPUSDT-PORTALUSDT,13.134778952362131,1,13.134778952362131,,1,1.0,0.0
PERPUSDT-RADUSDT,1126.428627807261,1,1126.428627807261,,1,1.0,0.0
PERPUSDT-RAREUSDT,168.06317218812072,1,168.06317218812072,,1,1.0,0.0
PERPUSDT-REDUSDT,6808.302507455157,1,6808.302507455157,,1,1.0,0.0
PERPUSDT-ROSEUSDT,132.7917331864576,1,132.7917331864576,,1,1.0,0.0
PERPUSDT-SCUSDT,143.29904792443574,1,143.29904792443574,,1,1.0,0.0
PERPUSDT-SFPUSDT,127.88769833508113,1,127.88769833508113,,1,1.0,0.0
PERPUSDT-SKLUSDT,391.0768462095085,1,391.0768462095085,,1,1.0,0.0
PERPUSDT-SLPUSDT,812.7724144659813,1,812.7724144659813,,1,1.0,0.0
PERPUSDT-SUIUSDT,122.03432391532807,1,122.03432391532807,,1,1.0,0.0
PERPUSDT-TAOUSDT,1869.3213932788465,1,1869.3213932788465,,1,1.0,0.0
PERPUSDT-THETAUSDT,3717.69110498431,1,3717.69110498431,,1,1.0,0.0
PERPUSDT-TRBUSDT,4176.152015198791,1,4176.152015198791,,1,1.0,0.0
PERPUSDT-TURBOUSDT,13406.675794224911,1,13406.675794224911,,1,1.0,0.0
PERPUSDT-TWTUSDT,150.15939104007165,1,150.15939104007165,,1,1.0,0.0
PERPUSDT-VETUSDT,1274.620964468392,1,1274.620964468392,,1,1.0,0.0
PERPUSDT-VIDTUSDT,634.2784528111304,1,634.2784528111304,,1,1.0,0.0
PERPUSDT-XVGUSDT,1274.946497349644,1,1274.946497349644,,1,1.0,0.0
PERPUSDT-YFIUSDT,3277.131350131567,1,3277.131350131567,,1,1.0,0.0
PHAUSDT-PORTALUSDT,1054.6707725077188,1,1054.6707725077188,,1,1.0,0.0
PHAUSDT-RVNUSDT,160.80519950919623,1,160.80519950919623,,1,1.0,0.0
PHAUSDT-SOLUSDT,132.0555475971502,1,132.0555475971502,,1,1.0,0.0
PHAUSDT-STRAXUSDT,139.7000741110046,1,139.7000741110046,,1,1.0,0.0
PHAUSDT-SUSDT,543.7888010809355,1,543.7888010809355,,1,1.0,0.0
PHAUSDT-SUSHIUSDT,341.74741671865,1,341.74741671865,,1,1.0,0.0
PHAUSDT-SXPUSDT,4229.12081548717,1,4229.12081548717,,1,1.0,0.0
PHAUSDT-TSTUSDT,781.1254821196752,1,781.1254821196752,,1,1.0,0.0
PHAUSDT-TUSDT,338.51523468797666,1,338.51523468797666,,1,1.0,0.0
PHAUSDT-VANAUSDT,286.4292028562048,1,286.4292028562048,,1,1.0,0.0
PHAUSDT-VANRYUSDT,635.6716248894948,1,635.6716248894948,,1,1.0,0.0
PHAUSDT-WOOUSDT,123.22388697942093,1,123.22388697942093,,1,1.0,0.0
PHAUSDT-XTZUSDT,2651.7048471405164,1,2651.7048471405164,,1,1.0,0.0
PHAUSDT-XVSUSDT,263.79485860474006,1,263.79485860474006,,1,1.0,0.0
PHAUSDT-ZILUSDT,53.03851115722076,1,53.03851115722076,,1,1.0,0.0
PHAUSDT-ZKUSDT,144.31827718823993,1,144.31827718823993,,1,1.0,0.0
PHBUSDT-RIFUSDT,39.26207642352324,1,39.26207642352324,,1,1.0,0.0
PHBUSDT-RLCUSDT,458.0638104045641,1,458.0638104045641,,1,1.0,0.0
PHBUSDT-RVNUSDT,66.68476407633784,1,66.68476407633784,,1,1.0,0.0
PHBUSDT-SAGAUSDT,483.2184768633872,1,483.2184768633872,,1,1.0,0.0
PHBUSDT-SCRUSDT,325.11570897971063,1,325.11570897971063,,1,1.0,0.0
PHBUSDT-SFPUSDT,2581.8145695878243,1,2581.8145695878243,,1,1.0,0.0
PHBUSDT-STPTUSDT,34.23928605789567,1,34.23928605789567,,1,1.0,0.0
PHBUSDT-SYNUSDT,23.376590619767875,1,23.376590619767875,,1,1.0,0.0
PHBUSDT-TUSDT,4161.356942013162,1,4161.356942013162,,1,1.0,0.0
PHBUSDT-VOXELUSDT,28.31415411016495,1,28.31415411016495,,1,1.0,0.0
PHBUSDT-ZECUSDT,556.0208908039037,1,556.0208908039037,,1,1.0,0.0
PHBUSDT-ZENUSDT,1256.411532386539,1,1256.411532386539,,1,1.0,0.0
PIXELUSDT-QUICKUSDT,3599.4549881660664,1,3599.4549881660664,,1,1.0,0.0
PIXELUSDT-RIFUSDT,1999.7122706525165,1,1999.7122706525165,,1,1.0,0.0
PIXELUSDT-SCUSDT,177.67105829274027,1,177.67105829274027,,1,1.0,0.0
PIXELUSDT-STXUSDT,596.8177622756047,1,596.8177622756047,,1,1.0,0.0
PIXELUSDT-SUPERUSDT,141.7004391658734,1,141.7004391658734,,1,1.0,0.0
PIXELUSDT-THETAUSDT,66.75719743135852,1,66.75719743135852,,1,1.0,0.0
PIXELUSDT-TIAUSDT,548.0969252713132,1,548.0969252713132,,1,1.0,0.0
PIXELUSDT-UNIUSDT,2107.872332629482,1,2107.872332629482,,1,1.0,0.0
PIXELUSDT-VANRYUSDT,644.9652123349009,1,644.9652123349009,,1,1.0,0.0
PIXELUSDT-VELODROMEUSDT,1224.8506020315303,1,1224.8506020315303,,1,1.0,0.0
PIXELUSDT-XAIUSDT,1281.688330592942,1,1281.688330592942,,1,1.0,0.0
PIXELUSDT-YFIUSDT,3261.4754624482093,1,3261.4754624482093,,1,1.0,0.0
PIXELUSDT-ZILUSDT,8371.231135952748,1,8371.231135952748,,1,1.0,0.0
PIXELUSDT-ZKUSDT,572.5750547494918,1,572.5750547494918,,1,1.0,0.0
PIXELUSDT-ZRXUSDT,1163.3627569294465,1,1163.3627569294465,,1,1.0,0.0
PNUTUSDT-POLYXUSDT,708.8558060874634,1,708.8558060874634,,1,1.0,0.0
PNUTUSDT-PYTHUSDT,586.0296786006038,1,586.0296786006038,,1,1.0,0.0
PNUTUSDT-RENDERUSDT,5401.727456097147,1,5401.727456097147,,1,1.0,0.0
PNUTUSDT-REZUSDT,952.0264537582136,1,952.0264537582136,,1,1.0,0.0
PNUTUSDT-SLPUSDT,438.485081708052,1,438.485081708052,,1,1.0,0.0
PNUTUSDT-SOLUSDT,648.6081568020275,1,648.6081568020275,,1,1.0,0.0
PNUTUSDT-STORJUSDT,701.1644727789176,1,701.1644727789176,,1,1.0,0.0
PNUTUSDT-XRPUSDT,1557.8024535950017,1,1557.8024535950017,,1,1.0,0.0
PNUTUSDT-ZRXUSDT,120.2514154407894,1,120.2514154407894,,1,1.0,0.0
POLUSDT-PYTHUSDT,304.3975160099539,1,304.3975160099539,,1,1.0,0.0
POLUSDT-QUICKUSDT,150.95713616732664,1,150.95713616732664,,1,1.0,0.0
POLUSDT-REIUSDT,4610.29203155499,1,4610.29203155499,,1,1.0,0.0
POLUSDT-REZUSDT,1794.5748362737618,1,1794.5748362737618,,1,1.0,0.0
POLUSDT-RLCUSDT,48.60808492811981,1,48.60808492811981,,1,1.0,0.0
POLUSDT-SANTOSUSDT,373.71600791062167,1,373.71600791062167,,1,1.0,0.0
POLUSDT-SCRUSDT,2796.728965799862,1,2796.728965799862,,1,1.0,0.0
POLUSDT-SCUSDT,1169.06854563118,1,1169.06854563118,,1,1.0,0.0
POLUSDT-SEIUSDT,122.38762371781176,1,122.38762371781176,,1,1.0,0.0
POLUSDT-SKLUSDT,216.3227806247688,1,216.3227806247688,,1,1.0,0.0
POLUSDT-SLPUSDT,2460.656984213768,1,2460.656984213768,,1,1.0,0.0
POLUSDT-THETAUSDT,782.2448838297698,1,782.2448838297698,,1,1.0,0.0
POLUSDT-TONUSDT,561.606311629019,1,561.606311629019,,1,1.0,0.0
POLUSDT-XLMUSDT,406.1385607602672,1,406.1385607602672,,1,1.0,0.0
POLUSDT-ZENUSDT,239.7574609228617,1,239.7574609228617,,1,1.0,0.0
POLYXUSDT-QNTUSDT,282.32565710391754,1,282.32565710391754,,1,1.0,0.0
POLYXUSDT-QTUMUSDT,2091.471755875089,1,2091.471755875089,,1,1.0,0.0
POLYXUSDT-RAYUSDT,335.3192852714284,1,335.3192852714284,,1,1.0,0.0
POLYXUSDT-RIFUSDT,8433.045248508917,1,8433.045248508917,,1,1.0,0.0
POLYXUSDT-SCRTUSDT,202.10056152351584,1,202.10056152351584,,1,1.0,0.0
POLYXUSDT-SFPUSDT,294.3937229414466,1,294.3937229414466,,1,1.0,0.0
POLYXUSDT-SHELLUSDT,302.2812844297628,1,302.2812844297628,,1,1.0,0.0
POLYXUSDT-SPELLUSDT,145.31063781439485,1,145.31063781439485,,1,1.0,0.0
POLYXUSDT-SSVUSDT,1276.92035680778,1,1276.92035680778,,1,1.0,0.0
POLYXUSDT-STORJUSDT,221.13682201235895,1,221.13682201235895,,1,1.0,0.0
POLYXUSDT-STRAXUSDT,4188.671643294379,1,4188.671643294379,,1,1.0,0.0
POLYXUSDT-STXUSDT,684.0964974733064,1,684.0964974733064,,1,1.0,0.0
POLYXUSDT-SUPERUSDT,477.3881991444943,1,477.3881991444943,,1,1.0,0.0
POLYXUSDT-TONUSDT,151.25449143794307,1,151.25449143794307,,1,1.0,0.0
POLYXUSDT-TRBUSDT,12.015157729412948,1,12.015157729412948,,1,1.0,0.0
POLYXUSDT-TURBOUSDT,407.2614392187187,1,407.2614392187187,,1,1.0,0.0
POLYXUSDT-UMAUSDT,363.86024932250194,1,363.86024932250194,,1,1.0,0.0
POLYXUSDT-WUSDT,68.38287727709366,1,68.38287727709366,,1,1.0,0.0
POLYXUSDT-XVGUSDT,2628.7364018782687,1,2628.7364018782687,,1,1.0,0.0
PORTALUSDT-REDUSDT,227.56531618686645,1,227.56531618686645,,1,1.0,0.0
PORTALUSDT-REIUSDT,156.93047528418427,1,156.93047528418427,,1,1.0,0.0
PORTALUSDT-RUNEUSDT,2775.721167442632,1,2775.721167442632,,1,1.0,0.0
PORTALUSDT-SANTOSUSDT,617.9781334777019,1,617.9781334777019,,1,1.0,0.0
PORTALUSDT-SCUSDT,270.3651648385048,1,270.3651648385048,,1,1.0,0.0
PORTALUSDT-SKLUSDT,887.7238494038867,1,887.7238494038867,,1,1.0,0.0
PORTALUSDT-SLPUSDT,1106.9599703955373,1,1106.9599703955373,,1,1.0,0.0
PORTALUSDT-STEEMUSDT,119.72948791915934,1,119.72948791915934,,1,1.0,0.0
PORTALUSDT-UNIUSDT,4024.206539059335,1,4024.206539059335,,1,1.0,0.0
PORTALUSDT-VELODROMEUSDT,114.65274201309629,1,114.65274201309629,,1,1.0,0.0
PORTALUSDT-WLDUSDT,272.32143496140645,1,272.32143496140645,,1,1.0,0.0
PORTALUSDT-XTZUSDT,46.2612847428928,1,46.2612847428928,,1,1.0,0.0
PORTALUSDT-XVSUSDT,946.1758000125832,1,946.1758000125832,,1,1.0,0.0
POWRUSDT-QUICKUSDT,1965.6189364480813,1,1965.6189364480813,,1,1.0,0.0
POWRUSDT-RSRUSDT,161.89113744966926,1,161.89113744966926,,1,1.0,0.0
POWRUSDT-SKLUSDT,3012.749779618333,1,3012.749779618333,,1,1.0,0.0
POWRUSDT-SNTUSDT,2494.6434745715032,1,2494.6434745715032,,1,1.0,0.0
POWRUSDT-SOLUSDT,782.8846411836759,1,782.8846411836759,,1,1.0,0.0
POWRUSDT-STEEMUSDT,257.6336247085052,1,257.6336247085052,,1,1.0,0.0
POWRUSDT-SXPUSDT,60.7202552775544,1,60.7202552775544,,1,1.0,0.0
POWRUSDT-SYSUSDT,1199.5970161512146,1,1199.5970161512146,,1,1.0,0.0
POWRUSDT-TIAUSDT,2115.778050948872,1,2115.778050948872,,1,1.0,0.0
POWRUSDT-TURBOUSDT,183.0075141517213,1,183.0075141517213,,1,1.0,0.0
POWRUSDT-TUSDT,137.4573772380709,1,137.4573772380709,,1,1.0,0.0
POWRUSDT-USTCUSDT,1192.9502108968427,1,1192.9502108968427,,1,1.0,0.0
POWRUSDT-VIDTUSDT,981.4315501172222,1,981.4315501172222,,1,1.0,0.0
POWRUSDT-XAIUSDT,2895.523288613585,1,2895.523288613585,,1,1.0,0.0
POWRUSDT-XTZUSDT,1051.9192397644526,1,1051.9192397644526,,1,1.0,0.0
POWRUSDT-ZKUSDT,927.5141490608602,1,927.5141490608602,,1,1.0,0.0
PYTHUSDT-RIFUSDT,542.5408483162767,1,542.5408483162767,,1,1.0,0.0
PYTHUSDT-ROSEUSDT,59.6040565684657,1,59.6040565684657,,1,1.0,0.0
PYTHUSDT-RPLUSDT,794.3225851148212,1,794.3225851148212,,1,1.0,0.0
PYTHUSDT-STXUSDT,23.60338907438773,1,23.60338907438773,,1,1.0,0.0
PYTHUSDT-THEUSDT,91.43938883559808,1,91.43938883559808,,1,1.0,0.0
PYTHUSDT-TONUSDT,578.9129572801778,1,578.9129572801778,,1,1.0,0.0
PYTHUSDT-VANAUSDT,782.9111290117244,1,782.9111290117244,,1,1.0,0.0
PYTHUSDT-VANRYUSDT,167.4921587249055,1,167.4921587249055,,1,1.0,0.0
PYTHUSDT-VELODROMEUSDT,108.69296855962048,1,108.69296855962048,,1,1.0,0.0
PYTHUSDT-WIFUSDT,1631.5843656941342,1,1631.5843656941342,,1,1.0,0.0
PYTHUSDT-WUSDT,415.7097431349129,1,415.7097431349129,,1,1.0,0.0
PYTHUSDT-XVSUSDT,477.3867147370549,1,477.3867147370549,,1,1.0,0.0
QNTUSDT-SANTOSUSDT,926.790470644564,1,926.790470644564,,1,1.0,0.0
QNTUSDT-SFPUSDT,1121.2727646556505,1,1121.2727646556505,,1,1.0,0.0
QNTUSDT-SSVUSDT,568.4334915628189,1,568.4334915628189,,1,1.0,0.0
QNTUSDT-STXUSDT,183.74162057492924,1,183.74162057492924,,1,1.0,0.0
QNTUSDT-SUIUSDT,621.0378032728627,1,621.0378032728627,,1,1.0,0.0
QNTUSDT-TRBUSDT,272.21529393853075,1,272.21529393853075,,1,1.0,0.0
QNTUSDT-VANAUSDT,523.301584593906,1,523.301584593906,,1,1.0,0.0
QTUMUSDT-RADUSDT,3886.1184445681065,1,3886.1184445681065,,1,1.0,0.0
QTUMUSDT-RDNTUSDT,1117.5938718619077,1,1117.5938718619077,,1,1.0,0.0
QTUMUSDT-REZUSDT,500.7052895558327,1,500.7052895558327,,1,1.0,0.0
QTUMUSDT-RONINUSDT,1116.6494294718484,1,1116.6494294718484,,1,1.0,0.0
QTUMUSDT-RSRUSDT,369.70221510536186,1,369.70221510536186,,1,1.0,0.0
QTUMUSDT-RUNEUSDT,130.15903675385513,1,130.15903675385513,,1,1.0,0.0
QTUMUSDT-SCRTUSDT,390.726852673935,1,390.726852673935,,1,1.0,0.0
QTUMUSDT-SCRUSDT,69.22892323422141,1,69.22892323422141,,1,1.0,0.0
QTUMUSDT-SNXUSDT,237.5318350243592,1,237.5318350243592,,1,1.0,0.0
QTUMUSDT-STGUSDT,67.23248979417961,1,67.23248979417961,,1,1.0,0.0
QTUMUSDT-STPTUSDT,184.6484401114468,1,184.6484401114468,,1,1.0,0.0
QTUMUSDT-STRKUSDT,724.8032288504065,1,724.8032288504065,,1,1.0,0.0
QTUMUSDT-SUPERUSDT,886.0686797831531,1,886.0686797831531,,1,1.0,0.0
QTUMUSDT-TLMUSDT,388.2353872208892,1,388.2353872208892,,1,1.0,0.0
QTUMUSDT-TRUUSDT,2741.2995207634917,1,2741.2995207634917,,1,1.0,0.0
QTUMUSDT-TURBOUSDT,552.6174008999097,1,552.6174008999097,,1,1.0,0.0
QTUMUSDT-UNIUSDT,277.1121902756428,1,277.1121902756428,,1,1.0,0.0
QTUMUSDT-USUALUSDT,2882.864720403112,1,2882.864720403112,,1,1.0,0.0
QTUMUSDT-VETUSDT,1191.2355096237363,1,1191.2355096237363,,1,1.0,0.0
QTUMUSDT-WOOUSDT,621.5843874418501,1,621.5843874418501,,1,1.0,0.0
QTUMUSDT-XLMUSDT,740.4709740448168,1,740.4709740448168,,1,1.0,0.0
QTUMUSDT-XRPUSDT,30.22511410574895,1,30.22511410574895,,1,1.0,0.0
QTUMUSDT-XVSUSDT,1846.6124944839175,1,1846.6124944839175,,1,1.0,0.0
QUICKUSDT-RIFUSDT,93.42894289703,1,93.42894289703,,1,1.0,0.0
QUICKUSDT-SANTOSUSDT,284.86794932885635,1,284.86794932885635,,1,1.0,0.0
QUICKUSDT-SCUSDT,1483.4268510828458,1,1483.4268510828458,,1,1.0,0.0
QUICKUSDT-SUIUSDT,946.7941753081824,1,946.7941753081824,,1,1.0,0.0
QUICKUSDT-TIAUSDT,6891.00547358008,1,6891.00547358008,,1,1.0,0.0
QUICKUSDT-TUSDT,1945.4846667994632,1,1945.4846667994632,,1,1.0,0.0
QUICKUSDT-UMAUSDT,555.1684256512883,1,555.1684256512883,,1,1.0,0.0
QUICKUSDT-VANAUSDT,80.444687019409,1,80.444687019409,,1,1.0,0.0
QUICKUSDT-VANRYUSDT,3396.292416268713,1,3396.292416268713,,1,1.0,0.0
QUICKUSDT-VTHOUSDT,4145.182572445795,1,4145.182572445795,,1,1.0,0.0
QUICKUSDT-WAXPUSDT,199.1719868545363,1,199.1719868545363,,1,1.0,0.0
QUICKUSDT-XLMUSDT,911.4986479348164,1,911.4986479348164,,1,1.0,0.0
QUICKUSDT-ZILUSDT,1295.223248485894,1,1295.223248485894,,1,1.0,0.0
QUICKUSDT-ZKUSDT,1220.9799485768167,1,1220.9799485768167,,1,1.0,0.0
RADUSDT-RAREUSDT,1407.2895636149854,1,1407.2895636149854,,1,1.0,0.0
RADUSDT-RAYUSDT,82.64544543690022,1,82.64544543690022,,1,1.0,0.0
RADUSDT-RENDERUSDT,3836.712758950767,1,3836.712758950767,,1,1.0,0.0
RADUSDT-SEIUSDT,3641.960944832556,1,3641.960944832556,,1,1.0,0.0
RADUSDT-SNTUSDT,1486.3116031342438,1,1486.3116031342438,,1,1.0,0.0
RADUSDT-STXUSDT,194.5643067886513,1,194.5643067886513,,1,1.0,0.0
RADUSDT-TONUSDT,388.1591576046145,1,388.1591576046145,,1,1.0,0.0
RADUSDT-TROYUSDT,674.1435616951868,1,674.1435616951868,,1,1.0,0.0
RADUSDT-TRUMPUSDT,2208.615550629341,1,2208.615550629341,,1,1.0,0.0
RADUSDT-VANAUSDT,280.3087069005978,1,280.3087069005978,,1,1.0,0.0
RADUSDT-XTZUSDT,113.69576232329835,1,113.69576232329835,,1,1.0,0.0
RADUSDT-YFIUSDT,3088.295917400165,1,3088.295917400165,,1,1.0,0.0
RAREUSDT-REIUSDT,2101.165139071316,1,2101.165139071316,,1,1.0,0.0
RAREUSDT-RIFUSDT,20.82688366551732,1,20.82688366551732,,1,1.0,0.0
RAREUSDT-RUNEUSDT,2477.8925274256326,1,2477.8925274256326,,1,1.0,0.0
RAREUSDT-RVNUSDT,430.6566009768782,1,430.6566009768782,,1,1.0,0.0
RAREUSDT-STEEMUSDT,54.058653992069104,1,54.058653992069104,,1,1.0,0.0
RAREUSDT-STXUSDT,1468.1910653468867,1,1468.1910653468867,,1,1.0,0.0
RAREUSDT-SUSHIUSDT,160.79770326627798,1,160.79770326627798,,1,1.0,0.0
RAREUSDT-TLMUSDT,1872.277166749725,1,1872.277166749725,,1,1.0,0.0
RAREUSDT-TNSRUSDT,6350.633756827373,1,6350.633756827373,,1,1.0,0.0
RAREUSDT-TURBOUSDT,1022.8801154369996,1,1022.8801154369996,,1,1.0,0.0
RAREUSDT-TUSDT,1094.950483334768,1,1094.950483334768,,1,1.0,0.0
RAREUSDT-TWTUSDT,64.23236048365115,1,64.23236048365115,,1,1.0,0.0
RAREUSDT-XLMUSDT,30.317250195963297,1,30.317250195963297,,1,1.0,0.0
RAREUSDT-ZECUSDT,2053.937029211224,1,2053.937029211224,,1,1.0,0.0
RAREUSDT-ZENUSDT,182.25456492605937,1,182.25456492605937,,1,1.0,0.0
RAREUSDT-ZILUSDT,173.80768409475274,1,173.80768409475274,,1,1.0,0.0
RAREUSDT-ZKUSDT,10.264534316464228,1,10.264534316464228,,1,1.0,0.0
RAYUSDT-RENDERUSDT,534.0802777777026,1,534.0802777777026,,1,1.0,0.0
RAYUSDT-RLCUSDT,1886.831032727182,1,1886.831032727182,,1,1.0,0.0
RAYUSDT-RVNUSDT,17.269322450490975,1,17.269322450490975,,1,1.0,0.0
RAYUSDT-SAGAUSDT,979.1354547931276,1,979.1354547931276,,1,1.0,0.0
RAYUSDT-SANDUSDT,3213.730790417345,1,3213.730790417345,,1,1.0,0.0
RAYUSDT-SCUSDT,1396.4208225097188,1,1396.4208225097188,,1,1.0,0.0
RAYUSDT-SNTUSDT,2895.714598523905,1,2895.714598523905,,1,1.0,0.0
RAYUSDT-STRAXUSDT,740.3778522529536,1,740.3778522529536,,1,1.0,0.0
RAYUSDT-SUPERUSDT,1228.2285906500535,1,1228.2285906500535,,1,1.0,0.0
RAYUSDT-TRUMPUSDT,306.2782585963809,1,306.2782585963809,,1,1.0,0.0
RAYUSDT-VANRYUSDT,4136.539404067212,1,4136.539404067212,,1,1.0,0.0
RAYUSDT-VELODROMEUSDT,5463.708353949898,1,5463.708353949898,,1,1.0,0.0
RAYUSDT-VICUSDT,1958.898073613796,1,1958.898073613796,,1,1.0,0.0
RAYUSDT-VIDTUSDT,151.25238515913486,1,151.25238515913486,,1,1.0,0.0
RAYUSDT-VTHOUSDT,3913.3607656834606,1,3913.3607656834606,,1,1.0,0.0
RAYUSDT-XVGUSDT,255.6672552220517,1,255.6672552220517,,1,1.0,0.0
RAYUSDT-ZILUSDT,2842.6021868904822,1,2842.6021868904822,,1,1.0,0.0
RDNTUSDT-RONINUSDT,328.22399128207087,1,328.22399128207087,,1,1.0,0.0
RDNTUSDT-SCRUSDT,287.9469765643313,1,287.9469765643313,,1,1.0,0.0
RDNTUSDT-SHELLUSDT,494.6786328933126,1,494.6786328933126,,1,1.0,0.0
RDNTUSDT-STGUSDT,98.34781037199718,1,98.34781037199718,,1,1.0,0.0
RDNTUSDT-STRAXUSDT,3361.473694764977,1,3361.473694764977,,1,1.0,0.0
RDNTUSDT-THEUSDT,11884.31598560122,1,11884.31598560122,,1,1.0,0.0
RDNTUSDT-TLMUSDT,41.31766516341642,1,41.31766516341642,,1,1.0,0.0
RDNTUSDT-TURBOUSDT,924.8809077872946,1,924.8809077872946,,1,1.0,0.0
RDNTUSDT-TUTUSDT,16604.58718079608,1,16604.58718079608,,1,1.0,0.0
RDNTUSDT-VETUSDT,69.73580850894481,1,69.73580850894481,,1,1.0,0.0
RDNTUSDT-VTHOUSDT,2319.362748369298,1,2319.362748369298,,1,1.0,0.0
RDNTUSDT-WLDUSDT,73.70574492084057,1,73.70574492084057,,1,1.0,0.0
RDNTUSDT-WOOUSDT,2480.3507004403004,1,2480.3507004403004,,1,1.0,0.0
RDNTUSDT-XAIUSDT,73.02529860984978,1,73.02529860984978,,1,1.0,0.0
RDNTUSDT-XLMUSDT,1429.3863210924942,1,1429.3863210924942,,1,1.0,0.0
REDUSDT-RIFUSDT,4311.311356810159,1,4311.311356810159,,1,1.0,0.0
REDUSDT-RLCUSDT,1430.3841641035733,1,1430.3841641035733,,1,1.0,0.0
REDUSDT-SUNUSDT,814.6935533979063,1,814.6935533979063,,1,1.0,0.0
REDUSDT-TRXUSDT,1291.7260982784137,1,1291.7260982784137,,1,1.0,0.0
REIUSDT-RONINUSDT,223.16995157829527,1,223.16995157829527,,1,1.0,0.0
REIUSDT-RUNEUSDT,286.93931031730654,1,286.93931031730654,,1,1.0,0.0
REIUSDT-SKLUSDT,500.2308757928609,1,500.2308757928609,,1,1.0,0.0
REIUSDT-SLPUSDT,44.56386578148019,1,44.56386578148019,,1,1.0,0.0
REIUSDT-SUPERUSDT,60.95988362559911,1,60.95988362559911,,1,1.0,0.0
REIUSDT-SUSDT,668.1341919375415,1,668.1341919375415,,1,1.0,0.0
REIUSDT-TRBUSDT,875.4281367113431,1,875.4281367113431,,1,1.0,0.0
REIUSDT-XTZUSDT,2134.519353167799,1,2134.519353167799,,1,1.0,0.0
REIUSDT-XVGUSDT,889.4983488407851,1,889.4983488407851,,1,1.0,0.0
RENDERUSDT-ROSEUSDT,1493.1088683490602,1,1493.1088683490602,,1,1.0,0.0
RENDERUSDT-SHELLUSDT,418.26774039982325,1,418.26774039982325,,1,1.0,0.0
RENDERUSDT-SLPUSDT,2676.8074630405554,1,2676.8074630405554,,1,1.0,0.0
RENDERUSDT-STEEMUSDT,782.7490571826193,1,782.7490571826193,,1,1.0,0.0
RENDERUSDT-TIAUSDT,1343.8823745403122,1,1343.8823745403122,,1,1.0,0.0
RENDERUSDT-UNIUSDT,5.176445982234391,1,5.176445982234391,,1,1.0,0.0
RENDERUSDT-XAIUSDT,331.8086699864064,1,331.8086699864064,,1,1.0,0.0
RENDERUSDT-ZILUSDT,845.6952066315587,1,845.6952066315587,,1,1.0,0.0
REZUSDT-ROSEUSDT,3153.4141511896373,1,3153.4141511896373,,1,1.0,0.0
REZUSDT-SCUSDT,583.5439871130446,1,583.5439871130446,,1,1.0,0.0
REZUSDT-STEEMUSDT,118.11382070949378,1,118.11382070949378,,1,1.0,0.0
REZUSDT-THETAUSDT,48.49395896158144,1,48.49395896158144,,1,1.0,0.0
REZUSDT-TRBUSDT,95.6068493837994,1,95.6068493837994,,1,1.0,0.0
REZUSDT-TURBOUSDT,1695.2812473105514,1,1695.2812473105514,,1,1.0,0.0
REZUSDT-TUSDT,497.2858690732678,1,497.2858690732678,,1,1.0,0.0
REZUSDT-TWTUSDT,3664.012770771919,1,3664.012770771919,,1,1.0,0.0
REZUSDT-YGGUSDT,186.5415683048265,1,186.5415683048265,,1,1.0,0.0
REZUSDT-ZROUSDT,713.7608382248278,1,713.7608382248278,,1,1.0,0.0
RIFUSDT-RUNEUSDT,15.791189233493476,1,15.791189233493476,,1,1.0,0.0
RIFUSDT-SANDUSDT,11.478931846330916,1,11.478931846330916,,1,1.0,0.0
RIFUSDT-STRKUSDT,1622.5568908285345,1,1622.5568908285345,,1,1.0,0.0
RIFUSDT-TNSRUSDT,1732.7233312906728,1,1732.7233312906728,,1,1.0,0.0
RIFUSDT-VTHOUSDT,156.88802195727968,1,156.88802195727968,,1,1.0,0.0
RIFUSDT-XVGUSDT,338.70642622259965,1,338.70642622259965,,1,1.0,0.0
RLCUSDT-RPLUSDT,1344.887950912825,1,1344.887950912825,,1,1.0,0.0
RLCUSDT-SFPUSDT,0.420770616469909,1,0.420770616469909,,1,1.0,0.0
RLCUSDT-SOLUSDT,320.9959285919723,1,320.9959285919723,,1,1.0,0.0
RLCUSDT-STPTUSDT,1208.396061036141,1,1208.396061036141,,1,1.0,0.0
RLCUSDT-STRKUSDT,1017.7649991314036,1,1017.7649991314036,,1,1.0,0.0
RLCUSDT-SYSUSDT,495.00068912342056,1,495.00068912342056,,1,1.0,0.0
RLCUSDT-THETAUSDT,4018.7348057694967,1,4018.7348057694967,,1,1.0,0.0
RLCUSDT-UMAUSDT,466.3190049531752,1,466.3190049531752,,1,1.0,0.0
RLCUSDT-UNIUSDT,1663.6998264074457,1,1663.6998264074457,,1,1.0,0.0
RLCUSDT-USTCUSDT,227.53512948061035,1,227.53512948061035,,1,1.0,0.0
RLCUSDT-WOOUSDT,157.17720389040628,1,157.17720389040628,,1,1.0,0.0
RLCUSDT-XAIUSDT,1257.995105593723,1,1257.995105593723,,1,1.0,0.0
RONINUSDT-SAGAUSDT,3477.6525087593664,1,3477.6525087593664,,1,1.0,0.0
RONINUSDT-STEEMUSDT,1665.7987795005783,1,1665.7987795005783,,1,1.0,0.0
RONINUSDT-VTHOUSDT,3928.099035827103,1,3928.099035827103,,1,1.0,0.0
RONINUSDT-XLMUSDT,2096.980761789228,1,2096.980761789228,,1,1.0,0.0
RONINUSDT-ZECUSDT,133.13545470381783,1,133.13545470381783,,1,1.0,0.0
ROSEUSDT-RPLUSDT,96.55181431884952,1,96.55181431884952,,1,1.0,0.0
ROSEUSDT-SNXUSDT,312.1148906886481,1,312.1148906886481,,1,1.0,0.0
ROSEUSDT-TUSDT,3.813391079595462,1,3.813391079595462,,1,1.0,0.0
ROSEUSDT-TWTUSDT,2449.013877500864,1,2449.013877500864,,1,1.0,0.0
ROSEUSDT-VANRYUSDT,91.266272502951,1,91.266272502951,,1,1.0,0.0
ROSEUSDT-VETUSDT,202.4630108187025,1,202.4630108187025,,1,1.0,0.0
ROSEUSDT-WIFUSDT,515.8360137229632,1,515.8360137229632,,1,1.0,0.0
ROSEUSDT-WLDUSDT,1574.6647937468215,1,1574.6647937468215,,1,1.0,0.0
ROSEUSDT-XVSUSDT,6502.550219629971,1,6502.550219629971,,1,1.0,0.0
ROSEUSDT-YFIUSDT,2198.9628231403312,1,2198.9628231403312,,1,1.0,0.0
ROSEUSDT-ZENUSDT,79.64031690205843,1,79.64031690205843,,1,1.0,0.0
RPLUSDT-RSRUSDT,9827.525333880008,1,9827.525333880008,,1,1.0,0.0
RPLUSDT-RUNEUSDT,1062.099579422249,1,1062.099579422249,,1,1.0,0.0
RPLUSDT-RVNUSDT,8134.434526754814,1,8134.434526754814,,1,1.0,0.0
RPLUSDT-SCRTUSDT,13.020782049814102,1,13.020782049814102,,1,1.0,0.0
RPLUSDT-SYNUSDT,2400.902090760886,1,2400.902090760886,,1,1.0,0.0
RPLUSDT-THETAUSDT,8369.145161909899,1,8369.145161909899,,1,1.0,0.0
RPLUSDT-TLMUSDT,1620.839770376505,1,1620.839770376505,,1,1.0,0.0
RPLUSDT-UNIUSDT,257.36053158523873,1,257.36053158523873,,1,1.0,0.0
RPLUSDT-VANRYUSDT,1784.348399818638,1,1784.348399818638,,1,1.0,0.0
RPLUSDT-WAXPUSDT,461.5622344222071,1,461.5622344222071,,1,1.0,0.0
RPLUSDT-WOOUSDT,206.94548229227613,1,206.94548229227613,,1,1.0,0.0
RPLUSDT-ZILUSDT,486.9728439744284,1,486.9728439744284,,1,1.0,0.0
RPLUSDT-ZROUSDT,493.0030139099622,1,493.0030139099622,,1,1.0,0.0
RSRUSDT-RUNEUSDT,1473.6731497691812,1,1473.6731497691812,,1,1.0,0.0
RSRUSDT-SNXUSDT,42.18187858489794,1,42.18187858489794,,1,1.0,0.0
RSRUSDT-STEEMUSDT,82.08366992638592,1,82.08366992638592,,1,1.0,0.0
RSRUSDT-STGUSDT,1881.065157857246,1,1881.065157857246,,1,1.0,0.0
RSRUSDT-STRKUSDT,662.6767378358883,1,662.6767378358883,,1,1.0,0.0
RSRUSDT-STXUSDT,158.18102412958314,1,158.18102412958314,,1,1.0,0.0
RSRUSDT-SUNUSDT,2811.5249027013165,1,2811.5249027013165,,1,1.0,0.0
RSRUSDT-SUSHIUSDT,40.36040618704827,1,40.36040618704827,,1,1.0,0.0
RSRUSDT-TNSRUSDT,12011.928971419971,1,12011.928971419971,,1,1.0,0.0
RSRUSDT-TRBUSDT,3695.6052511875528,1,3695.6052511875528,,1,1.0,0.0
RSRUSDT-USTCUSDT,82.72468181152041,1,82.72468181152041,,1,1.0,0.0
RSRUSDT-VICUSDT,946.126726403592,1,946.126726403592,,1,1.0,0.0
RSRUSDT-ZENUSDT,1234.7879643141816,1,1234.7879643141816,,1,1.0,0.0
RSRUSDT-ZKUSDT,230.22520779493135,1,230.22520779493135,,1,1.0,0.0
RSRUSDT-ZRXUSDT,180.68349341703657,1,180.68349341703657,,1,1.0,0.0
RUNEUSDT-SANTOSUSDT,802.1548013508035,1,802.1548013508035,,1,1.0,0.0
RUNEUSDT-TIAUSDT,832.2342192745225,1,832.2342192745225,,1,1.0,0.0
RUNEUSDT-TLMUSDT,885.6433977032648,1,885.6433977032648,,1,1.0,0.0
RUNEUSDT-TONUSDT,1362.0963258294337,1,1362.0963258294337,,1,1.0,0.0
RUNEUSDT-TSTUSDT,790.3535234828274,1,790.3535234828274,,1,1.0,0.0
RUNEUSDT-UNIUSDT,1088.6830312467737,1,1088.6830312467737,,1,1.0,0.0
RUNEUSDT-USTCUSDT,994.0881056615306,1,994.0881056615306,,1,1.0,0.0
RUNEUSDT-WAXPUSDT,2311.098665113552,1,2311.098665113552,,1,1.0,0.0
RVNUSDT-SCRTUSDT,333.2181369659229,1,333.2181369659229,,1,1.0,0.0
RVNUSDT-STEEMUSDT,2976.1970053960613,1,2976.1970053960613,,1,1.0,0.0
RVNUSDT-SUIUSDT,742.1761481159531,1,742.1761481159531,,1,1.0,0.0
RVNUSDT-SUPERUSDT,1267.990318227933,1,1267.990318227933,,1,1.0,0.0
RVNUSDT-SUSHIUSDT,1040.225618613723,1,1040.225618613723,,1,1.0,0.0
RVNUSDT-TRBUSDT,47.49736422889166,1,47.49736422889166,,1,1.0,0.0
RVNUSDT-VANRYUSDT,777.8520218630841,1,777.8520218630841,,1,1.0,0.0
RVNUSDT-WIFUSDT,625.6399120422569,1,625.6399120422569,,1,1.0,0.0
RVNUSDT-XAIUSDT,1056.1435861262728,1,1056.1435861262728,,1,1.0,0.0
RVNUSDT-XRPUSDT,358.0050789383004,1,358.0050789383004,,1,1.0,0.0
SAGAUSDT-SCRTUSDT,323.58276577438176,1,323.58276577438176,,1,1.0,0.0
SAGAUSDT-SEIUSDT,143.08902001958143,1,143.08902001958143,,1,1.0,0.0
SAGAUSDT-SOLUSDT,210.6122673788529,1,210.6122673788529,,1,1.0,0.0
SAGAUSDT-SUIUSDT,3471.476374716927,1,3471.476374716927,,1,1.0,0.0
SAGAUSDT-SUPERUSDT,236.81040651873175,1,236.81040651873175,,1,1.0,0.0
SAGAUSDT-TWTUSDT,9712.74676467918,1,9712.74676467918,,1,1.0,0.0
SAGAUSDT-VANAUSDT,1949.7078003215645,1,1949.7078003215645,,1,1.0,0.0
SAGAUSDT-VANRYUSDT,464.37949904035634,1,464.37949904035634,,1,1.0,0.0
SAGAUSDT-VOXELUSDT,331.3375481112181,1,331.3375481112181,,1,1.0,0.0
SANDUSDT-SANTOSUSDT,566.8806528680087,1,566.8806528680087,,1,1.0,0.0
SANDUSDT-SKLUSDT,17.865781544042747,1,17.865781544042747,,1,1.0,0.0
SANDUSDT-STPTUSDT,1268.552294863905,1,1268.552294863905,,1,1.0,0.0
SANDUSDT-SYSUSDT,424.14061459410976,1,424.14061459410976,,1,1.0,0.0
SANDUSDT-THEUSDT,963.090569925968,1,963.090569925968,,1,1.0,0.0
SANDUSDT-TLMUSDT,832.9273083346525,1,832.9273083346525,,1,1.0,0.0
SANDUSDT-USUALUSDT,472.4301909194022,1,472.4301909194022,,1,1.0,0.0
SANDUSDT-XRPUSDT,58.96047174737097,1,58.96047174737097,,1,1.0,0.0
SANDUSDT-XVGUSDT,258.8567844821279,1,258.8567844821279,,1,1.0,0.0
SANDUSDT-ZKUSDT,268.9530148579438,1,268.9530148579438,,1,1.0,0.0
SANTOSUSDT-SFPUSDT,665.7918982523978,1,665.7918982523978,,1,1.0,0.0
SANTOSUSDT-SOLUSDT,4493.8535562500965,1,4493.8535562500965,,1,1.0,0.0
SANTOSUSDT-SSVUSDT,4042.300429322528,1,4042.300429322528,,1,1.0,0.0
SANTOSUSDT-STXUSDT,309.9087377274059,1,309.9087377274059,,1,1.0,0.0
SANTOSUSDT-SUSDT,61.809020391578464,1,61.809020391578464,,1,1.0,0.0
SANTOSUSDT-TLMUSDT,823.9609031267389,1,823.9609031267389,,1,1.0,0.0
SANTOSUSDT-TURBOUSDT,395.69481837647726,1,395.69481837647726,,1,1.0,0.0
SANTOSUSDT-UMAUSDT,6770.033285094754,1,6770.033285094754,,1,1.0,0.0
SCRTUSDT-SCUSDT,2206.75416087858,1,2206.75416087858,,1,1.0,0.0
SCRTUSDT-SFPUSDT,2796.5226861825254,1,2796.5226861825254,,1,1.0,0.0
SCRTUSDT-SKLUSDT,448.7010386645405,1,448.7010386645405,,1,1.0,0.0
SCRTUSDT-STGUSDT,241.4913814878672,1,241.4913814878672,,1,1.0,0.0
SCRTUSDT-SUNUSDT,39.41498963022406,1,39.41498963022406,,1,1.0,0.0
SCRTUSDT-TAOUSDT,192.71382343543084,1,192.71382343543084,,1,1.0,0.0
SCRTUSDT-TLMUSDT,27.940243668241173,1,27.940243668241173,,1,1.0,0.0
SCRTUSDT-TRUUSDT,853.6969200673454,1,853.6969200673454,,1,1.0,0.0
SCRTUSDT-VETUSDT,1318.5074225555777,1,1318.5074225555777,,1,1.0,0.0
SCRTUSDT-VOXELUSDT,2289.0468990730383,1,2289.0468990730383,,1,1.0,0.0
SCRTUSDT-XTZUSDT,375.6751429888575,1,375.6751429888575,,1,1.0,0.0
SCRTUSDT-XVSUSDT,208.9745880454328,1,208.9745880454328,,1,1.0,0.0
SCRUSDT-SFPUSDT,463.6487538717457,1,463.6487538717457,,1,1.0,0.0
SCRUSDT-SOLVUSDT,89.32134916439355,1,89.32134916439355,,1,1.0,0.0
SCRUSDT-STORJUSDT,462.9414892200796,1,462.9414892200796,,1,1.0,0.0
SCRUSDT-SUSHIUSDT,5233.098270097563,1,5233.098270097563,,1,1.0,0.0
SCRUSDT-USUALUSDT,286.178060231675,1,286.178060231675,,1,1.0,0.0
SCRUSDT-WIFUSDT,899.1849385920023,1,899.1849385920023,,1,1.0,0.0
SCRUSDT-XRPUSDT,708.089992769434,1,708.089992769434,,1,1.0,0.0
SCUSDT-SEIUSDT,2360.037103172558,1,2360.037103172558,,1,1.0,0.0
SCUSDT-TIAUSDT,1522.9114956479948,1,1522.9114956479948,,1,1.0,0.0
SCUSDT-TROYUSDT,36.28373591105024,1,36.28373591105024,,1,1.0,0.0
SCUSDT-TRUMPUSDT,11.086522974861149,1,11.086522974861149,,1,1.0,0.0
SCUSDT-VELODROMEUSDT,608.1784343603867,1,608.1784343603867,,1,1.0,0.0
SCUSDT-WUSDT,66.83683299214142,1,66.83683299214142,,1,1.0,0.0
SEIUSDT-SUNUSDT,1017.6231147695804,1,1017.6231147695804,,1,1.0,0.0
SEIUSDT-TNSRUSDT,1535.037568996702,1,1535.037568996702,,1,1.0,0.0
SEIUSDT-TONUSDT,892.966525329412,1,892.966525329412,,1,1.0,0.0
SEIUSDT-TUSDT,327.6560396210077,1,327.6560396210077,,1,1.0,0.0
SEIUSDT-USTCUSDT,4119.290843103442,1,4119.290843103442,,1,1.0,0.0
SEIUSDT-USUALUSDT,3003.8377415856808,1,3003.8377415856808,,1,1.0,0.0
SEIUSDT-YGGUSDT,187.3548379840229,1,187.3548379840229,,1,1.0,0.0
SEIUSDT-ZRXUSDT,7.237392458527879,1,7.237392458527879,,1,1.0,0.0
SFPUSDT-SOLVUSDT,791.0735651204318,1,791.0735651204318,,1,1.0,0.0
SFPUSDT-SSVUSDT,325.40482078736693,1,325.40482078736693,,1,1.0,0.0
SFPUSDT-TNSRUSDT,3661.367341263914,1,3661.367341263914,,1,1.0,0.0
SFPUSDT-VIDTUSDT,482.0907402410843,1,482.0907402410843,,1,1.0,0.0
SFPUSDT-ZENUSDT,723.0235283264366,1,723.0235283264366,,1,1.0,0.0
SHELLUSDT-STXUSDT,3827.0994857105056,1,3827.0994857105056,,1,1.0,0.0
SHELLUSDT-TRUUSDT,1206.4377921900066,1,1206.4377921900066,,1,1.0,0.0
SHELLUSDT-UMAUSDT,1432.835631001775,1,1432.835631001775,,1,1.0,0.0
SHELLUSDT-ZENUSDT,506.4871186816565,1,506.4871186816565,,1,1.0,0.0
SKLUSDT-SNXUSDT,1336.2760503848951,1,1336.2760503848951,,1,1.0,0.0
SKLUSDT-SSVUSDT,591.4873409931021,1,591.4873409931021,,1,1.0,0.0
SKLUSDT-STGUSDT,1344.960981301139,1,1344.960981301139,,1,1.0,0.0
SKLUSDT-STPTUSDT,1537.0257344902625,1,1537.0257344902625,,1,1.0,0.0
SKLUSDT-SUIUSDT,533.3067069428365,1,533.3067069428365,,1,1.0,0.0
SKLUSDT-SYSUSDT,18.41878295411833,1,18.41878295411833,,1,1.0,0.0
SKLUSDT-TAOUSDT,8736.546899025536,1,8736.546899025536,,1,1.0,0.0
SKLUSDT-TURBOUSDT,231.54965143622536,1,231.54965143622536,,1,1.0,0.0
SKLUSDT-VTHOUSDT,718.5603323968822,1,718.5603323968822,,1,1.0,0.0
SKLUSDT-WUSDT,1125.2419208264178,1,1125.2419208264178,,1,1.0,0.0
SKLUSDT-XAIUSDT,852.7098526027003,1,852.7098526027003,,1,1.0,0.0
SKLUSDT-XLMUSDT,498.9553880052173,1,498.9553880052173,,1,1.0,0.0
SKLUSDT-ZROUSDT,1770.197013685776,1,1770.197013685776,,1,1.0,0.0
SLPUSDT-SNTUSDT,5231.674084307278,1,5231.674084307278,,1,1.0,0.0
SLPUSDT-SUSDT,88.6620322765325,1,88.6620322765325,,1,1.0,0.0
SLPUSDT-TRBUSDT,3422.0754272578183,1,3422.0754272578183,,1,1.0,0.0
SLPUSDT-USUALUSDT,1828.5716335260065,1,1828.5716335260065,,1,1.0,0.0
SLPUSDT-VELODROMEUSDT,530.3327054734993,1,530.3327054734993,,1,1.0,0.0
SLPUSDT-VETUSDT,222.8356100531546,1,222.8356100531546,,1,1.0,0.0
SLPUSDT-WIFUSDT,659.8433569039217,1,659.8433569039217,,1,1.0,0.0
SLPUSDT-XRPUSDT,410.1908010089346,1,410.1908010089346,,1,1.0,0.0
SLPUSDT-ZKUSDT,651.4798429445563,1,651.4798429445563,,1,1.0,0.0
SLPUSDT-ZROUSDT,2088.4903344049035,1,2088.4903344049035,,1,1.0,0.0
SNTUSDT-SSVUSDT,83.9354174229909,1,83.9354174229909,,1,1.0,0.0
SNTUSDT-STRKUSDT,413.4745248599272,1,413.4745248599272,,1,1.0,0.0
SNTUSDT-SYSUSDT,4017.573511273212,1,4017.573511273212,,1,1.0,0.0
SNTUSDT-TAOUSDT,8245.704416474247,1,8245.704416474247,,1,1.0,0.0
SNTUSDT-VANAUSDT,17424.883229337385,1,17424.883229337385,,1,1.0,0.0
SNTUSDT-WLDUSDT,796.4648199243353,1,796.4648199243353,,1,1.0,0.0
SNTUSDT-XVGUSDT,222.2526179340718,1,222.2526179340718,,1,1.0,0.0
SNTUSDT-ZRXUSDT,348.7673197907671,1,348.7673197907671,,1,1.0,0.0
SNXUSDT-SOLUSDT,2578.8404408729166,1,2578.8404408729166,,1,1.0,0.0
SNXUSDT-STPTUSDT,1722.2626613960113,1,1722.2626613960113,,1,1.0,0.0
SNXUSDT-SUIUSDT,4570.614907199505,1,4570.614907199505,,1,1.0,0.0
SNXUSDT-TLMUSDT,471.7518320781695,1,471.7518320781695,,1,1.0,0.0
SNXUSDT-TWTUSDT,282.6698872007089,1,282.6698872007089,,1,1.0,0.0
SNXUSDT-UNIUSDT,206.36351842601985,1,206.36351842601985,,1,1.0,0.0
SNXUSDT-USTCUSDT,150.96973457563672,1,150.96973457563672,,1,1.0,0.0
SNXUSDT-VANRYUSDT,1127.155113374102,1,1127.155113374102,,1,1.0,0.0
SNXUSDT-VICUSDT,651.7553549183435,1,651.7553549183435,,1,1.0,0.0
SNXUSDT-WAXPUSDT,371.3813937266749,1,371.3813937266749,,1,1.0,0.0
SNXUSDT-WLDUSDT,1779.2150915526784,1,1779.2150915526784,,1,1.0,0.0
SNXUSDT-WUSDT,476.2688321397913,1,476.2688321397913,,1,1.0,0.0
SNXUSDT-XRPUSDT,320.0856795230998,1,320.0856795230998,,1,1.0,0.0
SOLUSDT-SXPUSDT,1693.833100009724,1,1693.833100009724,,1,1.0,0.0
SOLUSDT-USTCUSDT,282.7192904791795,1,282.7192904791795,,1,1.0,0.0
SOLUSDT-VICUSDT,260.65543870223337,1,260.65543870223337,,1,1.0,0.0
SOLUSDT-VOXELUSDT,49.8074975252886,1,49.8074975252886,,1,1.0,0.0
SOLUSDT-VTHOUSDT,217.3785580790738,1,217.3785580790738,,1,1.0,0.0
SOLUSDT-WLDUSDT,5260.906516511145,1,5260.906516511145,,1,1.0,0.0
SOLUSDT-XVGUSDT,196.219120759874,1,196.219120759874,,1,1.0,0.0
SOLUSDT-ZILUSDT,7.221954356418131,1,7.221954356418131,,1,1.0,0.0
SOLVUSDT-SUSDT,6501.4657590081015,1,6501.4657590081015,,1,1.0,0.0
SOLVUSDT-SUSHIUSDT,2957.3076022106825,1,2957.3076022106825,,1,1.0,0.0
SOLVUSDT-TRBUSDT,1823.627269777565,1,1823.627269777565,,1,1.0,0.0
SOLVUSDT-TRUMPUSDT,3625.3836659478966,1,3625.3836659478966,,1,1.0,0.0
SOLVUSDT-USUALUSDT,8483.288300955264,1,8483.288300955264,,1,1.0,0.0
SOLVUSDT-WOOUSDT,1983.774348876709,1,1983.774348876709,,1,1.0,0.0
SOLVUSDT-WUSDT,419.4596688964029,1,419.4596688964029,,1,1.0,0.0
SOLVUSDT-YGGUSDT,5678.972891019116,1,5678.972891019116,,1,1.0,0.0
SOLVUSDT-ZILUSDT,2820.6079558783053,1,2820.6079558783053,,1,1.0,0.0
SPELLUSDT-STORJUSDT,307.9264168048789,1,307.9264168048789,,1,1.0,0.0
SPELLUSDT-TAOUSDT,31.724212491503707,1,31.724212491503707,,1,1.0,0.0
SPELLUSDT-TNSRUSDT,112.73940729296372,1,112.73940729296372,,1,1.0,0.0
SPELLUSDT-TONUSDT,9.523497235346234,1,9.523497235346234,,1,1.0,0.0
SPELLUSDT-TRBUSDT,1150.2246113200315,1,1150.2246113200315,,1,1.0,0.0
SPELLUSDT-UMAUSDT,1121.082110204729,1,1121.082110204729,,1,1.0,0.0
SPELLUSDT-UNIUSDT,3848.924266957483,1,3848.924266957483,,1,1.0,0.0
SPELLUSDT-USTCUSDT,2499.6721874493355,1,2499.6721874493355,,1,1.0,0.0
SPELLUSDT-USUALUSDT,1013.6075349568824,1,1013.6075349568824,,1,1.0,0.0
SPELLUSDT-VELODROMEUSDT,769.544605974386,1,769.544605974386,,1,1.0,0.0
SPELLUSDT-VOXELUSDT,199.3720194125748,1,199.3720194125748,,1,1.0,0.0
SPELLUSDT-WAXPUSDT,5.168384795139964,1,5.168384795139964,,1,1.0,0.0
SPELLUSDT-XVSUSDT,2309.3259438452938,1,2309.3259438452938,,1,1.0,0.0
SPELLUSDT-YGGUSDT,225.9215763911729,1,225.9215763911729,,1,1.0,0.0
SSVUSDT-SUSDT,1706.5993830306136,1,1706.5993830306136,,1,1.0,0.0
SSVUSDT-THETAUSDT,3479.5938106504973,1,3479.5938106504973,,1,1.0,0.0
SSVUSDT-VETUSDT,1071.3090166203958,1,1071.3090166203958,,1,1.0,0.0
SSVUSDT-VTHOUSDT,4354.31106167709,1,4354.31106167709,,1,1.0,0.0
SSVUSDT-XVGUSDT,11.137861011879233,1,11.137861011879233,,1,1.0,0.0
SSVUSDT-ZKUSDT,2577.849925430144,1,2577.849925430144,,1,1.0,0.0
STEEMUSDT-TWTUSDT,287.81899839060145,1,287.81899839060145,,1,1.0,0.0
STEEMUSDT-WLDUSDT,380.8752036066557,1,380.8752036066557,,1,1.0,0.0
STEEMUSDT-XRPUSDT,2180.7178328856025,1,2180.7178328856025,,1,1.0,0.0
STEEMUSDT-YGGUSDT,21.298742044978425,1,21.298742044978425,,1,1.0,0.0
STEEMUSDT-ZILUSDT,671.6101403680802,1,671.6101403680802,,1,1.0,0.0
STEEMUSDT-ZROUSDT,2244.5197847928525,1,2244.5197847928525,,1,1.0,0.0
STGUSDT-SUSDT,282.97958218992744,1,282.97958218992744,,1,1.0,0.0
STGUSDT-TWTUSDT,2056.679002886931,1,2056.679002886931,,1,1.0,0.0
STGUSDT-USUALUSDT,3872.117444726534,1,3872.117444726534,,1,1.0,0.0
STORJUSDT-STPTUSDT,1853.4319139329127,1,1853.4319139329127,,1,1.0,0.0
STORJUSDT-SUIUSDT,1619.7733138737417,1,1619.7733138737417,,1,1.0,0.0
STORJUSDT-SUPERUSDT,291.61212016070385,1,291.61212016070385,,1,1.0,0.0
STORJUSDT-SUSHIUSDT,81.48683399375568,1,81.48683399375568,,1,1.0,0.0
STORJUSDT-TNSRUSDT,4099.051857400357,1,4099.051857400357,,1,1.0,0.0
STORJUSDT-TRBUSDT,1689.753031598353,1,1689.753031598353,,1,1.0,0.0
STORJUSDT-TURBOUSDT,525.5749465527861,1,525.5749465527861,,1,1.0,0.0
STORJUSDT-UMAUSDT,1745.20822250134,1,1745.20822250134,,1,1.0,0.0
STORJUSDT-VANRYUSDT,205.8847168457226,1,205.8847168457226,,1,1.0,0.0
STORJUSDT-VIDTUSDT,314.37196583459905,1,314.37196583459905,,1,1.0,0.0
STORJUSDT-XVSUSDT,26.380175442213307,1,26.380175442213307,,1,1.0,0.0
STORJUSDT-YFIUSDT,1276.1650951766592,1,1276.1650951766592,,1,1.0,0.0
STORJUSDT-ZENUSDT,13.367362507228933,1,13.367362507228933,,1,1.0,0.0
STORJUSDT-ZRXUSDT,62.00787843996097,1,62.00787843996097,,1,1.0,0.0
STPTUSDT-SYSUSDT,2647.702756397089,1,2647.702756397089,,1,1.0,0.0
STPTUSDT-TONUSDT,1186.7432968760054,1,1186.7432968760054,,1,1.0,0.0
STPTUSDT-VIDTUSDT,1347.346223434066,1,1347.346223434066,,1,1.0,0.0
STPTUSDT-VOXELUSDT,1363.0037339904295,1,1363.0037339904295,,1,1.0,0.0
STPTUSDT-XVSUSDT,201.91615724025996,1,201.91615724025996,,1,1.0,0.0
STPTUSDT-ZENUSDT,1346.6755607725277,1,1346.6755607725277,,1,1.0,0.0
STPTUSDT-ZKUSDT,496.4410131543915,1,496.4410131543915,,1,1.0,0.0
STPTUSDT-ZRXUSDT,165.88812635374103,1,165.88812635374103,,1,1.0,0.0
STRAXUSDT-SUIUSDT,800.2641164932228,1,800.2641164932228,,1,1.0,0.0
STRAXUSDT-TAOUSDT,1093.3930793355955,1,1093.3930793355955,,1,1.0,0.0
STRAXUSDT-THETAUSDT,111.49675272616406,1,111.49675272616406,,1,1.0,0.0
STRAXUSDT-TNSRUSDT,568.2389252211406,1,568.2389252211406,,1,1.0,0.0
STRAXUSDT-TURBOUSDT,3224.252743248489,1,3224.252743248489,,1,1.0,0.0
STRAXUSDT-WAXPUSDT,1049.918973298354,1,1049.918973298354,,1,1.0,0.0
STRAXUSDT-XLMUSDT,359.2699520301649,1,359.2699520301649,,1,1.0,0.0
STRAXUSDT-YFIUSDT,112.593409620952,1,112.593409620952,,1,1.0,0.0
STRKUSDT-SUIUSDT,2555.0424172666185,1,2555.0424172666185,,1,1.0,0.0
STRKUSDT-SUPERUSDT,36.50032729735449,1,36.50032729735449,,1,1.0,0.0
STRKUSDT-SYNUSDT,220.847109821898,1,220.847109821898,,1,1.0,0.0
STRKUSDT-THEUSDT,1027.6067018532,1,1027.6067018532,,1,1.0,0.0
STRKUSDT-TRBUSDT,2212.634166562258,1,2212.634166562258,,1,1.0,0.0
STRKUSDT-TRUUSDT,754.4264254956528,1,754.4264254956528,,1,1.0,0.0
STRKUSDT-UNIUSDT,1992.7095424233016,1,1992.7095424233016,,1,1.0,0.0
STRKUSDT-XRPUSDT,1616.4746695545143,1,1616.4746695545143,,1,1.0,0.0
STXUSDT-SYNUSDT,1752.2529475978895,1,1752.2529475978895,,1,1.0,0.0
STXUSDT-UNIUSDT,5797.616835732345,1,5797.616835732345,,1,1.0,0.0
STXUSDT-VIDTUSDT,2753.094114670611,1,2753.094114670611,,1,1.0,0.0
STXUSDT-VOXELUSDT,1582.9573457044353,1,1582.9573457044353,,1,1.0,0.0
STXUSDT-VTHOUSDT,559.9357680475282,1,559.9357680475282,,1,1.0,0.0
STXUSDT-WLDUSDT,6462.019634867148,1,6462.019634867148,,1,1.0,0.0
STXUSDT-XVSUSDT,282.10828443705464,1,282.10828443705464,,1,1.0,0.0
STXUSDT-ZILUSDT,48.57223825200283,1,48.57223825200283,,1,1.0,0.0
STXUSDT-ZROUSDT,574.5373232870622,1,574.5373232870622,,1,1.0,0.0
STXUSDT-ZRXUSDT,16.65860532841745,1,16.65860532841745,,1,1.0,0.0
SUIUSDT-SUPERUSDT,4693.028587268494,1,4693.028587268494,,1,1.0,0.0
SUIUSDT-THETAUSDT,844.1958702373496,1,844.1958702373496,,1,1.0,0.0
SUIUSDT-VANRYUSDT,282.70911290866724,1,282.70911290866724,,1,1.0,0.0
SUIUSDT-VELODROMEUSDT,1248.496225593571,1,1248.496225593571,,1,1.0,0.0
SUIUSDT-WIFUSDT,223.89526384251056,1,223.89526384251056,,1,1.0,0.0
SUIUSDT-ZRXUSDT,4784.585315980938,1,4784.585315980938,,1,1.0,0.0
SUNUSDT-TAOUSDT,938.3781772257616,1,938.3781772257616,,1,1.0,0.0
SUNUSDT-THETAUSDT,484.57694197053615,1,484.57694197053615,,1,1.0,0.0
SUNUSDT-TURBOUSDT,20.83181603346035,1,20.83181603346035,,1,1.0,0.0
SUNUSDT-UMAUSDT,121.82398707381188,1,121.82398707381188,,1,1.0,0.0
SUNUSDT-WIFUSDT,2176.128035862392,1,2176.128035862392,,1,1.0,0.0
SUNUSDT-XAIUSDT,129.08095052686812,1,129.08095052686812,,1,1.0,0.0
SUNUSDT-XVGUSDT,3838.6050113070814,1,3838.6050113070814,,1,1.0,0.0
SUNUSDT-YGGUSDT,4840.169419672829,1,4840.169419672829,,1,1.0,0.0
SUNUSDT-ZILUSDT,2162.472419143948,1,2162.472419143948,,1,1.0,0.0
SUPERUSDT-SUSHIUSDT,82.30100297474442,1,82.30100297474442,,1,1.0,0.0
SUPERUSDT-TLMUSDT,202.64576199256456,1,202.64576199256456,,1,1.0,0.0
SUPERUSDT-UMAUSDT,13.556593956695274,1,13.556593956695274,,1,1.0,0.0
SUPERUSDT-VICUSDT,347.5296165869196,1,347.5296165869196,,1,1.0,0.0
SUPERUSDT-WOOUSDT,313.6483535460954,1,313.6483535460954,,1,1.0,0.0
SUPERUSDT-WUSDT,16.711303707854647,1,16.711303707854647,,1,1.0,0.0
SUPERUSDT-YFIUSDT,1326.3007237136771,1,1326.3007237136771,,1,1.0,0.0
SUPERUSDT-ZECUSDT,577.3875223500887,1,577.3875223500887,,1,1.0,0.0
SUPERUSDT-ZKUSDT,1354.5852183700033,1,1354.5852183700033,,1,1.0,0.0
SUSDT-SXPUSDT,2123.156511318691,1,2123.156511318691,,1,1.0,0.0
SUSDT-SYNUSDT,0.0893358910349491,1,0.0893358910349491,,1,1.0,0.0
SUSDT-THEUSDT,1467.7119651632504,1,1467.7119651632504,,1,1.0,0.0
SUSDT-TNSRUSDT,4456.766135847407,1,4456.766135847407,,1,1.0,0.0
SUSDT-TUSDT,1113.7309313526534,1,1113.7309313526534,,1,1.0,0.0
SUSDT-VELODROMEUSDT,14.866553834391794,1,14.866553834391794,,1,1.0,0.0
SUSDT-XVSUSDT,11034.23900773156,1,11034.23900773156,,1,1.0,0.0
SUSDT-ZECUSDT,5761.019674060981,1,5761.019674060981,,1,1.0,0.0
SUSHIUSDT-SYNUSDT,1744.836667703696,1,1744.836667703696,,1,1.0,0.0
SUSHIUSDT-WIFUSDT,631.2543346537045,1,631.2543346537045,,1,1.0,0.0
SXPUSDT-TRXUSDT,3118.805966729307,1,3118.805966729307,,1,1.0,0.0
SXPUSDT-TWTUSDT,487.8991620811195,1,487.8991620811195,,1,1.0,0.0
SXPUSDT-USTCUSDT,678.2797126615009,1,678.2797126615009,,1,1.0,0.0
SXPUSDT-VTHOUSDT,2261.447959899937,1,2261.447959899937,,1,1.0,0.0
SXPUSDT-WOOUSDT,1761.3717642403726,1,1761.3717642403726,,1,1.0,0.0
SXPUSDT-ZRXUSDT,240.04736570585249,1,240.04736570585249,,1,1.0,0.0
SYNUSDT-TIAUSDT,97.11341543914985,1,97.11341543914985,,1,1.0,0.0
SYNUSDT-VANRYUSDT,640.0280101314768,1,640.0280101314768,,1,1.0,0.0
SYNUSDT-VIDTUSDT,816.0285647138573,1,816.0285647138573,,1,1.0,0.0
SYNUSDT-WLDUSDT,400.149875167295,1,400.149875167295,,1,1.0,0.0
SYNUSDT-XVGUSDT,155.26425520916246,1,155.26425520916246,,1,1.0,0.0
SYNUSDT-YGGUSDT,688.0254202921553,1,688.0254202921553,,1,1.0,0.0
SYNUSDT-ZILUSDT,189.01066733723,1,189.01066733723,,1,1.0,0.0
SYSUSDT-THEUSDT,249.71915539844517,1,249.71915539844517,,1,1.0,0.0
SYSUSDT-VANRYUSDT,2177.9301964258752,1,2177.9301964258752,,1,1.0,0.0
SYSUSDT-WAXPUSDT,1797.388037454279,1,1797.388037454279,,1,1.0,0.0
SYSUSDT-XVSUSDT,394.5958089760618,1,394.5958089760618,,1,1.0,0.0
SYSUSDT-ZRXUSDT,63.189526328459614,1,63.189526328459614,,1,1.0,0.0
TAOUSDT-UNIUSDT,272.8377126809874,1,272.8377126809874,,1,1.0,0.0
TAOUSDT-WLDUSDT,1049.7574478569522,1,1049.7574478569522,,1,1.0,0.0
TAOUSDT-YFIUSDT,692.3811228518613,1,692.3811228518613,,1,1.0,0.0
TAOUSDT-YGGUSDT,1979.2014830969083,1,1979.2014830969083,,1,1.0,0.0
THETAUSDT-TROYUSDT,963.2729314832862,1,963.2729314832862,,1,1.0,0.0
THETAUSDT-TWTUSDT,32.81592349970846,1,32.81592349970846,,1,1.0,0.0
THETAUSDT-VOXELUSDT,1999.9309776137084,1,1999.9309776137084,,1,1.0,0.0
THETAUSDT-WAXPUSDT,194.55494242320256,1,194.55494242320256,,1,1.0,0.0
THETAUSDT-XAIUSDT,81.80504178209782,1,81.80504178209782,,1,1.0,0.0
THETAUSDT-XTZUSDT,2229.0476619637197,1,2229.0476619637197,,1,1.0,0.0
THETAUSDT-ZROUSDT,63.3259947636377,1,63.3259947636377,,1,1.0,0.0
THEUSDT-TRBUSDT,948.2202035315224,1,948.2202035315224,,1,1.0,0.0
THEUSDT-TROYUSDT,1161.2763902541756,1,1161.2763902541756,,1,1.0,0.0
THEUSDT-USUALUSDT,7662.306502326636,1,7662.306502326636,,1,1.0,0.0
THEUSDT-VICUSDT,1517.170361934197,1,1517.170361934197,,1,1.0,0.0
THEUSDT-YFIUSDT,1369.456299328762,1,1369.456299328762,,1,1.0,0.0
TIAUSDT-USTCUSDT,1081.3672885646936,1,1081.3672885646936,,1,1.0,0.0
TIAUSDT-USUALUSDT,4581.111813509756,1,4581.111813509756,,1,1.0,0.0
TIAUSDT-VANAUSDT,1051.672846559505,1,1051.672846559505,,1,1.0,0.0
TIAUSDT-VTHOUSDT,1419.9225145303396,1,1419.9225145303396,,1,1.0,0.0
TIAUSDT-WAXPUSDT,138.1421422960573,1,138.1421422960573,,1,1.0,0.0
TIAUSDT-WLDUSDT,903.550980346425,1,903.550980346425,,1,1.0,0.0
TIAUSDT-XTZUSDT,384.30710579517415,1,384.30710579517415,,1,1.0,0.0
TIAUSDT-YGGUSDT,120.43175568181024,1,120.43175568181024,,1,1.0,0.0
TIAUSDT-ZRXUSDT,2291.234528740428,1,2291.234528740428,,1,1.0,0.0
TLMUSDT-TURBOUSDT,51.23704668197596,1,51.23704668197596,,1,1.0,0.0
TLMUSDT-VELODROMEUSDT,481.4563661955012,1,481.4563661955012,,1,1.0,0.0
TLMUSDT-WIFUSDT,251.96847851031904,1,251.96847851031904,,1,1.0,0.0
TLMUSDT-WLDUSDT,922.3164968821276,1,922.3164968821276,,1,1.0,0.0
TLMUSDT-ZENUSDT,4056.120371972585,1,4056.120371972585,,1,1.0,0.0
TLMUSDT-ZKUSDT,5.576514133452804,1,5.576514133452804,,1,1.0,0.0
TNSRUSDT-TONUSDT,1671.54445435422,1,1671.54445435422,,1,1.0,0.0
TNSRUSDT-TRBUSDT,1852.2445086165037,1,1852.2445086165037,,1,1.0,0.0
TNSRUSDT-TRUMPUSDT,1043.998044513615,1,1043.998044513615,,1,1.0,0.0
TNSRUSDT-TRUUSDT,124.09246186523411,1,124.09246186523411,,1,1.0,0.0
TNSRUSDT-VETUSDT,429.8246561735833,1,429.8246561735833,,1,1.0,0.0
TNSRUSDT-WLDUSDT,236.7284302052615,1,236.7284302052615,,1,1.0,0.0
TNSRUSDT-WUSDT,6674.596967534154,1,6674.596967534154,,1,1.0,0.0
TNSRUSDT-XLMUSDT,133.2070515816339,1,133.2070515816339,,1,1.0,0.0
TNSRUSDT-XVGUSDT,65.71245492979216,1,65.71245492979216,,1,1.0,0.0
TNSRUSDT-ZRXUSDT,770.4345308811006,1,770.4345308811006,,1,1.0,0.0
TONUSDT-USUALUSDT,44.91837758170258,1,44.91837758170258,,1,1.0,0.0
TONUSDT-VANAUSDT,2564.323751284837,1,2564.323751284837,,1,1.0,0.0
TONUSDT-WIFUSDT,419.6949921524298,1,419.6949921524298,,1,1.0,0.0
TRBUSDT-YGGUSDT,982.930924492976,1,982.930924492976,,1,1.0,0.0
TRBUSDT-ZKUSDT,702.5238748932059,1,702.5238748932059,,1,1.0,0.0
TROYUSDT-TUSDT,2896.4331735288533,1,2896.4331735288533,,1,1.0,0.0
TROYUSDT-VIDTUSDT,393.10707644360906,1,393.10707644360906,,1,1.0,0.0
TROYUSDT-VTHOUSDT,5741.734893164429,1,5741.734893164429,,1,1.0,0.0
TRUMPUSDT-UMAUSDT,252.35322949995108,1,252.35322949995108,,1,1.0,0.0
TRUMPUSDT-UNIUSDT,438.0589816971224,1,438.0589816971224,,1,1.0,0.0
TRUMPUSDT-VANAUSDT,3331.9207274289597,1,3331.9207274289597,,1,1.0,0.0
TRUMPUSDT-VICUSDT,842.0273124033075,1,842.0273124033075,,1,1.0,0.0
TRUMPUSDT-VTHOUSDT,477.4364436785775,1,477.4364436785775,,1,1.0,0.0
TRUMPUSDT-WIFUSDT,806.4565243344392,1,806.4565243344392,,1,1.0,0.0
TRUMPUSDT-WUSDT,5202.30802019362,1,5202.30802019362,,1,1.0,0.0
TRUMPUSDT-XAIUSDT,1817.86751514017,1,1817.86751514017,,1,1.0,0.0
TRUMPUSDT-XRPUSDT,1050.4045544773169,1,1050.4045544773169,,1,1.0,0.0
TRUMPUSDT-XVGUSDT,858.5444152787276,1,858.5444152787276,,1,1.0,0.0
TRUMPUSDT-ZKUSDT,357.5113213549454,1,357.5113213549454,,1,1.0,0.0
TRUUSDT-TWTUSDT,2371.2881160739475,1,2371.2881160739475,,1,1.0,0.0
TRUUSDT-VETUSDT,65.03517464936859,1,65.03517464936859,,1,1.0,0.0
TRUUSDT-WIFUSDT,921.7369543889898,1,921.7369543889898,,1,1.0,0.0
TRUUSDT-WLDUSDT,173.68713400903886,1,173.68713400903886,,1,1.0,0.0
TRUUSDT-YFIUSDT,1337.1791209721168,1,1337.1791209721168,,1,1.0,0.0
TRXUSDT-VOXELUSDT,1514.0234978795463,1,1514.0234978795463,,1,1.0,0.0
TSTUSDT-VELODROMEUSDT,1231.4420801391216,1,1231.4420801391216,,1,1.0,0.0
TSTUSDT-VOXELUSDT,2019.1919770853583,1,2019.1919770853583,,1,1.0,0.0
TSTUSDT-XLMUSDT,3129.770569500074,1,3129.770569500074,,1,1.0,0.0
TSTUSDT-XTZUSDT,2999.506386871759,1,2999.506386871759,,1,1.0,0.0
TSTUSDT-ZKUSDT,2800.2725878761703,1,2800.2725878761703,,1,1.0,0.0
TURBOUSDT-VANRYUSDT,10.711298311669536,1,10.711298311669536,,1,1.0,0.0
TURBOUSDT-WLDUSDT,1728.3145234871845,1,1728.3145234871845,,1,1.0,0.0
TURBOUSDT-XAIUSDT,2769.6859471193434,1,2769.6859471193434,,1,1.0,0.0
TURBOUSDT-ZILUSDT,729.0398047243175,1,729.0398047243175,,1,1.0,0.0
TUSDT-VANRYUSDT,3.454985037167596,1,3.454985037167596,,1,1.0,0.0
TUSDT-VELODROMEUSDT,1854.924893936531,1,1854.924893936531,,1,1.0,0.0
TUSDT-WAXPUSDT,302.439712011058,1,302.439712011058,,1,1.0,0.0
TUSDT-XAIUSDT,836.0932484389812,1,836.0932484389812,,1,1.0,0.0
TUSDT-ZROUSDT,1221.6597863098575,1,1221.6597863098575,,1,1.0,0.0
TUTUSDT-USUALUSDT,2819.8602377029515,1,2819.8602377029515,,1,1.0,0.0
TUTUSDT-VANRYUSDT,2841.5884397683294,1,2841.5884397683294,,1,1.0,0.0
TUTUSDT-VELODROMEUSDT,2714.949937015502,1,2714.949937015502,,1,1.0,0.0
TUTUSDT-VETUSDT,2733.82173755158,1,2733.82173755158,,1,1.0,0.0
TUTUSDT-VOXELUSDT,928.7832448508354,1,928.7832448508354,,1,1.0,0.0
TUTUSDT-VTHOUSDT,2737.446049329151,1,2737.446049329151,,1,1.0,0.0
TUTUSDT-WAXPUSDT,2718.1376805675955,1,2718.1376805675955,,1,1.0,0.0
TUTUSDT-WLDUSDT,3168.135083108305,1,3168.135083108305,,1,1.0,0.0
TUTUSDT-WOOUSDT,2719.6003502125677,1,2719.6003502125677,,1,1.0,0.0
TUTUSDT-WUSDT,2838.570851777564,1,2838.570851777564,,1,1.0,0.0
TUTUSDT-XAIUSDT,2744.500626259573,1,2744.500626259573,,1,1.0,0.0
TUTUSDT-XLMUSDT,2736.5957797564024,1,2736.5957797564024,,1,1.0,0.0
TUTUSDT-XRPUSDT,2737.6738666203914,1,2737.6738666203914,,1,1.0,0.0
TUTUSDT-XTZUSDT,3217.374205075086,1,3217.374205075086,,1,1.0,0.0
TUTUSDT-XVGUSDT,2775.731546349021,1,2775.731546349021,,1,1.0,0.0
TUTUSDT-XVSUSDT,3233.4483893736783,1,3233.4483893736783,,1,1.0,0.0
TUTUSDT-YFIUSDT,2739.725429177908,1,2739.725429177908,,1,1.0,0.0
TUTUSDT-ZECUSDT,3453.6006877192863,1,3453.6006877192863,,1,1.0,0.0
TUTUSDT-ZENUSDT,3236.5104421835917,1,3236.5104421835917,,1,1.0,0.0
TUTUSDT-ZILUSDT,2779.54244343781,1,2779.54244343781,,1,1.0,0.0
TWTUSDT-VICUSDT,372.4896827862376,1,372.4896827862376,,1,1.0,0.0
TWTUSDT-WAXPUSDT,5511.858551771255,1,5511.858551771255,,1,1.0,0.0
TWTUSDT-XAIUSDT,2364.460645251343,1,2364.460645251343,,1,1.0,0.0
TWTUSDT-XLMUSDT,1667.1157147104605,1,1667.1157147104605,,1,1.0,0.0
TWTUSDT-XRPUSDT,34.595598183893,1,34.595598183893,,1,1.0,0.0
TWTUSDT-ZKUSDT,546.829796238681,1,546.829796238681,,1,1.0,0.0
UMAUSDT-VELODROMEUSDT,324.9252468909967,1,324.9252468909967,,1,1.0,0.0
UMAUSDT-XRPUSDT,9.297643168538483,1,9.297643168538483,,1,1.0,0.0
UMAUSDT-ZECUSDT,28.3228031202301,1,28.3228031202301,,1,1.0,0.0
UMAUSDT-ZKUSDT,2033.1277849098992,1,2033.1277849098992,,1,1.0,0.0
UNIUSDT-VOXELUSDT,3.2642655224328223,1,3.2642655224328223,,1,1.0,0.0
UNIUSDT-WAXPUSDT,681.5929352059202,1,681.5929352059202,,1,1.0,0.0
UNIUSDT-XRPUSDT,23.438112798018157,1,23.438112798018157,,1,1.0,0.0
UNIUSDT-ZKUSDT,5028.438580281783,1,5028.438580281783,,1,1.0,0.0
USTCUSDT-VANAUSDT,49.2513820236618,1,49.2513820236618,,1,1.0,0.0
USTCUSDT-VTHOUSDT,1523.5801458576707,1,1523.5801458576707,,1,1.0,0.0
USTCUSDT-XRPUSDT,1495.305361941571,1,1495.305361941571,,1,1.0,0.0
USTCUSDT-XTZUSDT,968.435991421192,1,968.435991421192,,1,1.0,0.0
USTCUSDT-XVGUSDT,1951.526803263944,1,1951.526803263944,,1,1.0,0.0
USUALUSDT-WIFUSDT,39.25425336441368,1,39.25425336441368,,1,1.0,0.0
USUALUSDT-WLDUSDT,4016.3221841490335,1,4016.3221841490335,,1,1.0,0.0
USUALUSDT-XVGUSDT,4046.0959413464334,1,4046.0959413464334,,1,1.0,0.0
USUALUSDT-ZECUSDT,802.1531202982848,1,802.1531202982848,,1,1.0,0.0
VANAUSDT-XAIUSDT,852.2274199278502,1,852.2274199278502,,1,1.0,0.0
VANAUSDT-ZKUSDT,101.07597464645085,1,101.07597464645085,,1,1.0,0.0
VANRYUSDT-VTHOUSDT,2833.867937524002,1,2833.867937524002,,1,1.0,0.0
VANRYUSDT-XVGUSDT,479.333128232391,1,479.333128232391,,1,1.0,0.0
VANRYUSDT-YGGUSDT,120.4289433412094,1,120.4289433412094,,1,1.0,0.0
VELODROMEUSDT-XTZUSDT,1135.153673190028,1,1135.153673190028,,1,1.0,0.0
VELODROMEUSDT-YFIUSDT,161.76615941190263,1,161.76615941190263,,1,1.0,0.0
VELODROMEUSDT-ZECUSDT,462.26706222229245,1,462.26706222229245,,1,1.0,0.0
VETUSDT-XVSUSDT,117.97351605186094,1,117.97351605186094,,1,1.0,0.0
VICUSDT-XLMUSDT,1861.8514281155155,1,1861.8514281155155,,1,1.0,0.0
VICUSDT-XVGUSDT,751.4689210525759,1,751.4689210525759,,1,1.0,0.0
VICUSDT-ZKUSDT,577.6120044373662,1,577.6120044373662,,1,1.0,0.0
VIDTUSDT-YFIUSDT,747.7577125949882,1,747.7577125949882,,1,1.0,0.0
VIDTUSDT-ZILUSDT,525.2870281828307,1,525.2870281828307,,1,1.0,0.0
VOXELUSDT-VTHOUSDT,171.7015092550064,1,171.7015092550064,,1,1.0,0.0
VOXELUSDT-WLDUSDT,9306.204987571937,1,9306.204987571937,,1,1.0,0.0
VOXELUSDT-XLMUSDT,277.7883897496256,1,277.7883897496256,,1,1.0,0.0
VOXELUSDT-ZILUSDT,623.320363577926,1,623.320363577926,,1,1.0,0.0
VTHOUSDT-WIFUSDT,1265.994719120934,1,1265.994719120934,,1,1.0,0.0
VTHOUSDT-XRPUSDT,605.5357276978294,1,605.5357276978294,,1,1.0,0.0
VTHOUSDT-YFIUSDT,95.67265371227192,1,95.67265371227192,,1,1.0,0.0
WAXPUSDT-WUSDT,745.9059229461016,1,745.9059229461016,,1,1.0,0.0
WAXPUSDT-XLMUSDT,1117.204856430847,1,1117.204856430847,,1,1.0,0.0
WAXPUSDT-XVSUSDT,1497.977163447585,1,1497.977163447585,,1,1.0,0.0
WAXPUSDT-ZKUSDT,85.31850398246803,1,85.31850398246803,,1,1.0,0.0
WIFUSDT-XVSUSDT,1768.7211811683128,1,1768.7211811683128,,1,1.0,0.0
WIFUSDT-ZENUSDT,561.8879156369605,1,561.8879156369605,,1,1.0,0.0
WLDUSDT-ZROUSDT,1368.6662953073662,1,1368.6662953073662,,1,1.0,0.0
WOOUSDT-XTZUSDT,50.24092983168284,1,50.24092983168284,,1,1.0,0.0
WOOUSDT-YFIUSDT,125.47708105855644,1,125.47708105855644,,1,1.0,0.0
WUSDT-ZKUSDT,1516.9623946728568,1,1516.9623946728568,,1,1.0,0.0
XTZUSDT-YFIUSDT,1619.6726463869118,1,1619.6726463869118,,1,1.0,0.0
XVSUSDT-YGGUSDT,1954.531355683721,1,1954.531355683721,,1,1.0,0.0
XVSUSDT-ZECUSDT,4207.616363383956,1,4207.616363383956,,1,1.0,0.0
XVSUSDT-ZILUSDT,76.6990481308155,1,76.6990481308155,,1,1.0,0.0
XVSUSDT-ZKUSDT,4951.44211147478,1,4951.44211147478,,1,1.0,0.0
XVSUSDT-ZRXUSDT,205.57537244024127,1,205.57537244024127,,1,1.0,0.0
ZENUSDT-ZROUSDT,63.35013871261668,1,63.35013871261668,,1,1.0,0.0
ZKUSDT-ZRXUSDT,166.8275453092831,1,166.8275453092831,,1,1.0,0.0
