pair,score,trades,wins,losses,win_rate,total_pnl,avg_pnl,median_pnl,best_trade,worst_trade,sharpe,sortino,max_dd,pf,avg_hold_h,return_pct,avg_mae_pct,avg_mfe_pct,z_tp,z_sl,broken_coint,time_exit,beta_drift,circuit,beta_critical
ALTUSDT-KSMUSDT,1.541898,8,8,0,1.0,47653.04,5956.63,6127.16,8052.31,2514.92,4.6362,3.4701,-0.0082,,49.0,4.77,-0.0066,0.0213,8,0,0,0,0,0,0
AAVEUSDT-ENSUSDT,1.538013,7,7,0,1.0,43941.19,6277.31,5165.91,12084.44,3614.41,5.0182,4.9905,-0.0056,,36.0,4.39,-0.0031,0.0222,7,0,0,0,0,0,0
ALTUSDT-GTCUSDT,1.537708,11,11,0,1.0,60119.62,5465.42,5803.84,11567.76,1901.25,5.7983,6.4869,-0.0053,,45.1,6.01,-0.0037,0.022,9,0,1,0,1,0,0
HIVEUSDT-ONEUSDT,1.537591,7,7,0,1.0,53001.12,7571.59,7378.78,9450.61,5317.02,4.4369,2.7342,-0.0065,,41.7,5.3,-0.0078,0.0269,7,0,0,0,0,0,0
DYDXUSDT-SEIUSDT,1.537338,7,7,0,1.0,31869.96,4552.85,4832.32,5780.38,1844.43,4.0213,2.4635,-0.007,,36.6,3.19,-0.0041,0.0168,7,0,0,0,0,0,0
HIVEUSDT-LDOUSDT,1.532765,6,6,0,1.0,39231.02,6538.5,6117.27,10737.8,3223.96,4.0277,2.7871,-0.0045,,42.0,3.92,-0.0056,0.0231,6,0,0,0,0,0,0
KSMUSDT-RAREUSDT,1.530836,6,6,0,1.0,55112.28,9185.38,8888.82,13571.51,4756.21,4.4685,3.2238,-0.0083,,54.0,5.51,-0.0121,0.0319,6,0,0,0,0,0,0
HIVEUSDT-MBOXUSDT,1.52948,8,8,0,1.0,50106.5,6263.31,6627.49,8716.5,2215.91,4.7575,5.1242,-0.008,,60.5,5.01,-0.0044,0.0224,7,0,1,0,0,0,0
ONTUSDT-PORTALUSDT,1.529287,6,6,0,1.0,47540.7,7923.45,7069.26,13902.64,4524.4,3.1448,2.0383,-0.0114,,35.3,4.75,-0.0138,0.0275,6,0,0,0,0,0,0
ARPAUSDT-WAXPUSDT,1.526828,5,5,0,1.0,27005.42,5401.08,4938.74,8483.39,3245.79,4.8014,4.6267,-0.0029,,35.2,2.7,-0.0012,0.0195,5,0,0,0,0,0,0
ANKRUSDT-CHRUSDT,1.526591,5,5,0,1.0,24319.2,4863.84,4863.53,5626.55,4085.62,4.3234,2.337,-0.0033,,42.4,2.43,-0.0014,0.0176,5,0,0,0,0,0,0
GALAUSDT-XAIUSDT,1.526561,5,5,0,1.0,30864.08,6172.82,5778.49,10188.08,2974.68,4.5506,4.2332,-0.0034,,31.2,3.09,-0.0019,0.0219,5,0,0,0,0,0,0
ACEUSDT-LISTAUSDT,1.526423,5,5,0,1.0,39647.4,7929.48,8273.32,9692.94,5455.57,4.7101,3.9211,-0.0037,,22.4,3.96,-0.0022,0.0278,5,0,0,0,0,0,0
AGLDUSDT-BELUSDT,1.526256,5,5,0,1.0,41898.01,8379.6,6902.78,12127.41,5678.67,4.218,3.9602,-0.004,,28.0,4.19,-0.0025,0.0293,5,0,0,0,0,0,0
MTLUSDT-NKNUSDT,1.526183,5,5,0,1.0,49399.92,9879.98,6328.76,24450.11,5192.96,3.2972,3.4071,-0.0042,,28.0,4.94,-0.0046,0.0342,5,0,0,0,0,0,0
HIVEUSDT-INJUSDT,1.525813,5,5,0,1.0,33760.41,6752.08,6647.98,7958.28,4879.2,4.7856,2.5627,-0.0049,,28.0,3.38,-0.0042,0.0237,5,0,0,0,0,0,0
NOTUSDT-ONEUSDT,1.525516,5,5,0,1.0,33786.44,6757.29,6174.02,9815.17,3650.5,3.8229,3.3483,-0.0055,,74.4,3.38,-0.0025,0.0242,5,0,0,0,0,0,0
SNXUSDT-USTCUSDT,1.525337,5,5,0,1.0,48866.97,9773.39,10112.15,11944.09,7294.78,4.6272,2.3739,-0.0059,,32.8,4.89,-0.0085,0.0348,5,0,0,0,0,0,0
ILVUSDT-YGGUSDT,1.525182,5,5,0,1.0,29679.64,5935.93,5143.09,8359.0,4491.53,4.234,2.835,-0.0062,,47.2,2.97,-0.0049,0.0211,5,0,0,0,0,0,0
HIVEUSDT-PIXELUSDT,1.524895,5,5,0,1.0,32363.83,6472.77,6612.79,8313.93,4216.74,3.5327,2.5449,-0.0067,,46.4,3.24,-0.0044,0.0229,5,0,0,0,0,0,0
CKBUSDT-SEIUSDT,1.524772,7,7,0,1.0,46387.11,6626.73,6087.01,10806.33,2227.04,6.1877,6.532,-0.0035,,31.4,4.64,-0.0015,0.0241,6,0,1,0,0,0,0
CVCUSDT-TLMUSDT,1.524745,5,5,0,1.0,49839.06,9967.81,8681.6,14703.66,7501.83,5.6345,4.3831,-0.007,,54.4,4.98,-0.0059,0.0345,5,0,0,0,0,0,0
BLURUSDT-SKLUSDT,1.524421,5,5,0,1.0,47381.26,9476.25,8090.2,14079.53,7451.97,4.2688,4.1565,-0.0077,,65.6,4.74,-0.0039,0.0327,5,0,0,0,0,0,0
ALTUSDT-ATAUSDT,1.523411,7,7,0,1.0,34403.0,4914.71,4983.82,7840.06,2932.59,3.8721,3.0377,-0.0063,,42.9,3.44,-0.0036,0.0208,6,0,0,0,1,0,0
ONEUSDT-QTUMUSDT,1.519764,5,5,0,1.0,26032.24,5206.45,4682.45,6263.85,4187.64,2.9851,1.7368,-0.0066,,52.8,2.6,-0.0074,0.0191,5,0,0,0,0,0,0
ARKUSDT-AUCTIONUSDT,1.519591,4,4,0,1.0,53188.12,13297.03,9645.74,27800.92,6095.72,3.461,10.0287,-0.0014,,38.0,5.32,-0.0013,0.0456,4,0,0,0,0,0,0
ICXUSDT-MBOXUSDT,1.519192,4,4,0,1.0,27978.99,6994.75,6641.47,10159.87,4536.17,5.156,4.5411,-0.0022,,35.0,2.8,-0.0019,0.0243,4,0,0,0,0,0,0
PHBUSDT-VANRYUSDT,1.518898,4,4,0,1.0,18719.57,4679.89,4472.17,6780.15,2995.09,3.5187,2.7376,-0.0028,,30.0,1.87,-0.0023,0.0171,4,0,0,0,0,0,0
AVAXUSDT-DIAUSDT,1.518816,4,4,0,1.0,23739.13,5934.78,6149.94,6584.04,4855.22,4.8228,2.1921,-0.003,,26.0,2.37,-0.0024,0.0211,4,0,0,0,0,0,0
RUNEUSDT-USTCUSDT,1.518812,4,4,0,1.0,27054.08,6763.52,7155.47,7886.68,4856.46,4.9613,2.6971,-0.003,,34.0,2.71,-0.002,0.0239,4,0,0,0,0,0,0
LDOUSDT-SEIUSDT,1.518426,8,8,0,1.0,28729.19,3591.15,3894.49,6101.78,1073.77,3.9769,2.5892,-0.0051,,42.5,2.87,-0.0035,0.0141,6,0,1,0,0,0,0
BANDUSDT-ZKUSDT,1.51837,4,4,0,1.0,55870.95,13967.74,13654.05,18377.0,10185.85,5.1426,5.5417,-0.0039,,35.0,5.59,-0.002,0.048,4,0,0,0,0,0,0
RUNEUSDT-SUSHIUSDT,1.518351,4,4,0,1.0,22830.83,5707.71,5619.22,6560.01,5032.39,5.3796,5.7302,-0.0039,,29.0,2.28,-0.0006,0.0202,4,0,0,0,0,0,0
NEOUSDT-RVNUSDT,1.518156,4,4,0,1.0,18665.54,4666.38,4585.15,5929.03,3566.21,3.7807,1.8565,-0.0043,,32.0,1.87,-0.0042,0.0171,4,0,0,0,0,0,0
ENAUSDT-KSMUSDT,1.518136,4,4,0,1.0,29481.26,7370.31,7658.53,8981.42,5182.77,4.6094,2.5025,-0.0043,,62.0,2.95,-0.0036,0.0259,4,0,0,0,0,0,0
SKLUSDT-SUSHIUSDT,1.517897,4,4,0,1.0,37749.05,9437.26,8151.5,15752.08,5693.98,3.7761,1.8518,-0.0048,,41.0,3.77,-0.0085,0.0327,4,0,0,0,0,0,0
ATAUSDT-BLURUSDT,1.517855,4,4,0,1.0,18948.83,4737.21,4369.56,6330.94,3878.77,3.4419,1.6859,-0.0049,,38.0,1.89,-0.0011,0.0192,4,0,0,0,0,0,0
AUCTIONUSDT-BMTUSDT,1.517818,4,4,0,1.0,62171.7,15542.92,9758.34,33679.53,8975.49,3.3408,6.1917,-0.005,,87.0,6.22,0.0,0.0531,4,0,0,0,0,0,0
IDUSDT-NFPUSDT,1.517739,4,4,0,1.0,24113.83,6028.46,5641.57,7928.7,4901.99,4.1474,2.0926,-0.0051,,35.0,2.41,-0.0018,0.0215,4,0,0,0,0,0,0
AUCTIONUSDT-CKBUSDT,1.5177,4,4,0,1.0,55199.41,13799.85,13864.45,16006.59,11463.93,4.6507,5.6483,-0.0052,,75.0,5.52,-0.0075,0.0475,4,0,0,0,0,0,0
BMTUSDT-TRBUSDT,1.517121,4,4,0,1.0,21260.44,5315.11,5013.83,7073.18,4159.6,3.0342,1.4528,-0.0064,,55.0,2.13,-0.0076,0.0192,4,0,0,0,0,0,0
ARPAUSDT-RPLUSDT,1.516892,4,4,0,1.0,21801.16,5450.29,4753.65,8582.22,3711.64,3.1762,1.5089,-0.0068,,54.0,2.18,-0.0024,0.0197,4,0,0,0,0,0,0
MTLUSDT-TIAUSDT,1.516505,4,4,0,1.0,22038.33,5509.58,5640.49,8754.16,2003.19,3.182,2.1614,-0.0076,,86.0,2.2,-0.0041,0.0205,4,0,0,0,0,0,0
CETUSUSDT-MTLUSDT,1.516504,4,4,0,1.0,24423.4,6105.85,5820.83,9528.51,3253.23,3.874,2.1715,-0.0076,,60.0,2.44,-0.0033,0.0221,4,0,0,0,0,0,0
CHRUSDT-VANRYUSDT,1.516392,6,6,0,1.0,33246.4,5541.07,6501.25,7290.47,1853.7,5.6318,2.8405,-0.0039,,20.7,3.32,-0.0033,0.0197,5,0,1,0,0,0,0
AUCTIONUSDT-XAIUSDT,1.516158,4,4,0,1.0,44553.25,11138.31,11387.49,12745.88,9032.4,4.3456,2.8962,-0.0083,,75.0,4.46,-0.0069,0.0386,4,0,0,0,0,0,0
SKLUSDT-XLMUSDT,1.51608,4,4,0,1.0,31982.66,7995.66,7869.75,9821.4,6421.76,3.7696,1.563,-0.0084,,36.0,3.2,-0.0101,0.0283,4,0,0,0,0,0,0
HOOKUSDT-STRKUSDT,1.51595,6,6,0,1.0,35611.83,5935.3,5128.29,11318.18,3245.32,5.4893,3.2474,-0.0048,,26.7,3.56,-0.0032,0.0211,5,0,0,0,0,0,0
ATAUSDT-RPLUSDT,1.515702,6,6,0,1.0,50906.99,8484.5,8421.05,12713.35,4812.6,5.023,3.4551,-0.0053,,38.7,5.09,-0.0055,0.0304,5,0,0,0,1,0,0
COSUSDT-SKLUSDT,1.515338,4,4,0,1.0,41137.63,10284.41,8294.93,17481.15,7066.61,3.732,3.3669,-0.0099,,87.0,4.11,-0.0045,0.0355,4,0,0,0,0,0,0
ARKMUSDT-JASMYUSDT,1.515332,4,4,0,1.0,28714.19,7178.55,7112.06,7838.04,6652.02,3.3072,2.0112,-0.0099,,74.0,2.87,-0.006,0.0258,4,0,0,0,0,0,0
MOVEUSDT-SUSDT,1.51517,4,4,0,1.0,56759.46,14189.87,12093.94,24989.17,7582.42,3.2424,2.3455,-0.0103,,48.0,5.68,-0.0143,0.0485,4,0,0,0,0,0,0
COOKIEUSDT-VICUSDT,1.51515,6,6,0,1.0,90986.6,15164.43,10853.49,44704.49,1567.84,3.617,8.7107,-0.0064,,46.7,9.1,-0.006,0.0528,5,0,0,0,1,0,0
MOVEUSDT-TRBUSDT,1.515146,4,4,0,1.0,32272.6,8068.15,8276.15,12536.14,3184.17,3.5076,3.0055,-0.0103,,70.0,3.23,-0.0121,0.0289,4,0,0,0,0,0,0
1MBABYDOGEUSDT-EIGENUSDT,1.51416,6,6,0,1.0,25763.14,4293.86,4271.6,7254.71,2103.18,3.1564,2.101,-0.0083,,50.7,2.58,-0.0059,0.0165,5,0,1,0,0,0,0
RSRUSDT-SEIUSDT,1.511046,9,8,1,0.8889,43200.97,4800.11,5856.52,9208.56,-6099.48,3.5782,3.3226,-0.0124,8.0827,59.6,4.32,-0.0077,0.0201,8,0,0,0,0,0,0
LDOUSDT-PIXELUSDT,1.51029,3,3,0,1.0,18425.62,6141.87,5823.69,7203.75,5398.19,4.6793,8.8586,-0.0005,,12.0,1.84,0.0,0.0217,3,0,0,0,0,0,0
POLYXUSDT-TLMUSDT,1.510183,3,3,0,1.0,24579.36,8193.12,7566.45,11337.74,5675.17,3.8718,9.9738,-0.0007,,9.3,2.46,0.0,0.029,3,0,0,0,0,0,0
MINAUSDT-ZRXUSDT,1.510052,3,3,0,1.0,19744.12,6581.37,7504.35,7986.8,4252.97,4.2121,4.5307,-0.001,,14.7,1.97,0.0,0.0235,3,0,0,0,0,0,0
HBARUSDT-RSRUSDT,1.509917,3,3,0,1.0,17781.0,5927.0,5578.73,7370.07,4832.2,4.0879,5.0083,-0.0013,,13.3,1.78,-0.0002,0.021,3,0,0,0,0,0,0
BELUSDT-HIGHUSDT,1.509846,3,3,0,1.0,30181.35,10060.45,10451.84,12016.66,7712.84,4.8184,4.8303,-0.0014,,24.0,3.02,-0.0012,0.0348,3,0,0,0,0,0,0
SUSHIUSDT-WUSDT,1.509794,3,3,0,1.0,12624.75,4208.25,4367.62,4498.55,3758.57,3.9046,2.0635,-0.0015,,44.0,1.26,-0.0011,0.0153,3,0,0,0,0,0,0
MINAUSDT-SCRUSDT,1.509556,3,3,0,1.0,19232.01,6410.67,5879.43,7632.34,5720.24,3.9012,2.1679,-0.002,,22.7,1.92,-0.0002,0.0224,3,0,0,0,0,0,0
GMTUSDT-ICXUSDT,1.509555,3,3,0,1.0,15911.29,5303.76,5083.54,6015.98,4811.77,4.2098,2.1541,-0.002,,34.7,1.59,-0.0019,0.0187,3,0,0,0,0,0,0
DIAUSDT-STEEMUSDT,1.509448,3,3,0,1.0,21202.68,7067.56,7355.35,8086.51,5760.82,5.0762,3.3606,-0.0022,,45.3,2.12,-0.0019,0.025,3,0,0,0,0,0,0
AEVOUSDT-BELUSDT,1.509395,10,9,1,0.9,57482.41,5748.24,6112.02,15920.63,-7684.26,4.4067,3.3645,-0.0107,8.4805,33.2,5.75,-0.0078,0.023,8,0,2,0,0,0,0
COSUSDT-QTUMUSDT,1.509386,3,3,0,1.0,16995.13,5665.04,5650.54,6926.11,4418.48,4.5069,2.5404,-0.0023,,62.7,1.7,-0.0024,0.0203,3,0,0,0,0,0,0
LDOUSDT-REZUSDT,1.509358,3,3,0,1.0,16070.51,5356.84,4540.67,7109.82,4420.03,3.9165,1.6437,-0.0024,,42.7,1.61,-0.0002,0.0192,3,0,0,0,0,0,0
SPELLUSDT-SUIUSDT,1.509095,3,3,0,1.0,16384.24,5461.41,5999.44,6680.08,3704.72,3.7073,2.7581,-0.0029,,72.0,1.64,-0.0011,0.0196,3,0,0,0,0,0,0
MANTAUSDT-NMRUSDT,1.509095,3,3,0,1.0,34293.28,11431.09,8907.32,17040.56,8345.39,3.2996,2.5986,-0.0029,,26.7,3.43,-0.0057,0.0394,3,0,0,0,0,0,0
ENJUSDT-FLUXUSDT,1.50909,3,3,0,1.0,28822.05,9607.35,9371.76,11794.36,7655.92,4.4295,2.7288,-0.0029,,24.0,2.88,-0.0029,0.0332,3,0,0,0,0,0,0
AEVOUSDT-BMTUSDT,1.509088,3,3,0,1.0,30491.71,10163.9,9061.41,14118.79,7311.51,3.4542,3.7924,-0.0029,,38.7,3.05,0.0,0.0352,3,0,0,0,0,0,0
NEOUSDT-WUSDT,1.509068,3,3,0,1.0,16666.69,5555.56,5597.66,5635.18,5433.84,3.743,1.4811,-0.003,,30.7,1.67,-0.0026,0.0197,3,0,0,0,0,0,0
LSKUSDT-WUSDT,1.509044,3,3,0,1.0,20950.08,6983.36,6386.2,11044.3,3519.58,3.702,2.2741,-0.003,,44.0,2.1,-0.0035,0.0244,3,0,0,0,0,0,0
FORMUSDT-LDOUSDT,1.508933,3,3,0,1.0,27712.96,9237.65,9892.32,10450.19,7370.44,3.1597,2.5569,-0.0032,,34.7,2.77,-0.0043,0.032,3,0,0,0,0,0,0
TIAUSDT-ZKUSDT,1.50886,3,3,0,1.0,44474.94,14824.98,16151.63,16391.63,11931.68,5.7797,4.9207,-0.0034,,49.3,4.45,-0.0017,0.0507,3,0,0,0,0,0,0
CVCUSDT-RSRUSDT,1.508815,3,3,0,1.0,48788.68,16262.89,15991.03,20997.46,11800.2,5.5607,5.7409,-0.0035,,77.3,4.88,0.0,0.0555,3,0,0,0,0,0,0
LINKUSDT-MTLUSDT,1.508807,3,3,0,1.0,17124.46,5708.15,5392.52,6468.05,5263.89,3.9052,1.2576,-0.0035,,49.3,1.71,-0.0016,0.0203,3,0,0,0,0,0,0
LTCUSDT-SUSHIUSDT,1.508772,3,3,0,1.0,13202.65,4400.88,4696.79,4880.22,3625.65,3.1601,1.9402,-0.0036,,41.3,1.32,-0.0014,0.0159,3,0,0,0,0,0,0
ARUSDT-TRBUSDT,1.508677,3,3,0,1.0,15984.94,5328.31,4883.52,6469.62,4631.8,3.0136,1.9475,-0.0038,,65.3,1.6,-0.0029,0.0189,3,0,0,0,0,0,0
1000CHEEMSUSDT-VELODROMEUSDT,1.508632,3,3,0,1.0,51356.04,17118.68,15217.25,25646.83,10491.95,4.0224,3.4299,-0.0038,,33.3,5.14,-0.0036,0.0587,3,0,0,0,0,0,0
BOMEUSDT-OGNUSDT,1.5086,3,3,0,1.0,61692.14,20564.05,23166.0,29343.71,9182.43,3.1538,7.7754,-0.0039,,36.0,6.17,-0.0045,0.0696,3,0,0,0,0,0,0
MBOXUSDT-VICUSDT,1.508574,3,3,0,1.0,15672.48,5224.16,5009.44,7052.59,3610.45,3.0891,2.2845,-0.004,,70.7,1.57,-0.0036,0.0189,3,0,0,0,0,0,0
SFPUSDT-WOOUSDT,1.508539,3,3,0,1.0,33166.39,11055.46,10351.24,13333.79,9481.37,4.6954,2.8825,-0.004,,49.3,3.32,-0.0019,0.0383,3,0,0,0,0,0,0
DEGOUSDT-JTOUSDT,1.508522,3,3,0,1.0,31960.63,10653.54,10710.52,13634.87,7615.24,4.3355,3.1949,-0.0041,,76.0,3.2,-0.0006,0.0367,3,0,0,0,0,0,0
ALTUSDT-MBOXUSDT,1.508486,3,3,0,1.0,14584.23,4861.41,4784.32,5219.59,4580.32,3.026,1.7808,-0.0041,,82.7,1.46,-0.0049,0.0178,3,0,0,0,0,0,0
BMTUSDT-IMXUSDT,1.508458,3,3,0,1.0,15326.86,5108.95,5243.95,5371.11,4711.8,3.5446,1.4044,-0.0042,,49.3,1.53,-0.001,0.0186,3,0,0,0,0,0,0
MEMEUSDT-NKNUSDT,1.508449,3,3,0,1.0,19893.67,6631.22,6011.6,8306.52,5575.55,3.3104,1.284,-0.0042,,36.0,1.99,-0.0042,0.0239,3,0,0,0,0,0,0
1000SATSUSDT-STORJUSDT,1.50842,3,3,0,1.0,27597.72,9199.24,9224.13,9801.75,8571.84,4.3005,1.4917,-0.0043,,24.0,2.76,-0.0017,0.0328,3,0,0,0,0,0,0
APEUSDT-ZKUSDT,1.508396,3,3,0,1.0,33220.84,11073.61,10836.63,11934.58,10449.63,4.6987,4.1988,-0.0043,,70.7,3.32,-0.001,0.0387,3,0,0,0,0,0,0
JTOUSDT-STEEMUSDT,1.508368,3,3,0,1.0,32063.53,10687.84,8352.76,15390.9,8319.87,3.7217,1.8779,-0.0044,,25.3,3.21,-0.0089,0.0372,3,0,0,0,0,0,0
AVAUSDT-LISTAUSDT,1.508312,3,3,0,1.0,24414.6,8138.2,7536.8,9707.87,7169.93,3.9051,2.7096,-0.0045,,36.0,2.44,-0.0023,0.0287,3,0,0,0,0,0,0
1000CATUSDT-PHAUSDT,1.508249,3,3,0,1.0,27488.39,9162.8,8314.39,11651.72,7522.28,4.0427,1.341,-0.0046,,24.0,2.75,0.0,0.0319,3,0,0,0,0,0,0
BBUSDT-VICUSDT,1.508097,3,3,0,1.0,30947.54,10315.85,6445.72,18862.64,5639.18,3.3224,1.3587,-0.0049,,26.7,3.09,-0.0051,0.0357,3,0,0,0,0,0,0
ALTUSDT-NEOUSDT,1.508089,3,3,0,1.0,16657.23,5552.41,6523.75,7295.49,2838.0,3.2417,1.6619,-0.0049,,44.0,1.67,-0.0022,0.0196,3,0,0,0,0,0,0
DYMUSDT-HIVEUSDT,1.508088,3,3,0,1.0,21323.3,7107.77,6817.71,8358.0,6147.59,4.1187,1.4774,-0.0049,,22.7,2.13,-0.0053,0.0249,3,0,0,0,0,0,0
CGPTUSDT-IMXUSDT,1.508063,3,3,0,1.0,22461.28,7487.09,6966.41,8716.67,6778.19,4.1589,1.7866,-0.005,,22.7,2.25,0.0,0.0262,3,0,0,0,0,0,0
AEVOUSDT-JOEUSDT,1.508058,3,3,0,1.0,20430.97,6810.32,6813.26,7222.51,6395.2,3.2243,1.7203,-0.005,,33.3,2.04,-0.012,0.0238,3,0,0,0,0,0,0
API3USDT-RAREUSDT,1.507967,3,3,0,1.0,22694.61,7564.87,5997.06,10720.59,5976.96,3.4921,1.5783,-0.0052,,45.3,2.27,-0.0022,0.0267,3,0,0,0,0,0,0
COSUSDT-TUSDT,1.507926,3,3,0,1.0,13853.05,4617.68,5099.73,5663.45,3089.87,3.1711,2.098,-0.0053,,56.0,1.39,-0.003,0.0164,3,0,0,0,0,0,0
COOKIEUSDT-LISTAUSDT,1.507867,3,3,0,1.0,23283.2,7761.07,8018.14,10161.49,5103.58,3.3141,1.5329,-0.0054,,40.0,2.33,-0.0023,0.027,3,0,0,0,0,0,0
BLURUSDT-SAGAUSDT,1.50783,3,3,0,1.0,25401.97,8467.32,8587.12,9992.2,6822.65,3.781,1.7874,-0.0054,,62.7,2.54,-0.0063,0.0293,3,0,0,0,0,0,0
GRTUSDT-ONGUSDT,1.507794,3,3,0,1.0,20588.52,6862.84,6729.09,7370.75,6488.68,3.0923,1.733,-0.0055,,100.0,2.06,-0.0006,0.0241,3,0,0,0,0,0,0
COTIUSDT-SHELLUSDT,1.507761,3,3,0,1.0,33748.31,11249.44,10527.83,13291.55,9928.93,4.7345,2.3005,-0.0056,,34.7,3.37,-0.001,0.0388,3,0,0,0,0,0,0
AGLDUSDT-AVAXUSDT,1.507644,3,3,0,1.0,27508.59,9169.53,6770.67,14261.96,6475.95,3.3749,2.2649,-0.0058,,33.3,2.75,-0.0044,0.0318,3,0,0,0,0,0,0
SKLUSDT-SPELLUSDT,1.507605,3,3,0,1.0,34499.84,11499.95,11336.69,14381.95,8781.2,3.2398,3.9197,-0.0059,,80.0,3.45,-0.005,0.0392,3,0,0,0,0,0,0
OXTUSDT-WUSDT,1.507466,3,3,0,1.0,23244.57,7748.19,9139.91,9454.48,4650.18,3.1614,2.5861,-0.0062,,77.3,2.32,-0.0083,0.0272,3,0,0,0,0,0,0
CATIUSDT-PHAUSDT,1.507416,5,5,0,1.0,47848.09,9569.62,9983.33,14289.06,5441.19,5.5909,7.739,-0.0017,,16.8,4.78,0.0,0.0337,4,0,0,0,0,0,0
BELUSDT-CRVUSDT,1.507047,3,3,0,1.0,59418.69,19806.23,16486.06,34370.3,8562.33,3.2784,5.0774,-0.007,,58.7,5.94,-0.0002,0.0689,3,0,0,0,0,0,0
CHRUSDT-SCRUSDT,1.507044,3,3,0,1.0,22547.4,7515.8,8066.07,9025.87,5455.46,3.0232,1.5231,-0.007,,69.3,2.25,-0.0061,0.0268,3,0,0,0,0,0,0
CHRUSDT-ETHUSDT,1.507019,3,3,0,1.0,21299.68,7099.89,7377.02,8225.33,5697.33,3.186,1.2611,-0.0071,,46.7,2.13,-0.0083,0.0249,3,0,0,0,0,0,0
DOGEUSDT-TRBUSDT,1.506944,5,5,0,1.0,32680.98,6536.2,6501.27,9302.16,4740.45,5.4628,3.6987,-0.0026,,30.4,3.27,-0.0028,0.0231,4,0,0,0,0,0,0
MLNUSDT-POWRUSDT,1.506867,3,3,0,1.0,32092.64,10697.55,11068.81,11113.31,9910.52,4.0405,2.0055,-0.0074,,50.7,3.21,-0.0014,0.037,3,0,0,0,0,0,0
MANTAUSDT-ONEUSDT,1.506658,3,3,0,1.0,26768.7,8922.9,9926.73,10145.63,6696.34,4.0123,1.2682,-0.0078,,36.0,2.68,-0.0061,0.0312,3,0,0,0,0,0,0
1000CATUSDT-BEAMXUSDT,1.50658,5,5,0,1.0,27085.6,5417.12,5672.77,7149.85,2963.32,4.8393,3.3762,-0.0034,,66.4,2.71,-0.0016,0.0192,4,0,0,0,1,0,0
PHAUSDT-SUSDT,1.50655,3,3,0,1.0,32897.37,10965.79,9016.06,17876.32,6004.98,3.032,2.2814,-0.008,,74.7,3.29,-0.0144,0.0378,3,0,0,0,0,0,0
AUCTIONUSDT-HOTUSDT,1.506448,3,3,0,1.0,31532.1,10510.7,10056.74,12404.3,9071.07,3.7365,2.3321,-0.0082,,98.7,3.15,0.0,0.0364,3,0,0,0,0,0,0
ENAUSDT-RPLUSDT,1.506264,3,3,0,1.0,32390.41,10796.8,9247.78,14022.44,9120.19,3.0904,0.9763,-0.0086,,29.3,3.24,-0.0101,0.0376,3,0,0,0,0,0,0
FUNUSDT-PENDLEUSDT,1.506013,3,3,0,1.0,33648.71,11216.24,10179.17,14453.23,9016.31,4.6111,2.3051,-0.0091,,41.3,3.36,-0.0068,0.0387,3,0,0,0,0,0,0
ARKUSDT-BELUSDT,1.505879,3,3,0,1.0,29278.43,9759.48,7182.68,16600.05,5495.7,3.2219,2.7084,-0.0094,,85.3,2.93,-0.0108,0.0337,3,0,0,0,0,0,0
ACXUSDT-ZKUSDT,1.505614,3,3,0,1.0,42694.42,14231.47,13349.7,18860.28,10484.43,3.568,2.5367,-0.0099,,84.0,4.27,-0.0092,0.0488,3,0,0,0,0,0,0
ADAUSDT-MOVEUSDT,1.505577,3,3,0,1.0,31500.52,10500.17,9451.47,14347.66,7701.39,3.7775,0.8745,-0.01,,33.3,3.15,-0.009,0.0362,3,0,0,0,0,0,0
ACEUSDT-COOKIEUSDT,1.505481,3,3,0,1.0,30191.01,10063.67,9518.72,12091.66,8580.63,3.2724,1.4357,-0.0101,,38.7,3.02,-0.0091,0.0348,3,0,0,0,0,0,0
1000SATSUSDT-ANKRUSDT,1.505441,5,5,0,1.0,32965.61,6593.12,7350.83,9793.22,1151.23,3.8875,2.5943,-0.0056,,60.8,3.3,-0.0054,0.0242,4,0,0,0,1,0,0
DOGSUSDT-VETUSDT,1.505412,5,5,0,1.0,21445.22,4289.04,4428.58,7736.57,1263.68,3.4962,2.3157,-0.0057,,44.0,2.14,-0.0067,0.0156,4,0,0,0,0,0,0
HOTUSDT-IOTAUSDT,1.505163,5,5,0,1.0,37336.88,7467.38,8105.78,11283.85,1992.06,3.4955,3.0116,-0.0062,,39.2,3.73,-0.0066,0.0269,4,0,1,0,0,0,0
MTLUSDT-TLMUSDT,1.504966,5,5,0,1.0,41065.92,8213.18,8160.85,15347.65,2976.45,3.8141,4.04,-0.0066,,53.6,4.11,-0.0044,0.0312,4,0,0,0,0,0,0
PNUTUSDT-REDUSDT,1.504929,3,3,0,1.0,39862.83,13287.61,12116.98,17218.49,10527.37,3.711,1.3791,-0.0113,,34.7,3.99,-0.0051,0.0459,3,0,0,0,0,0,0
AUCTIONUSDT-RVNUSDT,1.504927,3,3,0,1.0,30946.49,10315.5,10679.48,11597.54,8669.47,3.3707,1.6784,-0.0113,,77.3,3.09,-0.0046,0.0358,3,0,0,0,0,0,0
1INCHUSDT-VICUSDT,1.504748,5,5,0,1.0,42675.85,8535.17,9390.09,16307.6,1260.89,3.8396,2.8518,-0.007,,34.4,4.27,-0.004,0.0303,4,0,1,0,0,0,0
BELUSDT-CKBUSDT,1.504542,5,5,0,1.0,67718.2,13543.64,12317.82,29255.78,2121.81,3.6873,4.3745,-0.0074,,53.6,6.77,-0.0038,0.0477,4,0,1,0,0,0,0
MOVEUSDT-TSTUSDT,1.50436,5,5,0,1.0,46683.49,9336.7,12208.18,13031.97,1003.17,4.3154,2.1209,-0.0078,,35.2,4.67,-0.0085,0.0348,4,0,0,0,0,0,0
HMSTRUSDT-OGNUSDT,1.504024,5,5,0,1.0,66024.17,13204.83,12417.7,29416.58,1302.54,3.8819,5.0864,-0.0085,,60.8,6.6,-0.0016,0.0498,4,0,1,0,0,0,0
ALTUSDT-CKBUSDT,1.503706,8,7,1,0.875,44296.08,5537.01,6800.24,12389.5,-9270.94,3.8526,3.5746,-0.0095,5.7779,42.5,4.43,-0.0052,0.0236,7,0,1,0,0,0,0
COTIUSDT-CRVUSDT,1.503686,5,5,0,1.0,32672.03,6534.41,7730.66,11904.37,891.21,4.0173,2.6279,-0.0092,,48.8,3.27,-0.0014,0.0281,4,0,0,0,0,0,0
ALGOUSDT-ALTUSDT,1.503429,8,7,1,0.875,40985.91,5123.24,6287.94,11015.75,-8812.84,4.0042,3.5329,-0.0101,5.6507,44.0,4.1,-0.0053,0.0226,7,0,1,0,0,0,0
NEARUSDT-UMAUSDT,1.503233,8,7,1,0.875,55752.93,6969.12,6155.8,27144.72,-10108.79,3.6442,6.1517,-0.0105,6.5153,29.5,5.58,-0.005,0.029,7,0,1,0,0,0,0
GUSDT-ONGUSDT,1.502337,3,3,0,1.0,70336.23,23445.41,22223.15,34932.22,13180.87,2.9943,2.9504,-0.0125,,86.7,7.03,-0.0159,0.0794,3,0,0,0,0,0,0
CVCUSDT-XLMUSDT,1.498589,6,6,0,1.0,39498.92,6583.15,6178.79,9965.88,3203.35,3.9801,2.2399,-0.0062,,39.3,3.95,-0.0067,0.0246,4,0,2,0,0,0,0
MASKUSDT-ZKUSDT,1.498386,6,6,0,1.0,41337.66,6889.61,8376.9,10924.78,1352.32,4.2313,3.0892,-0.0066,,42.7,4.13,-0.0013,0.0273,4,0,1,0,1,0,0
ARPAUSDT-SKLUSDT,1.498271,6,6,0,1.0,57670.28,9611.71,9009.08,18622.44,258.51,4.5314,3.7826,-0.0068,,42.7,5.77,-0.0019,0.0363,4,0,0,0,1,0,0
ILVUSDT-SKLUSDT,1.498018,6,5,1,0.8333,45030.6,7505.1,9603.32,11401.44,-1104.24,4.0863,3.4249,-0.0073,41.7798,58.7,4.5,-0.0086,0.0271,6,0,0,0,0,0,0
SLPUSDT-UMAUSDT,1.495503,7,6,1,0.8571,23140.8,3305.83,3919.8,8146.33,-4694.4,4.2457,2.8342,-0.0049,5.9295,32.0,2.31,-0.004,0.0143,6,0,1,0,0,0,0
1000CATUSDT-CGPTUSDT,1.494821,9,8,1,0.8889,41711.87,4634.65,3677.68,14641.02,-7947.9,3.0066,2.0123,-0.0226,6.2482,43.6,4.17,-0.0093,0.0223,7,1,1,0,0,0,0
ALTUSDT-AVAXUSDT,1.494416,7,6,1,0.8571,30980.08,4425.73,5519.78,7757.8,-3932.33,3.1702,1.7408,-0.0071,8.8783,39.4,3.1,-0.0086,0.0187,6,0,1,0,0,0,0
ONEUSDT-SPELLUSDT,1.494357,4,4,0,1.0,24936.62,6234.16,6412.79,8966.0,3145.03,4.6242,6.3768,-0.0019,,20.0,2.49,0.0,0.0229,3,0,0,0,0,0,0
ICPUSDT-UMAUSDT,1.49402,4,4,0,1.0,32907.32,8226.83,8266.01,9705.39,6669.92,4.5907,4.1827,-0.0026,,33.0,3.29,-0.0017,0.0287,3,0,1,0,0,0,0
BELUSDT-GMTUSDT,1.493966,7,6,1,0.8571,28827.0,4118.14,5603.82,8930.59,-4032.48,3.905,2.0609,-0.008,8.1487,35.4,2.88,-0.0041,0.0166,6,1,0,0,0,0,0
MTLUSDT-QTUMUSDT,1.493947,7,6,1,0.8571,38444.92,5492.13,6385.57,11845.22,-4062.63,3.9629,2.848,-0.0081,10.4631,53.7,3.84,-0.0061,0.0221,6,0,1,0,0,0,0
GMTUSDT-ZILUSDT,1.493632,4,4,0,1.0,20539.69,5134.92,5585.27,6916.28,2452.87,3.3419,1.6516,-0.0033,,24.0,2.05,-0.0008,0.0191,3,0,1,0,0,0,0
ARKMUSDT-HIVEUSDT,1.493568,7,6,1,0.8571,39797.91,5685.42,7918.21,9980.84,-8814.77,3.8955,2.5434,-0.0088,5.5149,33.1,3.98,-0.0063,0.0243,6,1,0,0,0,0,0
TLMUSDT-XLMUSDT,1.493465,4,4,0,1.0,31885.17,7971.29,8402.39,10431.91,4648.47,4.6227,5.7354,-0.0037,,38.0,3.19,-0.0027,0.0282,3,0,1,0,0,0,0
CKBUSDT-ICXUSDT,1.493092,4,4,0,1.0,18024.75,4506.19,4652.02,6273.02,2447.68,3.3314,1.683,-0.0044,,39.0,1.8,-0.0009,0.0165,3,0,0,0,0,0,0
ANKRUSDT-WLDUSDT,1.493071,4,4,0,1.0,26262.56,6565.64,7619.2,9407.17,1616.99,4.102,3.4201,-0.0045,,58.0,2.63,-0.0013,0.0241,3,0,0,0,1,0,0
ENJUSDT-RPLUSDT,1.492699,7,6,1,0.8571,42438.06,6062.58,7825.43,11200.39,-10711.18,3.2399,2.2009,-0.0106,4.962,44.0,4.24,-0.0102,0.0263,6,1,0,0,0,0,0
ANKRUSDT-MTLUSDT,1.492558,4,4,0,1.0,22866.28,5716.57,5775.98,7288.29,4026.03,3.2409,1.0816,-0.0055,,29.0,2.29,-0.0072,0.0204,3,0,1,0,0,0,0
CRVUSDT-HIVEUSDT,1.492186,8,7,1,0.875,38603.2,4825.4,6858.95,9152.38,-4097.06,3.64,2.7213,-0.0076,10.4222,47.0,3.86,-0.0066,0.0204,6,0,2,0,0,0,0
TRBUSDT-XLMUSDT,1.491776,4,4,0,1.0,21154.55,5288.64,4760.03,8373.53,3260.95,3.0295,2.2209,-0.0071,,86.0,2.12,-0.0045,0.0197,3,0,0,0,0,0,0
BANANAUSDT-EIGENUSDT,1.491757,4,4,0,1.0,42831.73,10707.93,10315.42,15551.76,6649.12,4.9305,3.095,-0.0071,,38.0,4.28,-0.0054,0.0371,3,0,1,0,0,0,0
BMTUSDT-NEARUSDT,1.491724,4,4,0,1.0,35383.44,8845.86,9381.95,11761.72,4857.82,3.4493,2.7455,-0.0072,,58.0,3.54,-0.007,0.031,3,0,0,0,1,0,0
PHAUSDT-SCRTUSDT,1.491655,4,4,0,1.0,27891.83,6972.96,8569.88,9897.77,854.31,3.9256,2.3107,-0.0073,,42.0,2.79,-0.0002,0.0293,3,0,1,0,0,0,0
LDOUSDT-LISTAUSDT,1.491609,4,4,0,1.0,22330.94,5582.74,5872.86,7333.06,3252.17,3.245,1.8915,-0.0074,,69.0,2.23,-0.0031,0.0201,3,0,1,0,0,0,0
COOKIEUSDT-PHAUSDT,1.491385,4,4,0,1.0,20892.14,5223.04,5850.71,8575.88,614.84,3.0813,1.4682,-0.0078,,23.0,2.09,-0.0024,0.0188,3,0,0,0,0,0,0
1000CHEEMSUSDT-AAVEUSDT,1.491293,4,4,0,1.0,65044.57,16261.14,18421.74,25117.41,3083.67,4.5728,2.8779,-0.008,,36.0,6.5,-0.0079,0.0596,3,0,0,0,1,0,0
RDNTUSDT-VICUSDT,1.490961,4,4,0,1.0,37365.96,9341.49,10417.58,14479.08,2051.72,4.1799,1.4804,-0.0087,,28.0,3.74,-0.0071,0.0324,3,0,1,0,0,0,0
CRVUSDT-POWRUSDT,1.490902,4,4,0,1.0,35841.53,8960.38,9028.28,9602.78,8182.19,4.4245,1.6182,-0.0088,,42.0,3.58,-0.0062,0.031,3,0,1,0,0,0,0
ICPUSDT-YFIUSDT,1.490753,4,4,0,1.0,27396.01,6849.0,7303.34,12750.49,38.83,3.5891,1.3853,-0.0091,,38.0,2.74,-0.011,0.0242,3,0,0,0,1,0,0
AUCTIONUSDT-MBOXUSDT,1.490422,4,4,0,1.0,33114.7,8278.67,9038.41,12274.82,2763.05,3.6427,2.8331,-0.0098,,97.0,3.31,-0.0004,0.034,3,0,1,0,0,0,0
1000CHEEMSUSDT-ORCAUSDT,1.489917,4,4,0,1.0,61059.9,15264.98,15966.12,25932.22,3195.45,3.7247,4.9025,-0.0108,,40.0,6.11,-0.0067,0.057,3,0,1,0,0,0,0
GUSDT-HMSTRUSDT,1.489541,4,4,0,1.0,55229.6,13807.4,15329.45,21245.52,3325.18,5.0835,2.5793,-0.0115,,70.0,5.52,-0.0081,0.0475,3,0,1,0,0,0,0
AIUSDT-BMTUSDT,1.489079,11,9,2,0.8182,44422.07,4038.37,4871.81,12588.47,-5004.34,3.8758,3.6853,-0.0117,7.0388,42.9,4.44,-0.0045,0.0187,8,0,3,0,0,0,0
1000CHEEMSUSDT-TURBOUSDT,1.488534,4,4,0,1.0,52356.1,13089.03,13995.49,16832.86,7532.26,3.2717,2.6823,-0.0135,,83.0,5.24,-0.0165,0.045,3,0,1,0,0,0,0
CYBERUSDT-GUSDT,1.487165,4,4,0,1.0,98532.82,24633.21,21812.8,45693.7,9213.53,3.6599,3.9346,-0.0163,,86.0,9.85,-0.0154,0.0841,3,0,1,0,0,0,0
IDUSDT-SEIUSDT,1.486322,5,5,0,1.0,23787.55,4757.51,4591.94,8467.67,686.66,4.457,2.3444,-0.0039,,35.2,2.38,-0.0034,0.0176,3,0,2,0,0,0,0
AIUSDT-APEUSDT,1.485631,5,5,0,1.0,20566.15,4113.23,6025.87,7051.99,281.94,4.0575,1.8581,-0.0053,,34.4,2.06,-0.0036,0.0167,3,0,2,0,0,0,0
NOTUSDT-STORJUSDT,1.484868,5,5,0,1.0,31773.78,6354.76,7580.94,10830.6,2513.7,4.096,1.7605,-0.0068,,32.8,3.18,-0.0059,0.0225,3,0,1,0,0,0,0
LPTUSDT-OGNUSDT,1.482579,4,4,0,1.0,46780.24,11695.06,12272.92,20362.15,1872.26,2.9748,3.9072,-0.0078,,58.0,4.68,-0.0011,0.0443,3,0,0,0,1,0,0
1000CATUSDT-ALTUSDT,1.482433,6,5,1,0.8333,34256.52,5709.42,6254.73,10896.04,-1587.37,4.4606,3.076,-0.0051,22.5807,38.7,3.43,-0.0032,0.0208,5,0,1,0,0,0,0
BNBUSDT-SOLUSDT,1.482279,6,5,1,0.8333,15139.08,2523.18,3056.63,5702.36,-3344.45,3.273,2.0649,-0.0054,5.5266,48.0,1.51,-0.0027,0.0126,5,0,1,0,0,0,0
MTLUSDT-USTCUSDT,1.482003,6,5,1,0.8333,35639.46,5939.91,6421.34,10036.66,-3147.35,4.0194,2.5274,-0.006,12.3236,48.0,3.56,-0.0048,0.0242,5,0,1,0,0,0,0
ALTUSDT-PEOPLEUSDT,1.481668,6,5,1,0.8333,29419.83,4903.31,5354.38,9631.48,-2228.66,3.417,2.6994,-0.0067,14.2007,28.0,2.94,-0.0054,0.0188,5,0,1,0,0,0,0
COOKIEUSDT-ENAUSDT,1.481655,6,5,1,0.8333,38093.88,6348.98,7040.49,11977.05,-299.74,3.8564,2.8948,-0.0067,128.0915,54.0,3.81,-0.0072,0.0228,5,0,1,0,0,0,0
BANANAUSDT-LSKUSDT,1.480948,6,5,1,0.8333,32546.12,5424.35,7098.53,11882.47,-5703.83,3.0773,1.9981,-0.0081,6.706,44.7,3.25,-0.0064,0.024,5,0,1,0,0,0,0
CFXUSDT-MOVEUSDT,1.480516,6,5,1,0.8333,52220.86,8703.48,9428.38,15301.15,-1268.32,5.1203,4.7426,-0.009,42.1731,36.0,5.22,-0.0062,0.0329,5,0,1,0,0,0,0
AEVOUSDT-ZILUSDT,1.480458,6,5,1,0.8333,50262.18,8377.03,6700.76,24871.08,-1780.88,3.9874,3.7118,-0.0091,29.2232,32.7,5.03,-0.0037,0.0345,5,0,1,0,0,0,0
ATAUSDT-BMTUSDT,1.480283,7,6,1,0.8571,23142.72,3306.1,5269.31,7021.03,-5175.54,3.0363,2.1265,-0.0068,5.4716,40.0,2.31,-0.0031,0.0174,5,0,2,0,0,0,0
DIAUSDT-JOEUSDT,1.480248,7,6,1,0.8571,31307.7,4472.53,5704.58,7555.33,-5007.62,3.9364,1.8196,-0.0069,7.252,35.4,3.13,-0.0042,0.0183,5,0,2,0,0,0,0
AUCTIONUSDT-NOTUSDT,1.480219,6,5,1,0.8333,53006.69,8834.45,11244.19,15353.23,-9561.53,4.8178,2.6737,-0.0096,6.5437,54.0,5.3,-0.01,0.0359,5,0,1,0,0,0,0
JASMYUSDT-PYTHUSDT,1.479457,6,5,1,0.8333,30393.98,5065.66,6106.99,6721.24,-662.83,3.3862,2.6106,-0.0111,46.8547,56.0,3.04,-0.0026,0.0197,5,0,1,0,0,0,0
CVCUSDT-STEEMUSDT,1.479413,3,3,0,1.0,91768.26,30589.42,34957.91,47261.55,9548.81,2.9199,8.2223,-0.0062,,44.0,9.18,-0.0032,0.1031,3,0,0,0,0,0,0
EIGENUSDT-SEIUSDT,1.478587,9,7,2,0.7778,32266.75,3585.19,5341.22,6244.97,-3030.97,3.5716,2.6529,-0.0107,10.03,38.7,3.23,-0.0094,0.015,7,0,1,0,0,0,0
ILVUSDT-NEIROUSDT,1.477117,3,3,0,1.0,21426.0,7142.0,6793.8,10273.67,4358.53,2.915,1.1398,-0.0074,,45.3,2.14,-0.0075,0.0257,3,0,0,0,0,0,0
1MBABYDOGEUSDT-LDOUSDT,1.476783,3,3,0,1.0,12271.32,4090.44,5251.18,6045.85,974.29,2.9109,2.0593,-0.0052,,54.7,1.23,-0.007,0.015,3,0,0,0,0,0,0
HIVEUSDT-HOOKUSDT,1.476773,6,5,1,0.8333,38281.53,6380.26,8040.82,10896.55,-4485.92,3.3827,1.2477,-0.0165,9.5337,34.0,3.83,-0.0088,0.025,5,0,1,0,0,0,0
HIVEUSDT-PHAUSDT,1.476771,3,3,0,1.0,14520.21,4840.07,5526.72,8803.14,190.36,3.8649,3.4785,-0.0009,,14.7,1.45,0.0,0.0174,2,0,0,0,0,0,0
MASKUSDT-XAIUSDT,1.4767,3,3,0,1.0,11058.46,3686.15,4004.07,6994.56,59.84,3.2518,2.9627,-0.001,,14.7,1.11,-0.0001,0.0148,2,0,0,0,0,0,0
ADAUSDT-USTCUSDT,1.476688,3,3,0,1.0,16989.14,5663.05,7040.31,8257.1,1691.74,3.7001,4.261,-0.0011,,22.7,1.7,-0.0007,0.02,2,0,1,0,0,0,0
AEVOUSDT-ARUSDT,1.476524,3,3,0,1.0,19873.85,6624.62,6495.66,7332.56,6045.63,2.9128,1.0064,-0.007,,42.7,1.99,-0.0097,0.0234,3,0,0,0,0,0,0
PNUTUSDT-TIAUSDT,1.476465,3,3,0,1.0,13022.26,4340.75,5284.12,7693.37,44.77,3.811,2.547,-0.0015,,30.7,1.3,-0.0015,0.0157,2,0,1,0,0,0,0
1000CATUSDT-ONTUSDT,1.476272,3,3,0,1.0,15956.62,5318.87,6005.35,6174.77,3776.5,5.1304,3.135,-0.0019,,44.0,1.6,-0.0006,0.0206,2,0,1,0,0,0,0
GALAUSDT-UMAUSDT,1.476224,3,3,0,1.0,10095.43,3365.14,3033.32,5368.6,1693.51,4.2309,2.0826,-0.002,,33.3,1.01,0.0,0.0125,2,0,1,0,0,0,0
1000SATSUSDT-QTUMUSDT,1.476206,3,3,0,1.0,14392.59,4797.53,5153.42,5414.32,3824.85,3.4781,1.8383,-0.002,,49.3,1.44,-0.0023,0.0168,2,0,1,0,0,0,0
CGPTUSDT-MTLUSDT,1.476062,3,3,0,1.0,12988.45,4329.48,5580.05,6169.55,1238.86,3.4399,1.6561,-0.0023,,28.0,1.3,-0.001,0.0158,2,0,1,0,0,0,0
SEIUSDT-XAIUSDT,1.475983,3,3,0,1.0,14209.33,4736.44,4159.37,6836.5,3213.46,3.3663,1.5564,-0.0025,,32.0,1.42,-0.0034,0.0186,2,0,0,0,0,0,0
AEVOUSDT-TRBUSDT,1.475478,3,3,0,1.0,15589.31,5196.44,5673.97,6811.64,3103.69,3.5597,1.8274,-0.0035,,44.0,1.56,-0.0001,0.0208,2,0,0,0,1,0,0
DYDXUSDT-QTUMUSDT,1.475473,3,3,0,1.0,12591.5,4197.17,4655.63,7414.73,521.14,3.1902,1.2357,-0.0035,,46.7,1.26,-0.003,0.0161,2,0,1,0,0,0,0
KAITOUSDT-UMAUSDT,1.47545,3,3,0,1.0,21935.65,7311.88,7315.58,11879.65,2740.41,4.3989,2.3347,-0.0035,,40.0,2.19,0.0,0.0275,2,0,1,0,0,0,0
IOSTUSDT-POLYXUSDT,1.475438,3,3,0,1.0,14830.94,4943.65,4792.8,6555.79,3482.35,3.1447,1.1407,-0.0036,,36.0,1.48,-0.0013,0.0177,2,0,1,0,0,0,0
LISTAUSDT-OPUSDT,1.475401,3,3,0,1.0,19267.1,6422.37,7898.7,11054.29,314.11,3.5849,1.2432,-0.0036,,26.7,1.93,-0.0029,0.0244,2,0,1,0,0,0,0
GRTUSDT-HFTUSDT,1.475377,3,3,0,1.0,16083.18,5361.06,6328.98,8220.21,1533.99,3.1288,1.938,-0.0037,,44.0,1.61,-0.0019,0.0206,2,0,1,0,0,0,0
NOTUSDT-SUSHIUSDT,1.475342,3,3,0,1.0,17314.99,5771.66,5103.76,9584.35,2626.88,3.0147,1.8849,-0.0038,,72.0,1.73,-0.0053,0.0205,2,0,1,0,0,0,0
GMTUSDT-LISTAUSDT,1.475304,3,3,0,1.0,32066.93,10688.98,12926.05,16414.86,2726.02,4.0938,2.0081,-0.0038,,53.3,3.21,0.0,0.0366,2,0,1,0,0,0,0
CRVUSDT-MTLUSDT,1.475288,3,3,0,1.0,14777.46,4925.82,5882.21,6521.41,2373.84,3.4378,0.8303,-0.0039,,22.7,1.48,-0.001,0.0177,2,0,0,0,0,0,0
BMTUSDT-MTLUSDT,1.475168,3,3,0,1.0,11104.33,3701.44,4636.75,4843.15,1624.43,3.0811,0.7437,-0.0041,,30.7,1.11,-0.005,0.0135,2,0,1,0,0,0,0
CAKEUSDT-NMRUSDT,1.475163,3,3,0,1.0,18494.47,6164.82,7515.61,9158.17,1820.7,3.3754,1.5644,-0.0041,,56.0,1.85,-0.0019,0.023,2,0,1,0,0,0,0
BROCCOLI714USDT-FETUSDT,1.47502,3,3,0,1.0,21146.22,7048.74,9423.42,9740.02,1982.77,3.3767,1.5913,-0.0044,,60.0,2.11,-0.0021,0.0261,2,0,0,0,1,0,0
PHAUSDT-ZRXUSDT,1.475001,3,3,0,1.0,34907.47,11635.82,15183.36,16390.28,3333.83,3.5063,4.9676,-0.0044,,74.7,3.49,-0.0045,0.0443,2,0,1,0,0,0,0
TRBUSDT-TUSDT,1.47462,3,3,0,1.0,22764.64,7588.21,6761.12,11771.4,4232.13,3.5784,2.1945,-0.0052,,65.3,2.28,-0.0061,0.027,2,0,1,0,0,0,0
GRTUSDT-TLMUSDT,1.474286,3,3,0,1.0,21787.02,7262.34,7294.4,8865.44,5627.18,3.198,2.2302,-0.0059,,73.3,2.18,-0.0053,0.0268,2,0,1,0,0,0,0
BROCCOLI714USDT-KSMUSDT,1.474236,3,3,0,1.0,23254.58,7751.53,8638.0,10847.5,3769.08,3.4591,1.6282,-0.006,,48.0,2.33,0.0,0.0311,2,0,1,0,0,0,0
ALTUSDT-SPELLUSDT,1.474164,6,5,1,0.8333,36412.86,6068.81,7018.87,9850.72,-1513.4,2.9837,2.4847,-0.0102,25.0604,86.7,3.64,-0.0078,0.024,5,0,1,0,0,0,0
APEUSDT-STRKUSDT,1.474136,3,3,0,1.0,21087.62,7029.21,6456.71,12104.81,2526.09,3.4256,1.5378,-0.0062,,34.7,2.11,-0.0059,0.026,2,0,0,0,1,0,0
DOGEUSDT-ONGUSDT,1.473925,3,3,0,1.0,21666.97,7222.32,7165.94,8804.59,5696.43,3.0127,1.2,-0.0066,,44.0,2.17,-0.0111,0.0253,2,0,1,0,0,0,0
ARKUSDT-RAREUSDT,1.473756,3,3,0,1.0,26283.29,8761.1,6820.92,18253.35,1209.03,3.0836,1.739,-0.0069,,34.7,2.63,-0.0047,0.0319,2,0,1,0,0,0,0
CVCUSDT-VELODROMEUSDT,1.473574,3,3,0,1.0,34031.67,11343.89,10578.36,13507.26,9946.05,3.6018,2.6191,-0.0073,,108.0,3.4,-0.0041,0.0432,2,0,1,0,0,0,0
ETHFIUSDT-WLDUSDT,1.473572,3,3,0,1.0,23199.46,7733.15,9276.83,9488.83,4433.8,3.0802,2.0243,-0.0073,,98.7,2.32,-0.0025,0.0343,2,0,1,0,0,0,0
CVCUSDT-WLDUSDT,1.473346,3,3,0,1.0,28674.04,9558.01,10460.83,17227.76,985.44,3.8996,1.7409,-0.0078,,65.3,2.87,-0.0086,0.0336,2,0,1,0,0,0,0
1000CHEEMSUSDT-ARKUSDT,1.473179,3,3,0,1.0,49896.18,16632.06,18218.57,30232.09,1445.52,3.7413,2.7152,-0.0081,,46.7,4.99,-0.0031,0.062,2,0,1,0,0,0,0
GMTUSDT-MEMEUSDT,1.472824,3,3,0,1.0,39284.27,13094.76,12795.54,18980.93,7507.8,3.8394,2.1699,-0.0088,,60.0,3.93,-0.0056,0.045,2,0,1,0,0,0,0
ONGUSDT-XRPUSDT,1.472806,3,3,0,1.0,34454.35,11484.78,14382.81,18043.44,2028.1,3.1369,2.5634,-0.0088,,64.0,3.45,-0.0117,0.0435,2,0,0,0,0,0,0
ANKRUSDT-LISTAUSDT,1.472614,3,3,0,1.0,19979.64,6659.88,6784.43,10048.79,3146.42,2.898,1.483,-0.0045,,62.7,2.0,-0.0014,0.025,3,0,0,0,0,0,0
MOVEUSDT-USTCUSDT,1.472343,3,3,0,1.0,30401.14,10133.71,11581.27,15900.89,2918.97,3.0139,1.2863,-0.0098,,45.3,3.04,-0.0175,0.0353,2,0,1,0,0,0,0
ICXUSDT-LDOUSDT,1.469845,4,4,0,1.0,14019.14,3504.79,3660.52,5513.33,1184.77,5.2025,6.1016,-0.0009,,23.0,1.4,0.0,0.0136,2,0,1,0,0,0,0
IOSTUSDT-QTUMUSDT,1.4689,3,3,0,1.0,14805.8,4935.27,5236.83,7098.63,2470.34,2.9839,0.9653,-0.0054,,38.7,1.48,-0.0021,0.0185,2,0,0,0,0,0,0
ARPAUSDT-LINKUSDT,1.468563,4,4,0,1.0,39823.75,9955.94,9732.28,18627.6,1731.58,3.3162,2.7433,-0.0035,,25.0,3.98,-0.0015,0.0355,2,0,1,0,1,0,0
MTLUSDT-XRPUSDT,1.467616,9,7,2,0.7778,45014.49,5001.61,6560.31,10123.07,-5446.7,4.3061,4.1674,-0.0104,7.126,36.9,4.5,-0.0038,0.0208,6,0,3,0,0,0,0
AAVEUSDT-OGNUSDT,1.467189,8,6,2,0.75,28385.17,3548.15,4608.72,13268.44,-7023.55,3.7952,2.8903,-0.0076,4.9424,32.5,2.84,-0.0061,0.0168,6,0,2,0,0,0,0
DOTUSDT-SUSHIUSDT,1.46708,5,5,0,1.0,15421.44,3084.29,2941.39,4100.53,2299.45,2.8324,2.1242,-0.0051,,61.6,1.54,-0.0015,0.0122,5,0,0,0,0,0,0
CELRUSDT-QTUMUSDT,1.466855,5,4,1,0.8,19623.56,3924.71,4414.08,5724.63,-286.89,3.6509,2.7854,-0.0028,69.4014,48.8,1.96,-0.0041,0.0159,4,0,1,0,0,0,0
ALTUSDT-DIAUSDT,1.466576,5,4,1,0.8,26695.54,5339.11,6745.49,8937.14,-2316.87,4.2036,3.9897,-0.0034,12.5223,37.6,2.67,-0.003,0.0204,4,0,0,0,0,0,0
ENJUSDT-TWTUSDT,1.46653,5,4,1,0.8,38451.37,7690.27,7382.34,13013.58,-341.16,5.1872,5.2023,-0.0035,113.7069,27.2,3.85,-0.0014,0.0292,4,0,1,0,0,0,0
JOEUSDT-ZILUSDT,1.46635,5,4,1,0.8,18962.33,3792.47,4738.43,5838.71,-1295.73,3.3089,1.2931,-0.0038,15.6345,28.8,1.9,-0.0065,0.0144,4,0,1,0,0,0,0
1000CHEEMSUSDT-BANDUSDT,1.46622,3,3,0,1.0,52084.88,17361.63,17967.2,20281.62,13836.05,2.8952,1.1409,-0.0153,,56.0,5.21,-0.0121,0.0592,3,0,0,0,0,0,0
HBARUSDT-HOTUSDT,1.466183,5,4,1,0.8,16746.89,3349.38,5272.46,5914.08,-2917.07,3.2074,2.5574,-0.0042,6.741,32.0,1.67,-0.0038,0.0148,4,0,1,0,0,0,0
AVAXUSDT-BEAMXUSDT,1.465838,5,4,1,0.8,20962.28,4192.46,5577.82,8112.07,-3438.27,3.2599,2.3574,-0.0049,7.0968,53.6,2.1,-0.0056,0.0177,4,0,1,0,0,0,0
ACXUSDT-APEUSDT,1.465757,5,4,1,0.8,31432.08,6286.42,7250.52,11018.31,-1699.52,4.7555,3.1333,-0.005,19.4947,47.2,3.14,-0.0021,0.0244,4,0,1,0,0,0,0
ALTUSDT-PHBUSDT,1.465646,5,4,1,0.8,22624.47,4524.89,5202.7,8469.94,-831.19,3.7633,2.3342,-0.0052,28.2194,40.8,2.26,-0.0046,0.0174,4,0,0,0,0,0,0
IDUSDT-PYTHUSDT,1.465442,6,5,1,0.8333,18677.47,3112.91,4011.93,9282.46,-5678.58,3.0868,1.5852,-0.0058,4.2891,34.0,1.87,-0.0034,0.0174,4,0,2,0,0,0,0
HIVEUSDT-LISTAUSDT,1.465312,8,6,2,0.75,35040.81,4380.1,7021.31,13630.44,-8448.04,3.0166,2.0879,-0.0113,3.3005,41.0,3.5,-0.0109,0.022,6,0,2,0,0,0,0
RAREUSDT-ZILUSDT,1.465272,3,3,0,1.0,24894.43,8298.14,7884.55,9277.73,7732.16,2.9725,1.3857,-0.0046,,17.3,2.49,-0.005,0.0295,2,0,1,0,0,0,0
BNBUSDT-ZILUSDT,1.465181,4,4,0,1.0,21353.06,5338.27,5633.84,10072.51,12.87,2.8566,2.9355,-0.0098,,70.0,2.14,-0.0073,0.0215,4,0,0,0,0,0,0
KAVAUSDT-PIXELUSDT,1.465143,5,4,1,0.8,37610.32,7522.06,8549.1,11835.63,-2015.25,5.0763,2.7789,-0.0062,19.6629,34.4,3.76,-0.0066,0.0275,4,0,1,0,0,0,0
CETUSUSDT-SKLUSDT,1.465112,6,5,1,0.8333,30821.58,5136.93,6878.49,11519.24,-3917.6,3.9854,1.3233,-0.0064,8.8675,22.7,3.08,-0.0056,0.0204,4,0,1,0,0,0,0
CETUSUSDT-GALAUSDT,1.46455,5,4,1,0.8,14375.25,2875.05,5454.04,5832.38,-6548.13,3.0771,1.8858,-0.0074,3.1953,38.4,1.44,-0.0059,0.0162,4,0,1,0,0,0,0
BELUSDT-CELRUSDT,1.464545,5,4,1,0.8,27231.14,5446.23,7352.27,10330.58,-5316.17,3.5822,2.0931,-0.0074,6.1223,28.8,2.72,-0.0066,0.0231,4,0,1,0,0,0,0
C98USDT-UMAUSDT,1.464539,5,4,1,0.8,18882.24,3776.45,5895.28,7137.17,-2781.18,3.926,3.4351,-0.0075,7.7893,40.0,1.89,-0.0037,0.0174,4,0,1,0,0,0,0
ACEUSDT-HIVEUSDT,1.464055,6,5,1,0.8333,43153.12,7192.19,8574.22,16175.9,-8368.08,3.5568,2.1882,-0.0086,6.1569,34.7,4.32,-0.007,0.0299,4,0,1,0,1,0,0
CVCUSDT-HFTUSDT,1.464017,5,4,1,0.8,40845.28,8169.06,10336.32,13233.36,-3667.18,4.3483,1.3751,-0.0085,12.138,39.2,4.08,-0.0071,0.0335,4,0,1,0,0,0,0
COTIUSDT-SANDUSDT,1.463897,6,5,1,0.8333,22441.41,3740.23,5336.35,7266.39,-3455.21,3.2368,2.0008,-0.0089,7.4949,28.0,2.24,-0.0042,0.0169,4,0,1,0,0,0,0
STORJUSDT-TLMUSDT,1.463869,5,4,1,0.8,35092.46,7018.49,8098.18,13593.5,-3791.35,3.3517,1.2853,-0.0088,10.2559,37.6,3.51,-0.0085,0.0277,4,0,0,0,0,0,0
DOGEUSDT-VTHOUSDT,1.463466,5,4,1,0.8,33105.67,6621.13,11027.67,11552.97,-4676.66,3.7627,1.6228,-0.0096,8.0789,34.4,3.31,-0.0066,0.0262,4,0,1,0,0,0,0
MOVEUSDT-OGNUSDT,1.463446,5,4,1,0.8,37706.87,7541.37,8084.82,16710.15,-3867.36,3.3577,3.6605,-0.0096,10.75,40.0,3.77,-0.0082,0.0287,4,0,1,0,0,0,0
STEEMUSDT-ZKUSDT,1.462495,5,4,1,0.8,44529.3,8905.86,10098.96,15506.56,-3635.52,3.5751,1.6288,-0.0115,13.2484,44.8,4.45,-0.0097,0.0332,4,0,1,0,0,0,0
HMSTRUSDT-MTLUSDT,1.462396,5,4,1,0.8,24202.19,4840.44,7967.39,10366.37,-11736.55,3.2233,1.1067,-0.0117,3.0621,19.2,2.42,-0.0077,0.0252,4,1,0,0,0,0,0
BANANAUSDT-JOEUSDT,1.462156,4,4,0,1.0,38867.49,9716.87,11543.5,14552.57,1227.91,3.2021,1.7736,-0.0163,,70.0,3.89,-0.004,0.0404,2,0,1,0,1,0,0
COSUSDT-MBOXUSDT,1.461457,5,4,1,0.8,29655.22,5931.04,4706.08,13387.08,-1138.23,2.9905,2.5235,-0.007,27.0539,72.0,2.97,-0.0077,0.0244,4,0,1,0,0,0,0
CVCUSDT-HIVEUSDT,1.461358,5,4,1,0.8,59458.77,11891.75,11858.72,22622.56,-365.68,3.724,3.4458,-0.0138,163.5968,70.4,5.95,-0.0066,0.0427,4,0,1,0,0,0,0
GUSDT-TUSDT,1.460689,3,3,0,1.0,32397.02,10799.01,14617.4,16130.86,1648.76,2.9716,1.452,-0.0132,,89.3,3.24,-0.0123,0.04,2,0,1,0,0,0,0
HIVEUSDT-PNUTUSDT,1.459538,5,4,1,0.8,23667.38,4733.48,6400.24,11385.87,-5882.14,2.9836,2.0486,-0.0059,5.0236,44.0,2.37,-0.0079,0.0207,4,0,1,0,0,0,0
ICXUSDT-ONEUSDT,1.458833,3,3,0,1.0,16270.18,5423.39,5726.41,7018.58,3525.19,2.8586,1.3385,-0.0045,,49.3,1.63,-0.0065,0.0203,3,0,0,0,0,0,0
GMTUSDT-ZKUSDT,1.457769,5,4,1,0.8,49085.33,9817.07,16555.97,23127.77,-19753.35,3.2445,1.1466,-0.021,3.4849,43.2,4.91,-0.014,0.0482,4,1,0,0,0,0,0
1000SATSUSDT-BNBUSDT,1.456871,4,4,0,1.0,19255.42,4813.85,5063.83,7450.43,1677.32,2.8974,1.7027,-0.005,,48.0,1.93,-0.008,0.0195,3,0,0,0,1,0,0
BELUSDT-BMTUSDT,1.456695,9,7,2,0.7778,36323.52,4035.95,6693.39,11517.4,-8755.45,2.9385,1.3828,-0.0114,3.1397,28.9,3.63,-0.0087,0.0208,7,2,0,0,0,0,0
ADAUSDT-IMXUSDT,1.45658,4,4,0,1.0,19912.18,4978.04,6310.38,6591.32,700.09,2.8957,2.14,-0.0044,,57.0,1.99,-0.0037,0.018,3,0,1,0,0,0,0
AVAXUSDT-MTLUSDT,1.454988,8,6,2,0.75,33059.02,4132.38,5137.06,12139.38,-6237.9,3.2867,2.156,-0.007,6.1019,51.0,3.31,-0.0049,0.019,5,1,2,0,0,0,0
AUCTIONUSDT-STEEMUSDT,1.452778,6,5,1,0.8333,27405.29,4567.55,6752.06,11115.61,-8576.89,2.9708,1.5606,-0.0107,4.1952,38.7,2.74,-0.0055,0.0234,4,0,2,0,0,0,0
ALTUSDT-CELRUSDT,1.451721,8,7,1,0.875,29803.18,3725.4,5109.55,9982.18,-8480.01,2.8507,1.4656,-0.009,4.5145,30.0,2.98,-0.0073,0.0178,7,1,0,0,0,0,0
NMRUSDT-SCRUSDT,1.451317,5,4,1,0.8,21463.11,4292.62,5413.01,8075.78,-1716.97,2.9592,2.075,-0.0053,13.5006,52.0,2.15,-0.0038,0.0179,4,0,1,0,0,0,0
BELUSDT-ICXUSDT,1.44816,4,4,0,1.0,49598.26,12399.56,10130.56,29192.42,144.71,2.8823,3.11,-0.0119,,65.0,4.96,-0.0067,0.0488,3,0,0,0,1,0,0
GMTUSDT-NFPUSDT,1.447099,6,5,1,0.8333,26661.05,4443.51,2544.71,13808.87,-3017.72,3.0874,1.8998,-0.0091,9.8348,69.3,2.67,-0.0057,0.0223,3,0,3,0,0,0,0
MOVRUSDT-MTLUSDT,1.445855,5,4,1,0.8,26052.77,5210.55,6379.69,11671.33,-3566.15,3.0668,1.7496,-0.0048,8.3056,40.0,2.61,-0.0033,0.0208,3,0,2,0,0,0,0
DOGSUSDT-ENSUSDT,1.44526,5,4,1,0.8,31179.15,6235.83,6839.03,11050.91,-97.86,3.8886,3.5793,-0.006,319.5955,34.4,3.12,-0.0036,0.0239,3,0,2,0,0,0,0
1000CATUSDT-PNUTUSDT,1.445176,5,4,1,0.8,27019.73,5403.95,7178.53,10605.76,-134.67,3.4601,2.1262,-0.0062,201.6425,34.4,2.7,-0.0059,0.02,3,0,1,0,1,0,0
ACEUSDT-CKBUSDT,1.444457,5,4,1,0.8,27054.24,5410.85,6918.85,9129.99,-1686.37,3.3578,1.3183,-0.0076,17.0429,27.2,2.71,-0.0014,0.026,3,0,2,0,0,0,0
CKBUSDT-NOTUSDT,1.444375,5,4,1,0.8,32902.69,6580.54,9916.76,10315.88,-1995.68,3.0265,1.9741,-0.0078,17.487,51.2,3.29,-0.0092,0.027,3,0,2,0,0,0,0
BROCCOLI714USDT-QTUMUSDT,1.444336,5,4,1,0.8,38751.87,7750.37,8259.87,15540.64,-1312.93,3.8021,3.8831,-0.0079,30.5156,58.4,3.88,-0.0046,0.0305,3,0,1,0,0,0,0
TIAUSDT-WOOUSDT,1.444108,4,4,0,1.0,11282.82,2820.7,2213.37,6421.01,435.06,3.5482,2.2329,-0.0024,,25.0,1.13,-0.0014,0.0123,1,0,3,0,0,0,0
ALICEUSDT-CAKEUSDT,1.443915,4,3,1,0.75,19381.97,4845.49,6488.7,7446.97,-1042.41,3.9799,2.7458,-0.0028,19.5935,26.0,1.94,-0.0015,0.0189,3,0,1,0,0,0,0
CRVUSDT-LISTAUSDT,1.443887,3,3,0,1.0,23324.49,7774.83,6581.78,10258.33,6484.39,2.9156,1.3255,-0.0076,,52.0,2.33,-0.0077,0.0269,2,0,1,0,0,0,0
ICXUSDT-SPELLUSDT,1.443788,4,4,0,1.0,22338.79,5584.7,5669.44,7188.56,3811.34,2.8673,1.4445,-0.0101,,54.0,2.23,-0.0043,0.0218,3,0,0,0,0,0,0
BMTUSDT-VETUSDT,1.443776,4,3,1,0.75,26926.18,6731.55,8821.16,12185.07,-2901.2,3.4432,3.187,-0.0031,10.2811,20.0,2.69,-0.0022,0.0259,3,0,1,0,0,0,0
FORMUSDT-TAOUSDT,1.443753,4,3,1,0.75,29977.67,7494.42,8801.57,14830.94,-2456.42,3.6184,2.5864,-0.0031,13.2038,31.0,3.0,-0.0045,0.0287,3,0,1,0,0,0,0
BELUSDT-NFPUSDT,1.443742,4,3,1,0.75,17863.51,4465.88,4705.63,9907.96,-1455.7,3.2811,1.9109,-0.0031,13.2714,21.0,1.79,-0.0029,0.0172,3,0,1,0,0,0,0
AIUSDT-FILUSDT,1.443556,4,4,0,1.0,13116.23,3279.06,3293.28,4884.6,1645.07,3.0907,2.2484,-0.0035,,33.0,1.31,-0.0025,0.0141,1,0,3,0,0,0,0
DEGOUSDT-STEEMUSDT,1.443552,3,3,0,1.0,88998.07,29666.02,36359.26,46332.27,6306.54,2.8179,6.3055,-0.0065,,46.7,8.9,-0.0079,0.1002,3,0,0,0,0,0,0
GMTUSDT-ONTUSDT,1.443502,4,3,1,0.75,17870.51,4467.63,5876.18,6648.63,-530.47,3.1388,1.138,-0.0036,34.6882,16.0,1.79,-0.0034,0.016,3,0,0,0,0,0,0
ALTUSDT-XLMUSDT,1.443412,9,8,1,0.8889,31685.06,3520.56,5774.39,8329.76,-14326.49,2.8787,1.9794,-0.0183,3.2116,51.6,3.17,-0.0112,0.0199,6,0,2,0,1,0,0
FETUSDT-MTLUSDT,1.443324,4,3,1,0.75,22560.54,5640.14,7184.35,10233.79,-2041.94,3.9476,2.5316,-0.004,12.0486,40.0,2.26,-0.0035,0.0219,3,0,1,0,0,0,0
DIAUSDT-SCRTUSDT,1.443314,4,3,1,0.75,24402.92,6100.73,7253.33,10656.89,-760.62,3.2935,2.0899,-0.004,33.0828,37.0,2.44,-0.0059,0.0218,3,0,1,0,0,0,0
IMXUSDT-POWRUSDT,1.443302,4,3,1,0.75,16908.45,4227.11,5680.57,9287.99,-3740.67,3.8577,2.3859,-0.004,5.5202,34.0,1.69,-0.0029,0.0183,3,0,1,0,0,0,0
TIAUSDT-TLMUSDT,1.443193,4,3,1,0.75,25433.11,6358.28,8485.61,10165.9,-1704.01,3.8865,1.7878,-0.0042,15.9255,20.0,2.54,-0.0044,0.0239,3,0,1,0,0,0,0
ICXUSDT-MAGICUSDT,1.443138,4,3,1,0.75,19132.04,4783.01,5173.82,9822.2,-1037.8,3.4109,1.9706,-0.0043,19.4352,36.0,1.91,-0.0013,0.0181,3,0,1,0,0,0,0
GUSDT-QTUMUSDT,1.44309,4,3,1,0.75,28548.76,7137.19,9157.95,10743.76,-510.9,3.8322,1.9055,-0.0044,56.8792,32.0,2.85,-0.0071,0.0252,3,0,1,0,0,0,0
DIAUSDT-SPELLUSDT,1.443043,4,3,1,0.75,16369.54,4092.39,4800.64,7935.33,-1167.07,3.2377,1.5103,-0.0045,15.0262,35.0,1.64,-0.0018,0.0166,3,0,1,0,0,0,0
METISUSDT-SKLUSDT,1.442944,4,3,1,0.75,25447.05,6361.76,7442.57,13593.14,-3031.24,3.2848,2.0908,-0.0047,9.3949,46.0,2.54,-0.005,0.0259,3,0,1,0,0,0,0
ONGUSDT-PENGUUSDT,1.442887,4,3,1,0.75,23208.5,5802.13,8005.46,8711.13,-1513.54,3.1544,1.5065,-0.0048,16.334,36.0,2.32,-0.0025,0.0217,3,0,1,0,0,0,0
KSMUSDT-MOVRUSDT,1.442732,4,3,1,0.75,15643.85,3910.96,5147.48,7463.22,-2114.34,3.1007,2.0366,-0.0051,8.3989,27.0,1.56,-0.0037,0.0181,3,0,1,0,0,0,0
FILUSDT-SUSHIUSDT,1.442678,3,3,0,1.0,11028.46,3676.15,3508.05,4939.19,2581.22,3.4116,1.406,-0.0024,,33.3,1.1,0.0,0.0144,1,0,2,0,0,0,0
JASMYUSDT-WUSDT,1.442656,4,3,1,0.75,19403.4,4850.85,6185.89,8052.81,-1021.19,3.1943,1.3266,-0.0053,20.0008,43.0,1.94,-0.008,0.018,3,0,1,0,0,0,0
ACEUSDT-BNTUSDT,1.442587,4,3,1,0.75,40986.09,10246.52,10441.9,23927.57,-3825.27,3.2317,4.3628,-0.0054,11.7146,33.0,4.1,-0.0062,0.0387,3,0,1,0,0,0,0
FETUSDT-POLYXUSDT,1.442295,4,3,1,0.75,16012.15,4003.04,5005.59,6702.66,-701.69,3.1134,1.6734,-0.006,23.8194,53.0,1.6,-0.0011,0.0188,3,0,1,0,0,0,0
ENSUSDT-MOVEUSDT,1.442273,5,4,1,0.8,35567.14,7113.43,9938.67,18208.22,-5565.03,3.097,1.6208,-0.012,7.3912,44.0,3.56,-0.0126,0.0344,3,0,2,0,0,0,0
ICXUSDT-PIXELUSDT,1.442207,3,3,0,1.0,23485.52,7828.51,8987.75,12535.49,1962.28,3.7086,2.4058,-0.0034,,25.3,2.35,0.0,0.0297,1,0,2,0,0,0,0
UNIUSDT-USTCUSDT,1.441601,4,3,1,0.75,24531.17,6132.79,7774.72,9885.96,-904.23,3.5117,2.097,-0.0074,28.1293,53.0,2.45,-0.0075,0.0245,3,0,1,0,0,0,0
CAKEUSDT-KAITOUSDT,1.441557,4,3,1,0.75,30866.88,7716.72,9159.68,13307.07,-759.55,3.7028,1.8203,-0.0075,41.6384,55.0,3.09,-0.0062,0.0288,3,0,1,0,0,0,0
KSMUSDT-YFIUSDT,1.441552,4,3,1,0.75,21878.91,5469.73,7173.79,12665.44,-5134.11,3.344,1.6228,-0.0075,5.2615,59.0,2.19,-0.0053,0.0235,3,0,1,0,0,0,0
CVCUSDT-POLYXUSDT,1.44155,3,3,0,1.0,24792.12,8264.04,10190.05,12482.51,2119.56,4.1175,3.5157,-0.0047,,82.7,2.48,-0.0003,0.0344,1,0,2,0,0,0,0
JASMYUSDT-KSMUSDT,1.441364,6,5,1,0.8333,29659.92,4943.32,7074.35,8134.32,-4992.57,2.8924,1.735,-0.0119,6.9408,62.0,2.97,-0.0068,0.0222,5,0,1,0,0,0,0
GMTUSDT-UMAUSDT,1.440434,3,3,0,1.0,15254.82,5084.94,5526.41,7170.53,2557.88,2.9007,1.9183,-0.004,,49.3,1.53,-0.0014,0.0181,2,0,1,0,0,0,0
BROCCOLI714USDT-MOVEUSDT,1.439898,3,3,0,1.0,34612.52,11537.51,15266.68,17349.87,1995.97,3.9068,2.5577,-0.008,,41.3,3.46,-0.0022,0.0438,1,0,1,0,0,0,0
COOKIEUSDT-KAVAUSDT,1.439346,3,3,0,1.0,19880.08,6626.69,7939.04,9842.44,2098.6,2.8112,1.3541,-0.0103,,70.7,1.99,-0.0074,0.0249,3,0,0,0,0,0,0
HIGHUSDT-TLMUSDT,1.438707,4,3,1,0.75,27325.72,6831.43,7360.52,12872.81,-268.13,2.993,1.4126,-0.0083,102.9137,79.0,2.73,-0.0098,0.0252,3,0,1,0,0,0,0
ACEUSDT-FLUXUSDT,1.438176,4,4,0,1.0,31490.95,7872.74,7930.46,14201.88,1428.15,2.8463,1.1355,-0.0067,,32.0,3.15,-0.0131,0.0276,3,0,0,0,0,0,0
CKBUSDT-MBOXUSDT,1.43544,4,3,1,0.75,19451.0,4862.75,6185.44,9208.65,-2128.53,2.9779,1.5974,-0.0042,10.1382,53.0,1.95,-0.0037,0.0201,3,0,1,0,0,0,0
ASTRUSDT-LPTUSDT,1.434887,4,3,1,0.75,45649.39,11412.35,12782.25,21628.96,-1544.06,2.9873,3.0927,-0.0119,30.5646,71.0,4.56,-0.0015,0.043,3,0,0,0,0,0,0
TSTUSDT-VANAUSDT,1.434718,3,3,0,1.0,30875.41,10291.8,8297.84,20385.76,2191.81,2.9812,1.5271,-0.0052,,49.3,3.09,-0.0085,0.0405,1,0,1,0,1,0,0
AIUSDT-ZKUSDT,1.434201,3,3,0,1.0,30673.28,10224.43,9508.7,14034.79,7129.79,2.7956,1.3933,-0.0096,,84.0,3.07,-0.008,0.0352,3,0,0,0,0,0,0
DOGSUSDT-XRPUSDT,1.431849,6,5,1,0.8333,34058.8,5676.47,7469.13,10835.71,-7224.48,2.9197,2.166,-0.0168,5.7144,79.3,3.41,-0.0085,0.0316,4,0,1,0,0,0,0
ATAUSDT-REIUSDT,1.431365,3,3,0,1.0,33245.51,11081.84,9955.93,14560.19,8729.38,2.7837,1.2913,-0.007,,22.7,3.32,-0.0049,0.0388,3,0,0,0,0,0,0
BIOUSDT-YGGUSDT,1.429215,3,3,0,1.0,16707.79,5569.26,3720.44,11056.98,1930.37,2.9639,1.6545,-0.0041,,56.0,1.67,0.0,0.0241,1,0,1,0,1,0,0
MAVUSDT-RSRUSDT,1.424425,5,4,1,0.8,25635.27,5127.05,8557.33,13884.66,-9436.16,2.9459,1.3458,-0.0098,3.7167,26.4,2.56,-0.0092,0.025,3,0,2,0,0,0,0
BMTUSDT-HOOKUSDT,1.423749,7,5,2,0.7143,31607.29,4515.33,6238.66,9406.68,-3893.39,2.8811,3.092,-0.0081,7.0975,81.1,3.16,-0.006,0.0209,6,0,1,0,0,0,0
DIAUSDT-UNIUSDT,1.423084,6,5,1,0.8333,36928.74,6154.79,5627.9,22631.25,-8470.74,2.8385,2.7836,-0.0108,5.3596,35.3,3.69,-0.0095,0.0279,5,0,1,0,0,0,0
ALGOUSDT-RPLUSDT,1.422983,9,8,1,0.8889,29879.28,3319.92,4354.06,7824.25,-9780.2,2.7448,1.6169,-0.0099,4.0551,39.1,2.99,-0.0113,0.0158,8,0,1,0,0,0,0
CGPTUSDT-FUNUSDT,1.421261,4,3,1,0.75,14479.12,3619.78,5691.81,9689.94,-6594.45,2.9414,1.1865,-0.007,3.1957,19.0,1.45,-0.0053,0.019,3,0,1,0,0,0,0
NFPUSDT-ZKUSDT,1.420857,3,3,0,1.0,28369.95,9456.65,9535.66,13264.77,5569.52,2.8488,2.0113,-0.0069,,106.7,2.84,-0.0037,0.0374,2,0,1,0,0,0,0
TLMUSDT-XRPUSDT,1.420167,5,5,0,1.0,35323.29,7064.66,5877.95,12418.86,3720.63,2.8248,1.0568,-0.0136,,49.6,3.53,-0.0107,0.0271,3,0,1,0,0,0,0
PHAUSDT-THETAUSDT,1.420148,3,3,0,1.0,26113.65,8704.55,11141.22,14925.25,47.18,2.8573,1.0321,-0.0143,,45.3,2.61,-0.0105,0.0311,2,0,1,0,0,0,0
1000CHEEMSUSDT-WLDUSDT,1.419525,3,3,0,1.0,51585.55,17195.18,13450.39,25025.19,13109.97,2.7601,3.0752,-0.0141,,85.3,5.16,-0.0108,0.0587,3,0,0,0,0,0,0
AVAXUSDT-LINKUSDT,1.419433,4,3,1,0.75,7866.24,1966.56,2236.87,4319.92,-927.41,3.1861,1.6093,-0.0017,9.4819,27.0,0.79,-0.0013,0.0092,2,0,2,0,0,0,0
LISTAUSDT-RDNTUSDT,1.419097,3,3,0,1.0,17308.39,5769.46,6000.5,9344.44,1963.44,2.8393,1.8426,-0.0037,,56.0,1.73,-0.0059,0.0209,2,0,1,0,0,0,0
AVAXUSDT-MOVRUSDT,1.417804,4,3,1,0.75,18324.68,4581.17,6300.73,9419.66,-3696.44,3.164,1.9576,-0.005,5.9574,37.0,1.83,-0.0052,0.0205,2,0,2,0,0,0,0
CETUSUSDT-FETUSDT,1.417701,4,3,1,0.75,15877.69,3969.42,4729.59,9131.61,-2713.09,3.575,1.6455,-0.0052,6.8523,39.0,1.59,-0.0052,0.0172,2,0,2,0,0,0,0
RENDERUSDT-VTHOUSDT,1.417115,3,3,0,1.0,37635.33,12545.11,8177.35,22782.84,6675.13,2.7377,3.2068,-0.0033,,25.3,3.76,-0.0032,0.0432,3,0,0,0,0,0,0
EDUUSDT-MANTAUSDT,1.414891,4,3,1,0.75,25432.51,6358.13,7251.27,17548.39,-6618.42,3.0109,1.336,-0.0108,4.8427,18.0,2.54,-0.0068,0.0298,2,0,2,0,0,0,0
AVAXUSDT-LTCUSDT,1.41407,3,3,0,1.0,9589.67,3196.56,3799.84,4530.76,1259.07,2.8225,2.1483,-0.002,,25.3,0.96,-0.0016,0.012,2,0,0,0,0,0,0
IMXUSDT-PHBUSDT,1.413506,5,4,1,0.8,34421.56,6884.31,8099.73,14535.13,-2763.51,2.8559,2.1265,-0.0087,13.4557,39.2,3.44,-0.0069,0.0271,4,0,1,0,0,0,0
CVCUSDT-EGLDUSDT,1.411311,6,4,2,0.6667,32514.76,5419.13,6367.44,12187.91,-776.28,3.0716,1.3018,-0.014,26.4492,46.7,3.25,-0.0095,0.0211,3,0,2,0,0,0,0
DOTUSDT-RSRUSDT,1.40961,3,2,1,0.6667,13998.79,4666.26,5930.68,9821.35,-1753.24,3.2235,2.6322,-0.0019,8.9845,20.0,1.4,-0.0017,0.0181,2,0,1,0,0,0,0
GMTUSDT-SCRTUSDT,1.409353,3,2,1,0.6667,20305.56,6768.52,7552.67,13249.5,-496.61,3.1326,1.9561,-0.0024,41.8882,26.7,2.03,-0.0029,0.0242,2,0,1,0,0,0,0
API3USDT-KNCUSDT,1.409328,3,2,1,0.6667,9789.17,3263.06,3541.49,6871.63,-623.94,3.2104,2.0586,-0.0025,16.6892,45.3,0.98,-0.0042,0.0125,2,0,1,0,0,0,0
1000CATUSDT-COSUSDT,1.409251,3,2,1,0.6667,16372.45,5457.48,6366.9,10100.23,-94.68,3.1436,1.7781,-0.0026,173.9266,28.0,1.64,-0.0037,0.0217,2,0,1,0,0,0,0
CVCUSDT-CYBERUSDT,1.40908,3,2,1,0.6667,29383.12,9794.37,14046.08,15974.38,-637.33,4.4521,2.6471,-0.003,47.1032,57.3,2.94,-0.0049,0.0343,2,0,1,0,0,0,0
FLUXUSDT-LISTAUSDT,1.409024,3,2,1,0.6667,16747.69,5582.56,8715.1,9501.25,-1468.66,4.9915,2.754,-0.0031,12.4034,41.3,1.67,-0.0032,0.0213,2,0,1,0,0,0,0
APEUSDT-XAIUSDT,1.408907,3,2,1,0.6667,16653.76,5551.25,7854.9,9976.11,-1177.25,3.8145,2.3391,-0.0033,15.1464,36.0,1.67,-0.0015,0.023,2,0,1,0,0,0,0
BLURUSDT-MBOXUSDT,1.408844,3,2,1,0.6667,14116.23,4705.41,6401.55,8197.82,-483.13,3.0527,1.5003,-0.0034,30.2183,61.3,1.41,-0.0034,0.0191,2,0,1,0,0,0,0
PNUTUSDT-SUSHIUSDT,1.408818,3,2,1,0.6667,11470.64,3823.55,6263.2,6936.7,-1729.25,3.4662,1.6308,-0.0035,7.6333,50.7,1.15,-0.0031,0.0156,2,0,1,0,0,0,0
COSUSDT-SUSHIUSDT,1.408763,3,2,1,0.6667,11181.43,3727.14,5165.47,8929.43,-2913.47,3.0774,1.5573,-0.0036,4.8378,33.3,1.12,-0.003,0.017,2,0,1,0,0,0,0
JOEUSDT-PHAUSDT,1.408746,3,2,1,0.6667,15147.2,5049.07,7168.61,10563.33,-2584.74,3.0755,1.8519,-0.0036,6.8602,37.3,1.51,-0.0037,0.021,2,0,1,0,0,0,0
ARPAUSDT-GRTUSDT,1.408626,3,2,1,0.6667,17333.45,5777.82,6388.8,11112.57,-167.92,3.183,1.6615,-0.0039,104.2251,46.7,1.73,-0.0038,0.0238,2,0,1,0,0,0,0
BLURUSDT-C98USDT,1.408563,3,2,1,0.6667,13080.92,4360.31,6533.38,6807.15,-259.61,3.4568,1.5637,-0.004,51.3867,34.7,1.31,-0.0005,0.0203,2,0,1,0,0,0,0
ANIMEUSDT-PORTALUSDT,1.408551,3,2,1,0.6667,23962.15,7987.38,11143.22,13393.31,-574.38,3.6708,1.3843,-0.004,42.7179,40.0,2.4,-0.0039,0.0284,2,0,1,0,0,0,0
ENSUSDT-NEOUSDT,1.408481,3,2,1,0.6667,12267.8,4089.27,5331.05,7484.79,-548.04,3.3337,1.1885,-0.0041,23.3848,30.7,1.23,-0.0009,0.0151,2,0,1,0,0,0,0
ARPAUSDT-IOSTUSDT,1.408246,3,2,1,0.6667,23378.27,7792.76,9613.17,14492.14,-727.04,3.1241,1.1182,-0.0046,33.1554,22.7,2.34,-0.0029,0.03,2,0,1,0,0,0,0
RAREUSDT-TWTUSDT,1.408142,3,2,1,0.6667,21255.0,7085.0,11590.91,14318.31,-4654.21,3.2042,1.813,-0.0048,5.5668,36.0,2.13,-0.0049,0.0301,2,0,1,0,0,0,0
BELUSDT-SPELLUSDT,1.40809,3,2,1,0.6667,23028.51,7676.17,7005.54,18858.65,-2835.68,3.4153,1.4571,-0.0049,9.121,29.3,2.3,-0.0036,0.0317,2,0,1,0,0,0,0
KAVAUSDT-XAIUSDT,1.408003,3,2,1,0.6667,17868.78,5956.26,9535.14,10267.55,-1933.91,3.0968,1.3745,-0.0051,10.2397,37.3,1.79,-0.0037,0.0228,2,0,1,0,0,0,0
ALGOUSDT-PORTALUSDT,1.407957,3,2,1,0.6667,14025.26,4675.09,5899.68,8635.97,-510.4,3.0914,1.2587,-0.0052,28.4791,28.0,1.4,-0.0008,0.0217,2,0,1,0,0,0,0
AGLDUSDT-PIXELUSDT,1.406714,3,2,1,0.6667,19989.29,6663.1,12604.11,13520.25,-6135.07,3.189,1.4837,-0.0077,4.2582,28.0,2.0,-0.0084,0.0303,2,0,1,0,0,0,0
ACEUSDT-CVXUSDT,1.406692,3,2,1,0.6667,38233.16,12744.39,16626.17,22678.55,-1071.56,3.5347,1.6264,-0.0077,36.6801,40.0,3.82,-0.0066,0.0463,2,0,1,0,0,0,0
CVCUSDT-THETAUSDT,1.406482,5,3,2,0.6,29384.28,5876.86,8378.2,15780.01,-2254.03,4.044,3.0217,-0.0036,7.7463,28.0,2.94,-0.004,0.0232,3,0,1,0,0,0,0
ETHFIUSDT-STORJUSDT,1.406454,3,2,1,0.6667,19878.46,6626.15,9699.04,12897.8,-2718.38,3.442,1.6648,-0.0082,8.3126,46.7,1.99,-0.007,0.0281,2,0,1,0,0,0,0
ALTUSDT-STEEMUSDT,1.404515,4,4,0,1.0,53090.05,13272.51,6711.73,36752.28,2914.31,2.677,6.6137,-0.0055,,46.0,5.31,-0.0008,0.0468,4,0,0,0,0,0,0
ARUSDT-IOUSDT,1.404151,5,3,2,0.6,42752.61,8550.52,7527.76,24079.15,-8314.22,3.3204,3.6594,-0.0082,4.4124,29.6,4.28,-0.0083,0.0378,3,0,2,0,0,0,0
ARKUSDT-JOEUSDT,1.403972,3,3,0,1.0,22259.91,7419.97,5752.03,16023.33,484.54,2.7957,2.1162,-0.0035,,26.7,2.23,-0.0041,0.0261,2,0,1,0,0,0,0
AEVOUSDT-ATOMUSDT,1.402155,3,3,0,1.0,20569.05,6856.35,6435.34,8490.84,5642.86,2.701,0.8661,-0.0075,,40.0,2.06,-0.011,0.0241,3,0,0,0,0,0,0
COMPUSDT-KNCUSDT,1.40078,3,3,0,1.0,13301.87,4433.96,4417.83,4619.85,4264.19,2.6941,1.4308,-0.0054,,40.0,1.33,-0.0056,0.0161,3,0,0,0,0,0,0
ETHFIUSDT-RSRUSDT,1.399026,3,2,1,0.6667,12296.16,4098.72,6146.82,8943.28,-2793.94,2.9718,1.5077,-0.0033,5.401,18.7,1.23,-0.0028,0.0182,2,0,1,0,0,0,0
ARKMUSDT-CELRUSDT,1.398433,4,3,1,0.75,11393.83,2848.46,4227.9,6196.63,-3258.6,2.8718,1.4264,-0.004,4.4965,27.0,1.14,-0.004,0.014,3,0,1,0,0,0,0
ALTUSDT-BMTUSDT,1.397766,10,8,2,0.8,40456.79,4045.68,5468.87,13591.85,-12218.03,2.7601,1.8242,-0.026,3.4848,57.6,4.05,-0.0087,0.0226,8,1,1,0,0,0,0
REDUSDT-SPELLUSDT,1.39704,3,3,0,1.0,18203.84,6067.95,7286.91,10806.05,110.88,2.7816,1.2528,-0.0075,,45.3,1.82,-0.0024,0.0215,2,0,1,0,0,0,0
KAVAUSDT-NKNUSDT,1.396652,3,3,0,1.0,43875.73,14625.24,10237.41,25527.06,8111.25,2.6881,1.94,-0.0095,,62.7,4.39,-0.0069,0.0497,3,0,0,0,0,0,0
BEAMXUSDT-CTSIUSDT,1.396339,6,5,1,0.8333,20616.5,3436.08,4825.63,7606.55,-5405.49,2.7651,1.6339,-0.0129,4.814,48.0,2.06,-0.0084,0.0201,5,0,1,0,0,0,0
SOLUSDT-SUSHIUSDT,1.386806,3,3,0,1.0,14571.42,4857.14,5082.2,7199.41,2289.81,2.75,0.9633,-0.0059,,54.7,1.46,-0.0059,0.018,2,0,0,0,0,0,0
CGPTUSDT-QTUMUSDT,1.386189,6,5,1,0.8333,20714.21,3452.37,4659.01,8051.9,-4513.9,2.8266,1.7461,-0.0096,5.589,52.0,2.07,-0.0049,0.0209,3,0,2,0,1,0,0
GMTUSDT-MASKUSDT,1.385684,4,4,0,1.0,14385.61,3596.4,3774.4,6229.37,607.45,2.6947,0.9306,-0.0055,,37.0,1.44,-0.0012,0.0175,3,0,0,0,1,0,0
ARKUSDT-NEOUSDT,1.385297,3,2,1,0.6667,19997.06,6665.69,5387.33,14987.89,-378.16,2.9301,3.6331,-0.0016,53.8798,22.7,2.0,-0.0012,0.0245,2,0,1,0,0,0,0
ACEUSDT-PHAUSDT,1.384368,3,3,0,1.0,34970.63,11656.88,8036.54,26805.92,128.17,2.7465,1.3204,-0.0082,,25.3,3.5,-0.0077,0.0401,2,0,0,0,0,0,0
ATOMUSDT-JOEUSDT,1.382731,3,3,0,1.0,15564.44,5188.15,5214.12,8643.21,1707.11,2.7368,1.4554,-0.0048,,46.7,1.56,-0.0017,0.0185,2,0,1,0,0,0,0
OMUSDT-RSRUSDT,1.38241,4,3,1,0.75,51222.49,12805.62,8921.42,39123.61,-5743.96,2.8329,3.0088,-0.0088,9.9176,90.0,5.12,-0.0087,0.0497,3,0,1,0,0,0,0
CETUSUSDT-CRVUSDT,1.381044,4,4,0,1.0,18660.68,4665.17,5669.6,6526.14,795.33,2.6816,0.9271,-0.0056,,32.0,1.87,-0.007,0.0179,3,0,1,0,0,0,0
MOVEUSDT-RENDERUSDT,1.376195,4,3,1,0.75,30218.1,7554.53,11233.13,12641.07,-4889.23,2.821,1.1737,-0.0129,7.1805,57.0,3.02,-0.0129,0.0375,3,0,1,0,0,0,0
COTIUSDT-SUSHIUSDT,1.37567,3,3,0,1.0,19363.68,6454.56,8362.88,8792.16,2208.64,2.7169,1.9732,-0.0049,,54.7,1.94,-0.0037,0.0263,2,0,0,0,0,0,0
ICXUSDT-XLMUSDT,1.37416,8,6,2,0.75,23807.76,2975.97,4631.01,10798.65,-11857.31,2.7546,1.3543,-0.0137,2.8774,17.0,2.38,-0.0066,0.0169,6,1,1,0,0,0,0
AAVEUSDT-DOGEUSDT,1.37329,3,3,0,1.0,24661.15,8220.38,8776.12,9217.41,6667.62,2.6217,1.8589,-0.0097,,56.0,2.47,-0.0111,0.0287,3,0,0,0,0,0,0
BCHUSDT-CVXUSDT,1.372893,4,3,1,0.75,31834.72,7958.68,10897.38,13521.1,-3481.13,2.8093,1.5208,-0.0114,10.1449,39.0,3.18,-0.0172,0.0331,3,0,1,0,0,0,0
ALTUSDT-WLDUSDT,1.371514,6,5,1,0.8333,25120.02,4186.67,3177.06,13163.62,-4701.07,2.787,2.1378,-0.0112,6.3435,60.0,2.51,-0.0062,0.0203,3,0,2,0,1,0,0
AIUSDT-STRKUSDT,1.371463,3,2,1,0.6667,13244.29,4414.76,6420.26,7175.81,-351.77,2.8944,1.1722,-0.0043,38.6501,42.7,1.32,-0.0031,0.0183,2,0,1,0,0,0,0
SUSHIUSDT-USTCUSDT,1.371035,4,4,0,1.0,30953.48,7738.37,7339.07,11159.88,5115.45,2.5872,1.9519,-0.0096,,116.0,3.1,-0.013,0.0269,4,0,0,0,0,0,0
AGLDUSDT-NOTUSDT,1.36978,5,4,1,0.8,24861.37,4972.27,7270.97,15526.53,-10023.1,2.7921,1.3525,-0.0114,3.4804,60.0,2.49,-0.0141,0.0248,3,0,2,0,0,0,0
JUPUSDT-SNXUSDT,1.369654,5,4,1,0.8,24051.25,4810.25,7090.27,8177.88,-2443.22,2.7342,1.0821,-0.0112,10.8441,56.0,2.41,-0.0072,0.0217,4,0,1,0,0,0,0
APEUSDT-UMAUSDT,1.369468,3,3,0,1.0,37727.08,12575.69,4783.05,28770.44,4173.58,2.6033,5.6327,-0.0045,,50.7,3.77,-0.0044,0.0433,3,0,0,0,0,0,0
OXTUSDT-WLDUSDT,1.36862,4,2,2,0.5,21060.14,5265.04,5298.27,12000.7,-1537.1,3.4012,1.9148,-0.0034,8.9456,33.0,2.11,-0.0047,0.0204,2,0,2,0,0,0,0
HMSTRUSDT-NEARUSDT,1.368529,3,2,1,0.6667,41463.75,13821.25,19996.5,21554.4,-87.15,3.1888,1.5737,-0.0174,476.7884,70.7,4.15,-0.0142,0.0528,1,0,0,0,2,0,0
HIGHUSDT-IOUSDT,1.367851,6,4,2,0.6667,43317.92,7219.65,11828.38,15560.74,-9477.38,2.823,2.4,-0.0104,5.2863,42.7,4.33,-0.009,0.0349,4,0,2,0,0,0,0
CELRUSDT-FETUSDT,1.365625,5,3,2,0.6,15140.86,3028.17,1946.25,7831.9,-608.38,3.5993,1.614,-0.0053,21.7107,20.8,1.51,-0.0031,0.013,1,0,4,0,0,0,0
ANKRUSDT-LDOUSDT,1.360138,3,3,0,1.0,16106.88,5368.96,6874.13,8070.15,1162.6,2.671,1.747,-0.0039,,48.0,1.61,-0.0056,0.0218,2,0,1,0,0,0,0
OGNUSDT-PNUTUSDT,1.357818,5,3,2,0.6,58226.67,11645.33,10188.84,31711.82,-4467.21,2.8129,5.1647,-0.0099,11.84,56.8,5.82,-0.0117,0.0459,4,0,1,0,0,0,0
API3USDT-RPLUSDT,1.35466,3,3,0,1.0,43450.5,14483.5,9893.96,25629.03,7927.51,2.5707,1.2442,-0.0113,,64.0,4.35,-0.0098,0.0494,3,0,0,0,0,0,0
CELRUSDT-VTHOUSDT,1.354593,4,4,0,1.0,18358.49,4589.62,4994.08,6323.8,2046.53,2.6044,1.3763,-0.0045,,69.0,1.84,-0.0066,0.0178,3,0,1,0,0,0,0
ATOMUSDT-WUSDT,1.353951,4,3,1,0.75,14640.29,3660.07,3059.01,9362.98,-840.71,2.8179,1.3465,-0.0052,18.4141,42.0,1.46,-0.0036,0.0149,2,0,2,0,0,0,0
MOVEUSDT-XLMUSDT,1.353349,4,4,0,1.0,29538.75,7384.69,6998.39,13289.97,2251.99,2.6074,1.5414,-0.0091,,82.0,2.95,-0.0152,0.0307,3,0,1,0,0,0,0
COOKIEUSDT-SEIUSDT,1.353054,4,3,1,0.75,20165.06,5041.27,6485.97,7966.78,-773.66,2.748,1.8631,-0.0081,27.0644,88.0,2.02,-0.0036,0.0226,3,0,1,0,0,0,0
ARKUSDT-TLMUSDT,1.352779,5,4,1,0.8,30402.4,6080.48,6599.75,17324.21,-5106.87,2.6879,1.0021,-0.0125,6.9532,34.4,3.04,-0.0147,0.0247,4,0,0,0,0,0,0
ARPAUSDT-VANAUSDT,1.349801,3,2,1,0.6667,30516.83,10172.28,15205.42,21392.33,-6080.92,2.8366,1.4018,-0.0071,6.0185,61.3,3.05,-0.0142,0.0416,2,0,1,0,0,0,0
CVCUSDT-DIAUSDT,1.349107,3,2,1,0.6667,20735.38,6911.79,7810.89,14651.53,-1727.04,2.9299,0.9899,-0.0072,13.0063,50.7,2.07,-0.0081,0.0264,1,0,2,0,0,0,0
PIXELUSDT-SUIUSDT,1.349084,4,4,0,1.0,14676.09,3669.02,4334.43,5541.48,465.75,2.6606,1.3178,-0.0048,,38.0,1.47,-0.0035,0.0174,2,0,2,0,0,0,0
CVCUSDT-GALAUSDT,1.348698,3,2,1,0.6667,21348.56,7116.19,3494.77,20570.36,-2716.58,2.931,1.2648,-0.0088,8.8586,60.0,2.13,-0.009,0.0307,1,0,1,0,1,0,0
FILUSDT-HIVEUSDT,1.347809,6,5,1,0.8333,21886.78,3647.8,5030.75,7143.57,-6469.73,2.6186,1.4867,-0.0074,4.383,41.3,2.19,-0.0083,0.017,5,0,1,0,0,0,0
THETAUSDT-TWTUSDT,1.346094,4,3,1,0.75,13161.41,3290.35,3751.39,6630.6,-971.97,2.7969,1.5626,-0.0062,14.5409,35.0,1.32,-0.0064,0.0128,2,0,2,0,0,0,0
ACEUSDT-RDNTUSDT,1.345734,4,4,0,1.0,32007.21,8001.8,8061.51,11217.88,4666.31,2.5276,1.6013,-0.0185,,60.0,3.2,-0.0064,0.0334,4,0,0,0,0,0,0
1000CATUSDT-SUSDT,1.345214,3,3,0,1.0,19427.2,6475.73,7437.06,7870.72,4119.43,2.5403,1.2327,-0.0089,,86.7,1.94,-0.0063,0.0231,3,0,0,0,0,0,0
MASKUSDT-OGNUSDT,1.344006,3,2,1,0.6667,13778.77,4592.92,1967.8,13714.04,-1903.08,2.9131,2.4121,-0.0056,8.2403,36.0,1.38,-0.0029,0.0232,1,0,2,0,0,0,0
ALTUSDT-UMAUSDT,1.3428,4,3,1,0.75,15109.81,3777.45,4327.53,8465.65,-2010.91,2.7122,1.3163,-0.0035,8.5139,34.0,1.51,-0.0081,0.0153,3,0,1,0,0,0,0
MINAUSDT-NEOUSDT,1.341789,4,4,0,1.0,27776.7,6944.17,4848.85,17156.17,922.84,2.5695,2.668,-0.0057,,72.0,2.78,-0.007,0.0249,3,0,1,0,0,0,0
ONGUSDT-USTCUSDT,1.341598,4,3,1,0.75,17577.33,4394.33,5195.45,8654.42,-1467.98,2.7794,2.4385,-0.003,12.9738,54.0,1.76,-0.0044,0.0184,2,0,2,0,0,0,0
MAGICUSDT-MAVUSDT,1.341128,3,3,0,1.0,14469.5,4823.17,2169.9,11917.3,382.3,2.7106,1.3877,-0.003,,29.3,1.45,-0.0027,0.0178,1,0,2,0,0,0,0
CETUSUSDT-SUSDT,1.34084,4,3,1,0.75,22739.39,5684.85,7518.36,12654.82,-4952.16,2.7129,1.629,-0.0079,5.5918,48.0,2.27,-0.0063,0.024,3,0,1,0,0,0,0
CVCUSDT-MTLUSDT,1.338499,7,4,3,0.5714,30986.84,4426.69,1603.46,14943.04,-4367.52,2.7639,1.6532,-0.0108,4.5392,53.7,3.1,-0.0116,0.0241,5,0,2,0,0,0,0
HIGHUSDT-MLNUSDT,1.337456,3,3,0,1.0,19492.99,6497.66,6229.95,8211.53,5051.51,2.5156,1.0284,-0.0071,,56.0,1.95,-0.0084,0.023,3,0,0,0,0,0,0
QTUMUSDT-SANDUSDT,1.33693,3,3,0,1.0,10648.93,3549.64,3724.79,4409.65,2514.48,2.5089,1.5771,-0.0035,,54.7,1.06,-0.0043,0.0132,3,0,0,0,0,0,0
AVAXUSDT-SUSHIUSDT,1.335671,4,4,0,1.0,13938.27,3484.57,3171.95,6832.9,761.48,2.5514,1.5573,-0.0053,,49.0,1.39,-0.0035,0.0155,3,0,0,0,0,0,0
LRCUSDT-STORJUSDT,1.335552,3,3,0,1.0,12270.69,4090.23,3407.55,7446.69,1416.45,2.6005,1.1499,-0.0037,,49.3,1.23,-0.0055,0.0173,2,0,1,0,0,0,0
CETUSUSDT-TLMUSDT,1.3355,4,4,0,1.0,24250.52,6062.63,4469.27,13683.62,1628.36,2.5518,3.0532,-0.0059,,85.0,2.43,-0.0072,0.0234,3,0,0,0,1,0,0
ARPAUSDT-LISTAUSDT,1.333879,4,3,1,0.75,13790.05,3447.51,5025.4,5529.15,-1789.91,2.6889,1.0156,-0.0051,8.7043,33.0,1.38,-0.0067,0.0141,3,0,1,0,0,0,0
NEOUSDT-UMAUSDT,1.332855,7,6,1,0.8571,21517.98,3074.0,3344.71,5760.53,-3270.7,2.5789,2.0061,-0.0069,7.579,56.0,2.15,-0.0046,0.013,5,0,2,0,0,0,0
LPTUSDT-TLMUSDT,1.331742,3,3,0,1.0,19014.77,6338.26,6495.27,6701.38,5818.11,2.4975,1.9496,-0.0059,,32.0,1.9,-0.0035,0.0225,3,0,0,0,0,0,0
CETUSUSDT-MOVEUSDT,1.331331,3,3,0,1.0,22582.09,7527.36,5517.07,13253.31,3811.71,2.6899,1.5218,-0.008,,44.0,2.26,-0.0108,0.0261,1,0,2,0,0,0,0
ARBUSDT-COOKIEUSDT,1.329758,4,3,1,0.75,17380.78,4345.19,3908.92,9764.78,-201.84,2.7521,1.0954,-0.0076,87.1097,24.0,1.74,-0.0029,0.0183,2,0,1,0,0,0,0
ONEUSDT-PYTHUSDT,1.329439,4,4,0,1.0,18591.14,4647.78,4828.42,5638.14,3296.16,2.4682,1.5115,-0.0095,,52.0,1.86,-0.0068,0.0173,4,0,0,0,0,0,0
NKNUSDT-SLPUSDT,1.328853,4,3,1,0.75,27671.81,6917.95,6864.6,18094.78,-4152.17,2.6752,2.7417,-0.0055,7.6644,36.0,2.77,-0.0037,0.0273,3,0,1,0,0,0,0
ENJUSDT-VICUSDT,1.328072,3,2,1,0.6667,52868.51,17622.84,12596.52,42593.23,-2321.23,2.7688,6.7408,-0.0031,23.7761,49.3,5.29,-0.0034,0.0624,2,0,1,0,0,0,0
API3USDT-ATAUSDT,1.327507,4,3,1,0.75,42585.54,10646.38,10870.16,22366.66,-1521.45,2.6753,2.4101,-0.0083,28.9902,45.0,4.26,-0.0082,0.0395,3,0,1,0,0,0,0
LISTAUSDT-SEIUSDT,1.327338,3,3,0,1.0,20221.68,6740.56,6943.48,9577.38,3700.82,2.4872,1.4771,-0.0075,,114.7,2.02,-0.0057,0.0261,3,0,0,0,0,0,0
KAITOUSDT-SKLUSDT,1.326408,5,3,2,0.6,38055.09,7611.02,12045.3,20737.11,-5592.37,2.7818,2.096,-0.011,5.8927,90.4,3.81,-0.0082,0.0396,3,0,2,0,0,0,0
FILUSDT-PEOPLEUSDT,1.326121,4,4,0,1.0,16287.66,4071.92,3360.49,7966.46,1600.21,2.5263,1.7732,-0.0068,,77.0,1.63,-0.0048,0.0158,3,0,1,0,0,0,0
VTHOUSDT-XLMUSDT,1.324776,3,3,0,1.0,18754.56,6251.52,7440.63,8975.65,2338.28,2.5799,1.1162,-0.0108,,73.3,1.88,-0.008,0.0229,2,0,1,0,0,0,0
1000SATSUSDT-KAIAUSDT,1.323873,3,3,0,1.0,16772.77,5590.92,3896.15,9589.96,3286.66,2.664,1.0309,-0.0048,,22.7,1.68,0.0,0.0248,1,0,2,0,0,0,0
1MBABYDOGEUSDT-MOVRUSDT,1.322791,3,2,1,0.6667,17279.8,5759.93,7206.09,14514.34,-4440.64,2.7559,3.0954,-0.0047,4.8913,50.7,1.73,-0.0077,0.0252,2,0,1,0,0,0,0
AUCTIONUSDT-XRPUSDT,1.322336,5,3,2,0.6,23614.7,4722.94,6654.5,10032.28,-1812.86,2.8219,2.5566,-0.0072,10.6985,74.4,2.36,-0.0066,0.0217,2,0,3,0,0,0,0
CAKEUSDT-SCRUSDT,1.321097,5,4,1,0.8,19429.15,3885.83,6332.58,9027.39,-5724.82,2.5404,1.4212,-0.0126,4.3938,52.8,1.94,-0.0118,0.0177,5,0,0,0,0,0,0
AEVOUSDT-DYDXUSDT,1.320112,6,5,1,0.8333,20403.92,3400.65,6454.46,8397.25,-10574.18,2.5507,1.0204,-0.0106,2.9296,30.0,2.04,-0.0095,0.0182,5,1,0,0,0,0,0
CRVUSDT-SUIUSDT,1.319969,6,5,1,0.8333,17185.99,2864.33,3702.21,4766.13,-2015.66,2.5358,1.2117,-0.0051,9.5262,43.3,1.72,-0.004,0.0133,5,0,1,0,0,0,0
CHRUSDT-FLUXUSDT,1.319448,3,3,0,1.0,15446.26,5148.75,5307.16,9100.21,1038.89,2.5574,1.1949,-0.0058,,33.3,1.54,-0.0089,0.0185,2,0,0,0,1,0,0
BELUSDT-ONEUSDT,1.317564,5,4,1,0.8,50780.82,10156.16,7400.51,29859.13,-10584.06,2.5848,1.6722,-0.0108,5.7979,50.4,5.08,-0.015,0.0424,4,1,0,0,0,0,0
AAVEUSDT-MOVEUSDT,1.315016,3,2,1,0.6667,21711.47,7237.16,10609.28,13587.11,-2484.92,2.7385,1.0785,-0.008,9.7373,34.7,2.17,-0.0112,0.0308,2,0,1,0,0,0,0
CELRUSDT-CKBUSDT,1.313418,6,5,1,0.8333,22629.27,3771.54,4111.23,9797.47,-3378.31,2.5691,2.3353,-0.0082,7.6984,64.7,2.26,-0.004,0.0195,4,0,2,0,0,0,0
1000CHEEMSUSDT-ASTRUSDT,1.311359,4,4,0,1.0,41823.15,10455.79,10614.29,20062.49,532.08,2.567,0.926,-0.0148,,35.0,4.18,-0.0103,0.0467,2,0,2,0,0,0,0
NEIROUSDT-XAIUSDT,1.310232,3,3,0,1.0,16712.38,5570.79,6819.5,7330.99,2561.9,2.532,1.3281,-0.0064,,40.0,1.67,-0.006,0.0214,2,0,1,0,0,0,0
ACXUSDT-UMAUSDT,1.307709,3,2,1,0.6667,19046.52,6348.84,7543.64,13594.99,-2092.11,2.7158,1.3669,-0.0068,10.104,61.3,1.9,-0.0026,0.0268,2,0,1,0,0,0,0
AUCTIONUSDT-ETHUSDT,1.307423,3,2,1,0.6667,24091.14,8030.38,10244.36,16609.74,-2762.95,2.7153,1.3836,-0.007,9.7193,78.7,2.41,-0.0101,0.0316,2,0,1,0,0,0,0
ARKUSDT-ARUSDT,1.307215,4,3,1,0.75,24517.57,6129.39,7119.31,15228.31,-4949.35,2.6164,1.6092,-0.0076,5.9537,57.0,2.45,-0.0075,0.0263,3,0,1,0,0,0,0
ALTUSDT-RVNUSDT,1.307158,7,6,1,0.8571,21965.36,3137.91,5898.88,8065.54,-12381.53,2.5364,1.8666,-0.0135,2.774,42.3,2.2,-0.0093,0.0184,5,0,2,0,0,0,0
CFXUSDT-HOOKUSDT,1.307038,3,2,1,0.6667,14079.44,4693.15,6473.45,8138.22,-532.24,2.7121,1.3696,-0.0055,27.4534,81.3,1.41,-0.0019,0.0188,2,0,1,0,0,0,0
COSUSDT-LDOUSDT,1.303344,3,2,1,0.6667,9135.35,3045.12,4519.84,4746.8,-131.28,2.6989,1.6037,-0.0037,70.5845,44.0,0.91,-0.0046,0.0119,2,0,1,0,0,0,0
GALAUSDT-MBOXUSDT,1.303242,6,5,1,0.8333,17682.33,2947.06,4125.4,7830.33,-5805.88,2.5375,0.921,-0.0064,4.0456,18.0,1.77,-0.0032,0.0148,4,1,0,0,0,0,0
GMTUSDT-POWRUSDT,1.301797,6,4,2,0.6667,25000.19,4166.7,4593.39,9632.16,-384.98,2.6814,1.4854,-0.01,39.0377,53.3,2.5,-0.0009,0.0203,3,0,2,0,0,0,0
ONGUSDT-STEEMUSDT,1.299042,9,8,1,0.8889,52976.74,5886.3,6170.38,29326.57,-24721.46,2.4143,1.1356,-0.0264,3.1429,48.0,5.3,-0.0101,0.032,8,1,0,0,0,0,0
ARKUSDT-ZILUSDT,1.298389,5,4,1,0.8,27508.31,5501.66,3754.77,15601.12,-1713.94,2.5798,1.6542,-0.0056,17.0497,29.6,2.75,-0.0076,0.0219,3,0,2,0,0,0,0
HOOKUSDT-ONTUSDT,1.298315,3,3,0,1.0,15616.68,5205.56,6497.61,8249.17,869.9,2.4942,1.2852,-0.0037,,44.0,1.56,-0.002,0.0218,2,0,1,0,0,0,0
MTLUSDT-OPUSDT,1.297555,3,3,0,1.0,17537.83,5845.94,7535.22,7768.96,2233.65,2.4086,1.4439,-0.012,,96.0,1.75,-0.0077,0.0256,3,0,0,0,0,0,0
API3USDT-HBARUSDT,1.296681,4,3,1,0.75,43450.44,10862.61,8524.8,26653.21,-252.38,2.5855,1.8098,-0.0071,173.166,16.0,4.35,-0.0072,0.0389,3,0,1,0,0,0,0
BNTUSDT-UMAUSDT,1.295573,4,3,1,0.75,10246.24,2561.56,3586.74,4749.08,-1676.31,2.6489,0.9868,-0.0037,7.1124,35.0,1.02,-0.0045,0.0115,2,0,2,0,0,0,0
1000SATSUSDT-ICXUSDT,1.29524,3,3,0,1.0,8736.85,2912.28,3906.68,3999.36,830.81,2.5769,1.6998,-0.0011,,17.3,0.87,0.0,0.0128,1,0,2,0,0,0,0
HIVEUSDT-SEIUSDT,1.294664,9,8,1,0.8889,30567.77,3396.42,5162.72,10392.47,-16265.43,2.4394,1.3343,-0.0225,2.8793,39.1,3.06,-0.0094,0.0213,7,1,0,0,0,0,0
1000SATSUSDT-LPTUSDT,1.293879,3,3,0,1.0,16908.4,5636.13,5644.39,6207.29,5056.72,2.4856,1.3005,-0.0066,,29.3,1.69,-0.0017,0.0218,2,0,0,0,0,0,0
COTIUSDT-GALAUSDT,1.292198,3,3,0,1.0,13701.1,4567.03,5230.97,7458.0,1012.13,2.4839,0.9024,-0.0088,,56.0,1.37,-0.0022,0.0231,2,0,1,0,0,0,0
RENDERUSDT-SUSDT,1.289781,3,2,1,0.6667,14200.21,4733.4,4467.53,10099.81,-367.13,2.6639,0.8892,-0.0063,39.6786,48.0,1.42,-0.0042,0.017,2,0,1,0,0,0,0
AUCTIONUSDT-PYTHUSDT,1.28904,5,4,1,0.8,34871.16,6974.23,10012.65,21495.59,-18173.97,2.5218,1.162,-0.0183,2.9187,44.8,3.49,-0.012,0.0367,4,1,0,0,0,0,0
ILVUSDT-UNIUSDT,1.288966,3,2,1,0.6667,15510.29,5170.1,9105.16,9402.04,-2996.9,2.659,1.2614,-0.0045,6.1754,40.0,1.55,-0.0041,0.0223,2,0,1,0,0,0,0
ENAUSDT-HIVEUSDT,1.288927,5,4,1,0.8,19282.04,3856.41,6700.83,10136.63,-9349.84,2.5041,0.5978,-0.0116,3.0623,26.4,1.93,-0.0065,0.0218,4,1,0,0,0,0,0
API3USDT-DOGEUSDT,1.28892,3,2,1,0.6667,13866.27,4622.09,7913.92,8550.12,-2597.78,2.6632,1.2086,-0.0075,6.3377,56.0,1.39,-0.0042,0.0235,2,0,1,0,0,0,0
SEIUSDT-UMAUSDT,1.288615,8,6,2,0.75,30924.65,3865.58,4915.88,19100.55,-7724.59,2.533,2.0876,-0.0128,3.4851,44.0,3.09,-0.008,0.0206,5,1,2,0,0,0,0
ENSUSDT-XLMUSDT,1.287215,4,4,0,1.0,12306.95,3076.74,3583.78,4284.79,854.61,2.4105,1.5867,-0.0035,,34.0,1.23,-0.0035,0.0127,3,0,1,0,0,0,0
COTIUSDT-GRTUSDT,1.285754,4,3,1,0.75,16494.41,4123.6,4874.31,7392.98,-647.19,2.5565,1.2429,-0.0087,26.486,59.0,1.65,-0.0071,0.0181,3,0,0,0,1,0,0
AUCTIONUSDT-RAREUSDT,1.285564,5,4,1,0.8,27363.87,5472.77,9156.67,12841.32,-12318.88,2.4993,0.6402,-0.0149,3.2213,29.6,2.74,-0.0107,0.0295,4,1,0,0,0,0,0
IMXUSDT-SUSHIUSDT,1.285019,4,3,1,0.75,15852.84,3963.21,4751.97,8904.54,-2555.65,2.5487,1.9124,-0.0047,7.2031,61.0,1.59,-0.003,0.0182,3,0,1,0,0,0,0
CELRUSDT-CGPTUSDT,1.28419,3,2,1,0.6667,11018.23,3672.74,5986.68,6615.28,-1583.73,2.6443,0.8251,-0.0037,7.9571,37.3,1.1,-0.0051,0.0152,2,0,1,0,0,0,0
AIUSDT-MEMEUSDT,1.280681,3,3,0,1.0,13787.65,4595.88,4791.84,5524.22,3471.59,2.3544,0.9995,-0.0078,,42.7,1.38,-0.0057,0.0164,3,0,0,0,0,0,0
DOGEUSDT-ONTUSDT,1.280182,5,4,1,0.8,15682.72,3136.54,5333.61,9405.51,-10008.55,2.6346,1.7226,-0.0115,2.5669,32.0,1.57,-0.0079,0.0182,2,0,3,0,0,0,0
CGPTUSDT-TLMUSDT,1.279406,5,4,1,0.8,21934.14,4386.83,7596.1,9124.2,-8218.15,2.4809,1.8421,-0.0144,3.669,32.8,2.19,-0.0074,0.023,4,0,1,0,0,0,0
ILVUSDT-KAITOUSDT,1.279003,3,3,0,1.0,40832.11,13610.7,8188.58,31943.54,699.99,2.4471,2.0985,-0.0094,,44.0,4.08,-0.0115,0.0467,2,0,0,0,1,0,0
CTKUSDT-ONTUSDT,1.27891,4,3,1,0.75,14524.63,3631.16,5720.77,6577.38,-3494.29,2.5339,1.7141,-0.0065,5.1567,64.0,1.45,-0.0042,0.0191,3,0,1,0,0,0,0
ENSUSDT-RSRUSDT,1.278792,6,5,1,0.8333,16745.56,2790.93,5377.99,6189.42,-10288.38,2.461,0.6632,-0.0103,2.6276,32.7,1.67,-0.0064,0.0162,5,1,0,0,0,0,0
NEARUSDT-ZKUSDT,1.277613,3,3,0,1.0,18935.83,6311.94,7298.75,9437.09,2199.99,2.4461,1.5175,-0.0115,,90.7,1.89,-0.012,0.0231,2,0,1,0,0,0,0
1000CHEEMSUSDT-COMPUSDT,1.276028,3,3,0,1.0,38883.15,12961.05,14163.08,19398.69,5321.38,2.3486,1.2888,-0.0131,,98.7,3.89,-0.0126,0.0496,3,0,0,0,0,0,0
DFUSDT-HOOKUSDT,1.273948,4,4,0,1.0,18176.1,4544.02,4574.5,7132.6,1894.5,2.3792,1.2719,-0.0082,,76.0,1.82,-0.0053,0.019,3,0,0,0,1,0,0
HEIUSDT-RPLUSDT,1.270704,3,2,1,0.6667,17170.52,5723.51,7393.29,10376.25,-599.02,2.6103,1.0022,-0.0069,29.6643,24.0,1.72,-0.0033,0.0263,2,0,1,0,0,0,0
STEEMUSDT-XRPUSDT,1.270688,6,4,2,0.6667,93480.59,15580.1,9151.14,51628.16,-13893.0,2.5555,2.6141,-0.0175,7.3482,36.0,9.35,-0.0126,0.0648,4,0,2,0,0,0,0
AVAXUSDT-HOTUSDT,1.270472,3,3,0,1.0,18887.76,6295.92,3754.24,12988.88,2144.64,2.5096,1.5169,-0.0036,,16.0,1.89,-0.0021,0.0265,1,0,2,0,0,0,0
AUCTIONUSDT-REDUSDT,1.269928,3,2,1,0.6667,24778.41,8259.47,6175.38,22721.14,-4118.1,2.7029,1.2952,-0.0066,7.017,42.7,2.48,-0.0077,0.0349,1,0,2,0,0,0,0
JOEUSDT-KAVAUSDT,1.269227,3,2,1,0.6667,9970.88,3323.63,5364.69,6000.55,-1394.36,2.6003,1.0057,-0.0029,8.1508,34.7,1.0,-0.0022,0.0141,2,0,1,0,0,0,0
HIVEUSDT-RSRUSDT,1.265204,5,4,1,0.8,29828.81,5965.76,6903.03,9518.66,-1743.45,2.4334,1.4245,-0.0095,18.109,63.2,2.98,-0.0072,0.0267,4,0,1,0,0,0,0
ONGUSDT-TUTUSDT,1.262418,5,4,1,0.8,24296.36,4859.27,7288.42,15009.5,-10299.34,2.4271,1.1962,-0.0107,3.359,26.4,2.43,-0.0078,0.0241,4,1,0,0,0,0,0
PHAUSDT-PYTHUSDT,1.262271,3,2,1,0.6667,18255.06,6085.02,5063.69,13961.44,-770.07,2.6786,1.532,-0.0049,24.7057,21.3,1.83,-0.0065,0.022,1,0,2,0,0,0,0
CAKEUSDT-VANRYUSDT,1.26202,4,3,1,0.75,18448.67,4612.17,6381.19,7871.84,-2185.54,2.4844,1.6175,-0.0056,9.4412,48.0,1.84,-0.0056,0.0202,3,0,1,0,0,0,0
AUCTIONUSDT-NFPUSDT,1.259209,4,3,1,0.75,48854.01,12213.5,11254.92,33572.44,-7228.26,2.4838,2.7164,-0.0108,7.7587,66.0,4.89,-0.0119,0.0483,3,0,1,0,0,0,0
ANKRUSDT-AXSUSDT,1.257914,7,5,2,0.7143,16139.53,2305.65,3917.82,6571.64,-5755.82,2.4462,1.3192,-0.0068,3.0837,45.7,1.61,-0.0063,0.0129,5,1,1,0,0,0,0
GALAUSDT-HOOKUSDT,1.257784,3,2,1,0.6667,9953.97,3317.99,4988.38,5025.21,-59.62,2.5684,1.3815,-0.0034,167.9511,28.0,1.0,-0.0005,0.0138,2,0,1,0,0,0,0
ARKUSDT-UMAUSDT,1.257567,4,2,2,0.5,22494.28,5623.57,4921.78,15590.53,-2939.81,2.6861,2.0682,-0.0058,8.0743,70.0,2.25,-0.0063,0.0245,2,0,2,0,0,0,0
1000CHEEMSUSDT-DEXEUSDT,1.256973,3,3,0,1.0,27457.44,9152.48,11830.57,13848.35,1778.52,2.3847,1.8888,-0.0098,,69.3,2.75,-0.0059,0.0347,2,0,0,0,1,0,0
ACEUSDT-LDOUSDT,1.256584,7,5,2,0.7143,39360.92,5622.99,9483.56,10875.92,-6098.32,2.4976,2.0441,-0.0168,5.0899,40.0,3.94,-0.0053,0.0326,4,0,2,0,0,0,0
CVCUSDT-PENGUUSDT,1.256484,3,2,1,0.6667,16048.76,5349.59,636.43,18933.43,-3521.1,2.6603,2.0091,-0.0037,5.5579,22.7,1.6,-0.0037,0.0246,1,0,2,0,0,0,0
KSMUSDT-SNXUSDT,1.254941,3,2,1,0.6667,14170.43,4723.48,5113.53,11303.49,-2246.59,2.5608,1.9626,-0.0038,7.3075,36.0,1.42,-0.0022,0.0209,2,0,1,0,0,0,0
MBOXUSDT-XAIUSDT,1.254721,3,2,1,0.6667,9149.88,3049.96,3725.01,5679.15,-254.28,2.5573,1.1493,-0.0018,36.9836,20.0,0.91,-0.0011,0.0123,2,0,1,0,0,0,0
GRTUSDT-MTLUSDT,1.252265,5,4,1,0.8,20819.55,4163.91,5589.93,7894.12,-501.41,2.3923,1.8964,-0.0066,42.5219,91.2,2.08,-0.0059,0.0168,4,0,0,0,0,0,0
CKBUSDT-ONEUSDT,1.251907,6,5,1,0.8333,27825.99,4637.66,6551.39,8821.88,-2263.5,2.3541,1.7496,-0.0141,13.2934,102.0,2.78,-0.018,0.0229,5,0,1,0,0,0,0
HFTUSDT-USTCUSDT,1.251896,5,4,1,0.8,23185.08,4637.02,5953.1,11658.73,-9671.12,2.4009,0.9278,-0.0134,3.3974,35.2,2.32,-0.0102,0.023,4,1,0,0,0,0,0
DOGEUSDT-STEEMUSDT,1.250999,3,2,1,0.6667,79864.09,26621.36,35899.06,46354.66,-2389.63,2.5559,7.4953,-0.0082,34.4211,65.3,7.99,-0.0091,0.0932,2,0,1,0,0,0,0
INJUSDT-RUNEUSDT,1.250901,3,3,0,1.0,25090.07,8363.36,5967.41,17637.2,1485.46,2.3582,2.0707,-0.0034,,14.7,2.51,-0.0054,0.0291,2,0,1,0,0,0,0
ADAUSDT-BMTUSDT,1.249513,3,3,0,1.0,9138.31,3046.1,4261.71,4389.7,486.89,2.4498,1.2347,-0.0036,,40.0,0.91,-0.0035,0.0139,1,0,2,0,0,0,0
MTLUSDT-STEEMUSDT,1.249395,4,3,1,0.75,66196.03,16549.01,11144.57,48982.89,-5076.01,2.45,6.8591,-0.0068,14.041,67.0,6.62,-0.0048,0.0612,3,0,1,0,0,0,0
NMRUSDT-VANRYUSDT,1.248582,3,3,0,1.0,11057.55,3685.85,2879.83,5975.41,2202.31,2.4475,0.9084,-0.0038,,42.7,1.11,-0.0009,0.0173,1,0,1,0,1,0,0
ANKRUSDT-IOTXUSDT,1.247909,3,3,0,1.0,20576.09,6858.7,7779.76,7819.16,4977.17,2.2603,1.1565,-0.0075,,65.3,2.06,-0.007,0.0241,3,0,0,0,0,0,0
MTLUSDT-XLMUSDT,1.247505,6,4,2,0.6667,16295.38,2715.9,2244.79,7360.33,-1271.65,2.517,1.831,-0.0035,8.6854,44.0,1.63,-0.0029,0.0128,3,0,2,0,0,0,0
STEEMUSDT-WLDUSDT,1.247246,4,3,1,0.75,98036.07,24509.02,26929.08,55853.4,-11675.49,2.4763,1.2299,-0.0295,9.3967,47.0,9.8,-0.0095,0.1107,3,0,1,0,0,0,0
HFTUSDT-WOOUSDT,1.246886,3,3,0,1.0,15847.73,5282.58,5413.54,8204.82,2229.37,2.4495,1.2536,-0.0086,,53.3,1.58,-0.005,0.0274,1,0,2,0,0,0,0
MOVEUSDT-WIFUSDT,1.246403,3,2,1,0.6667,27254.66,9084.89,12244.84,16461.72,-1451.9,2.5524,0.8835,-0.015,19.7717,34.7,2.73,-0.0168,0.0374,2,0,1,0,0,0,0
LTCUSDT-TRBUSDT,1.244888,3,2,1,0.6667,14410.64,4803.55,7280.25,7313.39,-183.0,2.5329,1.2672,-0.0044,79.7482,89.3,1.44,-0.0054,0.0213,2,0,1,0,0,0,0
ORCAUSDT-PNUTUSDT,1.244786,4,3,1,0.75,82692.14,20673.03,19357.97,48759.99,-4783.8,2.533,2.2063,-0.0241,18.2859,39.0,8.27,-0.009,0.0871,2,0,2,0,0,0,0
DYMUSDT-HBARUSDT,1.244732,4,3,1,0.75,11534.09,2883.52,4003.03,7008.48,-3480.45,2.5103,0.9342,-0.0084,4.314,21.0,1.15,-0.0066,0.0135,2,0,2,0,0,0,0
BMTUSDT-YGGUSDT,1.242566,4,3,1,0.75,44778.48,11194.62,9170.21,32631.73,-6193.67,2.4296,3.9063,-0.0062,8.2297,97.0,4.48,-0.0068,0.0439,3,0,1,0,0,0,0
ETCUSDT-PNUTUSDT,1.241869,5,4,1,0.8,11558.74,2311.75,3001.87,5156.97,-3679.4,2.3587,1.2198,-0.0039,4.1415,35.2,1.16,-0.0054,0.0112,4,1,0,0,0,0,0
API3USDT-BLURUSDT,1.240994,5,4,1,0.8,37769.25,7553.85,6639.28,22723.76,-2981.23,2.3661,1.2287,-0.0108,13.669,38.4,3.78,-0.0071,0.0312,4,0,1,0,0,0,0
NOTUSDT-ORDIUSDT,1.240732,4,4,0,1.0,26688.41,6672.1,3092.45,20174.62,328.9,2.4221,2.2825,-0.0046,,36.0,2.67,-0.004,0.0274,1,0,3,0,0,0,0
AGLDUSDT-CKBUSDT,1.238512,4,3,1,0.75,19178.81,4794.7,7242.75,10810.95,-6117.64,2.4214,1.5544,-0.0086,4.135,64.0,1.92,-0.0098,0.022,3,0,1,0,0,0,0
ARKMUSDT-RSRUSDT,1.236146,5,4,1,0.8,21655.13,4331.03,4356.67,9394.77,-383.7,2.408,1.4291,-0.0098,57.438,53.6,2.17,-0.0063,0.02,3,0,1,0,0,0,0
DIAUSDT-GRTUSDT,1.234597,4,3,1,0.75,23003.41,5750.85,7426.65,10361.67,-2211.55,2.4126,0.999,-0.0103,11.4015,40.0,2.3,-0.013,0.0245,3,0,1,0,0,0,0
OMUSDT-SEIUSDT,1.233866,4,3,1,0.75,41079.61,10269.9,9928.93,26561.82,-5340.07,2.4826,1.4566,-0.0107,8.6927,53.0,4.11,-0.0113,0.0395,2,0,2,0,0,0,0
CRVUSDT-VELODROMEUSDT,1.233607,7,5,2,0.7143,19990.43,2855.78,5827.36,7000.4,-8133.25,2.3798,1.484,-0.0089,3.0258,28.0,2.0,-0.0077,0.0161,5,1,1,0,0,0,0
ASTRUSDT-VICUSDT,1.232016,3,2,1,0.6667,10912.53,3637.51,6458.23,6697.47,-2243.17,2.4947,1.3979,-0.0034,5.8648,62.7,1.09,-0.0032,0.0164,2,0,1,0,0,0,0
COTIUSDT-WUSDT,1.230876,5,4,1,0.8,16566.33,3313.27,3701.37,8537.57,-4202.7,2.4458,1.7379,-0.0068,4.9418,47.2,1.66,-0.0053,0.018,2,0,2,0,0,0,0
BROCCOLI714USDT-OGNUSDT,1.230247,4,3,1,0.75,29987.9,7496.97,4551.72,22555.27,-1670.81,2.469,1.3155,-0.0084,18.9481,24.0,3.0,-0.0113,0.0284,2,0,2,0,0,0,0
ARKUSDT-QTUMUSDT,1.2297,6,4,2,0.6667,16858.19,2809.7,4479.37,8735.42,-7301.64,2.4733,1.7708,-0.0085,3.2134,40.0,1.69,-0.0075,0.015,3,0,2,0,0,0,0
MLNUSDT-XLMUSDT,1.229581,8,6,2,0.75,19424.88,2428.11,4677.87,5877.48,-8078.2,2.3364,1.2583,-0.0092,2.8644,35.0,1.94,-0.0084,0.0143,6,0,2,0,0,0,0
HIVEUSDT-REZUSDT,1.228098,4,3,1,0.75,12221.28,3055.32,3966.02,9399.92,-5110.67,2.4602,1.1174,-0.0066,3.3913,28.0,1.22,-0.0074,0.016,2,0,2,0,0,0,0
AVAXUSDT-VELODROMEUSDT,1.227985,3,2,1,0.6667,9571.11,3190.37,5106.75,6302.87,-1838.5,2.4842,0.9007,-0.0041,6.2059,33.3,0.96,-0.0032,0.015,2,0,1,0,0,0,0
CKBUSDT-HIVEUSDT,1.227418,4,4,0,1.0,16942.12,4235.53,4262.87,6199.12,2217.27,2.1755,1.4256,-0.0086,,75.0,1.69,-0.0082,0.0166,4,0,0,0,0,0,0
API3USDT-LDOUSDT,1.226112,3,2,1,0.6667,12856.24,4285.41,8945.06,9467.29,-5556.12,2.4824,1.3072,-0.0066,3.3139,48.0,1.29,-0.0093,0.0214,2,0,1,0,0,0,0
CRVUSDT-TLMUSDT,1.224468,6,4,2,0.6667,25778.4,4296.4,3726.98,11140.74,-1723.77,2.411,1.6544,-0.0088,14.3863,44.7,2.58,-0.0071,0.0204,4,0,2,0,0,0,0
METISUSDT-POLYXUSDT,1.223094,4,4,0,1.0,38477.8,9619.45,7015.79,24445.49,0.72,2.3871,1.362,-0.0154,,51.0,3.85,-0.0099,0.036,1,0,2,0,1,0,0
COOKIEUSDT-RSRUSDT,1.222723,6,3,3,0.5,24789.78,4131.63,2021.5,14878.42,-5974.76,2.5529,1.5825,-0.0116,4.6217,54.7,2.48,-0.0078,0.0263,3,0,2,0,0,0,0
GRTUSDT-STORJUSDT,1.22255,6,4,2,0.6667,18642.61,3107.1,5597.56,9213.11,-8329.81,2.4154,1.0063,-0.0104,2.9207,46.0,1.86,-0.009,0.0165,4,0,2,0,0,0,0
COTIUSDT-HBARUSDT,1.221936,4,3,1,0.75,14663.91,3665.98,5730.41,8676.18,-5473.08,2.3723,1.428,-0.0073,3.6793,45.0,1.47,-0.0044,0.0195,3,0,1,0,0,0,0
ICXUSDT-STORJUSDT,1.221318,3,3,0,1.0,14160.89,4720.3,3284.38,10681.16,195.35,2.3748,0.8579,-0.0075,,49.3,1.42,-0.004,0.0216,1,0,1,0,0,0,0
1000CATUSDT-MTLUSDT,1.220998,4,3,1,0.75,17236.43,4309.11,5464.2,11320.75,-5012.71,2.3678,2.1013,-0.0061,4.4385,80.0,1.72,-0.004,0.0207,3,0,1,0,0,0,0
CVCUSDT-IMXUSDT,1.219654,5,4,1,0.8,30619.24,6123.85,6301.42,13878.57,-4579.3,2.3122,1.4859,-0.0158,7.6864,88.8,3.06,-0.0144,0.0264,4,0,1,0,0,0,0
API3USDT-COTIUSDT,1.219342,3,3,0,1.0,35998.96,11999.65,6984.46,27723.2,1291.29,2.2747,1.6606,-0.0081,,77.3,3.6,-0.0048,0.048,2,0,1,0,0,0,0
MBOXUSDT-SEIUSDT,1.218546,8,6,2,0.75,20964.06,2620.51,2369.15,7566.84,-4050.96,2.3588,1.2821,-0.006,5.7429,39.5,2.1,-0.0052,0.0152,4,0,3,0,0,0,0
COTIUSDT-SOLUSDT,1.218149,3,2,1,0.6667,17727.6,5909.2,8687.92,10311.71,-1272.03,2.4639,0.7051,-0.0095,14.9365,24.0,1.77,-0.0037,0.0299,2,0,1,0,0,0,0
JOEUSDT-LISTAUSDT,1.217205,5,4,1,0.8,16926.56,3385.31,5063.68,6793.97,-5962.63,2.2918,1.3003,-0.0064,3.8388,63.2,1.69,-0.0113,0.0162,4,0,1,0,0,0,0
ORDIUSDT-PIXELUSDT,1.216948,4,3,1,0.75,25363.34,6340.83,4255.28,19851.88,-2999.1,2.4301,1.3325,-0.0078,9.457,42.0,2.54,-0.008,0.0296,2,0,2,0,0,0,0
GRTUSDT-LINKUSDT,1.215969,5,4,1,0.8,13619.68,2723.94,3900.12,7751.78,-6609.03,2.2888,1.7289,-0.0067,3.0608,38.4,1.36,-0.0057,0.0145,4,0,1,0,0,0,0
UMAUSDT-VTHOUSDT,1.214974,4,4,0,1.0,29241.09,7310.27,3008.32,22087.49,1136.95,2.137,2.3546,-0.0065,,90.0,2.92,-0.0091,0.0274,4,0,0,0,0,0,0
1000CHEEMSUSDT-TRUMPUSDT,1.214681,3,3,0,1.0,26941.04,8980.35,6068.82,19578.66,1293.56,2.2684,1.821,-0.013,,77.3,2.69,-0.0074,0.0401,2,0,1,0,0,0,0
1000SATSUSDT-ARPAUSDT,1.214571,4,3,1,0.75,21837.16,5459.29,6844.79,10740.13,-2592.54,2.2882,1.9416,-0.0132,9.4231,92.0,2.18,-0.0131,0.0238,4,0,0,0,0,0,0
BANANAUSDT-ROSEUSDT,1.214152,3,3,0,1.0,33243.12,11081.04,15008.35,17134.78,1099.99,2.2789,0.8772,-0.0214,,41.3,3.32,-0.0227,0.0456,2,0,0,0,1,0,0
INJUSDT-VELODROMEUSDT,1.213738,3,2,1,0.6667,10067.87,3355.96,4746.74,7111.82,-1790.68,2.4443,1.0099,-0.0047,6.6224,36.0,1.01,-0.0037,0.0158,2,0,1,0,0,0,0
IDUSDT-ORDIUSDT,1.212635,3,2,1,0.6667,9991.28,3330.43,516.35,10458.18,-983.25,2.5337,1.3543,-0.0028,11.1615,32.0,1.0,-0.0032,0.0152,1,0,2,0,0,0,0
COSUSDT-PENDLEUSDT,1.212023,3,2,1,0.6667,13390.47,4463.49,3690.19,10148.68,-448.4,2.5338,1.4348,-0.0041,30.8626,58.7,1.34,-0.0042,0.0169,1,0,2,0,0,0,0
OGNUSDT-SKLUSDT,1.205869,4,3,1,0.75,55548.41,13887.1,12481.91,34430.68,-3846.1,2.3326,1.8789,-0.0117,15.4428,32.0,5.55,-0.0178,0.0532,3,0,1,0,0,0,0
ANKRUSDT-ILVUSDT,1.205811,6,5,1,0.8333,14394.07,2399.01,4338.64,5116.89,-7721.0,2.2266,0.726,-0.0079,2.8643,35.3,1.44,-0.0075,0.0134,5,1,0,0,0,0,0
CHZUSDT-NFPUSDT,1.205682,3,2,1,0.6667,14539.15,4846.38,6308.77,9748.56,-1518.17,2.4247,0.8087,-0.007,10.5768,30.7,1.45,-0.006,0.0195,2,0,0,0,0,0,0
BELUSDT-PNUTUSDT,1.203927,3,2,1,0.6667,15527.33,5175.78,1656.4,15502.33,-1631.4,2.514,0.8961,-0.0064,10.5178,34.7,1.55,-0.0017,0.0201,1,0,2,0,0,0,0
GTCUSDT-HOOKUSDT,1.203224,7,5,2,0.7143,18132.85,2590.41,4310.52,6826.22,-3828.71,2.2911,1.6664,-0.0076,3.7366,36.0,1.81,-0.0057,0.017,5,0,2,0,0,0,0
CELRUSDT-MTLUSDT,1.201863,3,2,1,0.6667,11343.58,3781.19,4621.2,9149.73,-2427.35,2.4105,1.1588,-0.0047,5.6732,56.0,1.13,-0.0039,0.018,2,0,1,0,0,0,0
DIAUSDT-POLYXUSDT,1.200834,3,3,0,1.0,15340.92,5113.64,6269.14,8222.83,848.95,2.2158,1.5522,-0.0038,,76.0,1.53,-0.0028,0.0204,2,0,1,0,0,0,0
MOVEUSDT-PENGUUSDT,1.199458,4,3,1,0.75,29267.05,7316.76,11347.83,17773.93,-11202.53,2.3181,0.9057,-0.0144,3.6125,39.0,2.93,-0.0262,0.0356,3,0,1,0,0,0,0
AIUSDT-CRVUSDT,1.19926,6,5,1,0.8333,19753.71,3292.29,6144.3,9455.5,-12533.22,2.2419,0.9383,-0.0125,2.5761,45.3,1.98,-0.0081,0.0203,5,1,0,0,0,0,0
CVCUSDT-LISTAUSDT,1.197506,5,3,2,0.6,23511.85,4702.37,9353.53,14729.58,-7286.77,2.4146,1.4545,-0.0118,3.2389,46.4,2.35,-0.0125,0.0298,3,0,2,0,0,0,0
MTLUSDT-OGNUSDT,1.1975,3,2,1,0.6667,24858.77,8286.26,8565.77,21125.36,-4832.37,2.4004,2.559,-0.0064,6.1442,32.0,2.49,-0.0074,0.0337,2,0,1,0,0,0,0
JOEUSDT-MBOXUSDT,1.194842,6,4,2,0.6667,12880.07,2146.68,3080.23,4740.85,-2425.6,2.327,1.4975,-0.0092,5.8414,49.3,1.29,-0.0046,0.0123,4,0,2,0,0,0,0
AGLDUSDT-CTKUSDT,1.194507,3,2,1,0.6667,12558.31,4186.1,6014.43,6919.74,-375.85,2.389,1.5642,-0.0044,34.4129,56.0,1.26,-0.0034,0.0153,2,0,1,0,0,0,0
DENTUSDT-ORDIUSDT,1.194488,3,2,1,0.6667,11202.62,3734.21,4486.31,8285.74,-1569.43,2.3875,1.0583,-0.0034,8.138,62.7,1.12,-0.002,0.0168,2,0,1,0,0,0,0
NKNUSDT-USUALUSDT,1.194124,4,3,1,0.75,20547.04,5136.76,8318.32,9555.89,-5645.48,2.2969,1.4714,-0.0102,4.6396,38.0,2.05,-0.0063,0.0259,3,0,1,0,0,0,0
ARKUSDT-ARPAUSDT,1.192138,4,3,1,0.75,24906.21,6226.55,7780.11,16669.26,-7323.28,2.3101,1.2949,-0.0234,4.401,64.0,2.49,-0.0169,0.0326,3,0,1,0,0,0,0
IOUSDT-SFPUSDT,1.191975,3,2,1,0.6667,16786.95,5595.65,7809.83,11761.76,-2784.64,2.3834,0.7958,-0.0056,7.0284,29.3,1.68,-0.0063,0.0226,2,0,1,0,0,0,0
MOVEUSDT-PEOPLEUSDT,1.191207,5,3,2,0.6,22445.58,4489.12,10207.07,13769.19,-13073.97,2.4352,1.2401,-0.0132,2.6156,34.4,2.24,-0.0113,0.0259,3,0,2,0,0,0,0
HBARUSDT-ONEUSDT,1.191075,3,2,1,0.6667,11280.47,3760.16,5461.91,7812.35,-1993.79,2.3799,1.6312,-0.0049,6.6578,20.0,1.13,-0.0026,0.0201,2,0,1,0,0,0,0
RUNEUSDT-XAIUSDT,1.190863,3,2,1,0.6667,13162.66,4387.55,5942.99,8193.48,-973.81,2.3785,0.9878,-0.0043,14.5166,40.0,1.32,-0.0088,0.0169,2,0,1,0,0,0,0
CVCUSDT-MLNUSDT,1.188972,3,3,0,1.0,8848.36,2949.45,3062.42,5337.76,448.18,2.2778,0.7812,-0.0043,,18.7,0.88,-0.0022,0.0134,1,0,2,0,0,0,0
AEVOUSDT-ALTUSDT,1.188783,7,6,1,0.8571,33276.19,4753.74,5196.57,15673.68,-14940.77,2.1402,1.3129,-0.0165,3.2272,48.6,3.33,-0.0112,0.0259,6,1,0,0,0,0,0
CHRUSDT-COSUSDT,1.188399,5,4,1,0.8,14426.68,2885.34,5007.49,6761.19,-7697.67,2.2234,1.5328,-0.0077,2.8742,56.0,1.44,-0.006,0.0162,4,0,1,0,0,0,0
ALTUSDT-MTLUSDT,1.187341,5,4,1,0.8,24356.82,4871.36,5430.05,8781.89,-2147.73,2.271,0.9223,-0.0116,12.3407,55.2,2.44,-0.0075,0.0222,3,0,2,0,0,0,0
SPELLUSDT-SSVUSDT,1.183925,5,4,1,0.8,20442.54,4088.51,8068.2,12263.74,-17008.65,2.288,0.9041,-0.0171,2.2019,58.4,2.04,-0.0116,0.0267,4,1,0,0,0,0,0
ARKMUSDT-WUSDT,1.183904,6,6,0,1.0,20228.86,3371.48,3951.75,6085.15,42.15,2.1001,1.7287,-0.0056,,105.3,2.02,-0.0067,0.0155,4,0,1,0,1,0,0
OMUSDT-OXTUSDT,1.183643,3,2,1,0.6667,13111.5,4370.5,2669.63,15413.08,-4971.22,2.359,1.3562,-0.0051,3.6375,65.3,1.31,-0.007,0.0209,2,0,1,0,0,0,0
BELUSDT-NEARUSDT,1.18358,11,8,3,0.7273,28604.45,2600.4,5062.66,9824.75,-10154.8,2.2604,1.2651,-0.0168,2.2237,34.5,2.86,-0.0094,0.0181,8,1,2,0,0,0,0
ANKRUSDT-CELRUSDT,1.183345,4,3,1,0.75,14048.14,3512.04,4202.36,8284.74,-2641.31,2.2568,1.7986,-0.0037,6.3186,44.0,1.4,-0.0069,0.0151,3,0,1,0,0,0,0
PIXELUSDT-RUNEUSDT,1.183124,4,3,1,0.75,14906.63,3726.66,5806.88,6620.5,-3327.63,2.3339,1.008,-0.0081,5.4797,46.0,1.49,-0.0088,0.0188,2,0,2,0,0,0,0
PHAUSDT-SEIUSDT,1.182786,6,5,1,0.8333,15207.75,2534.62,5085.71,7824.42,-10877.78,2.3052,1.0823,-0.0113,2.3981,27.3,1.52,-0.0064,0.016,3,1,0,0,1,0,0
BMTUSDT-NFPUSDT,1.181935,3,2,1,0.6667,14462.23,4820.74,6373.29,12330.61,-4241.68,2.356,1.4498,-0.0065,4.4096,33.3,1.45,-0.0056,0.0227,2,0,1,0,0,0,0
QTUMUSDT-SEIUSDT,1.181915,4,3,1,0.75,15784.94,3946.23,2850.11,10597.93,-513.22,2.3309,1.3687,-0.0084,31.7566,49.0,1.58,-0.0055,0.0192,2,0,2,0,0,0,0
SUPERUSDT-USTCUSDT,1.181783,4,3,1,0.75,21146.84,5286.71,8081.0,10688.41,-5703.57,2.2558,0.9599,-0.0061,4.7076,37.0,2.11,-0.0121,0.0234,3,0,1,0,0,0,0
KAITOUSDT-SYSUSDT,1.180857,4,3,1,0.75,13739.07,3434.77,502.46,15282.81,-2548.66,2.3956,1.1722,-0.0058,6.3907,20.0,1.37,-0.0039,0.0159,1,0,3,0,0,0,0
CTSIUSDT-ICXUSDT,1.180833,3,3,0,1.0,17795.03,5931.68,1371.64,15869.16,554.23,2.2569,0.5887,-0.0059,,20.0,1.78,-0.0019,0.0285,1,0,1,0,0,0,0
DEGOUSDT-ZKUSDT,1.179054,3,2,1,0.6667,17910.38,5970.13,12691.75,13063.34,-7844.71,2.3558,0.6956,-0.0121,3.2831,30.7,1.79,-0.0133,0.0295,2,0,1,0,0,0,0
GALAUSDT-SKLUSDT,1.178751,3,2,1,0.6667,17332.1,5777.37,10629.54,10931.1,-4228.54,2.3523,1.1517,-0.0102,5.0988,54.7,1.73,-0.0085,0.0279,2,0,1,0,0,0,0
KSMUSDT-VETUSDT,1.178363,5,4,1,0.8,29229.07,5845.81,4073.48,22078.03,-8520.96,2.1837,1.9596,-0.0084,4.4303,32.8,2.92,-0.0074,0.0262,4,1,0,0,0,0,0
ONGUSDT-TURBOUSDT,1.177179,3,2,1,0.6667,14159.0,4719.67,6619.98,10748.86,-3209.85,2.4367,0.7233,-0.0058,5.4111,17.3,1.42,-0.0061,0.0202,1,0,2,0,0,0,0
CFXUSDT-SKLUSDT,1.176197,3,2,1,0.6667,16445.92,5481.97,8122.03,8534.45,-210.56,2.343,1.1869,-0.0088,79.1065,62.7,1.64,-0.0074,0.0225,2,0,1,0,0,0,0
DIAUSDT-STORJUSDT,1.173776,3,3,0,1.0,9178.47,3059.49,2470.38,6593.31,114.77,2.235,0.8237,-0.0047,,37.3,0.92,-0.0031,0.0149,1,0,1,0,1,0,0
HMSTRUSDT-XRPUSDT,1.171633,3,2,1,0.6667,18659.47,6219.82,12817.71,14390.66,-8548.9,2.5205,0.7664,-0.0089,3.1827,29.3,1.87,-0.0092,0.0314,0,0,1,0,2,0,0
AEVOUSDT-AVAXUSDT,1.171296,4,3,1,0.75,18440.79,4610.2,5753.86,8579.18,-1646.11,2.1629,1.1343,-0.0121,12.2027,62.0,1.84,-0.0098,0.0207,4,0,0,0,0,0,0
BANANAUSDT-LISTAUSDT,1.170935,4,2,2,0.5,24357.97,6089.49,2940.97,27084.18,-8608.16,2.4823,1.5157,-0.0131,2.6512,73.0,2.44,-0.0129,0.0377,2,0,2,0,0,0,0
1000CATUSDT-VICUSDT,1.169389,3,2,1,0.6667,16706.18,5568.73,8026.08,8764.7,-84.6,2.3235,0.8386,-0.0088,198.4772,22.7,1.67,-0.0121,0.0211,2,0,1,0,0,0,0
MASKUSDT-ONGUSDT,1.169301,3,2,1,0.6667,22327.25,7442.42,6374.25,16633.57,-680.57,2.3173,2.292,-0.0046,33.8066,86.7,2.23,-0.0017,0.031,2,0,1,0,0,0,0
GPSUSDT-KAITOUSDT,1.168655,3,2,1,0.6667,22174.43,7391.48,11553.18,15704.01,-5082.76,2.3197,0.9164,-0.0076,5.3627,53.3,2.22,-0.0093,0.0312,2,0,1,0,0,0,0
NKNUSDT-VTHOUSDT,1.168171,4,2,2,0.5,18891.09,4722.77,4685.87,11101.32,-1581.97,2.3677,1.5225,-0.0116,8.2969,51.0,1.89,-0.0111,0.0214,3,0,1,0,0,0,0
ANKRUSDT-RENDERUSDT,1.168008,8,5,3,0.625,41510.54,5188.82,4097.39,32947.25,-11466.29,2.2252,2.4264,-0.0136,3.7012,59.5,4.15,-0.013,0.0264,6,1,1,0,0,0,0
IOTXUSDT-VICUSDT,1.16798,4,2,2,0.5,65159.96,16289.99,8485.33,54307.64,-6118.34,2.436,2.0675,-0.0099,8.9327,22.0,6.52,-0.014,0.0674,2,1,1,0,0,0,0
POWRUSDT-STORJUSDT,1.167454,4,3,1,0.75,21240.48,5310.12,6467.05,12211.81,-3905.43,2.2186,2.1248,-0.0087,6.4387,84.0,2.12,-0.0076,0.0241,3,0,1,0,0,0,0
MBOXUSDT-POWRUSDT,1.166666,4,3,1,0.75,12732.07,3183.02,5027.65,7005.27,-4328.5,2.2109,0.6983,-0.0049,3.9415,38.0,1.27,-0.0058,0.0149,3,0,0,0,0,0,0
1000CATUSDT-LINKUSDT,1.165833,4,3,1,0.75,9808.31,2452.08,3807.89,4671.16,-2478.63,2.2066,1.2587,-0.0036,4.9571,59.0,0.98,-0.0046,0.012,3,0,1,0,0,0,0
AUCTIONUSDT-BROCCOLI714USDT,1.165827,3,3,0,1.0,284041.8,94680.6,28217.77,252559.11,3264.92,2.1198,7.802,-0.0067,,9.3,28.4,-0.0001,0.3235,2,0,1,0,0,0,0
IOUSDT-VANRYUSDT,1.16555,4,3,1,0.75,14606.35,3651.59,6525.13,9433.17,-7877.07,2.2277,1.215,-0.0092,2.8543,34.0,1.46,-0.0081,0.0199,3,0,1,0,0,0,0
ALTUSDT-LINKUSDT,1.1653,6,5,1,0.8333,13432.18,2238.7,2167.5,5144.01,-1640.93,2.2371,1.0736,-0.0053,9.1857,36.7,1.34,-0.0057,0.0106,2,0,3,0,1,0,0
BROCCOLI714USDT-FIDAUSDT,1.165225,4,3,1,0.75,24470.2,6117.55,8390.43,14437.64,-6748.31,2.2127,1.0688,-0.0091,4.6261,38.0,2.45,-0.0131,0.0271,3,0,1,0,0,0,0
XLMUSDT-XRPUSDT,1.164198,5,4,1,0.8,12236.84,2447.37,3602.4,6076.13,-5841.8,2.1401,1.4206,-0.0062,3.0947,43.2,1.22,-0.0056,0.0131,4,1,0,0,0,0,0
GTCUSDT-STEEMUSDT,1.163063,3,2,1,0.6667,45101.92,15033.97,8634.06,37401.98,-934.13,2.2998,4.1499,-0.0049,49.2824,45.3,4.51,-0.0027,0.0561,2,0,1,0,0,0,0
RAREUSDT-TUTUSDT,1.161126,5,5,0,1.0,25193.53,5038.71,2409.04,13402.23,865.64,2.1371,1.4372,-0.0103,,43.2,2.52,-0.0051,0.025,2,0,3,0,0,0,0
ILVUSDT-WIFUSDT,1.159971,3,2,1,0.6667,12642.08,4214.03,7324.48,9096.53,-3778.93,2.292,0.7309,-0.0056,4.3454,34.7,1.26,-0.008,0.0193,2,0,1,0,0,0,0
CTSIUSDT-POWRUSDT,1.159091,5,3,2,0.6,36258.21,7251.64,8297.45,26929.79,-6721.82,2.3066,2.6277,-0.013,4.4233,57.6,3.63,-0.0116,0.0352,3,0,1,0,0,0,0
ALTUSDT-TLMUSDT,1.157514,4,3,1,0.75,24836.01,6209.0,6537.46,11807.1,-46.02,2.202,1.5572,-0.017,540.6857,105.0,2.48,-0.0094,0.03,3,0,1,0,0,0,0
MTLUSDT-PEOPLEUSDT,1.157194,7,5,2,0.7143,22545.87,3220.84,3710.42,9077.85,-4755.43,2.1664,1.6806,-0.0123,4.3378,51.4,2.25,-0.0123,0.0156,5,0,1,0,0,0,0
ALGOUSDT-ANKRUSDT,1.156878,5,4,1,0.8,12693.7,2538.74,5416.01,7208.42,-7263.25,2.2032,0.8624,-0.0082,2.7477,35.2,1.27,-0.0073,0.0161,3,0,1,0,1,0,0
FETUSDT-MOVEUSDT,1.156866,4,2,2,0.5,21882.16,5470.54,4029.3,17609.13,-3785.57,2.4067,0.7746,-0.0116,6.6983,25.0,2.19,-0.0131,0.0222,2,0,2,0,0,0,0
AVAXUSDT-POLYXUSDT,1.156329,3,3,0,1.0,10101.26,3367.09,4064.83,4252.78,1783.65,2.091,0.9008,-0.0055,,61.3,1.01,-0.0057,0.0133,2,0,1,0,0,0,0
CGPTUSDT-SUSDT,1.154989,6,5,1,0.8333,27794.33,4632.39,5718.97,18485.16,-14390.88,2.0866,0.8294,-0.0161,2.9314,41.3,2.78,-0.0083,0.0258,5,1,0,0,0,0,0
CELRUSDT-IDUSDT,1.152342,4,2,2,0.5,13706.96,3426.74,2090.34,12267.53,-2741.25,2.3824,1.7127,-0.0036,4.3457,31.0,1.37,-0.0052,0.017,2,0,2,0,0,0,0
GMTUSDT-JOEUSDT,1.152046,3,2,1,0.6667,34119.81,11373.27,5825.11,30381.16,-2086.46,2.2658,3.0287,-0.0031,17.353,36.0,3.41,-0.0043,0.0411,2,0,1,0,0,0,0
LSKUSDT-UMAUSDT,1.151816,3,2,1,0.6667,13883.57,4627.86,8484.71,10428.7,-5029.83,2.2684,1.4701,-0.0053,3.7602,28.0,1.39,-0.0053,0.0222,2,0,1,0,0,0,0
CVCUSDT-SUIUSDT,1.151642,3,2,1,0.6667,16368.41,5456.14,914.08,16800.12,-1345.78,2.3651,1.1764,-0.0068,13.1627,45.3,1.64,-0.0024,0.029,1,0,2,0,0,0,0
DIAUSDT-SUIUSDT,1.150255,5,3,2,0.6,18887.61,3777.52,5765.47,10875.41,-3177.52,2.2788,1.491,-0.0112,5.4879,44.0,1.89,-0.0061,0.0235,3,0,2,0,0,0,0
MTLUSDT-WAXPUSDT,1.15015,6,4,2,0.6667,31519.02,5253.17,5499.81,18616.44,-5303.52,2.1998,1.8661,-0.0096,6.7363,70.7,3.15,-0.013,0.0243,4,0,2,0,0,0,0
BANANAUSDT-KSMUSDT,1.149188,3,2,1,0.6667,15866.76,5288.92,1934.3,14296.3,-363.84,2.4528,0.9951,-0.0064,44.6092,46.7,1.59,-0.0121,0.0244,0,0,2,0,1,0,0
MOVEUSDT-TAOUSDT,1.148798,3,3,0,1.0,26619.33,8873.11,4668.19,21126.95,824.18,2.1777,0.6605,-0.0146,,38.7,2.66,-0.0107,0.0315,1,0,2,0,0,0,0
DOGEUSDT-ICXUSDT,1.147744,3,2,1,0.6667,7133.35,2377.78,3251.83,4366.05,-484.54,2.2541,0.8253,-0.0035,15.7219,44.0,0.71,-0.0062,0.0092,2,0,1,0,0,0,0
SCRTUSDT-SUSDT,1.146847,4,3,1,0.75,22529.49,5632.37,9084.18,11406.45,-7045.32,2.1626,1.0515,-0.0108,4.1978,39.0,2.25,-0.0149,0.0285,3,0,1,0,0,0,0
AUCTIONUSDT-NKNUSDT,1.146502,3,2,1,0.6667,10136.29,3378.76,6938.45,9833.68,-6635.83,2.3017,1.1789,-0.0078,2.5275,46.7,1.01,-0.0085,0.0192,2,0,1,0,0,0,0
KAIAUSDT-RSRUSDT,1.146431,3,3,0,1.0,17868.6,5956.2,6115.07,6318.53,5435.0,1.9693,0.656,-0.0068,,26.7,1.79,-0.006,0.0212,3,0,0,0,0,0,0
1000CHEEMSUSDT-SUSDT,1.145951,4,3,1,0.75,30546.43,7636.61,8103.33,16185.97,-1846.19,2.2336,1.5975,-0.0122,17.5457,46.0,3.05,-0.0099,0.0371,2,0,2,0,0,0,0
TLMUSDT-WOOUSDT,1.145817,4,2,2,0.5,15387.19,3846.8,4649.14,10988.55,-4899.64,2.368,1.2139,-0.0065,4.0934,31.0,1.54,-0.0083,0.0196,2,0,2,0,0,0,0
LTCUSDT-NEARUSDT,1.144917,3,2,1,0.6667,10879.83,3626.61,5017.98,6764.66,-902.8,2.2455,1.3181,-0.0031,13.0512,24.0,1.09,-0.0028,0.0141,2,0,1,0,0,0,0
API3USDT-HOOKUSDT,1.144429,3,3,0,1.0,17144.02,5714.67,4714.79,9534.03,2895.2,2.0595,1.8329,-0.0073,,126.7,1.71,-0.002,0.0255,2,0,0,0,1,0,0
METISUSDT-ZKUSDT,1.144068,3,2,1,0.6667,42254.03,14084.68,11668.71,36891.91,-6306.59,2.2544,1.1325,-0.0111,7.7,38.7,4.23,-0.0201,0.0551,2,0,1,0,0,0,0
1000CHEEMSUSDT-RSRUSDT,1.14275,3,2,1,0.6667,28704.67,9568.22,12779.41,20322.1,-4396.84,2.2493,1.3904,-0.0101,7.5285,46.7,2.87,-0.014,0.0375,2,0,1,0,0,0,0
BEAMXUSDT-PNUTUSDT,1.140314,5,3,2,0.6,18883.06,3776.61,4729.46,11456.23,-1883.22,2.3554,1.4988,-0.0047,7.5324,43.2,1.89,-0.0042,0.0173,1,0,4,0,0,0,0
ALTUSDT-SUSHIUSDT,1.139682,5,4,1,0.8,12796.11,2559.22,2644.32,8187.14,-3183.79,2.1814,1.0744,-0.0041,5.0191,55.2,1.28,-0.0036,0.0131,2,0,3,0,0,0,0
BBUSDT-KAVAUSDT,1.139159,7,5,2,0.7143,28299.15,4042.74,8184.86,10834.84,-10098.58,2.1559,0.9041,-0.0125,3.2295,36.0,2.83,-0.0117,0.0218,4,0,3,0,0,0,0
1000CATUSDT-ENSUSDT,1.138997,3,2,1,0.6667,13833.67,4611.22,6100.35,10400.33,-2667.02,2.2329,0.997,-0.0061,6.1869,38.7,1.38,-0.0072,0.0213,2,0,1,0,0,0,0
ATAUSDT-STEEMUSDT,1.13896,4,3,1,0.75,44128.62,11032.15,3910.02,39260.68,-2952.1,2.129,4.8299,-0.003,15.9482,20.0,4.41,-0.0035,0.0411,3,0,1,0,0,0,0
MTLUSDT-SNXUSDT,1.137943,4,4,0,1.0,19520.54,4880.13,4540.31,10221.9,218.01,1.9963,0.8577,-0.0121,,65.0,1.95,-0.0098,0.0226,3,0,1,0,0,0,0
EIGENUSDT-LDOUSDT,1.137628,5,4,1,0.8,12404.49,2480.9,2862.25,5004.44,-1098.02,2.0631,1.1222,-0.0055,12.2972,54.4,1.24,-0.0101,0.0102,4,0,1,0,0,0,0
AIUSDT-WOOUSDT,1.136654,3,2,1,0.6667,6627.34,2209.11,4839.44,5489.42,-3701.53,2.2427,0.9528,-0.0037,2.7904,17.3,0.66,-0.0038,0.0122,2,0,1,0,0,0,0
BBUSDT-HOTUSDT,1.135965,3,2,1,0.6667,13135.8,4378.6,8168.19,8266.99,-3299.38,2.3211,0.7192,-0.0073,4.9813,41.3,1.31,-0.0034,0.0238,1,0,1,0,1,0,0
IOSTUSDT-REDUSDT,1.135508,4,4,0,1.0,16070.74,4017.69,5122.39,5780.48,45.48,2.1272,0.4863,-0.0086,,24.0,1.61,-0.0014,0.0179,1,0,3,0,0,0,0
QTUMUSDT-USTCUSDT,1.1354,5,4,1,0.8,20341.05,4068.21,2799.51,9698.66,-2437.8,2.1155,1.6178,-0.0066,9.344,72.0,2.03,-0.0106,0.019,3,0,1,0,1,0,0
ANKRUSDT-TLMUSDT,1.13401,6,5,1,0.8333,25631.35,4271.89,5999.47,14967.65,-13842.77,2.0782,0.8138,-0.0135,2.8516,41.3,2.56,-0.0102,0.023,4,1,1,0,0,0,0
BELUSDT-SUSHIUSDT,1.133471,5,3,2,0.6,17200.07,3440.01,1213.81,12884.64,-2736.19,2.2803,1.3004,-0.0058,4.3917,35.2,1.72,-0.0058,0.0202,2,0,2,0,0,0,0
ADAUSDT-STEEMUSDT,1.13293,4,3,1,0.75,40211.22,10052.81,7647.32,31944.42,-7027.83,2.1176,3.626,-0.0071,6.7217,56.0,4.02,-0.0092,0.041,3,0,1,0,0,0,0
SLPUSDT-STXUSDT,1.132866,3,2,1,0.6667,8903.86,2967.95,4739.71,6673.84,-2509.69,2.2139,1.343,-0.0051,4.5478,41.3,0.89,-0.0059,0.0145,2,0,1,0,0,0,0
ORCAUSDT-USTCUSDT,1.13277,4,3,1,0.75,50794.32,12698.58,5409.05,45387.65,-5411.43,2.1934,2.5705,-0.0104,10.3865,32.0,5.08,-0.0111,0.0522,2,0,2,0,0,0,0
RVNUSDT-SEIUSDT,1.132414,4,3,1,0.75,14681.32,3670.33,5370.38,9301.41,-5360.85,2.1207,1.5208,-0.0103,3.7386,86.0,1.47,-0.0072,0.0197,3,0,1,0,0,0,0
CTSIUSDT-STORJUSDT,1.131224,4,3,1,0.75,20381.93,5095.48,5406.22,10296.01,-726.52,2.1147,1.1007,-0.0085,29.0544,47.0,2.04,-0.0079,0.0224,3,0,0,0,0,0,0
MBOXUSDT-PHBUSDT,1.130302,3,3,0,1.0,9079.13,3026.38,1772.73,5629.68,1676.72,2.0143,0.7095,-0.0038,,58.7,0.91,-0.0046,0.0133,2,0,1,0,0,0,0
DIAUSDT-ZRXUSDT,1.129857,4,3,1,0.75,12132.1,3033.03,5829.67,7586.68,-7113.92,2.1371,0.4383,-0.0072,2.7054,18.0,1.21,-0.0066,0.0172,3,1,0,0,0,0,0
DASHUSDT-GASUSDT,1.129593,3,3,0,1.0,21228.59,7076.2,5885.2,10192.37,5151.02,2.1106,1.4568,-0.006,,40.0,2.12,-0.0082,0.0265,1,0,0,0,1,0,0
CELRUSDT-UMAUSDT,1.129427,6,4,2,0.6667,11982.34,1997.06,4612.37,5524.84,-4080.76,2.1879,1.2257,-0.0086,2.4893,34.7,1.2,-0.0071,0.0141,4,0,2,0,0,0,0
1000CATUSDT-C98USDT,1.12811,3,2,1,0.6667,19295.92,6431.97,8379.95,15517.2,-4601.23,2.2024,0.9775,-0.0065,5.1936,53.3,1.93,-0.0073,0.0272,2,0,1,0,0,0,0
ONEUSDT-YGGUSDT,1.126152,4,3,1,0.75,16326.23,4081.56,7408.24,9099.87,-7590.12,2.1045,1.4525,-0.0115,3.151,62.0,1.63,-0.0067,0.0241,3,0,1,0,0,0,0
CVCUSDT-NOTUSDT,1.12447,3,2,1,0.6667,28408.2,9469.4,5486.69,26270.37,-3348.86,2.2862,2.2991,-0.0059,9.4829,33.3,2.84,-0.0063,0.036,1,0,2,0,0,0,0
AVAXUSDT-WOOUSDT,1.124207,5,3,2,0.6,12233.22,2446.64,3196.63,9445.76,-3621.22,2.197,1.3184,-0.006,3.3962,39.2,1.22,-0.0072,0.0127,3,0,2,0,0,0,0
BMTUSDT-CFXUSDT,1.123924,3,2,1,0.6667,11497.83,3832.61,5855.93,7559.96,-1918.06,2.1865,0.8951,-0.0038,6.9945,65.3,1.15,-0.0028,0.0171,2,0,1,0,0,0,0
AUCTIONUSDT-SLPUSDT,1.121662,4,3,1,0.75,30673.88,7668.47,8773.73,19410.55,-6284.14,2.094,1.0396,-0.0131,5.8812,85.0,3.07,-0.015,0.034,3,0,1,0,0,0,0
DOGSUSDT-WLDUSDT,1.119474,4,2,2,0.5,15451.1,3862.77,4266.26,9666.81,-2748.24,2.2945,0.8793,-0.0078,5.4523,37.0,1.55,-0.0061,0.0187,2,0,2,0,0,0,0
ANIMEUSDT-API3USDT,1.117281,3,2,1,0.6667,21154.97,7051.66,12193.84,14920.76,-5959.63,2.2679,1.2723,-0.0074,4.5497,64.0,2.12,-0.0088,0.0342,1,0,2,0,0,0,0
HIVEUSDT-REDUSDT,1.116617,7,4,3,0.5714,51418.26,7345.47,6432.5,40927.28,-18808.41,2.2028,1.8171,-0.029,2.936,29.7,5.14,-0.0158,0.0413,4,1,1,0,0,0,0
DENTUSDT-HIVEUSDT,1.11521,4,3,1,0.75,75272.0,18818.0,8761.96,68589.65,-10841.57,2.0752,2.2185,-0.0128,7.9429,17.0,7.53,-0.0098,0.0743,3,1,0,0,0,0,0
ACEUSDT-MASKUSDT,1.114563,3,2,1,0.6667,16002.13,5334.04,8412.34,11234.98,-3645.19,2.1617,1.3212,-0.0052,5.3899,41.3,1.6,-0.0052,0.0227,2,0,1,0,0,0,0
COSUSDT-VETUSDT,1.114097,4,3,1,0.75,16162.12,4040.53,3272.14,11615.99,-1998.15,2.0604,1.6302,-0.0047,9.0886,42.0,1.62,-0.0061,0.0178,3,0,1,0,0,0,0
AUCTIONUSDT-STXUSDT,1.113584,3,2,1,0.6667,18299.11,6099.7,6328.13,15942.67,-3971.69,2.2608,0.5314,-0.0098,5.6074,30.7,1.83,-0.0041,0.0335,1,0,2,0,0,0,0
ARBUSDT-CRVUSDT,1.113018,5,4,1,0.8,15366.56,3073.31,4810.31,6427.29,-6605.59,1.9985,1.1998,-0.0095,3.3263,44.0,1.54,-0.0075,0.0177,4,0,1,0,0,0,0
1000SATSUSDT-ARBUSDT,1.109436,3,2,1,0.6667,14084.91,4694.97,7658.29,9567.78,-3141.16,2.1478,1.3371,-0.0057,5.484,73.3,1.41,-0.0055,0.0218,2,0,1,0,0,0,0
BBUSDT-STRKUSDT,1.109387,4,3,1,0.75,14578.89,3644.72,4667.42,8142.56,-2898.5,2.1211,0.9421,-0.0066,6.0298,37.0,1.46,-0.0038,0.0189,2,0,2,0,0,0,0
CELOUSDT-OGNUSDT,1.106278,3,2,1,0.6667,11700.48,3900.16,4736.79,9252.1,-2288.42,2.1399,0.7102,-0.0065,6.1129,36.0,1.17,-0.0049,0.0189,2,0,1,0,0,0,0
ACXUSDT-SPELLUSDT,1.104525,3,3,0,1.0,17582.17,5860.72,5365.29,9231.7,2985.18,1.9511,1.4318,-0.0111,,106.7,1.76,-0.0071,0.0208,2,0,1,0,0,0,0
BICOUSDT-MINAUSDT,1.104379,4,3,1,0.75,24601.63,6150.41,5508.47,19020.15,-5435.46,2.036,1.9431,-0.0071,5.5261,58.0,2.46,-0.0058,0.0279,3,0,1,0,0,0,0
ONEUSDT-SKLUSDT,1.102963,3,3,0,1.0,12152.75,4050.92,1816.16,9235.33,1101.26,2.0372,0.6972,-0.0079,,37.3,1.22,-0.0091,0.0172,1,0,1,0,1,0,0
NEOUSDT-PORTALUSDT,1.102891,3,2,1,0.6667,13259.49,4419.83,8105.38,9173.79,-4019.68,2.1288,1.1221,-0.0055,4.2986,33.3,1.33,-0.0067,0.0217,2,0,1,0,0,0,0
ALTUSDT-HIVEUSDT,1.102483,4,3,1,0.75,17614.6,4403.65,6013.41,8016.86,-2429.09,2.0344,1.012,-0.0097,8.2515,61.0,1.76,-0.0062,0.0206,3,0,0,0,0,0,0
CTSIUSDT-NOTUSDT,1.101447,3,2,1,0.6667,13587.84,4529.28,8557.84,11681.84,-6651.84,2.1277,0.5621,-0.0076,3.0427,17.3,1.36,-0.0084,0.0232,2,0,1,0,0,0,0
ARKUSDT-NKNUSDT,1.100207,4,3,1,0.75,10379.59,2594.9,4509.6,6775.56,-5415.18,2.0337,0.9557,-0.0082,2.9168,45.0,1.04,-0.0101,0.0166,3,0,1,0,0,0,0
AUCTIONUSDT-SUSHIUSDT,1.098908,3,2,1,0.6667,18466.08,6155.36,6430.43,14851.64,-2815.99,2.1271,0.9359,-0.0122,7.5576,81.3,1.85,-0.0044,0.0246,2,0,1,0,0,0,0
HOOKUSDT-PORTALUSDT,1.096791,5,3,2,0.6,28220.08,5644.02,7113.89,21466.29,-5548.24,2.1229,1.9555,-0.009,4.3801,42.4,2.82,-0.0123,0.0264,3,0,2,0,0,0,0
APEUSDT-CELRUSDT,1.096157,4,3,1,0.75,10468.92,2617.23,3720.7,5122.13,-2094.61,2.0125,1.0565,-0.007,5.998,42.0,1.05,-0.0065,0.0117,3,0,1,0,0,0,0
APEUSDT-HFTUSDT,1.095986,4,4,0,1.0,16094.43,4023.61,3937.29,6083.45,2136.39,1.8743,1.1385,-0.0107,,64.0,1.61,-0.0126,0.0163,3,0,1,0,0,0,0
TRBUSDT-VTHOUSDT,1.095319,6,3,3,0.5,17619.81,2936.63,2300.57,9676.68,-2051.27,2.1867,1.2152,-0.01,5.133,46.7,1.76,-0.0076,0.0142,3,0,3,0,0,0,0
ATAUSDT-TURBOUSDT,1.092663,3,2,1,0.6667,11021.62,3673.87,5840.07,6533.28,-1351.74,2.1944,0.6424,-0.0052,9.1536,40.0,1.1,-0.0082,0.0146,1,0,2,0,0,0,0
LISTAUSDT-MOVRUSDT,1.092322,4,3,1,0.75,13503.01,3375.75,5460.28,6407.0,-3824.55,2.0011,0.694,-0.0067,4.5306,46.0,1.35,-0.0072,0.0172,3,0,1,0,0,0,0
ANKRUSDT-LPTUSDT,1.091894,3,2,1,0.6667,28032.56,9344.19,1072.31,29298.98,-2338.73,2.099,3.6902,-0.0066,12.9862,77.3,2.8,-0.0102,0.0387,2,0,1,0,0,0,0
IOTXUSDT-QTUMUSDT,1.091369,6,4,2,0.6667,21477.6,3579.6,6485.42,9371.21,-5742.38,2.0339,1.5324,-0.011,3.5375,48.0,2.15,-0.0095,0.0175,4,0,2,0,0,0,0
CELRUSDT-HIVEUSDT,1.090082,4,3,1,0.75,13461.77,3365.44,6084.15,6760.34,-5466.87,1.9939,0.9333,-0.0061,3.4624,38.0,1.35,-0.0074,0.0171,3,0,1,0,0,0,0
ARPAUSDT-BNTUSDT,1.089119,3,2,1,0.6667,25123.28,8374.43,12373.97,14758.48,-2009.17,2.0919,0.8827,-0.0072,13.5043,24.0,2.51,-0.0141,0.0328,2,0,0,0,0,0,0
RUNEUSDT-SUIUSDT,1.088763,4,3,1,0.75,8784.45,2196.11,3343.21,6592.38,-4494.35,1.9937,1.0044,-0.0057,2.9546,58.0,0.88,-0.0048,0.0133,3,0,1,0,0,0,0
BOMEUSDT-PNUTUSDT,1.08832,4,4,0,1.0,16438.79,4109.7,4437.58,6717.67,845.95,1.8498,0.7926,-0.0088,,56.0,1.64,-0.0063,0.015,3,0,0,0,0,0,0
PHBUSDT-VICUSDT,1.087669,7,5,2,0.7143,22723.24,3246.18,5178.6,9669.65,-7347.64,1.9293,1.6429,-0.014,3.3932,77.1,2.27,-0.0128,0.0175,6,0,1,0,0,0,0
AUCTIONUSDT-IOTXUSDT,1.087602,6,4,2,0.6667,24112.65,4018.77,7720.2,9910.47,-5732.49,2.0257,1.3129,-0.0128,3.2071,41.3,2.41,-0.0086,0.0246,4,0,2,0,0,0,0
ANKRUSDT-DIAUSDT,1.087383,7,4,3,0.5714,30889.04,4412.72,201.15,20125.1,-3473.91,2.0871,2.7324,-0.0107,8.3011,51.4,3.09,-0.01,0.0202,4,0,3,0,0,0,0
MOVEUSDT-PNUTUSDT,1.08698,3,2,1,0.6667,18209.14,6069.71,10821.7,14619.7,-7232.26,2.089,0.6931,-0.0094,3.5178,30.7,1.82,-0.014,0.0305,2,0,1,0,0,0,0
FILUSDT-WUSDT,1.083153,4,3,1,0.75,13220.93,3305.23,4318.32,4865.9,-281.6,1.9754,0.7191,-0.0071,47.9489,58.0,1.32,-0.0084,0.0147,3,0,1,0,0,0,0
DYMUSDT-ZKUSDT,1.082685,3,3,0,1.0,58891.03,19630.34,7245.04,49328.85,2317.15,1.9889,1.9763,-0.0147,,58.7,5.89,-0.0082,0.0752,1,0,2,0,0,0,0
BROCCOLI714USDT-IMXUSDT,1.081446,3,2,1,0.6667,17610.79,5870.26,7408.59,13110.99,-2908.79,2.1742,0.6785,-0.0135,7.0543,52.0,1.76,-0.009,0.025,1,0,2,0,0,0,0
MINAUSDT-PIXELUSDT,1.078248,3,2,1,0.6667,14590.65,4863.55,4487.13,10486.21,-382.69,2.0633,0.8293,-0.0089,39.1266,81.3,1.46,-0.0057,0.0242,2,0,1,0,0,0,0
1000CHEEMSUSDT-GASUSDT,1.077771,5,4,1,0.8,26925.81,5385.16,11666.47,17212.01,-17905.34,2.0133,0.4577,-0.0172,2.5038,24.8,2.69,-0.0188,0.0334,3,1,1,0,0,0,0
LPTUSDT-MANAUSDT,1.077478,5,3,2,0.6,18034.87,3606.97,5073.77,12009.3,-4099.11,2.0646,1.5871,-0.0068,3.6655,36.0,1.8,-0.0074,0.0173,3,0,2,0,0,0,0
CETUSUSDT-IMXUSDT,1.076675,4,3,1,0.75,17975.68,4493.92,5280.63,9976.54,-2562.13,1.9575,0.9323,-0.0075,8.0159,54.0,1.8,-0.0062,0.0183,3,0,1,0,0,0,0
ONEUSDT-STORJUSDT,1.075923,5,4,1,0.8,15297.26,3059.45,5758.76,6972.13,-4337.49,2.0059,1.0699,-0.0088,4.5268,48.0,1.53,-0.0045,0.0189,2,0,2,0,0,0,0
ANKRUSDT-GALAUSDT,1.075527,5,3,2,0.6,11008.97,2201.79,4152.62,5505.01,-1928.69,2.0565,1.5116,-0.0051,4.8576,40.0,1.1,-0.0048,0.0115,3,0,2,0,0,0,0
ICXUSDT-IMXUSDT,1.074316,3,2,1,0.6667,18467.06,6155.69,8687.83,13025.41,-3246.19,2.055,1.655,-0.011,6.6888,65.3,1.85,-0.0102,0.031,2,0,1,0,0,0,0
HFTUSDT-ICXUSDT,1.073951,4,3,1,0.75,14117.88,3529.47,4419.82,8905.05,-3626.82,2.0196,1.076,-0.0064,4.8926,37.0,1.41,-0.0078,0.0186,2,0,1,0,1,0,0
CVCUSDT-HBARUSDT,1.0728,3,2,1,0.6667,18476.36,6158.79,13038.56,19390.68,-13952.88,2.1218,0.7647,-0.0157,2.3242,53.3,1.85,-0.0158,0.0396,2,1,0,0,0,0,0
AVAXUSDT-HIVEUSDT,1.072393,5,4,1,0.8,15346.59,3069.32,5865.12,8592.73,-10393.6,1.9336,0.9768,-0.0104,2.4765,45.6,1.53,-0.0091,0.0182,4,1,0,0,0,0,0
DOGSUSDT-TIAUSDT,1.072228,4,3,1,0.75,9400.77,2350.19,2085.52,7242.84,-2013.1,2.0821,1.0121,-0.0037,5.6698,30.0,0.94,-0.0054,0.0113,1,0,2,0,1,0,0
RENDERUSDT-STEEMUSDT,1.072158,3,2,1,0.6667,42313.91,14104.64,7674.85,37859.93,-3220.87,2.0389,5.8635,-0.004,14.1374,45.3,4.23,-0.0076,0.0517,2,0,1,0,0,0,0
INJUSDT-NEARUSDT,1.07162,3,3,0,1.0,19329.19,6443.06,2281.27,16401.48,646.44,1.7539,2.7143,-0.0056,,88.0,1.93,-0.0086,0.0231,3,0,0,0,0,0,0
ARBUSDT-LISTAUSDT,1.070998,4,3,1,0.75,16790.82,4197.7,5085.71,7023.04,-403.65,2.0127,1.35,-0.0075,42.5979,60.0,1.68,-0.0141,0.0151,2,0,2,0,0,0,0
NFPUSDT-PIXELUSDT,1.070387,5,3,2,0.6,9139.71,1827.94,4756.63,5281.3,-3391.78,2.0855,1.1427,-0.005,2.5408,34.4,0.91,-0.0043,0.0122,3,0,2,0,0,0,0
AEVOUSDT-ALGOUSDT,1.070005,3,2,1,0.6667,11539.51,3846.5,7361.02,9821.01,-5642.53,2.0364,0.5631,-0.0066,3.0451,24.0,1.15,-0.0102,0.0212,2,0,1,0,0,0,0
NEOUSDT-SEIUSDT,1.069947,3,3,0,1.0,14317.77,4772.59,5101.16,7573.98,1642.63,1.7505,0.8719,-0.0066,,109.3,1.43,-0.0046,0.0171,3,0,0,0,0,0,0
1000CATUSDT-APEUSDT,1.069272,3,2,1,0.6667,8670.96,2890.32,4580.39,4630.84,-540.27,2.034,0.9339,-0.0064,17.0494,57.3,0.87,-0.0031,0.0155,2,0,1,0,0,0,0
HOTUSDT-STORJUSDT,1.067923,3,2,1,0.6667,15313.75,5104.58,2727.34,15537.49,-2951.08,2.0318,1.4324,-0.0075,6.1892,32.0,1.53,-0.0082,0.0216,2,0,1,0,0,0,0
BROCCOLI714USDT-NEARUSDT,1.067701,3,3,0,1.0,15972.74,5324.25,5260.53,6655.23,4056.98,1.8401,0.5949,-0.0071,,28.0,1.6,-0.0148,0.019,2,0,1,0,0,0,0
COSUSDT-MLNUSDT,1.067591,3,2,1,0.6667,7525.42,2508.47,3690.03,5363.73,-1528.34,2.0248,0.6466,-0.0033,5.9239,38.7,0.75,-0.0037,0.011,2,0,1,0,0,0,0
ARPAUSDT-WOOUSDT,1.067439,6,3,3,0.5,16032.44,2672.07,1729.16,15994.83,-7045.86,2.1777,0.5799,-0.0101,2.2592,14.0,1.6,-0.0081,0.0178,3,1,1,0,0,0,0
CVXUSDT-SLPUSDT,1.066842,3,2,1,0.6667,25725.64,8575.21,13871.67,19319.37,-7465.4,2.0366,0.4667,-0.0131,4.446,26.7,2.57,-0.0148,0.0376,2,0,1,0,0,0,0
RSRUSDT-XTZUSDT,1.06652,3,2,1,0.6667,10342.42,3447.47,5458.27,5894.02,-1009.87,2.0272,1.1335,-0.0071,11.2414,52.0,1.03,-0.0064,0.0161,2,0,0,0,0,0,0
ICXUSDT-NEIROUSDT,1.064062,4,4,0,1.0,12762.97,3190.74,1761.98,8809.36,429.64,1.851,1.2291,-0.0082,,62.0,1.28,-0.004,0.0161,2,0,1,0,0,0,0
BELUSDT-SCRUSDT,1.064059,3,3,0,1.0,10046.02,3348.67,2040.61,7031.58,973.82,1.9253,1.1835,-0.0073,,50.7,1.0,-0.0067,0.0162,1,0,1,0,1,0,0
ALTUSDT-BELUSDT,1.062529,8,6,2,0.75,17014.34,2126.79,5699.77,10439.82,-13531.57,2.0135,0.7037,-0.0222,1.8137,19.0,1.7,-0.0092,0.0171,5,2,1,0,0,0,0
MTLUSDT-SKLUSDT,1.062449,3,2,1,0.6667,9457.43,3152.48,3564.65,8675.62,-2782.84,2.1081,0.7756,-0.0052,4.3985,34.7,0.95,-0.0055,0.0164,1,0,1,0,0,0,0
COMPUSDT-TRBUSDT,1.062434,3,2,1,0.6667,7516.78,2505.59,4301.22,5661.57,-2446.01,2.0095,0.8559,-0.0029,4.0731,20.0,0.75,-0.0037,0.0119,2,0,1,0,0,0,0
ARKUSDT-KSMUSDT,1.062363,7,5,2,0.7143,21713.11,3101.87,4342.93,8874.25,-4907.84,1.8945,1.195,-0.0117,3.3885,53.7,2.17,-0.0124,0.0185,5,0,2,0,0,0,0
ICXUSDT-PHAUSDT,1.061841,3,2,1,0.6667,9756.07,3252.02,4522.6,5729.15,-495.68,2.0104,1.0328,-0.0047,20.6821,56.0,0.98,-0.0051,0.0149,2,0,1,0,0,0,0
JASMYUSDT-ONEUSDT,1.060878,3,2,1,0.6667,17049.37,5683.12,7015.11,10414.41,-380.14,2.0117,1.3731,-0.0075,45.8498,76.0,1.7,-0.0081,0.022,2,0,0,0,1,0,0
SPELLUSDT-XRPUSDT,1.059909,6,4,2,0.6667,19646.11,3274.35,6202.64,9684.87,-9883.97,1.9558,0.9404,-0.0102,2.8648,46.7,1.96,-0.0076,0.0202,4,1,1,0,0,0,0
INJUSDT-SKLUSDT,1.059213,3,3,0,1.0,17335.25,5778.42,549.45,16263.08,522.71,1.9105,1.4614,-0.0067,,57.3,1.73,-0.0125,0.0215,1,0,1,0,1,0,0
TLMUSDT-USTCUSDT,1.059126,4,3,1,0.75,14694.49,3673.62,4923.71,9738.67,-4891.59,1.9849,1.0829,-0.0118,4.004,78.0,1.47,-0.0076,0.022,2,0,2,0,0,0,0
ARKUSDT-SNXUSDT,1.056712,5,3,2,0.6,18137.42,3627.48,5340.71,10335.2,-5451.56,2.0072,1.1129,-0.0081,3.4933,46.4,1.81,-0.0095,0.019,3,0,2,0,0,0,0
GMTUSDT-HIVEUSDT,1.054921,4,3,1,0.75,18022.29,4505.57,5209.25,10250.83,-2647.03,1.901,0.8682,-0.0114,7.8085,41.0,1.8,-0.0096,0.0188,3,0,1,0,0,0,0
ARPAUSDT-STXUSDT,1.05445,4,3,1,0.75,8641.22,2160.3,3263.34,5771.36,-3656.83,1.9646,0.9358,-0.0069,3.363,39.0,0.86,-0.0034,0.0155,2,0,2,0,0,0,0
ARPAUSDT-CFXUSDT,1.053728,3,2,1,0.6667,20397.54,6799.18,4517.14,16220.73,-340.33,1.9879,1.5555,-0.0052,60.9349,41.3,2.04,-0.0054,0.0281,2,0,1,0,0,0,0
AXSUSDT-OGNUSDT,1.053471,3,2,1,0.6667,6328.31,2109.44,717.77,6789.88,-1179.33,2.0774,1.2424,-0.0017,6.366,25.3,0.63,-0.0016,0.01,1,0,2,0,0,0,0
DIAUSDT-RUNEUSDT,1.051708,3,2,1,0.6667,10681.96,3560.65,8372.94,8410.66,-6101.64,2.0115,0.9595,-0.0091,2.7507,62.7,1.07,-0.0065,0.0232,2,0,1,0,0,0,0
ACEUSDT-ALGOUSDT,1.050856,4,3,1,0.75,36921.84,9230.46,9293.16,26148.88,-7813.35,1.9566,1.7209,-0.0085,5.7255,25.0,3.69,-0.0109,0.0393,2,0,2,0,0,0,0
PNUTUSDT-SPELLUSDT,1.049604,5,3,2,0.6,19967.28,3993.46,7105.47,14764.32,-9346.7,1.9907,0.5849,-0.0108,3.1289,17.6,2.0,-0.012,0.0205,3,1,0,0,0,0,0
IDUSDT-RUNEUSDT,1.0491,4,3,1,0.75,10309.96,2577.49,5013.04,5771.36,-5487.49,1.9601,0.6801,-0.0064,2.8788,31.0,1.03,-0.0054,0.0149,2,0,2,0,0,0,0
EIGENUSDT-TUTUSDT,1.048804,4,3,1,0.75,22044.96,5511.24,7275.95,10000.85,-2507.79,1.9502,1.2019,-0.0082,9.7906,68.0,2.2,-0.0128,0.0215,2,0,2,0,0,0,0
IMXUSDT-PNUTUSDT,1.047483,3,2,1,0.6667,10685.3,3561.77,7021.45,7246.62,-3582.76,1.9707,1.0538,-0.0056,3.9824,22.7,1.07,-0.0051,0.0192,2,0,1,0,0,0,0
GRTUSDT-WOOUSDT,1.046811,5,3,2,0.6,10599.5,2119.9,2780.98,6146.09,-2362.12,2.0327,0.9115,-0.0058,4.8396,28.0,1.06,-0.006,0.011,2,0,1,0,1,0,0
FILUSDT-ZKUSDT,1.045462,3,3,0,1.0,20029.79,6676.6,3408.18,15036.14,1585.47,1.8889,1.0245,-0.0191,,104.0,2.0,-0.0092,0.0287,1,0,2,0,0,0,0
MTLUSDT-PNUTUSDT,1.04523,4,3,1,0.75,13582.65,3395.66,3477.54,11231.26,-4603.69,1.9367,0.8259,-0.0059,3.9504,35.0,1.36,-0.0086,0.0165,2,0,2,0,0,0,0
POWRUSDT-ZKUSDT,1.044128,6,4,2,0.6667,27051.24,4508.54,4595.62,18019.89,-11546.62,1.9538,1.0389,-0.0161,3.0792,52.0,2.71,-0.0136,0.0281,3,1,2,0,0,0,0
ACEUSDT-IOTXUSDT,1.042246,3,2,1,0.6667,34513.61,11504.54,8272.07,34106.33,-7864.79,1.9595,2.1193,-0.0083,5.3884,24.0,3.45,-0.0118,0.0484,2,0,1,0,0,0,0
DEGOUSDT-RENDERUSDT,1.041141,3,2,1,0.6667,15155.33,5051.78,6265.05,12352.54,-3462.26,1.9556,0.5765,-0.0078,5.3773,45.3,1.52,-0.0143,0.0232,2,0,1,0,0,0,0
POWRUSDT-RAREUSDT,1.040593,3,2,1,0.6667,14947.68,4982.56,7452.45,12664.8,-5169.57,1.9569,0.6651,-0.0097,3.8915,52.0,1.49,-0.0073,0.0268,2,0,1,0,0,0,0
ARPAUSDT-USTCUSDT,1.040028,4,2,2,0.5,17958.82,4489.7,6380.11,16630.06,-11431.47,2.1199,0.616,-0.0143,2.5473,26.0,1.8,-0.0109,0.0284,2,0,2,0,0,0,0
JASMYUSDT-POLUSDT,1.03951,5,4,1,0.8,17095.93,3419.19,5032.43,6721.45,-4824.33,1.9017,1.0601,-0.0087,4.5437,57.6,1.71,-0.007,0.0201,2,0,3,0,0,0,0
ALTUSDT-HFTUSDT,1.038802,3,3,0,1.0,13856.51,4618.84,4137.69,6420.18,3298.64,1.6642,0.7355,-0.0084,,48.0,1.39,-0.008,0.0168,3,0,0,0,0,0,0
BELUSDT-CETUSUSDT,1.038111,3,2,1,0.6667,10112.54,3370.85,1313.43,12439.54,-3640.43,2.0369,0.679,-0.004,3.7778,24.0,1.01,-0.0055,0.0189,1,0,1,0,0,0,0
HIVEUSDT-SUSHIUSDT,1.037961,3,2,1,0.6667,9609.92,3203.31,4836.91,7573.0,-2799.99,1.9422,0.8149,-0.0047,4.4321,29.3,0.96,-0.0048,0.0151,2,0,1,0,0,0,0
LSKUSDT-MOVRUSDT,1.037415,3,2,1,0.6667,8939.76,2979.92,5080.89,5987.39,-2128.52,1.9415,0.6582,-0.0053,5.2,41.3,0.89,-0.0023,0.0166,2,0,1,0,0,0,0
ANKRUSDT-STXUSDT,1.036156,4,3,1,0.75,12497.27,3124.32,4614.32,5149.04,-1880.4,1.7753,1.2461,-0.011,7.6461,99.0,1.25,-0.0078,0.0147,4,0,0,0,0,0,0
1000CHEEMSUSDT-OXTUSDT,1.035416,3,2,1,0.6667,22486.19,7495.4,13682.49,14759.9,-5956.21,1.9431,1.12,-0.0104,4.7753,48.0,2.25,-0.0176,0.033,2,0,1,0,0,0,0
AXLUSDT-LPTUSDT,1.034799,3,2,1,0.6667,30578.95,10192.98,1026.31,30717.04,-1164.41,2.0271,2.3334,-0.0038,27.2614,32.0,3.06,-0.0019,0.0411,1,0,1,0,0,0,0
CRVUSDT-PIXELUSDT,1.033267,3,2,1,0.6667,11138.38,3712.79,5237.39,9218.48,-3317.48,1.9317,0.6358,-0.0068,4.3575,36.0,1.11,-0.0099,0.0176,2,0,1,0,0,0,0
NFPUSDT-TUSDT,1.033057,3,3,0,1.0,5051.47,1683.82,1827.89,2011.15,1212.44,1.9255,0.707,-0.0029,,25.3,0.51,-0.0002,0.0095,0,0,3,0,0,0,0
ALTUSDT-IOTXUSDT,1.032712,3,2,1,0.6667,13866.28,4622.09,7612.99,8971.59,-2718.31,1.9285,0.6515,-0.0056,6.1011,44.0,1.39,-0.0098,0.0211,2,0,1,0,0,0,0
AUCTIONUSDT-BIOUSDT,1.031588,3,2,1,0.6667,33945.08,11315.03,11907.74,33443.42,-11406.07,1.9386,1.2589,-0.015,3.9761,48.0,3.39,-0.0188,0.0513,2,0,1,0,0,0,0
KAVAUSDT-VANRYUSDT,1.030889,3,2,1,0.6667,18591.5,6197.17,8997.62,20620.02,-11026.14,1.9615,0.3889,-0.0114,2.6861,21.3,1.86,-0.0122,0.034,2,1,0,0,0,0,0
AGLDUSDT-BOMEUSDT,1.030527,3,3,0,1.0,11524.49,3841.5,5491.37,5702.58,330.54,1.7327,0.8766,-0.0063,,45.3,1.15,-0.0084,0.0142,2,0,1,0,0,0,0
GUSDT-ZRXUSDT,1.028726,3,2,1,0.6667,17152.34,5717.45,5546.89,18614.31,-7008.85,2.0282,0.9299,-0.0167,3.4472,62.7,1.72,-0.0148,0.0315,1,0,2,0,0,0,0
FILUSDT-NOTUSDT,1.028161,3,2,1,0.6667,13195.39,4398.46,2273.97,13627.44,-2706.01,2.0104,1.2637,-0.0054,5.8763,85.3,1.32,-0.0054,0.02,1,0,1,0,1,0,0
ADAUSDT-DOGSUSDT,1.027993,3,2,1,0.6667,13124.14,4374.71,4011.68,10683.02,-1570.56,2.0088,0.9289,-0.0046,9.3563,37.3,1.31,-0.0083,0.022,1,0,1,0,1,0,0
ARKUSDT-VANAUSDT,1.027595,5,3,2,0.6,27528.74,5505.75,407.03,25591.93,-8864.8,1.9304,2.2103,-0.0126,3.9537,64.8,2.75,-0.0149,0.0299,3,0,2,0,0,0,0
1000CATUSDT-ICXUSDT,1.027587,5,4,1,0.8,14393.55,2878.71,6317.57,8990.39,-12572.06,1.842,1.0482,-0.0138,2.1449,32.8,1.44,-0.0099,0.0196,4,0,1,0,0,0,0
GRTUSDT-ZKUSDT,1.027586,3,1,2,0.3333,12065.58,4021.86,-565.98,13269.79,-638.22,2.1989,0.7834,-0.0051,11.0196,34.7,1.21,-0.0074,0.0152,1,0,2,0,0,0,0
C98USDT-MBOXUSDT,1.026935,3,2,1,0.6667,84390.04,28130.01,3779.17,83463.18,-2852.31,1.909,25.4096,-0.0035,30.5865,21.3,8.44,-0.0035,0.0994,2,0,1,0,0,0,0
ADAUSDT-ALTUSDT,1.026571,5,3,2,0.6,13724.07,2744.81,4576.1,6508.67,-1585.16,1.9189,0.9294,-0.0066,5.4281,44.0,1.37,-0.0065,0.0145,3,0,2,0,0,0,0
AEVOUSDT-NKNUSDT,1.022542,5,3,2,0.6,35031.21,7006.24,3815.0,28800.82,-2871.16,1.9669,3.0808,-0.0083,10.8566,28.8,3.5,-0.0081,0.027,2,0,3,0,0,0,0
RDNTUSDT-TAOUSDT,1.022503,3,2,1,0.6667,11141.92,3713.97,5473.37,6848.0,-1179.45,1.9005,0.8822,-0.0065,10.4467,30.7,1.11,-0.0036,0.0186,2,0,1,0,0,0,0
CAKEUSDT-MEMEUSDT,1.022355,3,3,0,1.0,11829.27,3943.09,4225.58,6312.78,1290.9,1.8103,0.5724,-0.0103,,54.7,1.18,-0.0072,0.0188,1,0,2,0,0,0,0
IOTXUSDT-SPELLUSDT,1.022192,4,3,1,0.75,11483.46,2870.87,3053.37,10388.74,-5012.02,1.8698,0.8646,-0.0051,3.2912,28.0,1.15,-0.004,0.0182,2,1,1,0,0,0,0
ACEUSDT-COWUSDT,1.021539,3,2,1,0.6667,33346.5,11115.5,14434.36,31283.0,-12370.87,1.9065,1.0479,-0.0126,3.6956,24.0,3.33,-0.0162,0.0515,2,0,1,0,0,0,0
ANKRUSDT-API3USDT,1.020585,4,3,1,0.75,20443.64,5110.91,4802.96,21076.68,-10238.96,1.8061,0.8568,-0.0135,2.9967,40.0,2.04,-0.0091,0.0297,3,1,0,0,0,0,0
KNCUSDT-SEIUSDT,1.019924,5,4,1,0.8,14302.19,2860.44,4266.88,8803.22,-5676.32,1.7308,1.2881,-0.0082,3.5196,53.6,1.43,-0.0113,0.0163,4,0,1,0,0,0,0
AVAXUSDT-MBOXUSDT,1.019216,3,2,1,0.6667,13015.96,4338.65,4305.67,9216.7,-506.4,1.8892,0.8814,-0.0051,26.7029,104.0,1.3,-0.0046,0.0162,2,0,1,0,0,0,0
KAITOUSDT-NEOUSDT,1.018863,3,2,1,0.6667,11724.65,3908.22,209.76,12098.17,-583.28,1.9844,1.0627,-0.0058,21.1014,68.0,1.17,-0.0063,0.0192,1,0,1,0,1,0,0
IMXUSDT-RENDERUSDT,1.018666,5,4,1,0.8,13906.44,2781.29,4849.36,7627.16,-5665.94,1.7919,1.0506,-0.0136,3.4544,48.0,1.39,-0.0126,0.021,3,0,2,0,0,0,0
STEEMUSDT-XLMUSDT,1.018515,6,4,2,0.6667,67408.88,11234.81,8349.21,49833.82,-29301.92,1.8543,1.0341,-0.031,3.0576,40.7,6.74,-0.0246,0.0593,4,1,1,0,0,0,0
ICXUSDT-XRPUSDT,1.018161,3,2,1,0.6667,13891.28,4630.43,6926.87,7021.65,-57.23,1.8889,1.1753,-0.007,243.7067,74.7,1.39,-0.0055,0.0242,2,0,1,0,0,0,0
POLUSDT-ZKUSDT,1.017285,3,2,1,0.6667,24358.98,8119.66,13946.52,16894.25,-6481.79,1.8938,0.6866,-0.0122,4.7581,66.7,2.44,-0.0119,0.0402,2,0,1,0,0,0,0
ONEUSDT-VETUSDT,1.017232,4,3,1,0.75,11999.78,2999.94,4071.37,6464.49,-2607.46,1.7851,1.194,-0.0057,5.6021,68.0,1.2,-0.0049,0.0147,3,0,1,0,0,0,0
KAVAUSDT-VELODROMEUSDT,1.016028,4,3,1,0.75,13168.22,3292.05,4119.1,6311.18,-1381.17,1.9973,0.7954,-0.0067,10.5341,31.0,1.32,-0.0063,0.0162,0,0,4,0,0,0,0
CRVUSDT-GALAUSDT,1.015392,5,3,2,0.6,12585.52,2517.1,4563.06,10018.57,-6058.15,1.9164,0.7964,-0.0066,2.6901,29.6,1.26,-0.0056,0.0144,3,0,2,0,0,0,0
CKBUSDT-KNCUSDT,1.014604,3,2,1,0.6667,7687.0,2562.33,3919.76,6589.3,-2822.07,1.8739,0.8972,-0.0036,3.7239,37.3,0.77,-0.0029,0.0138,2,0,1,0,0,0,0
ONGUSDT-STORJUSDT,1.014566,3,2,1,0.6667,8096.99,2699.0,1633.75,7033.8,-570.56,1.9688,0.7026,-0.0035,15.1913,44.0,0.81,-0.0024,0.0137,1,0,2,0,0,0,0
VANAUSDT-XRPUSDT,1.011549,4,3,1,0.75,25856.32,6464.08,5564.76,16044.18,-1317.37,1.7736,1.6812,-0.009,20.6272,58.0,2.59,-0.0194,0.0287,3,0,1,0,0,0,0
KNCUSDT-MBOXUSDT,1.011278,3,3,0,1.0,6905.54,2301.85,1822.81,4156.99,925.74,1.7686,1.0808,-0.0033,,38.7,0.69,-0.0065,0.0101,1,0,2,0,0,0,0
AAVEUSDT-XLMUSDT,1.008462,3,2,1,0.6667,11462.44,3820.81,7892.54,7915.65,-4345.75,1.8606,1.0858,-0.0066,3.6376,33.3,1.15,-0.009,0.0185,2,0,1,0,0,0,0
BELUSDT-MTLUSDT,1.008275,4,3,1,0.75,14231.41,3557.85,1365.91,13767.53,-2267.95,1.904,0.6398,-0.0068,7.275,45.0,1.42,-0.0063,0.0196,1,0,2,0,0,0,0
CVCUSDT-MUBARAKUSDT,1.006649,3,2,1,0.6667,16745.58,5581.86,9003.15,11546.52,-3804.09,1.8605,0.5851,-0.0102,5.402,29.3,1.67,-0.0094,0.0238,2,0,1,0,0,0,0
ADAUSDT-PENGUUSDT,1.006645,3,3,0,1.0,8113.34,2704.45,1459.64,6159.44,494.26,1.7569,0.5818,-0.0043,,40.0,0.81,-0.0049,0.0103,1,0,2,0,0,0,0
API3USDT-ARPAUSDT,1.006142,3,3,0,1.0,8552.22,2850.74,2069.38,5591.4,891.43,1.7566,0.8096,-0.0051,,42.7,0.86,-0.0034,0.0145,1,0,2,0,0,0,0
MOVEUSDT-QTUMUSDT,1.005841,3,2,1,0.6667,11625.4,3875.13,8899.18,10277.96,-7551.74,1.8984,0.5695,-0.0076,2.5394,21.3,1.16,-0.0081,0.0222,2,0,1,0,0,0,0
AIUSDT-CKBUSDT,1.005338,3,2,1,0.6667,11609.81,3869.94,6890.86,7760.36,-3041.41,1.9493,0.8974,-0.0083,4.8172,25.3,1.16,-0.0057,0.0214,1,0,2,0,0,0,0
ARPAUSDT-WLDUSDT,1.004896,3,3,0,1.0,13272.53,4424.18,2019.41,10760.03,493.09,1.6651,0.7958,-0.0102,,108.0,1.33,-0.0087,0.0192,2,0,1,0,0,0,0
HIVEUSDT-WOOUSDT,1.003198,4,3,1,0.75,10594.64,2648.66,3391.13,8023.81,-4211.42,1.8183,0.8935,-0.007,3.5157,26.0,1.06,-0.0064,0.0132,2,0,2,0,0,0,0
CKBUSDT-INJUSDT,1.00107,3,2,1,0.6667,8219.35,2739.78,695.99,10839.92,-3316.56,1.9304,1.3973,-0.0035,3.4783,10.7,0.82,-0.0036,0.0136,1,0,2,0,0,0,0
ENJUSDT-JOEUSDT,1.000654,3,2,1,0.6667,14416.56,4805.52,3309.59,13788.05,-2681.08,1.9348,1.1469,-0.0075,6.3771,68.0,1.44,-0.0031,0.0298,1,0,2,0,0,0,0
IOTXUSDT-JOEUSDT,0.998448,5,4,1,0.8,14055.14,2811.03,4616.47,9515.7,-9242.25,1.7203,0.834,-0.0119,2.5207,57.6,1.41,-0.0099,0.0188,4,0,1,0,0,0,0
DFUSDT-GTCUSDT,0.997234,5,4,1,0.8,12489.42,2497.88,3234.65,5623.94,-4861.3,1.6634,0.8896,-0.0065,3.5692,46.4,1.25,-0.0118,0.013,4,0,1,0,0,0,0
NMRUSDT-PIXELUSDT,0.99623,3,2,1,0.6667,14009.77,4669.92,6148.41,7916.26,-54.9,1.9262,0.6948,-0.0103,256.1947,37.3,1.4,-0.0076,0.0174,1,0,0,0,2,0,0
CGPTUSDT-MOVEUSDT,0.996222,4,3,1,0.75,15642.24,3910.56,2740.44,13157.76,-2996.4,1.8723,1.1791,-0.0087,6.2203,55.0,1.56,-0.0024,0.0266,1,0,2,0,0,0,0
OGNUSDT-TIAUSDT,0.992511,3,2,1,0.6667,19813.18,6604.39,875.41,19290.47,-352.7,1.9075,1.6506,-0.0046,57.1751,56.0,1.98,-0.0018,0.0267,1,0,2,0,0,0,0
ANKRUSDT-BELUSDT,0.99227,3,2,1,0.6667,28645.72,9548.57,10074.63,27930.1,-9359.01,1.9135,1.0087,-0.0094,4.0608,42.7,2.86,-0.0101,0.0462,1,1,1,0,0,0,0
RSRUSDT-SUIUSDT,0.991024,3,2,1,0.6667,9037.59,3012.53,6395.94,7586.32,-4944.67,1.8274,0.6272,-0.0068,2.8277,41.3,0.9,-0.0059,0.0182,2,0,1,0,0,0,0
BANANAUSDT-CRVUSDT,0.988484,3,2,1,0.6667,16048.17,5349.39,7825.66,11020.05,-2797.55,1.8979,0.6861,-0.006,6.7365,45.3,1.6,-0.0031,0.0266,1,0,2,0,0,0,0
MAVUSDT-SCRUSDT,0.988344,5,3,2,0.6,13848.74,2769.75,3632.98,11263.83,-4876.5,1.8497,1.0645,-0.0063,2.574,55.2,1.38,-0.0075,0.0172,3,0,2,0,0,0,0
ARPAUSDT-QTUMUSDT,0.986723,3,2,1,0.6667,16010.45,5336.82,5841.59,12073.44,-1904.57,1.8106,0.6274,-0.0151,9.4063,52.0,1.6,-0.021,0.0208,2,0,1,0,0,0,0
ANKRUSDT-HIVEUSDT,0.986228,3,2,1,0.6667,12599.24,4199.75,5760.78,7547.74,-709.28,1.7993,0.9988,-0.0081,18.7635,54.7,1.26,-0.0083,0.0203,2,0,1,0,0,0,0
ARPAUSDT-CELRUSDT,0.986111,5,4,1,0.8,10367.47,2073.49,2603.81,5371.09,-3314.14,1.7455,1.1434,-0.0062,4.1283,55.2,1.04,-0.0066,0.0137,2,0,2,0,0,0,0
MOVEUSDT-YGGUSDT,0.98528,3,2,1,0.6667,23965.48,7988.49,11080.08,21106.68,-8221.29,1.8044,1.4228,-0.0136,3.9151,76.0,2.4,-0.0188,0.0366,2,0,1,0,0,0,0
PYTHUSDT-SEIUSDT,0.984016,3,2,1,0.6667,9216.93,3072.31,3957.13,6118.36,-858.55,1.7913,0.909,-0.007,11.7354,85.3,0.92,-0.0045,0.0174,2,0,1,0,0,0,0
IDUSDT-SYSUSDT,0.981484,3,2,1,0.6667,10950.05,3650.02,5355.54,9191.55,-3597.04,1.7855,0.8184,-0.008,4.0442,40.0,1.1,-0.0061,0.0202,2,0,0,0,0,0,0
HBARUSDT-PNUTUSDT,0.98029,4,3,1,0.75,7778.27,1944.57,3083.07,6183.62,-4571.49,1.7066,0.6136,-0.0048,2.7015,24.0,0.78,-0.0051,0.0113,3,0,1,0,0,0,0
CELRUSDT-CRVUSDT,0.980229,3,3,0,1.0,14231.32,4743.77,4004.65,10103.49,123.18,1.4987,1.1429,-0.0097,,110.7,1.42,-0.0144,0.0233,3,0,0,0,0,0,0
HMSTRUSDT-LPTUSDT,0.979822,3,2,1,0.6667,13019.61,4339.87,5317.7,11244.38,-3542.47,1.879,1.091,-0.0101,4.6753,53.3,1.3,-0.0043,0.0292,1,0,2,0,0,0,0
TUTUSDT-VTHOUSDT,0.979446,3,1,2,0.3333,9316.84,3105.61,-877.22,12868.27,-2674.22,2.0599,1.3664,-0.0041,3.6234,28.0,0.93,-0.0034,0.0185,1,0,2,0,0,0,0
MTLUSDT-WUSDT,0.979061,3,2,1,0.6667,8302.31,2767.44,4504.04,5132.57,-1334.31,1.7744,0.6372,-0.0051,7.2222,41.3,0.83,-0.006,0.0137,2,0,1,0,0,0,0
HFTUSDT-HIVEUSDT,0.978477,7,3,4,0.4286,37837.81,5405.4,-1605.82,38273.32,-7674.3,1.9064,2.0337,-0.0163,3.668,45.1,3.78,-0.0143,0.0317,3,0,4,0,0,0,0
HIVEUSDT-NEARUSDT,0.97826,4,3,1,0.75,12263.27,3065.82,6424.33,7804.22,-8389.6,1.729,1.0085,-0.0085,2.4617,50.0,1.23,-0.0098,0.0182,3,0,1,0,0,0,0
BANANAUSDT-HIVEUSDT,0.977917,4,4,0,1.0,22139.42,5534.85,5414.64,9833.21,1476.93,1.6274,0.8283,-0.024,,68.0,2.21,-0.0152,0.0321,2,0,2,0,0,0,0
HOOKUSDT-VANRYUSDT,0.977668,3,2,1,0.6667,14009.87,4669.96,6564.15,7810.85,-365.13,1.8725,1.1807,-0.0099,39.3701,116.0,1.4,-0.0064,0.0236,1,0,2,0,0,0,0
CETUSUSDT-ZKUSDT,0.976237,3,2,1,0.6667,14353.73,4784.58,10719.73,10959.87,-7325.87,1.7779,1.1265,-0.0105,2.9593,61.3,1.44,-0.014,0.0249,2,0,1,0,0,0,0
DOGSUSDT-RSRUSDT,0.975176,4,2,2,0.5,13241.01,3310.25,3737.86,9228.48,-3463.19,1.9543,0.7881,-0.0083,4.6411,24.0,1.32,-0.0082,0.0162,1,0,2,0,1,0,0
1000SATSUSDT-ALGOUSDT,0.975118,4,3,1,0.75,14475.22,3618.81,6722.36,9356.96,-8326.46,1.6955,0.5539,-0.0098,2.7385,47.0,1.45,-0.0119,0.0199,3,1,0,0,0,0,0
ICXUSDT-RSRUSDT,0.974743,4,3,1,0.75,14675.29,3668.82,2144.51,10982.13,-595.87,1.7377,1.2621,-0.0075,25.6284,80.0,1.47,-0.0045,0.0186,2,0,2,0,0,0,0
SKLUSDT-TLMUSDT,0.97459,4,3,1,0.75,24680.92,6170.23,7952.65,18167.35,-9391.73,1.6739,1.2449,-0.0131,3.6279,102.0,2.47,-0.0172,0.0294,3,0,1,0,0,0,0
ETCUSDT-ICXUSDT,0.97384,4,2,2,0.5,8094.86,2023.72,1737.91,5471.38,-852.33,1.8727,0.8555,-0.0038,6.8585,38.0,0.81,-0.0048,0.01,2,0,2,0,0,0,0
DENTUSDT-MBOXUSDT,0.973596,3,2,1,0.6667,20439.57,6813.19,6041.84,17322.18,-2924.45,1.7602,1.0804,-0.0061,7.9892,49.3,2.04,-0.0063,0.0268,2,0,1,0,0,0,0
AXSUSDT-IMXUSDT,0.971691,4,3,1,0.75,9554.12,2388.53,3084.41,5047.77,-1662.48,1.6542,0.706,-0.0052,6.7469,43.0,0.96,-0.0055,0.0123,3,0,1,0,0,0,0
BLURUSDT-NKNUSDT,0.970811,3,2,1,0.6667,7861.96,2620.65,5648.05,7531.75,-5317.84,1.802,0.9702,-0.0061,2.4784,41.3,0.79,-0.0068,0.0155,2,0,1,0,0,0,0
HBARUSDT-RPLUSDT,0.97048,3,2,1,0.6667,8385.11,2795.04,5485.82,5535.63,-2636.34,1.7504,0.4127,-0.0054,4.1806,40.0,0.84,-0.0086,0.0132,2,0,1,0,0,0,0
POLYXUSDT-TIAUSDT,0.970423,5,4,1,0.8,13311.95,2662.39,3425.65,7892.73,-8429.45,1.6909,0.6134,-0.0112,2.5792,45.6,1.33,-0.0086,0.017,3,1,0,0,0,0,0
MEMEUSDT-RAREUSDT,0.970283,3,2,1,0.6667,14634.18,4878.06,8662.46,14549.41,-8577.7,1.7903,0.3181,-0.0142,2.7061,20.0,1.46,-0.0093,0.0331,2,1,0,0,0,0,0
AEVOUSDT-RPLUSDT,0.969819,4,2,2,0.5,12289.95,3072.49,4247.76,10360.5,-6566.08,1.8939,0.652,-0.0089,2.7329,26.0,1.23,-0.0079,0.0173,2,0,2,0,0,0,0
BLURUSDT-MEMEUSDT,0.969196,5,4,1,0.8,10565.0,2113.0,4337.46,5548.32,-5008.97,1.5857,0.767,-0.0082,3.1092,58.4,1.06,-0.008,0.0122,4,0,1,0,0,0,0
DOGSUSDT-GALAUSDT,0.968707,5,3,2,0.6,19440.19,3888.04,2233.57,20987.53,-8630.85,1.8069,0.9263,-0.0143,2.5549,56.8,1.94,-0.0119,0.0263,3,0,2,0,0,0,0
GUSDT-HOOKUSDT,0.968359,3,2,1,0.6667,38935.41,12978.47,14901.84,41600.71,-17567.14,1.766,1.2713,-0.0206,3.2164,38.7,3.89,-0.02,0.0677,2,0,1,0,0,0,0
GRTUSDT-INJUSDT,0.967945,3,2,1,0.6667,6330.76,2110.25,3268.28,5244.51,-2182.03,1.7414,1.012,-0.0042,3.9013,62.7,0.63,-0.0029,0.0119,2,0,1,0,0,0,0
APEUSDT-HIVEUSDT,0.967784,5,4,1,0.8,18614.65,3722.93,5421.45,5695.69,-3262.43,1.5878,0.9196,-0.0125,6.7058,80.0,1.86,-0.0078,0.0192,4,0,0,0,0,0,0
IOTAUSDT-STEEMUSDT,0.967719,3,2,1,0.6667,10022.31,3340.77,1241.31,8943.41,-162.4,1.8453,0.6899,-0.0107,62.7119,38.7,1.0,-0.008,0.0173,1,0,2,0,0,0,0
1000CHEEMSUSDT-LDOUSDT,0.967607,3,3,0,1.0,17093.16,5697.72,2808.32,13666.8,618.04,1.6582,1.146,-0.0133,,58.7,1.71,-0.0118,0.0285,1,0,1,0,1,0,0
SUNUSDT-VICUSDT,0.967577,3,2,1,0.6667,17584.5,5861.5,4976.86,12966.44,-358.79,1.8441,0.4918,-0.0102,50.0105,29.3,1.76,-0.0038,0.0301,1,0,2,0,0,0,0
GTCUSDT-MBOXUSDT,0.967042,5,3,2,0.6,11499.19,2299.84,6147.13,6826.29,-6428.37,1.8021,1.1239,-0.0063,2.4358,54.4,1.15,-0.006,0.0144,3,0,2,0,0,0,0
ANKRUSDT-IDUSDT,0.966147,5,4,1,0.8,7870.56,1574.11,2853.44,5159.86,-7124.64,1.6629,0.7946,-0.0086,2.1047,37.6,0.79,-0.0051,0.0122,4,1,0,0,0,0,0
HOOKUSDT-REDUSDT,0.965993,4,3,1,0.75,14217.76,3554.44,4155.17,12181.31,-6273.88,1.7158,0.8718,-0.0097,3.2662,47.0,1.42,-0.0099,0.0198,2,0,1,0,0,0,0
AVAXUSDT-TIAUSDT,0.96561,4,3,1,0.75,7526.83,1881.71,2138.98,5320.73,-2071.87,1.707,0.6601,-0.0043,4.6329,30.0,0.75,-0.0059,0.01,2,0,2,0,0,0,0
DOTUSDT-NEARUSDT,0.963346,6,4,2,0.6667,9438.63,1573.11,2985.36,4146.28,-1958.92,1.6623,0.8227,-0.0069,3.4937,48.0,0.94,-0.0026,0.0113,4,0,2,0,0,0,0
GRTUSDT-VTHOUSDT,0.963214,5,3,2,0.6,13209.31,2641.86,3467.48,6597.61,-1069.4,1.7353,1.0669,-0.0048,9.8252,66.4,1.32,-0.0061,0.0136,3,0,2,0,0,0,0
ARKMUSDT-GALAUSDT,0.96184,3,2,1,0.6667,9840.51,3280.17,4719.13,5567.72,-446.35,1.7295,0.8385,-0.0081,23.0468,61.3,0.98,-0.0054,0.0163,2,0,1,0,0,0,0
1MBABYDOGEUSDT-PNUTUSDT,0.961212,5,3,2,0.6,13384.48,2676.9,5195.33,11424.69,-9350.33,1.8076,0.864,-0.0133,2.3083,32.8,1.34,-0.0087,0.0184,3,0,2,0,0,0,0
MTLUSDT-TURBOUSDT,0.960795,4,3,1,0.75,8008.94,2002.23,4034.95,8766.84,-8827.8,1.7336,0.8779,-0.0097,1.9072,18.0,0.8,-0.0081,0.015,3,0,1,0,0,0,0
MBOXUSDT-UMAUSDT,0.960709,4,2,2,0.5,11495.78,2873.95,2174.25,8102.55,-955.26,1.8391,0.7868,-0.0066,7.7752,33.0,1.15,-0.0068,0.0143,2,0,2,0,0,0,0
MASKUSDT-PORTALUSDT,0.959661,3,2,1,0.6667,8468.72,2822.91,6948.84,7190.92,-5671.03,1.7707,0.5626,-0.0075,2.4933,18.7,0.85,-0.006,0.0187,2,0,1,0,0,0,0
STEEMUSDT-TRBUSDT,0.959352,3,2,1,0.6667,11484.01,3828.0,5760.53,11691.83,-5968.35,1.7278,1.3129,-0.0068,2.9242,32.0,1.15,-0.0072,0.0202,2,0,1,0,0,0,0
HIGHUSDT-RPLUSDT,0.959047,4,3,1,0.75,11172.96,2793.24,3764.02,11666.47,-8021.56,1.7556,0.5795,-0.0109,2.3929,16.0,1.12,-0.0065,0.02,2,1,1,0,0,0,0
AEVOUSDT-NMRUSDT,0.958883,3,2,1,0.6667,10487.41,3495.8,7826.22,9428.08,-6766.89,1.7696,1.0677,-0.012,2.5498,85.3,1.05,-0.0073,0.0264,2,0,1,0,0,0,0
HIVEUSDT-TAOUSDT,0.958101,3,2,1,0.6667,14788.42,4929.47,6789.2,12546.97,-4547.76,1.724,0.9268,-0.0117,4.2518,46.7,1.48,-0.0115,0.0244,2,0,1,0,0,0,0
BELUSDT-SKLUSDT,0.957045,5,3,2,0.6,17917.64,3583.53,4034.79,18645.7,-6424.19,1.8605,1.153,-0.0157,2.864,40.8,1.79,-0.0073,0.0262,1,0,3,0,0,0,0
ALTUSDT-CFXUSDT,0.955768,7,5,2,0.7143,16594.16,2370.59,5335.67,13813.31,-12039.2,1.7444,1.0016,-0.0181,1.9039,42.3,1.66,-0.0108,0.0213,4,0,3,0,0,0,0
HIVEUSDT-SUSDT,0.955295,3,2,1,0.6667,10805.36,3601.79,7871.0,9626.42,-6692.07,1.7471,0.6637,-0.0078,2.6147,41.3,1.08,-0.0072,0.0217,2,0,1,0,0,0,0
ALTUSDT-ONEUSDT,0.954867,4,3,1,0.75,14200.51,3550.13,3741.08,9049.52,-2331.16,1.6158,0.8707,-0.012,7.0916,56.0,1.42,-0.0122,0.0171,3,0,0,0,1,0,0
NMRUSDT-TRBUSDT,0.954541,3,2,1,0.6667,7297.14,2432.38,4777.9,7131.0,-4611.76,1.7438,0.7923,-0.0048,2.5823,21.3,0.73,-0.006,0.0141,2,0,1,0,0,0,0
DENTUSDT-STORJUSDT,0.954389,4,3,1,0.75,58262.87,14565.72,6173.44,63485.05,-17569.06,1.631,0.9884,-0.0235,4.3162,26.0,5.83,-0.0198,0.0685,3,1,0,0,0,0,0
KAITOUSDT-RPLUSDT,0.953398,4,3,1,0.75,32540.83,8135.21,8817.26,31260.39,-16354.09,1.6287,1.3495,-0.0232,2.9898,68.0,3.25,-0.0194,0.0486,3,0,1,0,0,0,0
ACEUSDT-HOOKUSDT,0.953153,5,4,1,0.8,20693.01,4138.6,5036.27,13490.61,-7554.15,1.7224,1.056,-0.0159,3.7393,23.2,2.07,-0.0107,0.0253,1,0,3,0,0,0,0
ALTUSDT-IMXUSDT,0.952534,7,5,2,0.7143,20730.96,2961.57,5440.94,10989.93,-8886.65,1.6932,1.2645,-0.0126,2.2622,65.1,2.07,-0.0082,0.0228,4,0,3,0,0,0,0
MINAUSDT-ROSEUSDT,0.952148,3,2,1,0.6667,6591.83,2197.28,4307.3,4877.44,-2592.91,1.6967,0.4314,-0.0045,3.5423,22.7,0.66,-0.0026,0.0136,2,0,1,0,0,0,0
1000CATUSDT-DYDXUSDT,0.952075,3,2,1,0.6667,10830.33,3610.11,3582.18,8802.83,-1554.68,1.7918,0.9457,-0.0045,7.9663,33.3,1.08,-0.0108,0.015,1,0,1,0,1,0,0
BNBUSDT-WIFUSDT,0.951336,3,2,1,0.6667,10814.51,3604.84,5169.11,5779.66,-134.27,1.6973,0.9741,-0.0066,81.5453,98.7,1.08,-0.0043,0.0143,2,0,1,0,0,0,0
HOTUSDT-XRPUSDT,0.950969,3,2,1,0.6667,16113.56,5371.19,12159.96,12259.98,-8306.38,1.711,1.0375,-0.0128,2.9399,30.7,1.61,-0.012,0.031,2,0,1,0,0,0,0
COTIUSDT-KAITOUSDT,0.949433,3,2,1,0.6667,32718.86,10906.29,5799.11,32778.73,-5858.97,1.6975,2.1681,-0.0105,6.5844,100.0,3.27,-0.0135,0.0481,2,0,1,0,0,0,0
MBOXUSDT-NEARUSDT,0.949424,3,2,1,0.6667,10174.0,3391.33,1164.77,11019.9,-2010.67,1.7867,1.268,-0.0063,6.06,74.7,1.02,-0.0059,0.018,1,0,2,0,0,0,0
BROCCOLI714USDT-CRVUSDT,0.949048,4,3,1,0.75,11031.65,2757.91,1793.72,9682.48,-2238.27,1.7327,0.8504,-0.0054,5.9287,35.0,1.1,-0.0077,0.0163,1,0,3,0,0,0,0
PNUTUSDT-XLMUSDT,0.947962,3,2,1,0.6667,10149.95,3383.32,5220.74,7254.12,-2324.91,1.6881,1.0553,-0.0068,5.3657,93.3,1.01,-0.0046,0.0185,2,0,1,0,0,0,0
JASMYUSDT-ZRXUSDT,0.94687,4,3,1,0.75,13927.17,3481.79,5793.13,8243.45,-5902.53,1.6606,0.511,-0.0093,3.3595,21.0,1.39,-0.007,0.019,2,0,1,0,0,0,0
TLMUSDT-UNIUSDT,0.946712,4,3,1,0.75,17534.35,4383.59,10154.36,19458.54,-22232.9,1.7219,0.7124,-0.0217,1.7887,44.0,1.75,-0.0183,0.0345,3,0,1,0,0,0,0
ALICEUSDT-KAIAUSDT,0.945529,3,2,1,0.6667,12215.99,4072.0,5703.54,14705.57,-8193.13,1.7339,0.736,-0.0098,2.491,29.3,1.22,-0.0097,0.0262,2,1,0,0,0,0,0
NOTUSDT-POWRUSDT,0.944221,4,3,1,0.75,9658.7,2414.68,4744.4,6661.72,-6491.82,1.634,0.6024,-0.0118,2.4878,38.0,0.97,-0.0078,0.0192,3,1,0,0,0,0,0
LUMIAUSDT-MEMEUSDT,0.942992,4,3,1,0.75,16197.77,4049.44,3827.39,15058.63,-6515.65,1.6481,1.1054,-0.0083,3.486,46.0,1.62,-0.0109,0.0217,2,0,2,0,0,0,0
KNCUSDT-PHAUSDT,0.942529,3,2,1,0.6667,9665.6,3221.87,3471.44,6435.25,-241.09,1.6689,0.649,-0.0043,41.0913,24.0,0.97,-0.0053,0.0135,2,0,1,0,0,0,0
NFPUSDT-NKNUSDT,0.942491,3,2,1,0.6667,25373.42,8457.81,5611.93,22825.35,-3063.86,1.6744,2.0057,-0.0082,9.2815,48.0,2.54,-0.0144,0.0325,2,0,1,0,0,0,0
1MBABYDOGEUSDT-TAOUSDT,0.942132,4,3,1,0.75,16002.25,4000.56,5281.15,15609.0,-10169.06,1.6208,0.8255,-0.0125,2.5736,24.0,1.6,-0.0117,0.0252,3,1,0,0,0,0,0
ALTUSDT-NOTUSDT,0.941574,3,3,0,1.0,15859.02,5286.34,5181.56,8022.53,2654.92,1.4872,0.8217,-0.0123,,74.7,1.59,-0.0072,0.027,2,0,0,0,1,0,0
ENSUSDT-KSMUSDT,0.941508,4,3,1,0.75,8053.33,2013.33,2460.99,4225.23,-1093.88,1.5673,0.7848,-0.0047,8.3622,53.0,0.81,-0.0064,0.0089,3,0,1,0,0,0,0
IOUSDT-SKLUSDT,0.941098,4,3,1,0.75,22873.77,5718.44,7865.31,11846.76,-4703.61,1.5913,1.5551,-0.0223,5.863,89.0,2.29,-0.0153,0.0336,3,0,1,0,0,0,0
ALGOUSDT-QTUMUSDT,0.940633,3,2,1,0.6667,9700.88,3233.63,3237.46,6778.62,-315.2,1.6641,0.8966,-0.0047,31.7768,54.7,0.97,-0.0066,0.0167,2,0,1,0,0,0,0
CGPTUSDT-VANRYUSDT,0.94052,5,4,1,0.8,9266.57,1853.31,1268.94,5139.94,-916.0,1.5575,0.7871,-0.0058,11.1164,60.0,0.93,-0.0088,0.009,3,0,2,0,0,0,0
PHAUSDT-SCRUSDT,0.939304,5,4,1,0.8,15095.46,3019.09,4114.92,10560.65,-8591.62,1.6451,0.4695,-0.0133,2.757,22.4,1.51,-0.0097,0.0193,2,1,1,0,0,0,0
OXTUSDT-RUNEUSDT,0.939153,3,2,1,0.6667,13739.12,4579.71,11402.01,14576.67,-12239.57,1.754,0.9267,-0.0121,2.1225,78.7,1.37,-0.0188,0.0298,2,0,1,0,0,0,0
HIVEUSDT-WIFUSDT,0.938758,6,3,3,0.5,13042.54,2173.76,2886.96,8222.53,-5480.24,1.7911,1.167,-0.0093,2.4463,40.0,1.3,-0.005,0.0146,3,0,3,0,0,0,0
COTIUSDT-FILUSDT,0.938146,4,3,1,0.75,12756.85,3189.21,6073.37,10315.99,-9705.88,1.7046,0.5253,-0.0118,2.3143,31.0,1.28,-0.0096,0.0197,2,0,2,0,0,0,0
RAREUSDT-YFIUSDT,0.938079,3,2,1,0.6667,11133.86,3711.29,1283.95,11993.72,-2143.81,1.7538,0.4591,-0.006,6.1935,28.0,1.11,-0.0112,0.0157,1,0,1,0,1,0,0
ASTRUSDT-SOLUSDT,0.935423,4,3,1,0.75,11058.47,2764.62,5784.69,9321.34,-9832.24,1.6407,0.3706,-0.0099,2.1247,18.0,1.11,-0.008,0.0184,3,1,0,0,0,0,0
DOTUSDT-ETCUSDT,0.934067,4,3,1,0.75,8743.31,2185.83,2133.32,8328.7,-3852.03,1.549,0.8998,-0.0068,3.2698,39.0,0.87,-0.0075,0.0113,3,1,0,0,0,0,0
ARPAUSDT-ONTUSDT,0.931883,4,2,2,0.5,8677.21,2169.3,2892.19,6760.36,-3867.53,1.755,0.625,-0.0053,3.0425,27.0,0.87,-0.0068,0.0136,2,0,2,0,0,0,0
1000CATUSDT-BROCCOLI714USDT,0.931297,3,2,1,0.6667,10629.53,3543.18,2738.23,8915.22,-1023.92,1.7346,1.0598,-0.0061,11.3812,73.3,1.06,-0.0021,0.0176,1,0,2,0,0,0,0
FILUSDT-NEARUSDT,0.929517,4,3,1,0.75,15830.2,3957.55,3977.85,16390.5,-8516.01,1.5523,0.8464,-0.0088,2.8589,54.0,1.58,-0.0104,0.0217,3,1,0,0,0,0,0
ALGOUSDT-CKBUSDT,0.92892,4,3,1,0.75,10845.45,2711.36,5169.23,9087.93,-8580.93,1.6078,0.5953,-0.0091,2.2639,45.0,1.08,-0.0073,0.0169,3,1,0,0,0,0,0
RUNEUSDT-WOOUSDT,0.928661,3,2,1,0.6667,8878.23,2959.41,5253.58,10337.07,-6712.42,1.6975,0.5782,-0.0069,2.3227,14.7,0.89,-0.0072,0.0181,2,0,1,0,0,0,0
ARPAUSDT-UNIUSDT,0.927864,3,2,1,0.6667,16888.87,5629.62,15091.08,16324.81,-14527.02,1.7233,0.3191,-0.0159,2.1626,18.7,1.69,-0.0186,0.0358,2,0,1,0,0,0,0
COSUSDT-PYTHUSDT,0.927129,3,2,1,0.6667,11213.1,3737.7,3345.27,9486.25,-1618.41,1.6284,0.8896,-0.0067,7.9285,85.3,1.12,-0.006,0.0181,2,0,1,0,0,0,0
METISUSDT-ONGUSDT,0.926996,3,2,1,0.6667,32649.81,10883.27,24481.46,26519.1,-18350.75,1.6696,0.6969,-0.0211,2.7792,58.7,3.26,-0.0234,0.0621,2,1,0,0,0,0,0
COSUSDT-KAIAUSDT,0.926863,3,2,1,0.6667,15261.16,5087.05,5309.61,19318.02,-9366.48,1.7656,1.0755,-0.0119,2.6293,42.7,1.53,-0.0126,0.0292,1,0,1,0,0,0,0
METISUSDT-SNXUSDT,0.926281,3,2,1,0.6667,27099.1,9033.03,8163.05,28131.35,-9195.3,1.6351,0.7872,-0.0131,3.9471,58.7,2.71,-0.02,0.0459,2,0,1,0,0,0,0
CETUSUSDT-OMUSDT,0.925833,3,1,2,0.3333,35896.62,11965.54,-1541.82,40608.0,-3169.55,1.908,2.9407,-0.005,8.6191,18.7,3.59,-0.0094,0.0456,1,0,2,0,0,0,0
ALGOUSDT-ATAUSDT,0.925452,3,2,1,0.6667,8173.91,2724.64,6167.56,7730.4,-5724.06,1.6802,0.4322,-0.0082,2.428,34.7,0.82,-0.0106,0.0186,2,0,1,0,0,0,0
AXSUSDT-RSRUSDT,0.924589,3,2,1,0.6667,13153.88,4384.63,4581.64,14021.7,-5449.46,1.6216,1.2404,-0.007,3.4138,81.3,1.32,-0.011,0.0215,2,0,1,0,0,0,0
HIVEUSDT-PENGUUSDT,0.924377,4,2,2,0.5,12173.74,3043.44,2245.88,13912.71,-6230.73,1.7901,0.5484,-0.0074,2.4374,28.0,1.22,-0.0116,0.0189,2,0,2,0,0,0,0
HFTUSDT-MTLUSDT,0.924287,3,2,1,0.6667,8549.45,2849.82,4360.3,6530.12,-2340.98,1.621,0.6469,-0.0073,4.6521,54.7,0.85,-0.011,0.0158,2,0,1,0,0,0,0
OGNUSDT-PEOPLEUSDT,0.92264,3,2,1,0.6667,19239.56,6413.19,2329.59,18382.41,-1472.45,1.7093,2.4327,-0.0057,14.0664,45.3,1.92,-0.0068,0.0256,1,0,2,0,0,0,0
DEGOUSDT-ONGUSDT,0.921987,3,2,1,0.6667,12155.11,4051.7,3734.93,9815.69,-1395.51,1.7104,0.4898,-0.0078,9.7102,56.0,1.22,-0.0119,0.0174,1,0,2,0,0,0,0
TUTUSDT-VICUSDT,0.921166,3,2,1,0.6667,12538.37,4179.46,2789.67,14484.0,-4735.3,1.6141,1.1173,-0.0087,3.6479,73.3,1.25,-0.0153,0.02,2,0,1,0,0,0,0
DOGSUSDT-POLUSDT,0.920513,3,2,1,0.6667,13206.16,4402.05,8259.16,15734.47,-10787.47,1.6895,0.4623,-0.011,2.2242,20.0,1.32,-0.0121,0.0283,2,1,0,0,0,0,0
GRTUSDT-REZUSDT,0.918776,3,2,1,0.6667,9654.13,3218.04,7073.72,9492.63,-6912.21,1.6625,0.4334,-0.0071,2.3967,26.7,0.97,-0.0074,0.0192,2,0,1,0,0,0,0
1000CATUSDT-CKBUSDT,0.918462,3,2,1,0.6667,9796.72,3265.57,6312.63,6897.6,-3413.51,1.6013,1.0929,-0.0051,3.87,84.0,0.98,-0.0077,0.0172,2,0,1,0,0,0,0
MOVRUSDT-UNIUSDT,0.91813,3,2,1,0.6667,8405.36,2801.79,6070.05,7618.93,-5283.62,1.6415,1.0839,-0.0066,2.5908,24.0,0.84,-0.0059,0.0179,2,0,1,0,0,0,0
AGLDUSDT-CRVUSDT,0.917063,3,1,2,0.3333,9747.97,3249.32,-839.55,12673.75,-2086.23,1.8833,0.5226,-0.0053,4.3318,12.0,0.97,-0.0065,0.0158,1,0,2,0,0,0,0
BELUSDT-JUPUSDT,0.916502,3,2,1,0.6667,14226.35,4742.12,7521.41,10657.27,-3952.32,1.6052,0.5706,-0.0118,4.5995,56.0,1.42,-0.0221,0.0221,2,0,1,0,0,0,0
ARKMUSDT-UMAUSDT,0.91504,6,4,2,0.6667,11755.22,1959.2,4649.06,7289.83,-8016.13,1.6095,0.704,-0.0107,2.1614,32.7,1.18,-0.0096,0.0143,4,0,2,0,0,0,0
EIGENUSDT-RSRUSDT,0.914964,4,3,1,0.75,11630.47,2907.62,3105.14,8136.89,-2716.71,1.4957,0.7035,-0.0077,5.2811,72.0,1.16,-0.0104,0.0154,3,0,1,0,0,0,0
BICOUSDT-RSRUSDT,0.914703,3,2,1,0.6667,10250.9,3416.97,2516.93,7989.16,-255.19,1.6875,0.8475,-0.0063,41.1699,48.0,1.03,-0.0085,0.0178,1,0,2,0,0,0,0
1000CATUSDT-ARBUSDT,0.913762,4,3,1,0.75,11349.3,2837.32,6094.38,8814.04,-9653.5,1.5771,1.0991,-0.0121,2.1757,42.0,1.13,-0.0086,0.021,3,0,1,0,0,0,0
RAREUSDT-UMAUSDT,0.913709,3,2,1,0.6667,15312.74,5104.25,11540.42,12340.91,-8568.59,1.6203,0.3757,-0.0137,2.7871,20.0,1.53,-0.0145,0.0337,2,1,0,0,0,0,0
COTIUSDT-ZKUSDT,0.913641,3,2,1,0.6667,16075.11,5358.37,7004.41,13246.71,-4176.0,1.5991,1.2927,-0.0132,4.8494,112.0,1.61,-0.0071,0.031,2,0,1,0,0,0,0
MINAUSDT-RSRUSDT,0.912877,3,2,1,0.6667,13446.99,4482.33,7947.56,9805.07,-4305.63,1.5938,0.7181,-0.011,4.1231,65.3,1.34,-0.0101,0.0241,2,0,1,0,0,0,0
IMXUSDT-USTCUSDT,0.912804,3,2,1,0.6667,12934.32,4311.44,7757.27,13733.37,-8556.33,1.6396,0.5123,-0.0107,2.5117,28.0,1.29,-0.0122,0.0247,2,0,1,0,0,0,0
API3USDT-LISTAUSDT,0.911122,3,2,1,0.6667,8921.7,2973.9,677.59,8319.65,-75.54,1.6795,0.7439,-0.0078,119.105,37.3,0.89,-0.0039,0.0173,1,0,2,0,0,0,0
LUMIAUSDT-MASKUSDT,0.909614,5,2,3,0.4,19528.55,3905.71,-1791.24,14636.03,-2086.99,1.765,0.6505,-0.0128,4.408,29.6,1.95,-0.0042,0.0239,2,0,3,0,0,0,0
ALTUSDT-DOTUSDT,0.909434,3,2,1,0.6667,8898.85,2966.28,5617.37,6213.27,-2931.79,1.5757,0.8028,-0.0052,4.0353,61.3,0.89,-0.0079,0.0148,2,0,1,0,0,0,0
JASMYUSDT-RENDERUSDT,0.907389,5,3,2,0.6,15400.86,3080.17,7239.83,11449.71,-9686.68,1.6674,1.1163,-0.0176,2.2297,70.4,1.54,-0.0116,0.0228,3,0,2,0,0,0,0
ETCUSDT-RSRUSDT,0.90652,3,2,1,0.6667,9236.36,3078.79,4032.98,7531.07,-2327.7,1.5695,0.4843,-0.0067,4.968,25.3,0.92,-0.0057,0.0184,2,0,1,0,0,0,0
NKNUSDT-RPLUSDT,0.906155,3,2,1,0.6667,14421.42,4807.14,9641.15,9726.54,-4946.28,1.5714,0.8016,-0.0088,3.9156,76.0,1.44,-0.0111,0.0254,2,0,1,0,0,0,0
COSUSDT-SLPUSDT,0.904998,3,2,1,0.6667,10216.69,3405.56,2757.4,9293.15,-1833.86,1.6601,0.4311,-0.0065,6.5711,32.0,1.02,-0.0089,0.0163,1,0,2,0,0,0,0
SAGAUSDT-XAIUSDT,0.904357,4,3,1,0.75,12347.93,3086.98,2072.68,8327.95,-125.39,1.5391,0.9476,-0.0093,99.4774,89.0,1.23,-0.0091,0.0187,2,0,2,0,0,0,0
FORMUSDT-REZUSDT,0.903508,5,3,2,0.6,13315.42,2663.08,5355.29,12145.8,-7771.21,1.6412,0.5412,-0.0106,2.2846,24.8,1.33,-0.0092,0.0173,3,1,1,0,0,0,0
BELUSDT-WOOUSDT,0.903305,3,2,1,0.6667,13743.71,4581.24,1613.91,16459.17,-4329.37,1.6543,0.677,-0.0059,4.1745,26.7,1.37,-0.0074,0.0233,1,0,1,0,0,0,0
IDUSDT-UNIUSDT,0.902373,3,2,1,0.6667,12015.1,4005.03,9811.95,13203.39,-11000.25,1.7461,0.7346,-0.0115,2.0923,66.7,1.2,-0.0168,0.0274,1,0,2,0,0,0,0
KNCUSDT-MTLUSDT,0.902232,4,3,1,0.75,9144.9,2286.22,4384.43,6400.52,-6024.48,1.5074,0.5997,-0.0092,2.518,28.0,0.91,-0.0075,0.0166,3,1,0,0,0,0,0
HIVEUSDT-VELODROMEUSDT,0.901101,4,3,1,0.75,9651.99,2413.0,5001.01,6127.54,-6477.58,1.5049,0.8347,-0.0078,2.4901,37.0,0.97,-0.0102,0.0142,3,0,1,0,0,0,0
AVAXUSDT-UMAUSDT,0.900991,3,2,1,0.6667,23689.67,7896.56,6152.76,25919.53,-8382.62,1.5599,1.2931,-0.0111,3.826,46.7,2.37,-0.0197,0.0399,2,0,1,0,0,0,0
COMPUSDT-ETCUSDT,0.900602,3,3,0,1.0,8096.93,2698.98,1895.21,5051.6,1150.12,1.2678,0.57,-0.0074,,72.0,0.81,-0.0119,0.0103,3,0,0,0,0,0,0
ARPAUSDT-IOUSDT,0.900169,3,2,1,0.6667,22656.39,7552.13,6016.74,22509.24,-5869.59,1.5645,0.3846,-0.0159,4.86,18.7,2.27,-0.0152,0.0365,2,0,1,0,0,0,0
DOGSUSDT-RENDERUSDT,0.899602,3,2,1,0.6667,12210.29,4070.1,8040.33,8309.14,-4139.18,1.6453,0.765,-0.007,3.9499,37.3,1.22,-0.0083,0.0229,1,0,1,0,1,0,0
COMPUSDT-DOGEUSDT,0.89836,5,4,1,0.8,16783.19,3356.64,7022.07,11774.73,-18181.46,1.5004,0.4697,-0.0183,1.9231,38.4,1.68,-0.0156,0.0243,4,1,0,0,0,0,0
CAKEUSDT-OPUSDT,0.898223,3,2,1,0.6667,9276.22,3092.07,1417.28,8293.02,-434.08,1.6394,0.8242,-0.0056,22.3696,46.7,0.93,-0.0048,0.018,1,0,1,0,1,0,0
LPTUSDT-TRUUSDT,0.898137,3,2,1,0.6667,10066.12,3355.37,1176.75,9680.12,-790.75,1.6414,0.7159,-0.0072,13.7299,70.7,1.01,-0.0018,0.0184,1,0,2,0,0,0,0
KAVAUSDT-TRBUSDT,0.897999,4,3,1,0.75,7359.04,1839.76,4545.61,5288.23,-7020.41,1.537,0.4909,-0.007,2.0482,18.0,0.74,-0.0068,0.0133,3,0,1,0,0,0,0
SEIUSDT-TAOUSDT,0.89603,4,2,2,0.5,17601.09,4400.27,1142.9,17808.35,-2493.06,1.658,0.8257,-0.0091,4.9842,48.0,1.76,-0.0086,0.0224,2,0,2,0,0,0,0
APEUSDT-ONEUSDT,0.894114,4,3,1,0.75,6682.85,1670.71,2973.21,6250.49,-5514.06,1.5795,0.4913,-0.0055,2.212,27.0,0.67,-0.0053,0.0139,2,0,2,0,0,0,0
SUIUSDT-WIFUSDT,0.89353,3,2,1,0.6667,6652.28,2217.43,257.48,11696.35,-5301.55,1.6972,0.7393,-0.0057,2.2548,26.7,0.67,-0.0058,0.0158,1,0,2,0,0,0,0
BICOUSDT-RPLUSDT,0.893484,3,2,1,0.6667,14242.87,4747.62,6331.42,12079.81,-4168.36,1.5372,0.5826,-0.0102,4.4169,61.3,1.42,-0.0105,0.0257,2,0,1,0,0,0,0
MOVEUSDT-TURBOUSDT,0.892424,3,2,1,0.6667,14740.13,4913.38,10024.08,18525.89,-13809.84,1.6332,0.5162,-0.0174,2.0674,34.7,1.47,-0.0179,0.0373,2,1,0,0,0,0,0
PIXELUSDT-REDUSDT,0.892061,3,3,0,1.0,8734.91,2911.64,1267.63,7212.64,254.64,1.5269,0.5265,-0.0058,,41.3,0.87,-0.002,0.0165,0,0,2,0,0,0,0
KAITOUSDT-VICUSDT,0.889509,3,3,0,1.0,12515.46,4171.82,1410.76,10271.44,833.26,1.4326,0.9979,-0.0116,,125.3,1.25,-0.0062,0.0317,1,0,0,0,2,0,0
MEMEUSDT-NEIROUSDT,0.888033,3,2,1,0.6667,11069.44,3689.81,9513.91,11866.75,-10311.22,1.6101,0.3888,-0.0104,2.0735,25.3,1.11,-0.0113,0.0244,2,1,0,0,0,0,0
IOTXUSDT-SKLUSDT,0.885629,6,4,2,0.6667,19926.16,3321.03,8110.37,11737.5,-13732.56,1.5453,1.1183,-0.0151,2.0199,73.3,1.99,-0.0153,0.0265,4,1,1,0,0,0,0
AUCTIONUSDT-AVAXUSDT,0.885389,6,5,1,0.8333,24737.51,4122.92,8963.98,14998.05,-26340.57,1.4241,0.4694,-0.0254,1.9391,55.3,2.47,-0.0166,0.0295,5,1,0,0,0,0,0
DOTUSDT-HIVEUSDT,0.885299,4,3,1,0.75,10157.74,2539.43,5898.98,7333.27,-8973.49,1.4957,0.6063,-0.0091,2.132,40.0,1.02,-0.0111,0.0171,3,0,1,0,0,0,0
CVCUSDT-RUNEUSDT,0.884859,3,1,2,0.3333,13961.77,4653.92,-3151.62,20552.92,-3439.53,1.7993,0.9605,-0.0109,3.1183,48.0,1.4,-0.0083,0.0321,1,0,2,0,0,0,0
IMXUSDT-STEEMUSDT,0.884106,3,2,1,0.6667,50195.66,16731.89,5527.73,57445.13,-12777.2,1.5224,1.7626,-0.0186,4.9285,34.7,5.02,-0.0216,0.0708,2,1,0,0,0,0,0
AIUSDT-MBOXUSDT,0.883824,3,2,1,0.6667,5836.64,1945.55,4063.16,4487.39,-2713.92,1.5017,0.8101,-0.0046,3.1506,29.3,0.58,-0.0049,0.012,2,0,1,0,0,0,0
CELOUSDT-VANAUSDT,0.883372,3,2,1,0.6667,11864.21,3954.74,4892.09,8633.38,-1661.26,1.604,0.7358,-0.0105,8.1417,60.0,1.19,-0.0119,0.0226,1,0,2,0,0,0,0
ATOMUSDT-STEEMUSDT,0.883058,3,2,1,0.6667,8975.24,2991.75,6381.01,8339.5,-5745.28,1.548,0.3006,-0.0094,2.5622,24.0,0.9,-0.0079,0.0215,2,0,1,0,0,0,0
ALGOUSDT-IDUSDT,0.882425,3,2,1,0.6667,5378.23,1792.74,1434.66,6056.96,-2113.38,1.4988,0.4291,-0.0054,3.5448,48.0,0.54,-0.0099,0.0108,2,0,1,0,0,0,0
LSKUSDT-PENGUUSDT,0.880578,3,2,1,0.6667,12554.85,4184.95,6147.1,8523.56,-2115.81,1.5022,0.3447,-0.0115,6.9338,32.0,1.26,-0.0074,0.0228,2,0,1,0,0,0,0
MLNUSDT-XRPUSDT,0.880512,5,2,3,0.4,9930.04,1986.01,-267.71,9280.17,-5085.16,1.7064,0.8901,-0.006,2.6402,35.2,0.99,-0.0052,0.0143,2,0,3,0,0,0,0
CGPTUSDT-IOTXUSDT,0.879277,3,2,1,0.6667,10296.13,3432.04,6286.95,7154.12,-3144.93,1.4922,1.1872,-0.0071,4.2739,92.0,1.03,-0.0065,0.0184,2,0,1,0,0,0,0
ACEUSDT-SEIUSDT,0.878939,3,2,1,0.6667,16796.88,5598.96,7094.99,10641.29,-939.4,1.4997,0.7868,-0.013,18.8805,54.7,1.68,-0.0047,0.0321,2,0,1,0,0,0,0
PHAUSDT-SANDUSDT,0.878551,3,2,1,0.6667,11058.71,3686.24,3061.0,10260.52,-2262.8,1.5839,0.5925,-0.0061,5.8872,30.7,1.11,-0.0143,0.0189,1,0,2,0,0,0,0
BLURUSDT-XLMUSDT,0.874841,3,2,1,0.6667,7435.71,2478.57,1693.89,6796.36,-1054.54,1.5756,0.991,-0.0077,8.0511,56.0,0.74,-0.0015,0.0174,1,0,2,0,0,0,0
LISTAUSDT-VELODROMEUSDT,0.874619,4,3,1,0.75,9600.2,2400.05,5539.24,7210.46,-8688.75,1.4681,0.6269,-0.0093,2.1049,56.0,0.96,-0.0101,0.0169,3,0,1,0,0,0,0
AIUSDT-BELUSDT,0.87341,7,5,2,0.7143,13980.57,1997.22,1630.65,7008.11,-5798.7,1.4362,0.6848,-0.0116,3.3447,37.7,1.4,-0.0109,0.016,3,1,2,0,1,0,0
ACEUSDT-STEEMUSDT,0.872197,3,2,1,0.6667,22474.57,7491.52,8986.15,18927.6,-5439.18,1.481,0.684,-0.0134,5.132,29.3,2.25,-0.0169,0.0411,2,0,1,0,0,0,0
ICXUSDT-POWRUSDT,0.870996,4,2,2,0.5,7766.72,1941.68,1667.52,7323.9,-2892.23,1.6266,0.6669,-0.0054,2.5232,40.0,0.78,-0.0049,0.0129,2,0,1,0,0,0,0
API3USDT-GMXUSDT,0.870475,5,2,3,0.4,22586.76,4517.35,-2911.33,24164.79,-3657.81,1.6461,1.2446,-0.0079,3.275,23.2,2.26,-0.0082,0.024,2,0,3,0,0,0,0
PNUTUSDT-SEIUSDT,0.869826,9,6,3,0.6667,15384.02,1709.34,2174.96,8452.09,-7381.73,1.4558,0.7597,-0.0125,2.313,36.0,1.54,-0.009,0.0161,5,1,2,0,1,0,0
LPTUSDT-SKLUSDT,0.869819,3,3,0,1.0,12106.81,4035.6,2016.37,8966.99,1123.45,1.2845,0.8132,-0.014,,114.7,1.21,-0.0083,0.0259,2,0,0,0,1,0,0
MAVUSDT-RDNTUSDT,0.867341,3,2,1,0.6667,11180.32,3726.77,5025.71,8298.95,-2144.33,1.4647,0.5881,-0.0117,6.2139,58.7,1.12,-0.0077,0.023,2,0,0,0,0,0,0
REZUSDT-UNIUSDT,0.866776,3,2,1,0.6667,5797.79,1932.6,1878.57,9453.19,-5533.97,1.6413,0.3864,-0.0063,2.0477,17.3,0.58,-0.0059,0.0141,1,0,2,0,0,0,0
CKBUSDT-NEARUSDT,0.864331,3,2,1,0.6667,8306.1,2768.7,3252.29,5118.71,-64.9,1.5443,0.9253,-0.0068,128.9896,60.0,0.83,-0.0055,0.0146,1,0,1,0,1,0,0
ALTUSDT-TUSDT,0.863672,4,3,1,0.75,11222.49,2805.62,5294.71,9759.78,-9126.7,1.4265,0.9043,-0.0105,2.2296,81.0,1.12,-0.0114,0.0192,3,0,1,0,0,0,0
COSUSDT-ENSUSDT,0.863241,3,2,1,0.6667,5448.24,1816.08,2315.53,6214.68,-3081.96,1.558,0.8694,-0.0031,2.7678,46.7,0.54,-0.0044,0.0102,1,0,2,0,0,0,0
CETUSUSDT-UMAUSDT,0.86301,6,3,3,0.5,13800.32,2300.05,1597.08,9465.3,-2901.12,1.5189,0.9353,-0.0072,3.7017,38.0,1.38,-0.0094,0.0114,3,0,3,0,0,0,0
APTUSDT-TAOUSDT,0.862571,3,2,1,0.6667,10217.51,3405.84,5973.52,12133.09,-7889.09,1.5156,0.195,-0.0099,2.2951,14.7,1.02,-0.0096,0.0236,2,1,0,0,0,0,0
BANANAUSDT-OMUSDT,0.862548,3,1,2,0.3333,23119.94,7706.65,-1150.81,25608.44,-1337.69,1.6372,1.3441,-0.0087,10.2907,56.0,2.31,-0.0079,0.0341,2,0,1,0,0,0,0
ARKUSDT-DIAUSDT,0.862539,3,2,1,0.6667,8339.98,2779.99,5567.71,8996.3,-6224.03,1.506,0.5562,-0.0062,2.34,64.0,0.83,-0.0072,0.017,2,0,1,0,0,0,0
ADAUSDT-ARKMUSDT,0.861933,3,2,1,0.6667,7403.42,2467.81,4724.51,6456.51,-3777.59,1.4445,0.6911,-0.0057,2.9598,66.7,0.74,-0.0055,0.0146,2,0,1,0,0,0,0
1000CHEEMSUSDT-ENAUSDT,0.861614,3,3,0,1.0,15807.09,5269.03,1841.18,13498.92,466.99,1.3515,0.8201,-0.0106,,50.7,1.58,-0.0212,0.0191,1,0,1,0,1,0,0
DENTUSDT-RSRUSDT,0.861444,5,4,1,0.8,11751.21,2350.24,3548.08,7161.79,-6448.55,1.2962,0.8122,-0.0091,2.8223,65.6,1.18,-0.011,0.0159,4,1,0,0,0,0,0
BELUSDT-LDOUSDT,0.860771,3,2,1,0.6667,27810.96,9270.32,6593.6,34720.04,-13502.68,1.4538,0.7312,-0.0172,3.0597,32.0,2.78,-0.0147,0.0515,2,1,0,0,0,0,0
KSMUSDT-RPLUSDT,0.860639,4,3,1,0.75,14476.74,3619.18,3005.77,12845.25,-4380.05,1.3425,1.0422,-0.0091,4.3052,96.0,1.45,-0.0098,0.0232,3,0,1,0,0,0,0
RVNUSDT-VICUSDT,0.860541,4,3,1,0.75,9017.86,2254.46,4822.31,5683.11,-6309.87,1.3948,0.6765,-0.0078,2.4292,69.0,0.9,-0.0101,0.0137,3,0,1,0,0,0,0
AIUSDT-KNCUSDT,0.860442,3,2,1,0.6667,7485.31,2495.1,5385.75,6200.72,-4101.17,1.4512,0.673,-0.0044,2.8252,50.7,0.75,-0.0052,0.0142,2,0,1,0,0,0,0
ACXUSDT-ETCUSDT,0.860397,5,3,2,0.6,10455.05,2091.01,4570.62,9370.37,-7019.95,1.5183,0.8315,-0.0114,2.2934,52.0,1.05,-0.009,0.0139,3,0,2,0,0,0,0
BBUSDT-CETUSUSDT,0.85972,4,2,2,0.5,15232.94,3808.23,4124.6,10326.49,-3342.76,1.5583,0.5836,-0.012,4.1017,36.0,1.52,-0.0078,0.0223,2,0,2,0,0,0,0
COTIUSDT-STRKUSDT,0.858748,3,2,1,0.6667,10015.84,3338.61,5681.85,7598.19,-3264.21,1.441,0.6929,-0.0123,4.0684,66.7,1.0,-0.0067,0.0231,2,0,1,0,0,0,0
FORMUSDT-MBOXUSDT,0.858589,3,2,1,0.6667,11015.77,3671.92,7813.77,10490.73,-7288.73,1.4824,0.8812,-0.009,2.5113,82.7,1.1,-0.0078,0.0236,2,0,1,0,0,0,0
NMRUSDT-PHAUSDT,0.858318,3,2,1,0.6667,5957.78,1985.93,89.85,5962.52,-94.59,1.5273,0.5763,-0.0069,63.9879,37.3,0.6,-0.0051,0.0112,1,0,2,0,0,0,0
1000CHEEMSUSDT-SEIUSDT,0.857859,3,2,1,0.6667,16333.8,5444.6,11175.67,11283.37,-6125.24,1.4376,0.7155,-0.0117,3.6666,52.0,1.63,-0.0145,0.0324,2,0,1,0,0,0,0
HIVEUSDT-PEOPLEUSDT,0.857469,4,3,1,0.75,5506.35,1376.59,1827.35,5406.47,-3554.83,1.5139,0.5681,-0.0053,2.549,34.0,0.55,-0.0029,0.011,1,0,3,0,0,0,0
ACEUSDT-NMRUSDT,0.856615,3,2,1,0.6667,12333.61,4111.2,5828.41,15251.69,-8746.5,1.5812,0.3979,-0.0087,2.4101,20.0,1.23,-0.0096,0.0244,1,0,1,0,0,0,0
DIAUSDT-ILVUSDT,0.854179,4,2,2,0.5,14259.22,3564.81,1817.78,18097.21,-7473.54,1.5787,0.891,-0.0147,2.6607,76.0,1.43,-0.011,0.0252,2,0,2,0,0,0,0
CVCUSDT-PNUTUSDT,0.854018,3,1,2,0.3333,14668.78,4889.59,-741.55,19856.2,-4445.87,1.7075,0.5517,-0.0083,3.8278,22.7,1.47,-0.0117,0.0225,1,0,2,0,0,0,0
HFTUSDT-MOVRUSDT,0.853177,6,4,2,0.6667,11633.45,1938.91,4856.67,9231.82,-9873.09,1.4623,0.682,-0.01,1.841,28.0,1.16,-0.0089,0.0164,4,1,1,0,0,0,0
MLNUSDT-ORCAUSDT,0.85185,4,3,1,0.75,11875.54,2968.89,1750.18,11906.41,-3531.23,1.4672,0.636,-0.0139,4.363,43.0,1.19,-0.0135,0.0173,1,0,3,0,0,0,0
ARUSDT-ZILUSDT,0.850048,3,2,1,0.6667,8581.15,2860.38,4682.2,8961.01,-5062.06,1.437,0.5573,-0.0066,2.6952,66.7,0.86,-0.0116,0.0182,2,0,1,0,0,0,0
KSMUSDT-PYTHUSDT,0.849069,3,2,1,0.6667,5529.25,1843.08,4017.77,5280.56,-3769.08,1.4536,0.3096,-0.005,2.467,29.3,0.55,-0.007,0.011,2,0,1,0,0,0,0
GTCUSDT-VETUSDT,0.84892,3,2,1,0.6667,8461.51,2820.5,3842.24,5266.91,-647.64,1.4057,0.5707,-0.0073,14.0651,48.0,0.85,-0.0097,0.0173,2,0,1,0,0,0,0
BANDUSDT-BNTUSDT,0.848629,3,1,2,0.3333,8315.94,2771.98,-689.42,14792.29,-5786.93,1.7567,0.7757,-0.0058,2.284,49.3,0.83,-0.0088,0.0179,1,0,2,0,0,0,0
CKBUSDT-ETCUSDT,0.847845,5,3,2,0.6,9927.85,1985.57,1955.77,6831.72,-2923.37,1.4115,0.6778,-0.0089,3.3609,56.0,0.99,-0.0113,0.0114,3,0,2,0,0,0,0
ORCAUSDT-XRPUSDT,0.847368,6,4,2,0.6667,33585.94,5597.66,1885.2,44223.41,-10905.99,1.4231,1.436,-0.016,2.6686,45.3,3.36,-0.0134,0.0322,3,2,1,0,0,0,0
CELRUSDT-KNCUSDT,0.847301,3,2,1,0.6667,7314.51,2438.17,2947.18,8767.25,-4399.91,1.4356,0.6448,-0.0089,2.6624,52.0,0.73,-0.009,0.0178,2,0,1,0,0,0,0
ICXUSDT-NOTUSDT,0.847248,3,2,1,0.6667,8732.43,2910.81,5766.83,6479.84,-3514.25,1.3975,0.7993,-0.0049,3.4849,56.0,0.87,-0.0038,0.0148,2,0,1,0,0,0,0
DOGSUSDT-POLYXUSDT,0.846296,4,3,1,0.75,9470.12,2367.53,5342.53,8246.66,-9461.6,1.405,0.3501,-0.0149,2.0009,17.0,0.95,-0.0113,0.0179,3,1,0,0,0,0,0
HIVEUSDT-RUNEUSDT,0.845724,3,2,1,0.6667,7903.18,2634.39,6213.04,8060.28,-6370.14,1.4683,0.6029,-0.0068,2.2407,24.0,0.79,-0.0073,0.0167,2,0,1,0,0,0,0
1000CHEEMSUSDT-SOLUSDT,0.84534,3,3,0,1.0,18108.17,6036.06,2780.82,13380.22,1947.13,1.3123,0.3596,-0.0157,,40.0,1.81,-0.0201,0.0279,1,0,1,0,1,0,0
ARKUSDT-USTCUSDT,0.843086,4,3,1,0.75,13748.86,3437.21,8050.3,10968.61,-13320.34,1.3968,0.7257,-0.0177,2.0322,86.0,1.37,-0.0132,0.0277,3,0,1,0,0,0,0
BICOUSDT-MBOXUSDT,0.842919,3,2,1,0.6667,6404.72,2134.91,1489.07,5887.2,-971.55,1.3863,0.7247,-0.0057,7.5923,76.0,0.64,-0.0074,0.0101,2,0,1,0,0,0,0
CKBUSDT-VICUSDT,0.842632,3,2,1,0.6667,7980.38,2660.13,5305.18,5416.85,-2741.66,1.3885,0.7593,-0.0078,3.9108,76.0,0.8,-0.0099,0.0144,2,0,1,0,0,0,0
RENDERUSDT-TRBUSDT,0.84234,3,2,1,0.6667,9407.06,3135.69,4830.93,6132.84,-1556.71,1.3893,0.8145,-0.0089,7.0429,78.7,0.94,-0.0092,0.0177,2,0,1,0,0,0,0
POLYXUSDT-VELODROMEUSDT,0.842253,4,3,1,0.75,8274.25,2068.56,3581.06,6043.19,-4931.06,1.3885,0.7612,-0.0066,2.678,41.0,0.83,-0.0082,0.0153,2,0,2,0,0,0,0
NEOUSDT-TUTUSDT,0.842043,3,2,1,0.6667,7365.25,2455.08,5890.89,7322.61,-5848.25,1.4595,0.8315,-0.0093,2.2594,46.7,0.74,-0.0115,0.0156,2,0,1,0,0,0,0
USTCUSDT-XLMUSDT,0.840947,6,4,2,0.6667,18520.62,3086.77,3762.57,7915.94,-2446.72,1.3673,0.6995,-0.0118,5.124,50.7,1.85,-0.0154,0.016,3,0,3,0,0,0,0
ILVUSDT-TLMUSDT,0.840921,4,3,1,0.75,15216.64,3804.16,8467.53,13057.16,-14775.59,1.3867,0.3288,-0.0148,2.0299,32.0,1.52,-0.0144,0.0262,3,1,0,0,0,0,0
C98USDT-CELRUSDT,0.840759,3,1,2,0.3333,80684.31,26894.77,-343.87,87320.04,-6291.86,1.6792,6.152,-0.015,13.1591,52.0,8.07,-0.0119,0.1076,1,0,2,0,0,0,0
ORCAUSDT-SNXUSDT,0.840136,3,2,1,0.6667,7296.95,2432.32,5798.08,8328.87,-6830.0,1.4697,0.3624,-0.0075,2.0684,33.3,0.73,-0.009,0.0173,2,0,1,0,0,0,0
ONTUSDT-STORJUSDT,0.839353,3,2,1,0.6667,7591.22,2530.41,1430.17,6713.73,-552.67,1.3776,0.6428,-0.0067,14.7355,80.0,0.76,-0.0093,0.0119,2,0,1,0,0,0,0
HBARUSDT-LISTAUSDT,0.836058,4,3,1,0.75,13060.64,3265.16,5056.97,13917.84,-10971.14,1.4266,0.3834,-0.0132,2.1905,25.0,1.31,-0.0109,0.0215,2,0,2,0,0,0,0
NEOUSDT-ZILUSDT,0.834735,4,3,1,0.75,6190.33,1547.58,3215.78,5549.44,-5790.67,1.4256,0.3551,-0.007,2.069,20.0,0.62,-0.0048,0.0123,2,1,1,0,0,0,0
PHBUSDT-UMAUSDT,0.834691,4,3,1,0.75,10507.02,2626.75,2878.33,11887.2,-7136.85,1.3896,1.0132,-0.0087,2.4722,90.0,1.05,-0.0079,0.0162,2,0,2,0,0,0,0
MTLUSDT-WLDUSDT,0.833913,3,2,1,0.6667,11219.87,3739.96,4023.47,13306.03,-6109.63,1.4725,0.6811,-0.0064,2.8364,12.0,1.12,-0.0065,0.0212,1,0,2,0,0,0,0
ENSUSDT-INJUSDT,0.833714,3,2,1,0.6667,4508.76,1502.92,3255.61,5311.98,-4058.84,1.5379,0.5777,-0.0043,2.1108,26.7,0.45,-0.0048,0.0104,1,0,2,0,0,0,0
ALTUSDT-RPLUSDT,0.831999,3,2,1,0.6667,12655.48,4218.49,2671.86,10181.04,-197.42,1.4563,0.8976,-0.0099,65.1049,60.0,1.27,-0.0154,0.0197,1,0,1,0,1,0,0
TRUMPUSDT-TWTUSDT,0.831799,3,2,1,0.6667,6534.3,2178.1,437.29,8950.52,-2853.51,1.448,0.6967,-0.0044,3.2899,38.7,0.65,-0.0029,0.016,1,0,2,0,0,0,0
ALGOUSDT-RAREUSDT,0.831043,3,2,1,0.6667,8998.63,2999.54,7635.99,9535.32,-8172.68,1.4417,0.3599,-0.0083,2.1011,18.7,0.9,-0.0135,0.0202,2,0,1,0,0,0,0
FILUSDT-UMAUSDT,0.830367,4,2,2,0.5,22632.19,5658.05,3412.34,25379.37,-9571.84,1.4708,1.2416,-0.0094,3.2805,48.0,2.26,-0.0176,0.0313,2,0,2,0,0,0,0
AVAXUSDT-WUSDT,0.830363,3,3,0,1.0,6090.72,2030.24,2518.28,3229.55,342.89,1.1636,0.7432,-0.0082,,73.3,0.61,-0.009,0.0113,2,0,1,0,0,0,0
AUCTIONUSDT-ZILUSDT,0.830207,3,2,1,0.6667,15020.76,5006.92,7255.19,11112.16,-3346.59,1.361,0.9241,-0.0134,5.4884,121.3,1.5,-0.0103,0.0305,2,0,1,0,0,0,0
CVCUSDT-TRBUSDT,0.828566,5,3,2,0.6,14280.63,2856.13,2350.19,22640.95,-9540.12,1.5719,0.7238,-0.0154,2.036,28.8,1.43,-0.0111,0.021,1,0,4,0,0,0,0
KAITOUSDT-ZRXUSDT,0.828045,4,2,2,0.5,28778.76,7194.69,5515.71,34226.39,-16479.05,1.5375,0.541,-0.0179,2.3562,32.0,2.88,-0.022,0.0451,2,1,1,0,0,0,0
PHBUSDT-SUSHIUSDT,0.82751,3,2,1,0.6667,13775.78,4591.93,6124.08,18852.74,-11201.03,1.4237,1.0273,-0.0113,2.2299,48.0,1.38,-0.0135,0.029,2,0,1,0,0,0,0
1MBABYDOGEUSDT-HIVEUSDT,0.827047,3,2,1,0.6667,9687.92,3229.31,6063.67,6880.9,-3256.65,1.3411,0.6377,-0.0058,3.9748,58.7,0.97,-0.0053,0.0174,2,0,1,0,0,0,0
AVAXUSDT-PNUTUSDT,0.826338,5,3,2,0.6,11793.46,2358.69,3704.79,8376.46,-5824.86,1.394,0.6635,-0.0089,2.5385,43.2,1.18,-0.0069,0.0173,3,1,1,0,0,0,0
BLURUSDT-HOOKUSDT,0.826157,3,2,1,0.6667,7614.71,2538.24,2313.01,10575.15,-5273.46,1.393,1.0621,-0.0068,2.444,96.0,0.76,-0.0076,0.0172,2,0,1,0,0,0,0
MTLUSDT-SPELLUSDT,0.825942,7,4,3,0.5714,17597.54,2513.93,2434.67,11142.84,-5478.56,1.4164,1.0704,-0.0185,2.3157,80.6,1.76,-0.0098,0.0198,4,0,3,0,0,0,0
DOTUSDT-KAVAUSDT,0.825404,3,2,1,0.6667,5528.7,1842.9,3566.58,4601.95,-2639.83,1.429,1.0969,-0.0039,3.0943,41.3,0.55,-0.0036,0.01,1,0,2,0,0,0,0
GUSDT-XRPUSDT,0.825109,3,2,1,0.6667,33287.7,11095.9,496.32,36174.6,-3383.22,1.4377,1.7546,-0.0106,10.8391,37.3,3.33,-0.0174,0.0415,1,0,2,0,0,0,0
LTCUSDT-MASKUSDT,0.823302,3,2,1,0.6667,6284.1,2094.7,5197.36,6484.89,-5398.15,1.4097,0.6454,-0.0056,2.1641,37.3,0.63,-0.0058,0.0139,2,0,1,0,0,0,0
AGLDUSDT-CELRUSDT,0.822988,4,3,1,0.75,11080.17,2770.04,6458.82,10098.59,-11936.05,1.3455,0.605,-0.015,1.9283,45.0,1.11,-0.0139,0.0238,3,1,0,0,0,0,0
ALGOUSDT-ZKUSDT,0.82187,3,2,1,0.6667,14537.9,4845.97,287.31,17984.18,-3733.59,1.4218,1.3046,-0.006,4.8938,22.7,1.45,-0.0083,0.0247,1,0,2,0,0,0,0
GRTUSDT-UMAUSDT,0.820578,3,2,1,0.6667,3889.05,1296.35,136.45,5553.24,-1800.65,1.4154,0.707,-0.004,3.1598,36.0,0.39,-0.0041,0.01,1,0,2,0,0,0,0
DYMUSDT-INJUSDT,0.820017,3,2,1,0.6667,5380.56,1793.52,3319.93,4306.2,-2245.57,1.3192,0.7321,-0.0045,3.3961,49.3,0.54,-0.0038,0.0093,2,0,1,0,0,0,0
JASMYUSDT-UMAUSDT,0.818993,4,2,2,0.5,12322.7,3080.68,2594.3,7866.14,-732.04,1.4342,0.7118,-0.0066,11.1832,74.0,1.23,-0.0109,0.0171,2,0,2,0,0,0,0
GRTUSDT-HIVEUSDT,0.818782,5,4,1,0.8,9961.37,1992.27,5089.48,6456.86,-11735.87,1.2707,0.7347,-0.0117,1.8488,46.4,1.0,-0.0114,0.0155,4,0,1,0,0,0,0
MTLUSDT-SEIUSDT,0.818071,4,3,1,0.75,13138.38,3284.59,4772.73,7385.47,-3792.56,1.2981,0.3013,-0.0132,4.4643,27.0,1.31,-0.0101,0.0177,2,0,2,0,0,0,0
ALTUSDT-AVAUSDT,0.817754,3,2,1,0.6667,6633.04,2211.01,3497.83,6765.13,-3629.92,1.3298,0.48,-0.0049,2.8273,37.3,0.66,-0.0099,0.0123,2,0,1,0,0,0,0
ARPAUSDT-ETCUSDT,0.81745,5,3,2,0.6,14384.73,2876.95,655.37,13474.74,-5281.02,1.3878,0.4101,-0.0131,3.2314,28.0,1.44,-0.0152,0.0152,2,0,2,0,0,0,0
API3USDT-POWRUSDT,0.817245,3,3,0,1.0,9336.58,3112.19,2763.32,4536.47,2036.78,1.2256,0.6938,-0.0112,,104.0,0.93,-0.0059,0.0192,1,0,2,0,0,0,0
SEIUSDT-TSTUSDT,0.816467,3,1,2,0.3333,5350.55,1783.52,-104.19,6369.99,-915.26,1.5953,0.6707,-0.0049,6.2485,30.7,0.54,-0.0029,0.0111,1,0,2,0,0,0,0
1000CATUSDT-TAOUSDT,0.815357,3,2,1,0.6667,10067.7,3355.9,8160.3,10837.36,-8929.95,1.3965,0.7366,-0.0097,2.1274,44.0,1.01,-0.0121,0.0226,2,0,1,0,0,0,0
ADAUSDT-MTLUSDT,0.814911,3,2,1,0.6667,9396.81,3132.27,4391.17,6088.74,-1083.1,1.3121,0.8526,-0.0098,9.6759,106.7,0.94,-0.0077,0.0188,2,0,1,0,0,0,0
STEEMUSDT-VTHOUSDT,0.814521,5,3,2,0.6,29062.13,5812.43,6224.69,36824.46,-15123.41,1.4202,0.6926,-0.0264,2.1707,24.8,2.91,-0.0184,0.0369,3,1,1,0,0,0,0
GALAUSDT-LDOUSDT,0.813627,3,2,1,0.6667,5297.5,1765.83,2386.07,4793.59,-1882.15,1.3948,0.6005,-0.0035,3.8146,53.3,0.53,-0.004,0.0109,1,0,1,0,0,0,0
UMAUSDT-XLMUSDT,0.812998,7,4,3,0.5714,8355.89,1193.7,4283.36,5961.83,-5011.34,1.419,0.898,-0.0084,1.7486,33.7,0.84,-0.0059,0.0118,4,0,3,0,0,0,0
APEUSDT-WIFUSDT,0.812598,3,2,1,0.6667,7856.72,2618.91,4051.35,5254.8,-1449.43,1.395,0.6803,-0.0058,6.4206,68.0,0.79,-0.0062,0.013,1,0,2,0,0,0,0
ANIMEUSDT-ZRXUSDT,0.811558,3,2,1,0.6667,8299.68,2766.56,7292.23,11830.81,-10823.37,1.4215,0.785,-0.0108,1.7668,50.7,0.83,-0.0118,0.022,2,0,1,0,0,0,0
MTLUSDT-UMAUSDT,0.809958,4,3,1,0.75,9298.71,2324.68,3280.31,6192.13,-3454.03,1.1958,0.4558,-0.0077,3.6921,69.0,0.93,-0.0081,0.0128,3,0,1,0,0,0,0
MAVUSDT-SPELLUSDT,0.809037,3,1,2,0.3333,7323.02,2441.01,-845.91,9647.77,-1478.85,1.6723,0.5154,-0.007,4.15,36.0,0.73,-0.0035,0.0162,0,0,3,0,0,0,0
ASTRUSDT-NKNUSDT,0.809027,4,3,1,0.75,7813.5,1953.38,3532.34,8782.57,-8033.74,1.3629,0.2971,-0.0081,1.9726,26.0,0.78,-0.0078,0.014,2,1,1,0,0,0,0
DYDXUSDT-NEARUSDT,0.808665,4,2,2,0.5,5477.27,1369.32,1186.19,5263.16,-2158.28,1.4571,0.6445,-0.0052,2.4289,27.0,0.55,-0.0036,0.0109,2,0,2,0,0,0,0
ALGOUSDT-ANIMEUSDT,0.806924,3,2,1,0.6667,10140.67,3380.22,9212.48,10292.1,-9363.91,1.3761,0.426,-0.0094,2.083,40.0,1.01,-0.0101,0.0223,2,0,1,0,0,0,0
DUSDT-REIUSDT,0.806262,4,3,1,0.75,13785.92,3446.48,7634.16,12561.91,-14044.33,1.2908,0.6401,-0.0137,1.9816,17.0,1.38,-0.0178,0.0244,3,0,1,0,0,0,0
KSMUSDT-USTCUSDT,0.804484,5,4,1,0.8,13042.62,2608.52,7782.98,9098.45,-18791.25,1.2571,0.605,-0.0204,1.6941,52.8,1.3,-0.0185,0.0239,4,1,0,0,0,0,0
ARKMUSDT-PYTHUSDT,0.80414,6,4,2,0.6667,10434.55,1739.09,4817.89,7842.03,-7321.51,1.3392,0.7542,-0.0161,1.7547,53.3,1.04,-0.0119,0.0162,4,0,2,0,0,0,0
DOGSUSDT-RUNEUSDT,0.803903,4,3,1,0.75,10059.67,2514.92,6106.0,10752.88,-12905.2,1.3767,0.2359,-0.0151,1.7795,24.0,1.01,-0.0135,0.0209,2,1,1,0,0,0,0
KAVAUSDT-NEARUSDT,0.803741,3,2,1,0.6667,6337.43,2112.48,4381.96,5489.2,-3533.73,1.4841,0.7757,-0.0054,2.7934,45.3,0.63,-0.0037,0.0168,0,0,3,0,0,0,0
COMPUSDT-CRVUSDT,0.803508,3,1,2,0.3333,5103.45,1701.15,-406.06,7337.86,-1828.35,1.557,0.4736,-0.004,3.284,20.0,0.51,-0.0057,0.0111,1,0,2,0,0,0,0
AIXBTUSDT-GRTUSDT,0.803505,3,2,1,0.6667,6848.31,2282.77,4199.52,7182.51,-4533.73,1.3203,0.5927,-0.0057,2.5105,32.0,0.68,-0.0076,0.0135,2,0,1,0,0,0,0
HIVEUSDT-MTLUSDT,0.803187,3,2,1,0.6667,6497.18,2165.73,4920.95,5587.05,-4010.83,1.3087,0.5522,-0.0055,2.6199,61.3,0.65,-0.0082,0.0138,2,0,1,0,0,0,0
CVCUSDT-XRPUSDT,0.802225,3,2,1,0.6667,8447.88,2815.96,1181.52,10167.62,-2901.26,1.368,0.6516,-0.0076,3.9118,24.0,0.84,-0.0107,0.0156,1,0,1,0,0,0,0
KSMUSDT-RENDERUSDT,0.801061,3,2,1,0.6667,7817.51,2605.84,5854.72,9146.11,-7183.32,1.356,0.8826,-0.0074,2.0883,45.3,0.78,-0.0092,0.0175,2,0,1,0,0,0,0
DYMUSDT-LSKUSDT,0.800637,3,2,1,0.6667,7070.01,2356.67,3625.21,8515.41,-5070.61,1.3257,0.6233,-0.0074,2.3943,33.3,0.71,-0.0137,0.0145,2,0,1,0,0,0,0
ARBUSDT-QTUMUSDT,0.800516,3,2,1,0.6667,6814.84,2271.61,3870.3,5232.02,-2287.47,1.2653,0.6079,-0.0058,3.9792,57.3,0.68,-0.0076,0.011,2,0,1,0,0,0,0
ARKUSDT-TIAUSDT,0.799848,3,2,1,0.6667,7951.39,2650.46,2070.94,6858.36,-977.9,1.3606,0.5409,-0.0071,9.1311,37.3,0.8,-0.0042,0.0181,1,0,2,0,0,0,0
ADAUSDT-UNIUSDT,0.799397,4,2,2,0.5,8198.2,2049.55,1601.34,7071.16,-2075.63,1.3826,0.5757,-0.0096,3.0364,32.0,0.82,-0.0082,0.0137,2,0,2,0,0,0,0
BBUSDT-IMXUSDT,0.798645,3,2,1,0.6667,12873.31,4291.1,7673.05,9438.9,-4238.64,1.2665,0.6231,-0.0103,4.0371,61.3,1.29,-0.0096,0.0256,2,0,1,0,0,0,0
ILVUSDT-LINKUSDT,0.79863,3,2,1,0.6667,8699.26,2899.75,4344.94,7703.31,-3348.99,1.3581,0.9214,-0.0079,3.5976,50.7,0.87,-0.0051,0.0186,1,0,2,0,0,0,0
ANKRUSDT-DENTUSDT,0.79791,4,2,2,0.5,10108.08,2527.02,3283.77,9791.56,-6251.02,1.4623,0.6118,-0.0126,2.1619,38.0,1.01,-0.008,0.0204,2,0,2,0,0,0,0
ICXUSDT-INJUSDT,0.79789,3,2,1,0.6667,5470.77,1823.59,4682.55,6670.12,-5881.9,1.3601,0.5466,-0.0061,1.9301,37.3,0.55,-0.0083,0.0135,2,0,1,0,0,0,0
GALAUSDT-ONEUSDT,0.797222,5,4,1,0.8,8993.0,1798.6,4665.9,6015.1,-9181.28,1.1952,0.7685,-0.0107,1.9795,66.4,0.9,-0.0079,0.0151,4,0,1,0,0,0,0
MTLUSDT-SUSHIUSDT,0.796759,3,2,1,0.6667,10042.97,3347.66,5314.96,9861.99,-5133.98,1.2612,0.4113,-0.0075,2.9562,72.0,1.0,-0.0106,0.0198,2,0,1,0,0,0,0
AUCTIONUSDT-TUTUSDT,0.796297,3,2,1,0.6667,13066.15,4355.38,8474.06,13954.85,-9362.76,1.4198,0.5305,-0.0154,2.3955,54.7,1.31,-0.0174,0.0316,1,0,1,0,1,0,0
1000CATUSDT-PHBUSDT,0.7959,6,4,2,0.6667,10565.24,1760.87,4612.98,8074.38,-9324.55,1.3603,0.612,-0.0126,1.7335,42.7,1.06,-0.0086,0.0191,3,1,2,0,0,0,0
CHRUSDT-IDUSDT,0.795879,4,3,1,0.75,11233.75,2808.44,3738.0,7360.0,-3602.24,1.1628,0.6702,-0.0128,4.1185,105.0,1.12,-0.0145,0.0157,3,0,1,0,0,0,0
DOTUSDT-TRBUSDT,0.795865,3,2,1,0.6667,5292.38,1764.13,2495.08,3445.13,-647.83,1.251,0.5685,-0.0051,9.1694,52.0,0.53,-0.0062,0.0118,2,0,1,0,0,0,0
LISTAUSDT-RAREUSDT,0.795696,3,2,1,0.6667,11405.83,3801.94,7813.15,7947.52,-4354.84,1.2548,0.438,-0.0081,3.6191,36.0,1.14,-0.0158,0.0191,2,0,1,0,0,0,0
NOTUSDT-SLPUSDT,0.795644,3,2,1,0.6667,16313.22,5437.74,198.15,24917.75,-8802.68,1.368,0.4854,-0.011,2.8532,22.7,1.63,-0.0099,0.0304,1,1,1,0,0,0,0
ARPAUSDT-IDUSDT,0.795253,5,4,1,0.8,6840.79,1368.16,3161.63,6296.82,-9457.74,1.2124,0.5739,-0.0096,1.7233,40.0,0.68,-0.0097,0.0121,4,1,0,0,0,0,0
DFUSDT-MBOXUSDT,0.795135,4,2,2,0.5,29317.38,7329.35,698.13,36486.48,-8565.35,1.3779,1.8388,-0.0148,3.5001,85.0,2.93,-0.0163,0.0362,2,1,1,0,0,0,0
AUCTIONUSDT-NEOUSDT,0.794833,3,2,1,0.6667,27385.42,9128.47,4921.22,30262.81,-7798.61,1.2658,0.93,-0.0175,4.5116,150.7,2.74,-0.0186,0.0526,2,0,1,0,0,0,0
ALTUSDT-LRCUSDT,0.794608,3,2,1,0.6667,5774.75,1924.92,3610.08,5538.84,-3374.17,1.2772,0.4473,-0.0067,2.7115,32.0,0.58,-0.0085,0.0111,2,0,1,0,0,0,0
BANANAS31USDT-CTKUSDT,0.792856,3,3,0,1.0,11904.01,3968.0,5782.81,5943.82,177.37,1.1583,0.4108,-0.0129,,48.0,1.19,-0.0157,0.0187,1,0,1,0,1,0,0
PIXELUSDT-USUALUSDT,0.792645,3,2,1,0.6667,12678.71,4226.24,7179.15,12616.37,-7116.81,1.2747,0.4309,-0.0135,2.7815,38.7,1.27,-0.0185,0.0231,2,0,1,0,0,0,0
COTIUSDT-JOEUSDT,0.792176,3,2,1,0.6667,7908.79,2636.26,4516.56,6625.25,-3233.02,1.2469,0.5162,-0.0096,3.4463,65.3,0.79,-0.006,0.0187,2,0,1,0,0,0,0
DOTUSDT-UMAUSDT,0.791868,8,4,4,0.5,20879.15,2609.89,1920.54,24771.25,-8376.2,1.3904,1.4396,-0.014,1.9882,36.5,2.09,-0.0109,0.0223,4,1,3,0,0,0,0
ICXUSDT-ORDIUSDT,0.789629,3,2,1,0.6667,7268.83,2422.94,1375.93,5923.15,-30.25,1.3299,0.6163,-0.0061,241.2672,56.0,0.73,-0.0029,0.0141,1,0,1,0,0,0,0
ANKRUSDT-ONEUSDT,0.788961,3,2,1,0.6667,6197.89,2065.96,5278.85,6822.22,-5903.18,1.3252,0.675,-0.0075,2.0499,56.0,0.62,-0.0063,0.0167,2,0,1,0,0,0,0
IOTAUSDT-ZILUSDT,0.788207,3,2,1,0.6667,6757.43,2252.48,5221.14,5505.19,-3968.9,1.2583,0.6571,-0.0057,2.7026,62.7,0.68,-0.0077,0.0142,2,0,1,0,0,0,0
ASTRUSDT-PHBUSDT,0.786136,3,2,1,0.6667,10786.13,3595.38,7110.26,12340.39,-8664.52,1.3097,0.4532,-0.0153,2.2449,54.7,1.08,-0.0117,0.0287,2,1,0,0,0,0,0
IMXUSDT-MBOXUSDT,0.785103,5,3,2,0.6,12352.71,2470.54,4108.62,7250.02,-2274.46,1.232,0.837,-0.0087,3.7514,71.2,1.24,-0.0092,0.0154,3,0,2,0,0,0,0
ARKUSDT-MTLUSDT,0.784636,5,3,2,0.6,13528.41,2705.68,3921.0,14296.78,-5196.22,1.2817,0.9225,-0.0112,2.5016,79.2,1.35,-0.0117,0.0185,3,0,2,0,0,0,0
BELUSDT-FILUSDT,0.784613,3,2,1,0.6667,8826.44,2942.15,757.54,11917.56,-3848.66,1.3198,0.4694,-0.0091,3.2934,53.3,0.88,-0.0041,0.0268,1,0,2,0,0,0,0
FORMUSDT-LUMIAUSDT,0.783909,5,4,1,0.8,19980.94,3996.19,10817.63,16333.3,-27025.39,1.2042,0.5175,-0.0276,1.7393,55.2,2.0,-0.019,0.0325,4,1,0,0,0,0,0
DEGOUSDT-TRBUSDT,0.783495,3,2,1,0.6667,10969.12,3656.37,364.72,13011.12,-2406.71,1.3157,0.5511,-0.0084,5.5577,52.0,1.1,-0.0137,0.0198,1,0,2,0,0,0,0
IDUSDT-XVGUSDT,0.783016,3,2,1,0.6667,11957.72,3985.91,8171.99,10845.37,-7059.64,1.2648,0.3314,-0.0201,2.6938,40.0,1.2,-0.013,0.0328,2,0,1,0,0,0,0
MBOXUSDT-WLDUSDT,0.782597,5,3,2,0.6,8458.0,1691.6,5159.54,7557.25,-9708.53,1.3503,0.4684,-0.0135,1.7548,44.8,0.85,-0.0078,0.0156,3,1,1,0,0,0,0
CETUSUSDT-FILUSDT,0.782586,3,3,0,1.0,5908.99,1969.66,1582.02,4028.61,298.36,1.1165,0.3777,-0.0042,,25.3,0.59,-0.0059,0.0103,1,0,2,0,0,0,0
CFXUSDT-IOUSDT,0.780051,5,2,3,0.4,11571.29,2314.26,-1958.41,10610.86,-3858.36,1.4506,0.7602,-0.0118,2.4,26.4,1.16,-0.0123,0.0139,2,0,3,0,0,0,0
HIGHUSDT-PHBUSDT,0.780027,3,2,1,0.6667,12987.05,4329.02,5590.86,7789.39,-393.2,1.3072,0.6542,-0.0095,34.0295,114.7,1.3,-0.0107,0.0235,1,0,2,0,0,0,0
GPSUSDT-PENDLEUSDT,0.779871,3,2,1,0.6667,14148.09,4716.03,12530.33,13881.66,-12263.9,1.3026,0.4895,-0.0168,2.1536,38.7,1.41,-0.0179,0.0359,2,1,0,0,0,0,0
HIVEUSDT-WUSDT,0.77898,4,2,2,0.5,8671.76,2167.94,2227.06,9516.18,-5298.55,1.3679,0.6116,-0.0084,2.523,32.0,0.87,-0.0098,0.0134,2,0,2,0,0,0,0
COSUSDT-ZILUSDT,0.778527,3,2,1,0.6667,4629.22,1543.07,1808.4,4013.1,-1192.27,1.2946,0.4229,-0.0036,4.8827,34.7,0.46,-0.0043,0.0121,1,0,2,0,0,0,0
TLMUSDT-TRUUSDT,0.775159,3,2,1,0.6667,12486.38,4162.13,6920.08,19635.28,-14068.98,1.3105,0.5411,-0.014,1.8875,80.0,1.25,-0.017,0.0303,2,1,0,0,0,0,0
GMTUSDT-QTUMUSDT,0.774092,3,2,1,0.6667,5862.47,1954.16,527.94,7558.79,-2224.26,1.2857,0.6055,-0.0063,3.6357,74.7,0.59,-0.004,0.0149,1,0,2,0,0,0,0
1000CHEEMSUSDT-1INCHUSDT,0.773897,3,2,1,0.6667,16498.83,5499.61,864.7,19731.19,-4097.06,1.2972,0.4125,-0.0147,5.027,54.7,1.65,-0.0132,0.0295,1,0,1,0,1,0,0
LUMIAUSDT-ZKUSDT,0.772092,3,2,1,0.6667,14437.55,4812.52,12010.5,13067.19,-10640.14,1.2604,0.3923,-0.0163,2.3569,46.7,1.44,-0.0192,0.0312,2,0,1,0,0,0,0
ASTRUSDT-XLMUSDT,0.770491,3,2,1,0.6667,6837.37,2279.12,1269.72,5841.54,-273.89,1.2757,0.5006,-0.0065,25.9643,45.3,0.68,-0.0019,0.0126,1,0,1,0,0,0,0
RSRUSDT-SCRUSDT,0.770408,3,2,1,0.6667,8539.92,2846.64,7365.66,9989.81,-8815.55,1.2847,0.7271,-0.0108,1.9687,69.3,0.85,-0.0128,0.0223,2,0,1,0,0,0,0
FORMUSDT-RDNTUSDT,0.770296,3,2,1,0.6667,8381.91,2793.97,5086.19,8441.13,-5145.41,1.2145,0.806,-0.0059,2.629,54.7,0.84,-0.0081,0.0165,2,0,1,0,0,0,0
ALGOUSDT-STEEMUSDT,0.770028,4,2,2,0.5,8369.99,2092.5,2654.43,7416.43,-4355.3,1.3204,0.3433,-0.0081,2.7497,25.0,0.84,-0.0097,0.0158,2,0,2,0,0,0,0
ATAUSDT-STORJUSDT,0.769821,4,3,1,0.75,9054.49,2263.62,3196.25,5725.03,-3063.04,1.1583,0.5591,-0.0118,3.956,61.0,0.91,-0.0086,0.015,2,0,1,0,0,0,0
ONTUSDT-SPELLUSDT,0.769092,4,3,1,0.75,12340.78,3085.19,4525.04,7626.11,-4335.41,1.1594,0.7141,-0.014,3.8465,81.0,1.23,-0.0122,0.0217,2,0,2,0,0,0,0
1000CATUSDT-SEIUSDT,0.768019,4,3,1,0.75,10303.67,2575.92,6830.13,8982.11,-12338.71,1.2026,0.5121,-0.0187,1.8351,45.0,1.03,-0.013,0.0244,3,0,1,0,0,0,0
MAVUSDT-WAXPUSDT,0.765916,3,2,1,0.6667,7378.28,2459.43,1753.26,7825.7,-2200.68,1.2722,0.6966,-0.0131,4.3527,50.7,0.74,-0.0067,0.0224,1,0,2,0,0,0,0
IDUSDT-JASMYUSDT,0.7642,5,3,2,0.6,12396.2,2479.24,4956.26,12637.09,-5987.08,1.3086,0.6783,-0.0109,2.2014,46.4,1.24,-0.0095,0.0225,2,0,3,0,0,0,0
ONEUSDT-THETAUSDT,0.760098,4,3,1,0.75,8684.93,2171.23,4729.91,8123.83,-8898.71,1.1543,0.6428,-0.0102,1.976,56.0,0.87,-0.0106,0.0173,3,0,1,0,0,0,0
ETCUSDT-ONEUSDT,0.759443,4,3,1,0.75,5374.19,1343.55,3708.13,7140.16,-9182.23,1.1887,0.6607,-0.0095,1.5853,61.0,0.54,-0.0077,0.013,3,0,1,0,0,0,0
ANKRUSDT-TRUUSDT,0.759215,3,1,2,0.3333,21550.57,7183.52,-3732.11,29709.2,-4426.52,1.4343,2.5831,-0.0067,3.6414,38.7,2.16,-0.0107,0.0348,1,0,2,0,0,0,0
C98USDT-TLMUSDT,0.758395,3,2,1,0.6667,8335.89,2778.63,7406.9,11525.29,-10596.31,1.2707,0.8511,-0.0129,1.7867,78.7,0.83,-0.0144,0.0252,2,0,1,0,0,0,0
KAITOUSDT-SUSDT,0.757983,4,3,1,0.75,13343.84,3335.96,6364.51,16452.45,-15837.64,1.1688,0.6432,-0.0156,1.8425,95.0,1.33,-0.0169,0.0262,3,0,1,0,0,0,0
DIAUSDT-GTCUSDT,0.757968,5,3,2,0.6,11531.47,2306.29,5595.89,8633.86,-7322.44,1.2287,0.6561,-0.0083,2.2147,52.8,1.15,-0.0087,0.0169,3,0,1,0,0,0,0
OGNUSDT-XRPUSDT,0.757923,3,1,2,0.3333,21816.36,7272.12,-1444.26,31844.56,-8583.94,1.4355,1.9368,-0.0101,3.1755,49.3,2.18,-0.0112,0.0383,1,0,2,0,0,0,0
ICXUSDT-OGNUSDT,0.75489,3,2,1,0.6667,7362.57,2454.19,1325.49,11908.78,-5871.69,1.2155,0.6036,-0.0124,2.2539,60.0,0.74,-0.0149,0.0157,2,0,1,0,0,0,0
1000CATUSDT-DOTUSDT,0.754384,4,2,2,0.5,10201.38,2550.34,1498.92,10596.21,-3392.68,1.2175,0.9992,-0.0144,2.7057,110.0,1.02,-0.011,0.019,3,0,1,0,0,0,0
BELUSDT-SOLUSDT,0.753871,4,1,3,0.25,10898.72,2724.68,-658.56,14790.29,-2574.45,1.4652,0.6969,-0.0085,3.8006,28.0,1.09,-0.0072,0.0165,1,0,2,0,0,0,0
ARUSDT-NEOUSDT,0.75325,3,2,1,0.6667,7132.74,2377.58,7434.8,8041.16,-8343.23,1.2433,0.2599,-0.0086,1.8549,25.3,0.71,-0.0096,0.0186,2,1,0,0,0,0,0
IOSTUSDT-SPELLUSDT,0.75324,4,3,1,0.75,12386.23,3096.56,6511.21,14065.67,-14701.86,1.1581,0.2457,-0.0176,1.8425,29.0,1.24,-0.0144,0.0236,3,1,0,0,0,0,0
USTCUSDT-VANAUSDT,0.752971,3,2,1,0.6667,10870.74,3623.58,6488.99,7005.75,-2624.0,1.1395,0.4238,-0.0128,5.1428,68.0,1.09,-0.0155,0.0172,2,0,1,0,0,0,0
ANKRUSDT-TIAUSDT,0.752874,3,3,0,1.0,5216.09,1738.7,1446.76,3163.01,606.32,1.1275,0.4634,-0.0046,,45.3,0.52,-0.0027,0.0103,0,0,3,0,0,0,0
AVAXUSDT-NEIROUSDT,0.752342,3,2,1,0.6667,9005.15,3001.72,6978.52,11115.16,-9088.54,1.2291,0.423,-0.0095,1.9908,29.3,0.9,-0.0124,0.0209,2,0,1,0,0,0,0
EIGENUSDT-MAVUSDT,0.752126,3,2,1,0.6667,6400.58,2133.53,1951.02,7895.17,-3445.61,1.2343,0.5173,-0.0047,2.8576,30.7,0.64,-0.0072,0.0133,1,0,2,0,0,0,0
ANKRUSDT-PNUTUSDT,0.75141,4,2,2,0.5,10627.32,2656.83,3409.21,7906.41,-4097.51,1.2477,0.7501,-0.0112,3.4832,108.0,1.06,-0.0098,0.0176,2,0,2,0,0,0,0
NOTUSDT-VETUSDT,0.751004,3,2,1,0.6667,5537.05,1845.68,289.28,5430.3,-182.53,1.3127,0.6431,-0.0047,31.3352,58.7,0.55,-0.003,0.0123,0,0,3,0,0,0,0
ARKUSDT-ZECUSDT,0.750776,3,2,1,0.6667,18100.11,6033.37,11792.57,21789.42,-15481.88,1.2205,0.3827,-0.0185,2.1691,22.7,1.81,-0.0251,0.0424,2,1,0,0,0,0,0
ALGOUSDT-GALAUSDT,0.748687,4,2,2,0.5,5662.44,1415.61,1466.77,5524.41,-2795.51,1.3073,0.6715,-0.0067,2.2258,54.0,0.57,-0.0037,0.0132,2,0,1,0,0,0,0
1000CATUSDT-ARKUSDT,0.748684,3,2,1,0.6667,6372.93,2124.31,3953.3,8983.2,-6563.57,1.3119,0.5796,-0.0068,1.971,30.7,0.64,-0.0087,0.0181,1,0,2,0,0,0,0
CELRUSDT-NEARUSDT,0.748548,5,4,1,0.8,7419.69,1483.94,4195.96,6370.16,-12058.26,1.0952,0.5774,-0.0137,1.6153,52.0,0.74,-0.0099,0.0164,4,0,1,0,0,0,0
CAKEUSDT-CHRUSDT,0.747815,4,3,1,0.75,9764.2,2441.05,6736.06,7193.79,-10901.72,1.134,0.639,-0.0151,1.8957,60.0,0.98,-0.0147,0.0208,3,1,0,0,0,0,0
MASKUSDT-MBOXUSDT,0.746951,4,2,2,0.5,6772.86,1693.22,2325.46,7838.92,-5716.98,1.3188,0.6217,-0.0071,2.0578,23.0,0.68,-0.0065,0.0118,2,0,1,0,0,0,0
LPTUSDT-TRUMPUSDT,0.746911,5,3,2,0.6,8071.37,1614.27,4848.85,7404.6,-7177.38,1.2409,0.6159,-0.0075,1.7422,24.0,0.81,-0.008,0.0135,3,1,1,0,0,0,0
GALAUSDT-STRKUSDT,0.746722,3,2,1,0.6667,6779.22,2259.74,2994.3,8093.38,-4308.47,1.1584,0.542,-0.0101,2.5735,60.0,0.68,-0.0117,0.0187,2,0,1,0,0,0,0
ARUSDT-RPLUSDT,0.743611,4,2,2,0.5,9373.67,2343.42,2369.62,7692.04,-3057.61,1.218,0.7504,-0.006,3.2684,57.0,0.94,-0.0048,0.0127,2,0,2,0,0,0,0
KAITOUSDT-PIXELUSDT,0.742104,7,4,3,0.5714,13069.55,1867.08,3444.04,11737.83,-12100.66,1.2749,0.708,-0.0181,1.7088,36.0,1.31,-0.0099,0.0185,3,1,3,0,0,0,0
CETUSUSDT-IDUSDT,0.738934,4,2,2,0.5,8001.92,2000.48,1880.11,7189.74,-2948.03,1.2493,0.5232,-0.0115,2.6142,46.0,0.8,-0.0096,0.0143,2,0,2,0,0,0,0
MTLUSDT-NEIROUSDT,0.738556,4,3,1,0.75,9768.0,2442.0,4046.05,5971.32,-4295.41,1.065,0.544,-0.009,3.2741,81.0,0.98,-0.0122,0.0139,2,0,2,0,0,0,0
KAITOUSDT-ONTUSDT,0.737576,3,2,1,0.6667,9424.02,3141.34,5733.81,10162.71,-6472.5,1.1526,0.5003,-0.0165,2.456,50.7,0.94,-0.0119,0.0261,2,0,1,0,0,0,0
MOVEUSDT-SUSHIUSDT,0.737199,3,2,1,0.6667,8852.01,2950.67,3531.34,13591.33,-8270.66,1.1777,0.53,-0.0091,2.0703,48.0,0.89,-0.0186,0.0199,2,0,1,0,0,0,0
BELUSDT-HOTUSDT,0.73692,3,2,1,0.6667,7702.09,2567.36,6911.61,10070.32,-9279.84,1.2002,0.2352,-0.0094,1.83,37.3,0.77,-0.011,0.0197,2,1,0,0,0,0,0
APEUSDT-VELODROMEUSDT,0.73572,4,3,1,0.75,6747.02,1686.75,4642.84,6492.11,-9030.78,1.107,0.4814,-0.0105,1.7471,44.0,0.67,-0.0093,0.0158,3,0,1,0,0,0,0
LRCUSDT-ONEUSDT,0.735463,3,1,2,0.3333,22407.24,7469.08,-2039.4,31270.29,-6823.65,1.3678,2.5585,-0.0076,3.5282,37.3,2.24,-0.0111,0.0351,1,0,2,0,0,0,0
ARKMUSDT-JOEUSDT,0.735374,3,2,1,0.6667,6265.27,2088.42,3398.86,4580.38,-1713.98,1.1726,0.5341,-0.0045,4.6554,57.3,0.63,-0.0088,0.013,1,0,2,0,0,0,0
BBUSDT-GALAUSDT,0.735355,4,3,1,0.75,12115.53,3028.88,6559.23,7210.79,-8213.73,1.0364,0.4159,-0.0104,2.475,51.0,1.21,-0.012,0.0179,3,0,1,0,0,0,0
ALTUSDT-ICXUSDT,0.735326,6,4,2,0.6667,11178.47,1863.08,2322.43,10324.05,-9541.14,1.1469,0.6235,-0.0121,2.1487,43.3,1.12,-0.0102,0.0158,3,1,1,0,0,0,0
DEGOUSDT-IMXUSDT,0.734781,3,2,1,0.6667,8086.72,2695.57,5600.39,10347.05,-7860.72,1.1732,0.2998,-0.008,2.0287,30.7,0.81,-0.0085,0.0192,2,1,0,0,0,0,0
ALTUSDT-XRPUSDT,0.73441,4,2,2,0.5,10285.69,2571.42,2613.53,9131.28,-4072.64,1.2381,0.6878,-0.0094,2.5646,66.0,1.03,-0.0117,0.0201,2,0,2,0,0,0,0
AVAXUSDT-DENTUSDT,0.73421,4,2,2,0.5,6584.36,1646.09,1803.01,4799.44,-1821.11,1.1917,0.693,-0.0064,4.2569,56.0,0.66,-0.0033,0.0143,2,0,2,0,0,0,0
1000CATUSDT-XLMUSDT,0.732936,4,2,2,0.5,7026.05,1756.51,880.11,7250.52,-1984.68,1.2699,0.6653,-0.0068,2.8972,30.0,0.7,-0.0104,0.0103,1,0,3,0,0,0,0
BELUSDT-MBOXUSDT,0.731562,4,2,2,0.5,20873.29,5218.32,1576.82,27475.58,-9755.94,1.2646,0.899,-0.0121,2.2405,43.0,2.09,-0.0155,0.0344,2,2,0,0,0,0,0
NOTUSDT-SYNUSDT,0.73138,3,2,1,0.6667,15428.48,5142.83,3847.1,11861.55,-280.17,1.2676,0.5249,-0.0124,56.0676,29.3,1.54,-0.0108,0.0273,0,0,2,0,1,0,0
KNCUSDT-NEARUSDT,0.730946,4,3,1,0.75,5440.77,1360.19,2852.06,5608.54,-5871.89,1.1412,0.4375,-0.006,1.9266,40.0,0.54,-0.0071,0.0124,2,0,2,0,0,0,0
ADAUSDT-XLMUSDT,0.730797,6,4,2,0.6667,5674.3,945.72,1737.67,3869.89,-4575.55,1.0898,0.5006,-0.0071,2.0372,39.3,0.57,-0.006,0.0095,4,0,2,0,0,0,0
STORJUSDT-WLDUSDT,0.73067,3,2,1,0.6667,15910.1,5303.37,8440.06,18712.45,-11242.42,1.2294,0.7081,-0.0147,2.4152,68.0,1.59,-0.0144,0.0353,1,0,2,0,0,0,0
MTLUSDT-PENGUUSDT,0.730028,6,3,3,0.5,16413.21,2735.54,1991.23,15047.34,-7595.9,1.2113,1.107,-0.0138,2.3399,98.0,1.64,-0.0134,0.022,3,0,3,0,0,0,0
DIAUSDT-TRUUSDT,0.729857,3,2,1,0.6667,8498.07,2832.69,4027.99,12400.04,-7929.96,1.1552,0.63,-0.0081,2.0716,69.3,0.85,-0.011,0.019,2,0,1,0,0,0,0
CKBUSDT-UMAUSDT,0.729764,5,3,2,0.6,7242.04,1448.41,3250.28,4813.08,-2304.12,1.1548,0.5199,-0.0079,2.7374,63.2,0.72,-0.0086,0.0106,2,0,3,0,0,0,0
ICXUSDT-KAITOUSDT,0.729608,3,2,1,0.6667,8866.19,2955.4,10151.81,12431.3,-13716.92,1.2078,0.4772,-0.0171,1.6464,26.7,0.89,-0.015,0.031,2,1,0,0,0,0,0
NEOUSDT-TUSDT,0.729229,3,2,1,0.6667,6334.98,2111.66,5872.61,10316.34,-9853.97,1.2008,0.5841,-0.0127,1.6429,76.0,0.63,-0.0112,0.0228,2,0,1,0,0,0,0
AEVOUSDT-NEOUSDT,0.727639,4,3,1,0.75,6000.27,1500.07,2772.41,6590.01,-6134.57,1.128,0.4302,-0.0068,1.9781,18.0,0.6,-0.006,0.0126,2,0,2,0,0,0,0
ONEUSDT-TRBUSDT,0.727194,3,2,1,0.6667,5715.61,1905.2,5285.82,8001.66,-7571.88,1.1772,0.4475,-0.0077,1.7548,33.3,0.57,-0.009,0.0156,2,0,1,0,0,0,0
IOSTUSDT-MUBARAKUSDT,0.726389,3,2,1,0.6667,11348.82,3782.94,5181.04,18240.7,-12072.93,1.2606,0.2928,-0.0134,1.94,14.7,1.13,-0.0131,0.0297,1,0,2,0,0,0,0
CFXUSDT-MTLUSDT,0.726229,3,2,1,0.6667,7599.64,2533.21,6056.29,6545.34,-5001.99,1.1013,0.4956,-0.0075,2.5193,52.0,0.76,-0.0067,0.0169,2,0,1,0,0,0,0
KAVAUSDT-PHAUSDT,0.725943,4,2,2,0.5,10621.86,2655.46,3037.03,7503.31,-2955.52,1.1753,0.3207,-0.0114,4.056,27.0,1.06,-0.0174,0.017,2,0,2,0,0,0,0
ONGUSDT-PNUTUSDT,0.725916,3,2,1,0.6667,9923.42,3307.81,6315.56,6583.41,-2975.56,1.0573,0.4688,-0.0094,4.335,78.7,0.99,-0.0093,0.0185,2,0,1,0,0,0,0
HFTUSDT-JOEUSDT,0.723776,3,2,1,0.6667,6013.19,2004.4,950.97,9694.04,-4631.83,1.2106,0.4997,-0.0075,2.2982,42.7,0.6,-0.0081,0.0162,1,0,2,0,0,0,0
HFTUSDT-PHBUSDT,0.722908,4,3,1,0.75,7017.34,1754.33,1744.54,5578.05,-2049.8,1.0974,0.459,-0.013,4.4234,41.0,0.7,-0.0054,0.0198,1,0,3,0,0,0,0
1000SATSUSDT-NOTUSDT,0.722815,3,2,1,0.6667,6464.2,2154.73,6005.79,8567.24,-8108.83,1.1658,0.2764,-0.0113,1.7972,29.3,0.65,-0.0102,0.0196,2,1,0,0,0,0,0
ARKUSDT-ENSUSDT,0.722149,6,3,3,0.5,11580.52,1930.09,1942.42,9595.45,-5897.63,1.2445,0.7779,-0.0144,1.7627,67.3,1.16,-0.0118,0.0182,3,0,3,0,0,0,0
ACEUSDT-SOLUSDT,0.721908,4,2,2,0.5,7252.34,1813.08,346.48,9621.51,-3062.13,1.2356,0.5813,-0.0054,2.9053,14.0,0.73,-0.0071,0.0099,1,0,3,0,0,0,0
SNXUSDT-XLMUSDT,0.720931,3,2,1,0.6667,7776.21,2592.07,4265.33,5099.88,-1589.0,1.0386,0.4725,-0.0063,5.8938,58.7,0.78,-0.0088,0.0172,2,0,1,0,0,0,0
COSUSDT-NFPUSDT,0.720657,3,2,1,0.6667,4499.14,1499.71,3713.69,5441.69,-4656.24,1.1357,0.3735,-0.0059,1.9663,48.0,0.45,-0.0084,0.0117,2,0,1,0,0,0,0
AGLDUSDT-STEEMUSDT,0.719992,3,2,1,0.6667,26220.04,8740.01,13641.88,37482.57,-24904.42,1.1551,0.2663,-0.0265,2.0528,29.3,2.62,-0.0274,0.0614,2,1,0,0,0,0,0
COSUSDT-POLUSDT,0.719261,4,2,2,0.5,5765.2,1441.3,1426.44,5984.65,-3072.32,1.1157,0.5714,-0.0065,2.6021,68.0,0.58,-0.008,0.0103,3,0,1,0,0,0,0
DENTUSDT-POLYXUSDT,0.719117,3,2,1,0.6667,6241.07,2080.36,4914.85,5045.35,-3719.14,1.1569,0.4335,-0.0046,2.6781,44.0,0.62,-0.0078,0.0125,1,0,1,0,1,0,0
DOTUSDT-USTCUSDT,0.719104,3,2,1,0.6667,9572.15,3190.72,5178.53,9648.11,-5254.49,1.0571,0.5785,-0.011,2.8217,78.7,0.96,-0.0142,0.024,2,0,1,0,0,0,0
CHZUSDT-ONTUSDT,0.718872,3,2,1,0.6667,8957.21,2985.74,5318.82,8511.63,-4873.24,1.0512,0.3619,-0.0084,2.838,44.0,0.9,-0.0147,0.0159,2,0,1,0,0,0,0
CRVUSDT-FILUSDT,0.718533,4,3,1,0.75,7533.43,1883.36,3183.34,8615.82,-7449.08,1.0298,0.4239,-0.0085,2.0113,48.0,0.75,-0.0099,0.0153,3,1,0,0,0,0,0
HOTUSDT-STEEMUSDT,0.717663,3,2,1,0.6667,5392.91,1797.64,4263.26,6740.46,-5610.81,1.1317,0.431,-0.0087,1.9612,52.0,0.54,-0.0087,0.0139,2,0,1,0,0,0,0
BROCCOLI714USDT-USTCUSDT,0.715558,3,2,1,0.6667,10424.27,3474.76,7583.22,15393.9,-12552.85,1.15,0.7084,-0.017,1.8304,89.3,1.04,-0.0179,0.0321,2,0,1,0,0,0,0
ATOMUSDT-FLOWUSDT,0.715127,5,3,2,0.6,7028.38,1405.68,4347.21,6571.66,-7411.53,1.1404,0.4788,-0.0076,1.8458,46.4,0.7,-0.0112,0.0113,3,0,2,0,0,0,0
LAYERUSDT-MAVUSDT,0.714777,3,2,1,0.6667,9139.54,3046.51,5283.25,10638.47,-6782.17,1.1873,0.4613,-0.0125,2.3476,53.3,0.91,-0.0165,0.0195,1,0,1,0,1,0,0
ICXUSDT-IOTXUSDT,0.714207,3,2,1,0.6667,6482.43,2160.81,5640.92,9334.94,-8493.42,1.1411,0.5099,-0.009,1.7632,22.7,0.65,-0.013,0.0183,2,0,1,0,0,0,0
BICOUSDT-C98USDT,0.712911,3,2,1,0.6667,5507.25,1835.75,1135.31,9968.3,-5596.36,1.2067,0.5178,-0.0056,1.9841,34.7,0.55,-0.0062,0.0155,1,1,1,0,0,0,0
ARUSDT-AVAUSDT,0.712852,3,2,1,0.6667,5655.27,1885.09,5015.42,8271.09,-7631.24,1.1401,0.3585,-0.0095,1.7411,18.7,0.57,-0.0082,0.0182,2,0,1,0,0,0,0
SLPUSDT-SPELLUSDT,0.711957,6,4,2,0.6667,10825.76,1804.29,4279.55,10361.57,-6973.2,1.0646,0.6499,-0.0109,1.7935,71.3,1.08,-0.0087,0.0172,4,2,0,0,0,0,0
ACXUSDT-KAIAUSDT,0.711753,3,2,1,0.6667,8361.19,2787.06,6328.29,7860.55,-5827.66,1.0719,0.4136,-0.0103,2.4347,49.3,0.84,-0.016,0.02,2,0,1,0,0,0,0
GRTUSDT-SKLUSDT,0.711671,6,5,1,0.8333,10900.51,1816.75,5693.82,8619.86,-17482.28,0.9942,0.3847,-0.0175,1.6235,45.3,1.09,-0.0119,0.0186,4,1,0,0,0,0,0
IMXUSDT-MOVEUSDT,0.711671,3,2,1,0.6667,7299.71,2433.24,798.19,11955.99,-5454.48,1.1717,0.5124,-0.0072,2.3383,24.0,0.73,-0.0104,0.0167,1,0,2,0,0,0,0
STEEMUSDT-TUSDT,0.711143,3,2,1,0.6667,32047.05,10682.35,10450.86,50893.63,-29297.44,1.1329,0.2805,-0.0315,2.0939,30.7,3.2,-0.0323,0.0738,2,0,1,0,0,0,0
AUCTIONUSDT-COMPUSDT,0.709513,3,2,1,0.6667,10987.76,3662.59,8443.94,14136.64,-11592.82,1.1138,0.1998,-0.0116,1.9478,12.0,1.1,-0.0127,0.0259,2,1,0,0,0,0,0
CVCUSDT-UMAUSDT,0.704949,4,2,2,0.5,9394.85,2348.71,2037.71,12793.19,-7473.76,1.2102,0.6123,-0.0105,1.9894,54.0,0.94,-0.0118,0.0192,2,0,2,0,0,0,0
LISTAUSDT-RSRUSDT,0.703468,8,5,3,0.625,14967.7,1870.96,1367.77,11705.47,-10217.48,1.0823,0.6908,-0.021,1.9249,62.5,1.5,-0.0124,0.0183,4,1,2,0,0,0,0
NFPUSDT-UMAUSDT,0.702913,3,2,1,0.6667,4547.01,1515.67,1542.44,5601.46,-2596.9,1.1032,0.3701,-0.0042,2.7509,52.0,0.45,-0.0042,0.0108,1,0,2,0,0,0,0
WUSDT-XLMUSDT,0.702003,3,1,2,0.3333,4195.17,1398.39,-205.03,4849.83,-449.63,1.2672,0.2852,-0.0041,7.4081,20.0,0.42,-0.0035,0.0102,1,0,2,0,0,0,0
ENAUSDT-MBOXUSDT,0.699329,5,3,2,0.6,6878.71,1375.74,4348.4,7037.28,-8278.42,1.1171,0.3869,-0.0083,1.627,25.6,0.69,-0.0103,0.0129,3,1,1,0,0,0,0
IDUSDT-ONEUSDT,0.697261,4,2,2,0.5,8041.02,2010.25,2685.06,8563.39,-5892.5,1.1855,0.7238,-0.0118,2.0371,74.0,0.8,-0.0123,0.0185,2,0,2,0,0,0,0
DIAUSDT-ICPUSDT,0.695918,3,2,1,0.6667,8607.85,2869.28,5076.04,6501.47,-2969.65,1.0633,0.4811,-0.0069,3.8986,45.3,0.86,-0.0117,0.0164,1,0,1,0,1,0,0
STEEMUSDT-TIAUSDT,0.694984,3,2,1,0.6667,37121.88,12373.96,14474.42,55514.29,-32866.83,1.0885,0.357,-0.0351,2.1295,37.3,3.71,-0.0421,0.084,2,1,0,0,0,0,0
ETCUSDT-SKLUSDT,0.694648,6,5,1,0.8333,9867.35,1644.56,4791.12,7749.21,-16306.08,0.9459,0.3453,-0.0165,1.6051,62.0,0.99,-0.0124,0.0175,4,1,0,0,1,0,0
1000CATUSDT-RSRUSDT,0.69451,3,2,1,0.6667,9858.39,3286.13,601.6,9879.35,-622.55,1.0686,0.4662,-0.0134,16.8355,61.3,0.99,-0.0088,0.0233,1,0,2,0,0,0,0
CETUSUSDT-DOGSUSDT,0.694431,5,2,3,0.4,11701.83,2340.37,-3164.7,14764.06,-9070.84,1.2841,1.1317,-0.0197,1.698,49.6,1.17,-0.0116,0.0245,2,0,3,0,0,0,0
RAREUSDT-WLDUSDT,0.694145,3,2,1,0.6667,8205.06,2735.02,3567.37,8576.99,-3939.3,1.0633,0.392,-0.0105,3.0829,45.3,0.82,-0.0075,0.0203,1,0,2,0,0,0,0
ICPUSDT-SNXUSDT,0.693413,3,2,1,0.6667,8269.86,2756.62,4634.31,8027.05,-4391.5,0.9764,0.544,-0.01,2.8832,112.0,0.83,-0.01,0.0167,2,0,1,0,0,0,0
HFTUSDT-UMAUSDT,0.692944,4,3,1,0.75,6379.49,1594.87,1340.78,5323.47,-1625.53,0.867,0.4114,-0.0116,4.9246,64.0,0.64,-0.0134,0.0137,3,0,1,0,0,0,0
GALAUSDT-IDUSDT,0.691927,3,2,1,0.6667,5744.16,1914.72,4525.14,9069.76,-7850.73,1.0799,0.6283,-0.0086,1.7317,53.3,0.57,-0.0093,0.0161,2,0,1,0,0,0,0
CAKEUSDT-ICXUSDT,0.687865,3,2,1,0.6667,8108.59,2702.86,1095.11,7478.56,-465.08,1.0433,0.4218,-0.009,18.4349,57.3,0.81,-0.0099,0.0161,1,0,2,0,0,0,0
1000CATUSDT-INJUSDT,0.687753,6,4,2,0.6667,7020.71,1170.12,3997.9,9092.61,-11136.54,1.0809,0.4631,-0.0129,1.4277,34.0,0.7,-0.011,0.0139,3,0,3,0,0,0,0
RDNTUSDT-TLMUSDT,0.687484,4,3,1,0.75,9707.65,2426.91,1308.05,13190.22,-6098.67,1.036,0.3803,-0.0136,2.5918,33.0,0.97,-0.0092,0.0211,1,0,2,0,1,0,0
ENSUSDT-UMAUSDT,0.68724,5,3,2,0.6,6641.58,1328.32,3327.36,6981.51,-6503.6,1.0561,0.4083,-0.0082,1.9037,48.0,0.66,-0.0076,0.0111,3,1,1,0,0,0,0
PHAUSDT-STXUSDT,0.685818,4,2,2,0.5,7351.53,1837.88,1370.8,11726.28,-7116.34,1.1848,0.5949,-0.0073,1.6349,33.0,0.74,-0.0118,0.0164,2,1,1,0,0,0,0
GLMUSDT-POLYXUSDT,0.684633,3,1,2,0.3333,7118.84,2372.95,-1475.26,12492.25,-3898.15,1.2839,0.4815,-0.0056,2.3248,14.7,0.71,-0.0079,0.0145,1,0,2,0,0,0,0
ENAUSDT-RSRUSDT,0.68298,6,3,3,0.5,9245.07,1540.85,1831.37,10118.97,-7563.05,1.1862,0.7488,-0.0153,1.7147,58.7,0.92,-0.0106,0.0166,2,0,4,0,0,0,0
MTLUSDT-POWRUSDT,0.68281,5,3,2,0.6,8641.05,1728.21,4202.49,6627.07,-6317.84,1.0275,0.3653,-0.011,2.1125,60.0,0.86,-0.0107,0.0146,3,0,2,0,0,0,0
ALTUSDT-VTHOUSDT,0.682721,6,5,1,0.8333,15573.69,2595.61,6224.36,15659.59,-26132.58,0.878,0.3114,-0.0256,1.5959,42.7,1.56,-0.0201,0.0248,5,1,0,0,0,0,0
BBUSDT-XRPUSDT,0.682351,3,2,1,0.6667,8153.46,2717.82,9802.51,10323.7,-11972.75,1.0636,0.4122,-0.013,1.681,46.7,0.82,-0.0134,0.0247,2,0,1,0,0,0,0
IMXUSDT-NEOUSDT,0.682302,3,2,1,0.6667,5756.28,1918.76,435.43,5639.92,-319.07,1.0241,0.3816,-0.0067,19.0406,52.0,0.58,-0.0071,0.0117,1,0,2,0,0,0,0
NEARUSDT-SEIUSDT,0.681237,3,2,1,0.6667,5036.97,1678.99,3036.01,5122.0,-3121.03,0.9605,0.4145,-0.0053,2.6139,58.7,0.5,-0.009,0.0126,2,0,1,0,0,0,0
ARPAUSDT-HIGHUSDT,0.681101,6,4,2,0.6667,10776.63,1796.11,3518.86,11061.59,-13225.42,1.044,0.4191,-0.0255,1.8039,49.3,1.08,-0.0086,0.0219,3,0,3,0,0,0,0
RENDERUSDT-VETUSDT,0.681037,3,1,2,0.3333,5102.09,1700.7,-180.11,6079.77,-797.57,1.2092,0.5733,-0.0055,6.2185,49.3,0.51,-0.0027,0.0134,1,0,2,0,0,0,0
IOTAUSDT-SCRTUSDT,0.680396,3,2,1,0.6667,3909.51,1303.17,5594.1,6185.96,-7870.55,1.0684,0.2782,-0.008,1.4967,26.7,0.39,-0.0094,0.0137,2,0,1,0,0,0,0
PHBUSDT-PIXELUSDT,0.679919,3,2,1,0.6667,6134.16,2044.72,5964.7,8143.33,-7973.86,1.047,0.33,-0.0121,1.7693,29.3,0.61,-0.0095,0.021,2,0,1,0,0,0,0
KNCUSDT-TRUUSDT,0.679816,3,2,1,0.6667,5166.27,1722.09,5093.69,5378.78,-5306.2,1.0193,0.3042,-0.0066,1.9736,28.0,0.52,-0.0097,0.0126,2,0,1,0,0,0,0
AUCTIONUSDT-BNTUSDT,0.679773,3,3,0,1.0,12743.35,4247.78,2363.42,9830.7,549.23,0.8402,0.4318,-0.0164,,145.3,1.27,-0.0211,0.0282,1,0,1,0,1,0,0
COTIUSDT-RPLUSDT,0.677512,4,2,2,0.5,8634.02,2158.51,2435.48,7614.49,-3851.44,1.0223,0.4719,-0.007,2.3369,49.0,0.86,-0.0126,0.0134,3,0,1,0,0,0,0
1000CHEEMSUSDT-KAIAUSDT,0.676953,4,3,1,0.75,15674.72,3918.68,13563.87,16819.08,-28272.11,0.9958,0.3893,-0.0374,1.5544,55.0,1.57,-0.0314,0.047,3,1,0,0,0,0,0
PHAUSDT-RPLUSDT,0.675313,5,4,1,0.8,9656.33,1931.27,5248.04,6351.33,-9551.98,0.9077,0.2303,-0.0154,2.0109,24.0,0.97,-0.0117,0.0187,3,1,1,0,0,0,0
STEEMUSDT-STORJUSDT,0.675186,3,2,1,0.6667,3257.33,1085.78,311.39,3243.42,-297.48,1.0966,0.407,-0.005,11.9497,28.0,0.33,-0.0025,0.009,0,0,3,0,0,0,0
CHZUSDT-GLMUSDT,0.673629,5,4,1,0.8,7883.23,1576.65,65.02,9547.01,-6307.33,0.9851,0.5035,-0.0088,2.2499,22.4,0.79,-0.0104,0.011,1,0,4,0,0,0,0
MAVUSDT-SKLUSDT,0.673225,8,6,2,0.75,9964.55,1245.57,2943.01,9201.61,-10805.91,0.9104,0.5648,-0.0131,1.58,43.5,1.0,-0.013,0.0139,5,0,3,0,0,0,0
AXSUSDT-MINAUSDT,0.672523,3,2,1,0.6667,13533.19,4511.06,6344.01,23463.16,-16273.98,1.0258,0.3152,-0.0162,1.8316,40.0,1.35,-0.0184,0.0342,2,1,0,0,0,0,0
CVCUSDT-RENDERUSDT,0.671367,5,3,2,0.6,10541.08,2108.22,155.66,16205.82,-14760.57,1.12,0.4808,-0.0216,1.5566,45.6,1.05,-0.0143,0.0226,2,0,3,0,0,0,0
BMTUSDT-LINKUSDT,0.670788,3,2,1,0.6667,5374.47,1791.49,5080.16,7579.88,-7285.57,1.0182,0.4537,-0.0081,1.7377,69.3,0.54,-0.0087,0.015,2,0,1,0,0,0,0
BICOUSDT-MOVRUSDT,0.670103,3,2,1,0.6667,4400.19,1466.73,1522.22,3759.95,-881.98,0.9875,0.3454,-0.0055,5.989,29.3,0.44,-0.0055,0.007,1,0,1,0,0,0,0
1000CATUSDT-PENDLEUSDT,0.669476,4,2,2,0.5,11145.94,2786.49,3029.94,12723.11,-7637.05,1.1097,0.5618,-0.0115,1.996,34.0,1.11,-0.0119,0.0213,2,0,2,0,0,0,0
ANKRUSDT-QTUMUSDT,0.668061,4,2,2,0.5,14004.16,3501.04,86.97,20670.79,-6840.57,1.0856,1.1249,-0.0148,2.2565,52.0,1.4,-0.0126,0.0219,2,0,2,0,0,0,0
NEARUSDT-SUIUSDT,0.665511,4,3,1,0.75,4548.44,1137.11,3137.37,3581.07,-5307.37,0.9612,0.6064,-0.0062,1.857,49.0,0.45,-0.0063,0.0093,2,1,1,0,0,0,0
ATAUSDT-METISUSDT,0.665348,3,2,1,0.6667,8656.71,2885.57,3291.41,8488.6,-3123.31,0.985,0.2642,-0.0133,3.7716,37.3,0.87,-0.0157,0.0203,1,0,2,0,0,0,0
ONEUSDT-RSRUSDT,0.665197,3,2,1,0.6667,6312.31,2104.1,2775.4,5953.03,-2416.12,0.8827,0.4399,-0.0086,3.6126,92.0,0.63,-0.0111,0.0139,2,0,1,0,0,0,0
ALTUSDT-ARKMUSDT,0.663812,3,3,0,1.0,4282.35,1427.45,641.38,3128.51,512.46,0.7819,0.2082,-0.0075,,26.7,0.43,-0.0127,0.006,1,0,1,0,1,0,0
BANANAUSDT-CELRUSDT,0.663236,3,2,1,0.6667,7333.8,2444.6,6322.64,7571.58,-6560.42,0.9677,0.481,-0.0132,2.1179,100.0,0.73,-0.0111,0.0208,2,0,1,0,0,0,0
ETCUSDT-XLMUSDT,0.6618,6,4,2,0.6667,6390.17,1065.03,2298.1,6860.23,-7047.15,0.9202,0.626,-0.0104,1.7986,62.7,0.64,-0.0086,0.0101,4,1,1,0,0,0,0
1MBABYDOGEUSDT-FORMUSDT,0.661631,3,2,1,0.6667,8114.3,2704.77,8317.44,9121.46,-9324.61,0.9874,0.4189,-0.0137,1.8702,40.0,0.81,-0.0154,0.0238,2,0,1,0,0,0,0
CRVUSDT-LSKUSDT,0.661239,4,3,1,0.75,7649.21,1912.3,3458.85,11879.51,-11148.0,0.9728,0.4095,-0.0115,1.6862,43.0,0.76,-0.0129,0.0184,2,0,1,0,1,0,0
GRTUSDT-QTUMUSDT,0.659394,3,2,1,0.6667,5983.11,1994.37,2763.73,4949.32,-1729.95,0.9612,0.4727,-0.0085,4.4585,74.7,0.6,-0.0152,0.0108,1,0,2,0,0,0,0
MBOXUSDT-SCRTUSDT,0.657249,3,2,1,0.6667,4251.44,1417.15,4406.76,4612.84,-4768.15,0.9606,0.4433,-0.0052,1.8916,46.7,0.43,-0.0083,0.0111,2,0,1,0,0,0,0
PYTHUSDT-VETUSDT,0.657133,3,2,1,0.6667,5234.27,1744.76,3983.92,4840.15,-3589.8,0.9082,0.494,-0.0064,2.4581,86.7,0.52,-0.0076,0.0139,2,0,1,0,0,0,0
ARKUSDT-CELRUSDT,0.65656,6,3,3,0.5,8511.5,1418.58,1710.84,6194.21,-4294.86,1.0347,0.5691,-0.0108,1.9436,54.0,0.85,-0.0076,0.0127,3,0,2,0,0,0,0
HIVEUSDT-SPELLUSDT,0.656534,4,3,1,0.75,8095.78,2023.94,4743.33,6314.72,-7705.6,0.8612,0.6906,-0.0171,2.0506,129.0,0.81,-0.0145,0.0195,3,0,1,0,0,0,0
ALGOUSDT-API3USDT,0.655876,4,2,2,0.5,8935.26,2233.81,1357.4,9500.37,-3279.92,1.0103,0.4057,-0.0127,2.6498,60.0,0.89,-0.0101,0.0173,2,0,2,0,0,0,0
ILVUSDT-SAGAUSDT,0.654397,3,2,1,0.6667,5774.6,1924.87,3588.5,7579.26,-5393.16,1.0354,0.1488,-0.0085,2.0707,13.3,0.58,-0.0091,0.0133,1,0,2,0,0,0,0
ETCUSDT-HIVEUSDT,0.653082,4,3,1,0.75,5972.23,1493.06,3059.65,6890.93,-7038.0,0.9292,0.4255,-0.0081,1.8486,49.0,0.6,-0.0094,0.0138,2,0,1,0,1,0,0
ALTUSDT-ETCUSDT,0.652824,4,3,1,0.75,5276.13,1319.03,4757.73,6355.39,-10594.73,0.8984,0.3567,-0.0137,1.498,52.0,0.53,-0.0096,0.0173,3,1,0,0,0,0,0
HIVEUSDT-ZKUSDT,0.651401,6,4,2,0.6667,15811.47,2635.25,11379.17,15053.49,-23161.27,0.9461,0.4348,-0.0262,1.4506,65.3,1.58,-0.022,0.0351,4,2,0,0,0,0,0
ICXUSDT-ILVUSDT,0.649829,4,3,1,0.75,6022.38,1505.6,2010.48,6917.11,-4915.69,0.8851,0.5956,-0.0089,2.2251,100.0,0.6,-0.0086,0.0124,2,0,1,0,0,0,0
HIGHUSDT-ONEUSDT,0.64709,4,3,1,0.75,10492.8,2623.2,6177.2,8283.29,-10144.9,0.8363,0.2759,-0.0175,2.0343,72.0,1.05,-0.0125,0.0237,3,0,1,0,0,0,0
ATAUSDT-ORDIUSDT,0.644943,3,2,1,0.6667,5130.31,1710.1,2304.92,5460.33,-2634.95,0.9234,0.252,-0.0074,2.947,17.3,0.51,-0.0106,0.0103,1,0,1,0,0,0,0
1000CATUSDT-WOOUSDT,0.644573,3,2,1,0.6667,3757.25,1252.42,9.63,7150.43,-3402.81,1.0011,0.3982,-0.0063,2.1042,25.3,0.38,-0.0083,0.0093,1,0,2,0,0,0,0
ATAUSDT-OGNUSDT,0.644032,3,3,0,1.0,5409.11,1803.04,1529.5,2394.38,1485.23,0.8207,0.4225,-0.0075,,52.0,0.54,-0.0046,0.0139,0,0,3,0,0,0,0
BMTUSDT-UMAUSDT,0.643106,3,2,1,0.6667,3683.82,1227.94,3556.84,5136.16,-5009.19,0.9375,0.2356,-0.0068,1.7354,26.7,0.37,-0.0094,0.0115,2,0,1,0,0,0,0
CTSIUSDT-UMAUSDT,0.64204,7,4,3,0.5714,9010.35,1287.19,4358.88,6717.11,-6872.79,0.9486,0.4865,-0.0127,1.6241,54.3,0.9,-0.0119,0.0147,4,1,2,0,0,0,0
LINKUSDT-NEIROUSDT,0.641591,3,1,2,0.3333,7717.56,2572.52,-577.54,9614.41,-1319.31,1.1033,0.4065,-0.0102,5.0686,65.3,0.77,-0.0099,0.0131,1,0,2,0,0,0,0
HIVEUSDT-ICPUSDT,0.641138,3,2,1,0.6667,6472.17,2157.39,7682.4,8908.67,-10118.9,0.9496,0.2235,-0.0129,1.6396,13.3,0.65,-0.011,0.0228,2,1,0,0,0,0,0
BANANAUSDT-MINAUSDT,0.640752,3,1,2,0.3333,12662.07,4220.69,-379.03,22888.26,-9847.16,1.1742,0.537,-0.0107,2.2382,29.3,1.27,-0.0116,0.031,1,0,2,0,0,0,0
KSMUSDT-MBOXUSDT,0.640715,4,2,2,0.5,4661.67,1165.42,1861.46,5478.31,-4539.56,1.0323,0.3907,-0.0049,1.8471,54.0,0.47,-0.0058,0.0096,2,0,2,0,0,0,0
IDUSDT-UMAUSDT,0.637551,5,3,2,0.6,6251.32,1250.26,3669.17,5034.71,-4914.37,0.9196,0.4026,-0.0109,1.8855,43.2,0.63,-0.0097,0.0096,3,0,2,0,0,0,0
ASTRUSDT-HMSTRUSDT,0.636908,4,2,2,0.5,8633.24,2158.31,2914.83,10914.24,-8110.66,1.0484,0.5564,-0.0138,1.6968,47.0,0.86,-0.0139,0.0198,2,0,2,0,0,0,0
AEVOUSDT-CKBUSDT,0.634487,4,3,1,0.75,5729.88,1432.47,2329.04,6664.31,-5592.5,0.7869,0.4497,-0.0074,2.0246,72.0,0.57,-0.0113,0.0126,3,0,1,0,0,0,0
COSUSDT-KSMUSDT,0.631589,3,2,1,0.6667,5933.89,1977.96,5789.65,7031.62,-6887.39,0.9037,0.4286,-0.0146,1.8616,62.7,0.59,-0.0109,0.0219,2,0,1,0,0,0,0
AAVEUSDT-ICXUSDT,0.63008,4,3,1,0.75,4488.65,1122.16,3180.9,7712.84,-9586.0,0.9058,0.2765,-0.0124,1.4683,24.0,0.45,-0.0078,0.0165,2,1,1,0,0,0,0
BOMEUSDT-USTCUSDT,0.628151,3,2,1,0.6667,6662.08,2220.69,2495.33,8358.92,-4192.17,0.8174,0.507,-0.0096,2.5892,94.7,0.67,-0.0129,0.0168,2,0,1,0,0,0,0
DOTUSDT-LISTAUSDT,0.627709,3,2,1,0.6667,3383.29,1127.76,2538.1,5613.68,-4768.48,0.9898,0.2946,-0.0059,1.7095,21.3,0.34,-0.005,0.0119,1,0,2,0,0,0,0
AUCTIONUSDT-SNXUSDT,0.627214,5,4,1,0.8,11781.85,2356.37,9339.85,11086.44,-26990.02,0.7839,0.1547,-0.0266,1.4365,27.2,1.18,-0.0181,0.0273,4,1,0,0,0,0,0
MINAUSDT-SEIUSDT,0.626796,3,2,1,0.6667,6514.39,2171.46,5203.74,5836.67,-4526.03,0.8317,0.2919,-0.0123,2.4393,73.3,0.65,-0.0099,0.0173,2,0,1,0,0,0,0
CETUSUSDT-WIFUSDT,0.626425,3,2,1,0.6667,4177.61,1392.54,1031.43,6811.84,-3665.67,0.9458,0.3091,-0.0063,2.1397,58.7,0.42,-0.0044,0.0135,1,0,2,0,0,0,0
CHRUSDT-IOTAUSDT,0.626353,3,2,1,0.6667,4846.99,1615.66,4342.6,6582.41,-6078.02,0.8854,0.164,-0.008,1.7975,34.7,0.48,-0.0068,0.015,2,0,1,0,0,0,0
IDUSDT-STORJUSDT,0.626344,3,2,1,0.6667,7411.99,2470.66,6905.79,7487.79,-6981.59,0.8623,0.4414,-0.0095,2.0616,84.0,0.74,-0.0132,0.0188,2,0,1,0,0,0,0
SUPERUSDT-VANAUSDT,0.626251,3,1,2,0.3333,17603.6,5867.87,-1094.55,28835.28,-10137.12,1.0049,1.31,-0.0099,2.5673,90.7,1.76,-0.0222,0.0349,2,0,1,0,0,0,0
ARKUSDT-VETUSDT,0.62484,3,1,2,0.3333,8960.71,2986.9,-1765.63,14477.95,-3751.6,1.0863,0.5043,-0.0068,2.6241,22.7,0.9,-0.0098,0.0169,1,0,2,0,0,0,0
1000SATSUSDT-ALTUSDT,0.624758,3,2,1,0.6667,8133.83,2711.28,1210.85,7627.7,-704.72,0.867,0.3447,-0.0118,12.542,45.3,0.81,-0.0064,0.019,1,0,1,0,1,0,0
CELRUSDT-FILUSDT,0.624628,3,2,1,0.6667,4116.17,1372.06,4043.31,4948.78,-4875.92,0.8721,0.2425,-0.0052,1.8442,34.7,0.41,-0.0055,0.0117,2,0,1,0,0,0,0
FILUSDT-HFTUSDT,0.624329,3,2,1,0.6667,6069.06,2023.02,5916.85,6645.58,-6493.37,0.8678,0.3199,-0.0089,1.9347,41.3,0.61,-0.013,0.0153,2,0,1,0,0,0,0
NEARUSDT-PNUTUSDT,0.624045,3,2,1,0.6667,5808.0,1936.0,4670.36,4887.45,-3749.8,0.8087,0.2747,-0.009,2.5489,64.0,0.58,-0.0111,0.0115,2,0,1,0,0,0,0
HIVEUSDT-LTCUSDT,0.62186,3,2,1,0.6667,4553.12,1517.71,4565.94,7215.41,-7228.23,0.8888,0.2866,-0.0082,1.6299,21.3,0.46,-0.0094,0.0153,2,0,1,0,0,0,0
GTCUSDT-TLMUSDT,0.621851,3,2,1,0.6667,6239.6,2079.87,7164.79,7553.45,-8478.64,0.9742,0.3227,-0.0084,1.7359,42.7,0.62,-0.0129,0.0169,1,0,2,0,0,0,0
LSKUSDT-OXTUSDT,0.62165,4,2,2,0.5,5163.63,1290.91,1699.85,7610.49,-5846.56,1.0118,0.4347,-0.0096,1.5598,41.0,0.52,-0.0095,0.0126,2,0,2,0,0,0,0
COSUSDT-GTCUSDT,0.620344,4,3,1,0.75,3652.66,913.16,1639.94,3017.72,-2644.94,0.7818,0.2663,-0.0059,2.381,37.0,0.37,-0.0073,0.0074,2,0,2,0,0,0,0
STORJUSDT-TRBUSDT,0.620071,5,3,2,0.6,5650.25,1130.05,3322.78,6823.03,-7291.66,0.8856,0.3724,-0.0089,1.6892,32.8,0.57,-0.0113,0.012,3,0,2,0,0,0,0
COSUSDT-XLMUSDT,0.619951,4,3,1,0.75,4265.83,1066.46,693.57,6273.99,-3395.29,0.9341,0.2853,-0.005,2.2564,29.0,0.43,-0.0048,0.0103,0,0,4,0,0,0,0
BANANAUSDT-LDOUSDT,0.619841,3,2,1,0.6667,7283.25,2427.75,6355.37,7076.13,-6148.25,0.8348,0.2845,-0.0114,2.1846,49.3,0.73,-0.0113,0.0205,2,0,1,0,0,0,0
KSMUSDT-RSRUSDT,0.619446,3,2,1,0.6667,6985.43,2328.48,1337.98,7718.41,-2070.96,0.9426,0.4264,-0.0087,4.373,52.0,0.7,-0.0059,0.0192,0,0,2,0,1,0,0
SUSHIUSDT-TLMUSDT,0.619084,3,2,1,0.6667,5876.83,1958.94,2628.8,8813.04,-5565.01,0.9406,0.3533,-0.0118,2.056,50.7,0.59,-0.0094,0.0176,1,0,2,0,0,0,0
NEIROUSDT-TURBOUSDT,0.617546,3,2,1,0.6667,4946.67,1648.89,751.01,6599.25,-2403.6,0.8366,0.4931,-0.005,3.058,70.7,0.49,-0.0036,0.0133,1,0,1,0,1,0,0
1000SATSUSDT-ONEUSDT,0.617529,6,5,1,0.8333,7717.7,1286.28,3848.2,6011.8,-12737.53,0.7314,0.2956,-0.0207,1.6059,32.7,0.77,-0.0094,0.0164,4,1,1,0,0,0,0
ACXUSDT-ARKMUSDT,0.616548,5,3,2,0.6,7081.72,1416.34,3850.72,10105.67,-10408.5,0.9023,0.4098,-0.0126,1.4633,32.0,0.71,-0.0124,0.0164,3,1,1,0,0,0,0
DOGEUSDT-PENGUUSDT,0.615415,5,3,2,0.6,6893.02,1378.6,4948.72,7978.05,-8897.62,0.898,0.3156,-0.014,1.4952,30.4,0.69,-0.0091,0.0183,3,1,1,0,0,0,0
YFIUSDT-YGGUSDT,0.615149,5,3,2,0.6,7565.25,1513.05,461.85,9159.78,-4185.07,0.8993,0.4733,-0.0084,2.5893,48.0,0.76,-0.0098,0.0147,1,0,4,0,0,0,0
ATAUSDT-XRPUSDT,0.612236,3,2,1,0.6667,6642.31,2214.1,6321.07,9154.54,-8833.3,0.8554,0.453,-0.0122,1.752,74.7,0.66,-0.0139,0.0199,2,0,1,0,0,0,0
CELRUSDT-VICUSDT,0.611764,3,1,2,0.3333,2920.8,973.6,-1195.24,5683.6,-1567.56,1.1007,0.3902,-0.0052,2.0572,28.0,0.29,-0.0025,0.0128,1,0,2,0,0,0,0
ACEUSDT-ETCUSDT,0.611668,3,1,2,0.3333,15397.65,5132.55,-3691.15,23114.93,-4026.13,1.021,0.8255,-0.0121,2.9952,26.7,1.54,-0.0118,0.0316,1,0,2,0,0,0,0
KAVAUSDT-MANAUSDT,0.611356,4,3,1,0.75,7740.0,1935.0,5148.18,7462.33,-10018.7,0.8215,0.2229,-0.0111,1.7726,27.0,0.77,-0.0121,0.0174,2,1,1,0,0,0,0
GALAUSDT-SEIUSDT,0.611231,6,3,3,0.5,6504.01,1084.0,1884.12,7497.09,-6641.04,0.9261,0.4819,-0.0093,1.7022,26.7,0.65,-0.0086,0.0105,3,1,1,0,0,0,0
DIAUSDT-POWRUSDT,0.611035,4,2,2,0.5,6005.16,1501.29,2191.93,6467.18,-4845.9,0.9342,0.337,-0.0057,1.9988,41.0,0.6,-0.0085,0.0123,2,0,1,0,0,0,0
RSRUSDT-SPELLUSDT,0.61052,3,3,0,1.0,5575.76,1858.59,1866.06,3157.81,551.89,0.6341,0.2346,-0.0106,,60.0,0.56,-0.0142,0.0116,1,0,1,0,1,0,0
BMTUSDT-JTOUSDT,0.610519,3,2,1,0.6667,6290.06,2096.69,3423.81,6205.69,-3339.44,0.743,0.3774,-0.0124,2.8836,48.0,0.63,-0.0167,0.0138,2,0,1,0,0,0,0
NFPUSDT-ORDIUSDT,0.610151,3,1,2,0.3333,5314.54,1771.51,-2474.71,10282.05,-2492.79,1.095,0.3012,-0.0053,2.0699,17.3,0.53,-0.0073,0.012,1,0,2,0,0,0,0
QTUMUSDT-SUSDT,0.610006,5,3,2,0.6,9848.88,1969.78,705.24,12919.25,-9026.33,0.9312,0.5519,-0.0172,1.6332,38.4,0.98,-0.0148,0.02,2,0,3,0,0,0,0
AUCTIONUSDT-CELRUSDT,0.609567,5,4,1,0.8,12034.56,2406.91,10271.56,15479.87,-27673.87,0.7915,0.1401,-0.0271,1.4349,28.8,1.2,-0.0183,0.028,3,1,1,0,0,0,0
RSRUSDT-TURBOUSDT,0.609346,3,2,1,0.6667,6241.03,2080.34,5570.31,12561.88,-11891.17,0.8692,0.2251,-0.0125,1.5248,32.0,0.62,-0.0131,0.0221,2,1,0,0,0,0,0
BANDUSDT-HBARUSDT,0.608923,3,2,1,0.6667,4074.23,1358.08,1254.02,6668.84,-3848.63,0.9018,0.2459,-0.0051,2.0586,25.3,0.41,-0.008,0.0101,1,0,2,0,0,0,0
ACXUSDT-CFXUSDT,0.608116,3,2,1,0.6667,4684.76,1561.59,2200.87,7318.24,-4834.35,0.9088,0.3291,-0.0056,1.9691,36.0,0.47,-0.0091,0.0132,1,0,2,0,0,0,0
ANKRUSDT-UMAUSDT,0.608087,6,5,1,0.8333,9965.25,1660.87,4138.82,14022.79,-19507.02,0.7204,0.2562,-0.0255,1.5109,60.7,1.0,-0.0153,0.0195,4,1,0,0,1,0,0
RSRUSDT-VETUSDT,0.607833,3,2,1,0.6667,3934.12,1311.37,4031.74,4853.56,-4951.18,0.8336,0.2818,-0.0086,1.7946,52.0,0.39,-0.0068,0.0139,2,0,1,0,0,0,0
1MBABYDOGEUSDT-AVAXUSDT,0.607394,7,5,2,0.7143,5084.7,726.39,4050.65,4920.25,-9179.48,0.7582,0.6268,-0.014,1.3172,55.4,0.51,-0.0113,0.0129,5,0,2,0,0,0,0
PHBUSDT-WAXPUSDT,0.606658,3,2,1,0.6667,5606.86,1868.95,5461.72,8185.16,-8040.02,0.843,0.3195,-0.011,1.6974,70.7,0.56,-0.0109,0.0195,2,1,0,0,0,0,0
AXLUSDT-CHRUSDT,0.606631,4,3,1,0.75,10250.0,2562.5,5869.15,16873.32,-18361.62,0.7702,0.1902,-0.0203,1.5582,28.0,1.03,-0.0221,0.0274,3,1,0,0,0,0,0
KAVAUSDT-RSRUSDT,0.606099,3,2,1,0.6667,3861.25,1287.08,5835.59,6716.45,-8690.78,0.8623,0.2299,-0.0088,1.4443,28.0,0.39,-0.0094,0.0148,2,1,0,0,0,0,0
1000CHEEMSUSDT-BNTUSDT,0.605008,3,2,1,0.6667,11475.21,3825.07,925.95,17003.0,-6453.74,0.8361,0.3305,-0.0149,2.7781,68.0,1.15,-0.0181,0.0313,1,0,2,0,0,0,0
PHAUSDT-ZILUSDT,0.604691,5,4,1,0.8,10275.5,2055.1,5509.1,12918.48,-17449.76,0.7612,0.241,-0.0259,1.5889,41.6,1.03,-0.0192,0.0226,3,1,1,0,0,0,0
ARPAUSDT-VELODROMEUSDT,0.604687,5,3,2,0.6,9817.68,1963.54,3573.35,14312.12,-12701.69,0.8702,0.2016,-0.0146,1.4743,21.6,0.98,-0.0173,0.0216,3,1,1,0,0,0,0
MBOXUSDT-STRKUSDT,0.603755,4,3,1,0.75,4518.76,1129.69,3556.64,5747.66,-8342.18,0.8203,0.326,-0.0101,1.5417,47.0,0.45,-0.0107,0.012,2,1,0,0,0,0,0
DYDXUSDT-FORMUSDT,0.601362,3,2,1,0.6667,8269.39,2756.46,7051.62,8665.69,-7447.92,0.7914,0.5533,-0.0131,2.1103,101.3,0.83,-0.0159,0.0246,2,0,1,0,0,0,0
GASUSDT-RVNUSDT,0.601197,3,1,2,0.3333,4048.15,1349.38,-1467.76,7164.14,-1648.23,1.0451,0.3659,-0.0036,2.2992,26.7,0.4,-0.0087,0.0097,1,0,2,0,0,0,0
APEUSDT-ATOMUSDT,0.600124,3,1,2,0.3333,4048.29,1349.43,-227.47,5432.27,-1156.51,0.9756,0.4618,-0.0038,3.9251,33.3,0.4,-0.0052,0.0102,1,0,2,0,0,0,0
ATOMUSDT-BELUSDT,0.599425,6,3,3,0.5,7578.32,1263.05,1350.86,8493.63,-6732.79,0.9123,0.3845,-0.0131,1.55,22.7,0.76,-0.0115,0.0134,3,1,2,0,0,0,0
AGLDUSDT-NFPUSDT,0.598411,4,3,1,0.75,6889.2,1722.3,5012.13,6678.45,-9813.52,0.7216,0.355,-0.0124,1.702,61.0,0.69,-0.0194,0.0157,3,0,1,0,0,0,0
RVNUSDT-ZRXUSDT,0.597829,3,2,1,0.6667,5201.42,1733.81,0.77,8871.17,-3670.52,0.8387,0.3466,-0.007,2.4171,58.7,0.52,-0.0086,0.0119,1,0,1,0,0,0,0
CRVUSDT-DIAUSDT,0.597258,3,2,1,0.6667,6118.04,2039.35,4605.68,6849.0,-5336.64,0.7733,0.228,-0.011,2.1464,45.3,0.61,-0.0157,0.0141,2,0,1,0,0,0,0
BANDUSDT-BMTUSDT,0.596721,3,2,1,0.6667,3955.95,1318.65,1889.74,7068.35,-5002.14,0.8937,0.4126,-0.006,1.7909,49.3,0.4,-0.008,0.0116,1,0,1,0,1,0,0
CETUSUSDT-HIVEUSDT,0.596602,3,2,1,0.6667,4522.74,1507.58,4057.1,9342.49,-8876.85,0.8327,0.4036,-0.0115,1.5095,38.7,0.45,-0.0125,0.0189,2,0,1,0,0,0,0
HIVEUSDT-POWRUSDT,0.595581,4,2,2,0.5,2889.59,722.4,670.64,3987.0,-2438.7,0.9124,0.3714,-0.0042,1.742,34.0,0.29,-0.0035,0.0086,2,0,2,0,0,0,0
HIVEUSDT-KAITOUSDT,0.593334,4,3,1,0.75,5317.9,1329.47,5878.33,6604.37,-13043.14,0.7363,0.2209,-0.0132,1.4077,17.0,0.53,-0.0125,0.0163,3,1,0,0,0,0,0
ARPAUSDT-UMAUSDT,0.592067,3,1,2,0.3333,11358.13,3786.04,-2461.59,21445.06,-7625.33,1.0489,0.6176,-0.0129,2.126,68.0,1.14,-0.0125,0.0306,1,1,1,0,0,0,0
APEUSDT-IDUSDT,0.591541,4,2,2,0.5,5902.45,1475.61,-161.68,7902.76,-1676.96,0.8608,0.4185,-0.0101,3.6081,54.0,0.59,-0.0056,0.0131,1,0,3,0,0,0,0
HBARUSDT-NKNUSDT,0.590938,3,2,1,0.6667,4738.38,1579.46,5222.05,6311.97,-6795.63,0.7925,0.3589,-0.0071,1.6973,44.0,0.47,-0.0124,0.0137,2,0,1,0,0,0,0
API3USDT-BMTUSDT,0.590663,3,2,1,0.6667,4420.01,1473.34,1040.09,5929.07,-2549.15,0.7919,0.4108,-0.0097,2.7339,93.3,0.44,-0.0061,0.0154,1,0,2,0,0,0,0
BBUSDT-KSMUSDT,0.590315,3,1,2,0.3333,5652.58,1884.19,-2634.19,14003.59,-5716.81,1.084,0.4964,-0.0111,1.6769,46.7,0.57,-0.0116,0.0208,1,0,2,0,0,0,0
JOEUSDT-UMAUSDT,0.589986,5,3,2,0.6,4479.81,895.96,804.43,4190.34,-2573.42,0.8302,0.3849,-0.008,1.9553,40.8,0.45,-0.0066,0.0109,2,0,3,0,0,0,0
DOGEUSDT-XLMUSDT,0.587812,3,1,2,0.3333,3291.82,1097.27,-287.29,6864.49,-3285.38,1.0424,0.3875,-0.0033,1.9214,16.0,0.33,-0.0038,0.0099,1,0,2,0,0,0,0
RDNTUSDT-SLPUSDT,0.585685,3,1,2,0.3333,8802.08,2934.03,-83.77,12035.91,-3150.05,0.9489,0.3016,-0.014,3.7219,30.7,0.88,-0.0094,0.0236,1,0,2,0,0,0,0
BOMEUSDT-SPELLUSDT,0.584476,6,3,3,0.5,10337.79,1722.97,2363.09,11371.0,-12024.65,0.8651,0.4756,-0.0201,1.7026,58.7,1.03,-0.0165,0.0176,3,1,2,0,0,0,0
HIVEUSDT-LINKUSDT,0.584442,3,2,1,0.6667,4443.43,1481.14,5634.56,6034.46,-7225.6,0.7821,0.4024,-0.0074,1.615,41.3,0.44,-0.0118,0.0138,2,0,1,0,0,0,0
VANAUSDT-XLMUSDT,0.583503,4,2,2,0.5,12730.1,3182.53,375.96,18904.06,-6925.88,0.8609,0.6476,-0.015,2.0811,36.0,1.27,-0.0197,0.0227,2,0,2,0,0,0,0
ALGOUSDT-PHBUSDT,0.583283,3,2,1,0.6667,4088.63,1362.88,5111.67,6280.32,-7303.36,0.7848,0.1921,-0.0079,1.5598,24.0,0.41,-0.0126,0.0144,2,0,1,0,0,0,0
ETCUSDT-VANAUSDT,0.58193,4,2,2,0.5,10976.12,2744.03,-1435.56,22479.2,-8631.97,0.8694,0.7004,-0.0092,1.8581,45.0,1.1,-0.0123,0.023,2,0,2,0,0,0,0
ATAUSDT-GTCUSDT,0.581341,4,3,1,0.75,4517.53,1129.38,1951.68,3169.46,-2555.29,0.5625,0.3215,-0.0062,2.7679,80.0,0.45,-0.0101,0.0125,3,0,1,0,0,0,0
ARBUSDT-BANDUSDT,0.580656,5,3,2,0.6,4079.78,815.96,3186.24,6315.66,-6158.88,0.8045,0.262,-0.0107,1.3856,31.2,0.41,-0.0083,0.0105,3,0,2,0,0,0,0
BNTUSDT-FLUXUSDT,0.580628,5,3,2,0.6,6317.43,1263.49,638.02,7064.98,-2840.51,0.6959,0.4176,-0.0142,2.5771,81.6,0.63,-0.0111,0.0105,3,0,2,0,0,0,0
DYMUSDT-SUSDT,0.580287,3,1,2,0.3333,3873.39,1291.13,-281.15,5767.07,-1612.52,0.9198,0.3734,-0.0044,3.0454,21.3,0.39,-0.0071,0.0081,1,0,1,0,1,0,0
ADAUSDT-GTCUSDT,0.580247,3,2,1,0.6667,5154.25,1718.08,2404.28,9348.41,-6598.44,0.7554,0.4605,-0.0082,1.7811,52.0,0.52,-0.011,0.0173,2,0,1,0,0,0,0
ALGOUSDT-HOTUSDT,0.579841,4,3,1,0.75,4734.88,1183.72,711.3,6083.84,-2771.56,0.6378,0.371,-0.008,2.7084,65.0,0.47,-0.0065,0.012,2,0,2,0,0,0,0
ARKUSDT-XLMUSDT,0.579602,3,2,1,0.6667,2834.18,944.73,1209.4,4549.61,-2924.84,0.8254,0.2222,-0.0043,1.969,26.7,0.28,-0.0046,0.009,1,0,2,0,0,0,0
BANANAUSDT-RSRUSDT,0.57951,3,2,1,0.6667,7101.87,2367.29,2547.99,9466.37,-4912.5,0.7876,0.5311,-0.0098,2.4457,114.7,0.71,-0.0107,0.0205,1,0,1,0,1,0,0
IDUSDT-WIFUSDT,0.579473,3,2,1,0.6667,2839.25,946.42,28.22,5899.53,-3088.5,0.8323,0.2222,-0.0061,1.9193,30.7,0.28,-0.0032,0.0137,1,0,2,0,0,0,0
AGLDUSDT-SYSUSDT,0.578847,4,3,1,0.75,5700.57,1425.14,6094.56,7866.03,-14354.58,0.6976,0.3189,-0.0143,1.3971,30.0,0.57,-0.02,0.0176,3,1,0,0,0,0,0
NMRUSDT-ONTUSDT,0.578576,3,2,1,0.6667,4262.96,1420.99,2865.38,4317.09,-2919.51,0.8758,0.3523,-0.0077,2.4602,26.7,0.43,-0.0091,0.013,0,0,2,0,1,0,0
FILUSDT-VELODROMEUSDT,0.577715,5,4,1,0.8,5420.6,1084.12,5361.19,6220.26,-16118.34,0.639,0.1911,-0.0175,1.3363,33.6,0.54,-0.0145,0.0168,4,1,0,0,0,0,0
AEVOUSDT-CELRUSDT,0.576952,6,4,2,0.6667,8936.73,1489.46,3767.32,15874.11,-17565.75,0.729,0.4527,-0.0179,1.3727,52.0,0.89,-0.0181,0.0213,4,0,2,0,0,0,0
MANTAUSDT-RPLUSDT,0.576791,5,3,2,0.6,8694.24,1738.85,9444.11,11862.54,-12003.55,0.7971,0.2286,-0.0137,1.3919,18.4,0.87,-0.0164,0.0239,3,2,0,0,0,0,0
CELRUSDT-TLMUSDT,0.576244,6,5,1,0.8333,11830.27,1971.71,9273.41,12753.35,-33318.47,0.6091,0.1712,-0.0342,1.3551,42.0,1.18,-0.0223,0.0266,5,1,0,0,0,0,0
CRVUSDT-XAIUSDT,0.576069,3,2,1,0.6667,4653.27,1551.09,5469.27,9088.43,-9904.43,0.7754,0.2073,-0.0098,1.4698,33.3,0.47,-0.0118,0.017,2,1,0,0,0,0,0
BROCCOLI714USDT-VELODROMEUSDT,0.575939,3,2,1,0.6667,9870.45,3290.15,7397.23,20374.38,-17901.16,0.7799,0.3058,-0.0186,1.5514,85.3,0.99,-0.0311,0.0332,2,1,0,0,0,0,0
ADAUSDT-TRBUSDT,0.574358,3,2,1,0.6667,5035.9,1678.63,4601.35,6677.11,-6242.56,0.7409,0.4925,-0.0115,1.8067,101.3,0.5,-0.0113,0.0195,2,0,1,0,0,0,0
DENTUSDT-LISTAUSDT,0.573919,3,1,2,0.3333,6601.09,2200.36,-260.0,8494.31,-1633.22,1.0069,0.4866,-0.0114,4.4867,60.0,0.66,-0.0053,0.0204,0,0,3,0,0,0,0
ICXUSDT-NEARUSDT,0.573701,3,2,1,0.6667,4400.96,1466.99,6168.78,6572.87,-8340.7,0.7621,0.4269,-0.009,1.5276,57.3,0.44,-0.009,0.0166,2,0,1,0,0,0,0
TLMUSDT-TUSDT,0.568974,3,2,1,0.6667,6287.97,2095.99,8448.2,9158.1,-11318.33,0.7492,0.1925,-0.0113,1.5556,46.7,0.63,-0.0152,0.0203,2,1,0,0,0,0,0
PENDLEUSDT-TRUMPUSDT,0.568093,3,1,2,0.3333,5817.69,1939.23,-1417.31,10127.11,-2892.11,0.9561,0.7414,-0.0109,2.35,50.7,0.58,-0.0085,0.0184,1,0,1,0,0,0,0
BROCCOLI714USDT-PNUTUSDT,0.567144,4,3,1,0.75,5020.33,1255.08,1187.85,4345.05,-1700.42,0.653,0.2932,-0.0134,3.9524,78.0,0.5,-0.009,0.0129,1,0,3,0,0,0,0
RDNTUSDT-THETAUSDT,0.566554,3,1,2,0.3333,7029.11,2343.04,-780.98,13668.16,-5858.06,0.9728,0.3639,-0.0062,2.0588,17.3,0.7,-0.0076,0.0162,1,0,2,0,0,0,0
JOEUSDT-VICUSDT,0.564956,3,1,2,0.3333,5238.65,1746.22,-1633.34,10588.87,-3716.88,0.9756,0.4337,-0.0061,1.9791,24.0,0.52,-0.0113,0.012,1,0,2,0,0,0,0
ARKMUSDT-ENSUSDT,0.564866,3,1,2,0.3333,2805.16,935.05,-803.45,6400.44,-2791.83,0.9896,0.4646,-0.0028,1.7802,25.3,0.28,-0.0044,0.0092,1,0,2,0,0,0,0
CVCUSDT-NEIROUSDT,0.564865,4,3,1,0.75,5840.0,1460.0,1008.08,4400.91,-577.07,0.6454,0.2826,-0.0126,11.12,43.0,0.58,-0.0144,0.018,1,0,3,0,0,0,0
FILUSDT-GRTUSDT,0.563354,5,3,2,0.6,5087.88,1017.58,2048.67,4942.15,-4615.74,0.7192,0.4182,-0.0099,1.7503,52.8,0.51,-0.0085,0.0112,3,0,2,0,0,0,0
ARKUSDT-MBOXUSDT,0.561911,3,2,1,0.6667,3908.81,1302.94,4284.53,6135.56,-6511.27,0.7202,0.2779,-0.0081,1.6003,45.3,0.39,-0.0111,0.0145,2,0,1,0,0,0,0
ATAUSDT-ONGUSDT,0.561782,5,2,3,0.4,5686.6,1137.32,-681.53,6202.11,-2973.31,0.8482,0.3603,-0.0102,2.1525,44.0,0.57,-0.0076,0.0128,2,0,2,0,0,0,0
AUCTIONUSDT-JTOUSDT,0.56162,3,1,2,0.3333,6002.35,2000.78,-759.28,14153.03,-7391.4,0.9967,0.2614,-0.0113,1.7364,45.3,0.6,-0.013,0.0166,1,0,2,0,0,0,0
DOGSUSDT-TRBUSDT,0.556589,3,1,2,0.3333,4417.49,1472.5,-208.04,8463.05,-3837.52,0.9398,0.434,-0.0053,2.0919,26.7,0.44,-0.0062,0.015,1,0,2,0,0,0,0
COTIUSDT-PHBUSDT,0.556391,3,1,2,0.3333,5443.31,1814.44,-2069.22,10608.71,-3096.18,0.9517,0.2679,-0.0114,2.0538,18.7,0.54,-0.0089,0.0186,1,0,2,0,0,0,0
FILUSDT-INJUSDT,0.555678,3,2,1,0.6667,2483.86,827.95,2593.78,3672.63,-3782.55,0.6945,0.346,-0.0064,1.6567,48.0,0.25,-0.0065,0.0082,2,0,1,0,0,0,0
DEGOUSDT-POWRUSDT,0.553745,3,1,2,0.3333,3686.89,1228.96,-1022.51,5768.69,-1059.29,0.8667,0.1979,-0.0051,2.771,20.0,0.37,-0.0062,0.0106,1,0,2,0,0,0,0
REZUSDT-SEIUSDT,0.553648,3,2,1,0.6667,4805.34,1601.78,5366.92,8779.82,-9341.41,0.7067,0.2739,-0.0095,1.5144,54.7,0.48,-0.0129,0.0166,2,1,0,0,0,0,0
HIVEUSDT-USTCUSDT,0.552549,4,2,2,0.5,7905.25,1976.31,2904.7,9766.52,-7670.67,0.7853,0.3468,-0.0148,1.9442,57.0,0.79,-0.0171,0.0215,2,0,2,0,0,0,0
KSMUSDT-SLPUSDT,0.550253,4,3,1,0.75,5321.2,1330.3,6535.71,9285.99,-17036.21,0.6277,0.1427,-0.017,1.3123,36.0,0.53,-0.0147,0.0196,3,1,0,0,0,0,0
TWTUSDT-VICUSDT,0.549637,5,2,3,0.4,4885.89,977.18,-1528.1,7330.72,-4837.86,0.8675,0.287,-0.0103,1.5873,24.0,0.49,-0.0087,0.0117,2,0,3,0,0,0,0
FILUSDT-SUIUSDT,0.547965,3,2,1,0.6667,3871.6,1290.53,2308.41,5296.52,-3733.33,0.6382,0.2313,-0.0077,2.037,61.3,0.39,-0.0104,0.01,2,0,1,0,0,0,0
SFPUSDT-SKLUSDT,0.547871,4,3,1,0.75,4691.23,1172.81,4765.91,9698.71,-14539.3,0.6929,0.202,-0.0181,1.3227,39.0,0.47,-0.0126,0.02,2,1,0,0,0,0,0
SFPUSDT-XTZUSDT,0.547806,4,2,2,0.5,4369.47,1092.37,1046.63,7246.96,-4970.73,0.8096,0.4287,-0.0078,1.4413,35.0,0.44,-0.0099,0.0151,2,0,2,0,0,0,0
CETUSUSDT-COTIUSDT,0.546957,4,2,2,0.5,4484.76,1121.19,776.32,5180.54,-2248.42,0.7996,0.5251,-0.0059,2.2417,53.0,0.45,-0.0066,0.0111,1,0,3,0,0,0,0
MBOXUSDT-RPLUSDT,0.546665,3,2,1,0.6667,4013.42,1337.81,537.61,9308.65,-5832.83,0.7605,0.3444,-0.006,1.6881,14.7,0.4,-0.0064,0.0116,1,0,2,0,0,0,0
BMTUSDT-JUPUSDT,0.546149,3,2,1,0.6667,4936.95,1645.65,6550.77,6680.1,-8293.92,0.6823,0.481,-0.0127,1.5952,128.0,0.49,-0.0094,0.0207,2,0,1,0,0,0,0
BANANAUSDT-TRBUSDT,0.545875,3,2,1,0.6667,5028.93,1676.31,943.44,8135.53,-4050.04,0.7186,0.2448,-0.0152,2.2417,62.7,0.5,-0.0116,0.0197,1,0,2,0,0,0,0
ANKRUSDT-ARPAUSDT,0.545154,4,3,1,0.75,3777.43,944.36,2885.92,4203.13,-6197.53,0.5745,0.3207,-0.0097,1.6095,87.0,0.38,-0.0067,0.0116,3,0,1,0,0,0,0
DOGSUSDT-IMXUSDT,0.543777,4,2,2,0.5,6682.78,1670.69,3730.47,9011.93,-9790.1,0.7787,0.252,-0.01,1.6778,33.0,0.67,-0.0104,0.0183,2,0,2,0,0,0,0
GMTUSDT-TWTUSDT,0.540597,4,2,2,0.5,5974.41,1493.6,1893.17,7809.62,-5621.54,0.7612,0.3116,-0.0099,1.7648,63.0,0.6,-0.0153,0.0159,2,0,2,0,0,0,0
MTLUSDT-TUSDT,0.538964,3,2,1,0.6667,4218.61,1406.2,638.19,5091.54,-1511.11,0.5229,0.3271,-0.0092,3.7917,81.3,0.42,-0.0137,0.0128,2,0,1,0,0,0,0
BANDUSDT-STRKUSDT,0.538188,3,1,2,0.3333,4852.51,1617.5,-897.87,9039.34,-3288.96,0.8816,0.2821,-0.0058,2.159,34.7,0.49,-0.0076,0.0142,1,0,2,0,0,0,0
ETHFIUSDT-WIFUSDT,0.537606,3,2,1,0.6667,3357.39,1119.13,42.69,7959.25,-4644.54,0.7309,0.1778,-0.0057,1.7229,36.0,0.34,-0.0056,0.0163,1,0,1,0,1,0,0
PENGUUSDT-STEEMUSDT,0.537272,3,2,1,0.6667,5657.37,1885.79,2433.71,11200.19,-7976.53,0.7366,0.4248,-0.0095,1.7093,53.3,0.57,-0.0103,0.0207,1,0,1,0,1,0,0
MBOXUSDT-RENDERUSDT,0.536353,5,3,2,0.6,6479.5,1295.9,5400.42,13108.44,-12578.25,0.6948,0.2237,-0.0213,1.3673,36.8,0.65,-0.0147,0.0189,3,1,1,0,0,0,0
CTSIUSDT-LPTUSDT,0.535992,3,1,2,0.3333,4284.43,1428.14,-237.55,8227.65,-3705.66,0.8837,0.2734,-0.0068,2.0865,28.0,0.43,-0.0061,0.0134,1,0,2,0,0,0,0
EIGENUSDT-NEARUSDT,0.535181,3,1,2,0.3333,3366.9,1122.3,-5.17,4656.22,-1284.15,0.7948,0.3371,-0.0071,3.6114,48.0,0.34,-0.0056,0.0118,1,0,2,0,0,0,0
IOSTUSDT-XRPUSDT,0.534586,4,3,1,0.75,7149.16,1787.29,7197.35,9686.74,-16932.28,0.5874,0.2502,-0.0274,1.4222,66.0,0.71,-0.0208,0.028,3,1,0,0,0,0,0
CYBERUSDT-HIGHUSDT,0.534209,3,2,1,0.6667,8468.03,2822.68,11298.25,12760.09,-15590.31,0.657,0.2135,-0.0155,1.5432,65.3,0.85,-0.0175,0.0278,2,0,1,0,0,0,0
ALTUSDT-RENDERUSDT,0.533685,3,2,1,0.6667,5789.0,1929.67,2430.88,10112.75,-6754.63,0.7214,0.2985,-0.0158,1.857,53.3,0.58,-0.0182,0.021,1,0,1,0,1,0,0
FILUSDT-VANAUSDT,0.532391,3,2,1,0.6667,2976.07,992.02,5190.53,5378.72,-7593.18,0.6602,0.2314,-0.0113,1.3919,29.3,0.3,-0.0082,0.017,2,0,1,0,0,0,0
ICXUSDT-TLMUSDT,0.532131,3,2,1,0.6667,5899.42,1966.47,6718.79,11930.08,-12749.45,0.6551,0.0997,-0.013,1.4627,20.0,0.59,-0.0191,0.0223,2,1,0,0,0,0,0
NKNUSDT-RAREUSDT,0.531232,3,1,2,0.3333,5844.23,1948.08,-786.61,9141.86,-2511.02,0.809,0.249,-0.0098,2.7722,45.3,0.58,-0.0113,0.013,1,0,2,0,0,0,0
1000CHEEMSUSDT-MLNUSDT,0.530226,3,1,2,0.3333,12702.13,4234.04,-999.97,22759.59,-9057.48,0.8721,0.4253,-0.022,2.263,98.7,1.27,-0.0155,0.047,1,0,2,0,0,0,0
BBUSDT-JOEUSDT,0.530048,3,2,1,0.6667,4871.8,1623.93,7126.03,7191.13,-9445.36,0.6448,0.2884,-0.0134,1.5158,48.0,0.49,-0.018,0.0218,2,0,1,0,0,0,0
MTLUSDT-REDUSDT,0.529791,3,1,2,0.3333,6571.61,2190.54,-1277.73,13801.29,-5951.95,0.8891,0.2894,-0.0112,1.909,38.7,0.66,-0.0101,0.0197,1,0,2,0,0,0,0
CELRUSDT-COSUSDT,0.529644,3,2,1,0.6667,3145.54,1048.51,3765.48,5668.86,-6288.79,0.6377,0.3006,-0.0082,1.5002,64.0,0.31,-0.01,0.013,2,0,1,0,0,0,0
MOVRUSDT-SEIUSDT,0.529063,5,3,2,0.6,4825.65,965.13,913.57,9089.36,-5897.95,0.7113,0.4531,-0.0127,1.4454,61.6,0.48,-0.0098,0.0132,2,0,3,0,0,0,0
ENSUSDT-SPELLUSDT,0.527265,5,3,2,0.6,5764.41,1152.88,5406.87,8874.15,-9783.0,0.7218,0.3443,-0.0176,1.3553,60.0,0.58,-0.0105,0.0177,2,2,1,0,0,0,0
CFXUSDT-USTCUSDT,0.527177,3,2,1,0.6667,3604.02,1201.34,3342.19,4300.79,-4038.96,0.5956,0.2576,-0.0098,1.8923,57.3,0.36,-0.0184,0.0121,2,0,1,0,0,0,0
NEOUSDT-ONEUSDT,0.526931,4,2,2,0.5,4240.3,1060.07,1522.45,6180.34,-4984.94,0.7246,0.3115,-0.0091,1.7267,50.0,0.42,-0.0096,0.0104,2,0,2,0,0,0,0
PEOPLEUSDT-TURBOUSDT,0.52558,5,3,2,0.6,2684.13,536.83,2417.37,3567.74,-6035.43,0.6373,0.2513,-0.0065,1.4257,46.4,0.27,-0.0071,0.0072,3,0,2,0,0,0,0
ATOMUSDT-SPELLUSDT,0.523861,3,2,1,0.6667,4878.11,1626.04,5829.27,7605.93,-8557.08,0.6208,0.1921,-0.0126,1.5701,41.3,0.49,-0.0164,0.0205,2,0,1,0,0,0,0
NEOUSDT-RPLUSDT,0.52212,4,2,2,0.5,4649.01,1162.25,450.87,9981.06,-6233.8,0.7907,0.3075,-0.009,1.6375,27.0,0.46,-0.0067,0.0129,1,0,3,0,0,0,0
LISTAUSDT-MAVUSDT,0.521875,4,2,2,0.5,5958.84,1489.71,1366.75,7400.66,-4175.32,0.6998,0.39,-0.0101,1.8508,66.0,0.6,-0.0142,0.0161,2,0,2,0,0,0,0
BLURUSDT-LDOUSDT,0.521531,3,1,2,0.3333,2441.58,813.86,-1082.84,6921.45,-3397.04,0.8916,0.3582,-0.0051,1.545,22.7,0.24,-0.0044,0.0096,1,0,2,0,0,0,0
COSUSDT-IOTXUSDT,0.521393,4,3,1,0.75,3941.86,985.46,2937.28,4206.93,-6139.64,0.5031,0.3153,-0.0094,1.642,86.0,0.39,-0.0144,0.0127,3,0,1,0,0,0,0
DENTUSDT-GHSTUSDT,0.519065,4,2,2,0.5,6039.52,1509.88,3991.35,10062.1,-12005.28,0.7349,0.4762,-0.0153,1.4771,61.0,0.6,-0.0107,0.0243,2,0,2,0,0,0,0
LDOUSDT-QTUMUSDT,0.516956,3,2,1,0.6667,3840.89,1280.3,5677.39,6701.19,-8537.68,0.6069,0.3005,-0.0087,1.4499,52.0,0.38,-0.0155,0.0146,2,0,1,0,0,0,0
ACHUSDT-WAXPUSDT,0.516012,3,1,2,0.3333,2837.86,945.95,-1586.14,6765.52,-2341.53,0.8587,0.247,-0.005,1.7225,24.0,0.28,-0.0046,0.0102,1,0,1,0,0,0,0
NEIROUSDT-SKLUSDT,0.514957,3,1,2,0.3333,5734.66,1911.55,-1895.52,9947.42,-2317.23,0.7967,0.4502,-0.0063,2.3613,64.0,0.57,-0.008,0.0163,1,0,2,0,0,0,0
C98USDT-REDUSDT,0.514637,4,3,1,0.75,8662.76,2165.69,8690.93,16337.32,-25056.43,0.5427,0.1578,-0.031,1.3457,71.0,0.87,-0.0245,0.0335,3,1,0,0,0,0,0
HIVEUSDT-XTZUSDT,0.511588,3,2,1,0.6667,4421.83,1473.94,7159.7,9095.74,-11833.6,0.6045,0.2145,-0.0127,1.3737,30.7,0.44,-0.0157,0.0187,2,0,1,0,0,0,0
MASKUSDT-TLMUSDT,0.510565,3,2,1,0.6667,5864.52,1954.84,6340.63,13212.98,-13689.09,0.598,0.1337,-0.0138,1.4284,38.7,0.59,-0.0211,0.0228,2,1,0,0,0,0,0
KNCUSDT-TLMUSDT,0.508471,3,2,1,0.6667,3970.62,1323.54,4463.44,8981.85,-9474.66,0.6821,0.201,-0.0096,1.4191,50.7,0.4,-0.0103,0.0158,1,0,2,0,0,0,0
CELRUSDT-INJUSDT,0.507977,3,2,1,0.6667,2271.12,757.04,2542.0,5507.92,-5778.79,0.5834,0.1824,-0.0064,1.393,42.7,0.23,-0.0067,0.0105,2,0,1,0,0,0,0
DFUSDT-KNCUSDT,0.506693,4,2,2,0.5,3635.96,908.99,846.22,7561.31,-5617.78,0.703,0.4125,-0.0109,1.3732,47.0,0.36,-0.0082,0.0128,2,0,2,0,0,0,0
LDOUSDT-TAOUSDT,0.506122,3,2,1,0.6667,4767.43,1589.14,614.22,8255.3,-4102.09,0.5095,0.257,-0.0096,2.1622,69.3,0.48,-0.0205,0.0136,2,0,1,0,0,0,0
AVAXUSDT-ORDIUSDT,0.504295,3,2,1,0.6667,3127.51,1042.5,3353.94,4674.68,-4901.11,0.7426,0.1511,-0.0082,1.6381,18.7,0.31,-0.0052,0.0132,0,0,3,0,0,0,0
ALGOUSDT-ARKMUSDT,0.50409,3,2,1,0.6667,2053.77,684.59,3407.14,5397.25,-6750.62,0.5812,0.1671,-0.0068,1.3042,30.7,0.21,-0.0072,0.0107,2,0,1,0,0,0,0
EGLDUSDT-JASMYUSDT,0.504063,3,1,2,0.3333,3344.81,1114.94,-1295.38,7457.71,-2817.52,0.8179,0.2015,-0.0064,1.8132,26.7,0.33,-0.007,0.0101,1,0,2,0,0,0,0
DIAUSDT-DOGSUSDT,0.503665,3,1,2,0.3333,5463.96,1821.32,-2656.82,12047.99,-3927.21,0.8206,0.5952,-0.0102,1.8299,97.3,0.55,-0.0074,0.0205,1,0,2,0,0,0,0
1000CATUSDT-ETCUSDT,0.503514,5,3,2,0.6,2895.71,579.14,1494.93,5717.26,-4241.43,0.6906,0.2518,-0.0076,1.4211,31.2,0.29,-0.0055,0.009,1,0,4,0,0,0,0
MTLUSDT-TAOUSDT,0.502844,4,2,2,0.5,6690.29,1672.57,724.54,12560.96,-7319.75,0.6277,0.3312,-0.0252,1.5128,78.0,0.67,-0.0258,0.0222,3,0,1,0,0,0,0
MBOXUSDT-RVNUSDT,0.500656,5,3,2,0.6,3067.36,613.47,3467.91,4930.58,-8917.61,0.5809,0.2378,-0.0097,1.3186,45.6,0.31,-0.0078,0.0098,3,1,1,0,0,0,0
CELOUSDT-SOLUSDT,0.500451,3,2,1,0.6667,3409.39,1136.46,3010.55,5232.39,-4833.56,0.5327,0.194,-0.0068,1.7054,40.0,0.34,-0.0127,0.0118,2,0,1,0,0,0,0
COSUSDT-INJUSDT,0.499317,3,2,1,0.6667,3554.83,1184.94,3167.84,7141.61,-6754.62,0.6495,0.3552,-0.0122,1.5263,62.7,0.36,-0.0091,0.0184,1,0,2,0,0,0,0
1000CATUSDT-CRVUSDT,0.49851,3,2,1,0.6667,3136.19,1045.4,4146.34,5522.65,-6532.8,0.5495,0.2842,-0.0074,1.4801,61.3,0.31,-0.0071,0.013,2,0,1,0,0,0,0
PHAUSDT-XTZUSDT,0.4983,4,2,2,0.5,5706.1,1426.53,-1635.72,15321.02,-6343.47,0.728,0.3735,-0.0097,1.5912,45.0,0.57,-0.0085,0.02,1,0,3,0,0,0,0
ONTUSDT-REDUSDT,0.494993,3,1,2,0.3333,9061.17,3020.39,-1109.69,16425.87,-6255.01,0.7643,0.2197,-0.0148,2.2304,36.0,0.91,-0.0138,0.0223,1,0,2,0,0,0,0
ACXUSDT-HFTUSDT,0.494813,3,2,1,0.6667,4588.74,1529.58,5030.54,10136.48,-10578.27,0.5548,0.3075,-0.0154,1.4338,53.3,0.46,-0.0173,0.0222,2,0,1,0,0,0,0
IOTXUSDT-ZILUSDT,0.494528,4,1,3,0.25,6113.87,1528.47,-1752.62,12734.22,-3115.1,0.8281,0.5303,-0.0094,1.9235,48.0,0.61,-0.0085,0.0144,1,0,3,0,0,0,0
INJUSDT-RSRUSDT,0.494296,5,4,1,0.8,3892.84,778.57,4259.12,8217.73,-18548.83,0.415,0.1,-0.0191,1.2099,36.0,0.39,-0.0123,0.0167,4,1,0,0,0,0,0
1000CHEEMSUSDT-LQTYUSDT,0.49428,3,2,1,0.6667,6574.2,2191.4,458.12,7247.59,-1131.5,0.5915,0.2406,-0.0132,6.8101,49.3,0.66,-0.0123,0.02,0,0,3,0,0,0,0
RVNUSDT-UMAUSDT,0.49387,3,2,1,0.6667,2896.54,965.51,1991.9,5036.53,-4131.89,0.6081,0.1114,-0.0057,1.701,13.3,0.29,-0.0069,0.0094,1,0,2,0,0,0,0
NKNUSDT-VETUSDT,0.493812,4,2,2,0.5,3203.62,800.9,1143.12,6404.48,-5487.11,0.655,0.3088,-0.0058,1.4151,35.0,0.32,-0.011,0.0101,2,0,2,0,0,0,0
LPTUSDT-RENDERUSDT,0.493614,4,2,2,0.5,3446.82,861.71,-262.19,8083.34,-4112.13,0.6485,0.4687,-0.0071,1.4972,65.0,0.34,-0.008,0.0114,2,0,2,0,0,0,0
1000CATUSDT-KSMUSDT,0.492898,3,2,1,0.6667,3617.04,1205.68,924.6,7104.58,-4412.14,0.6915,0.3102,-0.0073,1.8198,25.3,0.36,-0.0097,0.0115,0,0,2,0,1,0,0
MBOXUSDT-OXTUSDT,0.49262,4,3,1,0.75,3732.91,933.23,5113.43,7144.74,-13638.69,0.4621,0.0867,-0.0138,1.2737,29.0,0.37,-0.0112,0.0157,3,1,0,0,0,0,0
CETUSUSDT-PIXELUSDT,0.491131,3,2,1,0.6667,3894.17,1298.06,2080.35,6106.65,-4292.83,0.5876,0.2402,-0.0106,1.9071,80.0,0.39,-0.0094,0.0174,1,0,2,0,0,0,0
ATOMUSDT-AVAUSDT,0.490371,3,2,1,0.6667,3649.48,1216.49,4436.75,7911.23,-8698.5,0.5394,0.2828,-0.0126,1.4196,64.0,0.36,-0.0144,0.019,2,0,1,0,0,0,0
FIDAUSDT-TSTUSDT,0.488345,4,2,2,0.5,5045.23,1261.31,2999.49,11759.3,-12713.05,0.6664,0.2996,-0.0177,1.3094,47.0,0.5,-0.016,0.0192,2,0,2,0,0,0,0
ATOMUSDT-SUSHIUSDT,0.488311,4,2,2,0.5,4012.83,1003.21,-434.64,8391.77,-3509.67,0.6204,0.2936,-0.0086,1.6542,51.0,0.4,-0.0091,0.0127,2,0,2,0,0,0,0
SHELLUSDT-TLMUSDT,0.486016,3,2,1,0.6667,4777.58,1592.53,9277.71,9916.22,-14416.35,0.538,0.0649,-0.0145,1.3314,10.7,0.48,-0.0157,0.0221,2,1,0,0,0,0,0
NMRUSDT-RPLUSDT,0.485847,3,1,2,0.3333,3825.31,1275.1,-706.23,6810.82,-2279.28,0.7241,0.2089,-0.0084,2.2813,38.7,0.38,-0.0095,0.0141,1,0,2,0,0,0,0
CGPTUSDT-ENJUSDT,0.484671,3,2,1,0.6667,3331.26,1110.42,1453.91,9112.02,-7234.67,0.6092,0.1888,-0.0089,1.4605,20.0,0.33,-0.0094,0.0172,1,1,1,0,0,0,0
GRTUSDT-TUTUSDT,0.484628,3,2,1,0.6667,3843.54,1281.18,3159.95,6820.22,-6136.63,0.5919,0.2609,-0.008,1.6263,85.3,0.38,-0.0086,0.0185,1,0,2,0,0,0,0
DEGOUSDT-RDNTUSDT,0.483159,3,2,1,0.6667,2676.8,892.27,3350.72,4944.05,-5617.97,0.6006,0.2234,-0.007,1.4765,34.7,0.27,-0.0062,0.0131,1,0,2,0,0,0,0
FILUSDT-WOOUSDT,0.482894,3,1,2,0.3333,2375.38,791.79,-973.71,5643.77,-2294.67,0.7644,0.1802,-0.0055,1.7268,22.7,0.24,-0.0062,0.0075,1,0,2,0,0,0,0
ACEUSDT-KAITOUSDT,0.482177,3,2,1,0.6667,3974.61,1324.87,7974.2,9943.97,-13943.56,0.5309,0.1444,-0.014,1.2851,10.7,0.4,-0.0153,0.0209,2,1,0,0,0,0,0
RENDERUSDT-TLMUSDT,0.481158,3,1,2,0.3333,5436.28,1812.09,-2191.35,11613.98,-3986.34,0.7493,0.342,-0.0086,1.88,22.7,0.54,-0.0133,0.0139,1,0,2,0,0,0,0
NEARUSDT-TLMUSDT,0.480767,4,2,2,0.5,5559.94,1389.99,4374.35,10769.5,-13958.25,0.6398,0.2917,-0.0178,1.3636,66.0,0.56,-0.014,0.022,2,1,1,0,0,0,0
DFUSDT-SKLUSDT,0.47896,3,1,2,0.3333,5262.14,1754.05,-482.15,12472.09,-6727.81,0.6638,0.4501,-0.0098,1.7298,132.0,0.53,-0.0178,0.0184,2,0,1,0,0,0,0
HIGHUSDT-SYSUSDT,0.478285,4,1,3,0.25,6940.17,1735.04,-1732.21,12618.11,-2213.52,0.7592,0.3036,-0.0136,2.2223,24.0,0.69,-0.0121,0.0133,1,0,3,0,0,0,0
POLYXUSDT-TUTUSDT,0.478004,3,2,1,0.6667,7637.27,2545.76,11989.9,13041.51,-17394.14,0.5088,0.2447,-0.0172,1.4391,50.7,0.76,-0.0383,0.0292,2,1,0,0,0,0,0
HBARUSDT-NEIROUSDT,0.477898,3,2,1,0.6667,3122.78,1040.93,3433.46,6385.24,-6695.92,0.4931,0.1328,-0.0083,1.4664,37.3,0.31,-0.0122,0.0117,2,1,0,0,0,0,0
BELUSDT-FIDAUSDT,0.477838,3,2,1,0.6667,3613.67,1204.56,678.46,9711.84,-6776.63,0.5869,0.1012,-0.0118,1.5333,13.3,0.36,-0.0128,0.0123,1,1,1,0,0,0,0
LISTAUSDT-XLMUSDT,0.477643,3,2,1,0.6667,3489.55,1163.18,5189.85,7850.11,-9550.41,0.5124,0.1526,-0.0155,1.3654,28.0,0.35,-0.0141,0.0225,2,0,1,0,0,0,0
MLNUSDT-POLYXUSDT,0.477233,3,2,1,0.6667,5205.11,1735.04,419.36,12832.36,-8046.6,0.5783,0.1337,-0.0146,1.6469,45.3,0.52,-0.016,0.0186,1,0,2,0,0,0,0
1000CHEEMSUSDT-MOVRUSDT,0.475209,4,3,1,0.75,5719.25,1429.81,5244.27,13356.99,-18126.28,0.4863,0.1697,-0.0183,1.3155,34.0,0.57,-0.0203,0.024,2,1,0,0,1,0,0
DEXEUSDT-ZECUSDT,0.474346,3,2,1,0.6667,6022.51,2007.5,8833.44,10799.41,-13610.34,0.5003,0.18,-0.0188,1.4425,45.3,0.6,-0.0199,0.0291,2,0,1,0,0,0,0
RUNEUSDT-UMAUSDT,0.4735,4,2,2,0.5,2587.4,646.85,1027.63,6752.85,-6220.71,0.6147,0.2214,-0.0067,1.2427,22.0,0.26,-0.0093,0.013,2,0,2,0,0,0,0
TLMUSDT-VICUSDT,0.47344,3,2,1,0.6667,6841.47,2280.49,4010.23,19381.47,-16550.23,0.5151,0.097,-0.029,1.4134,26.7,0.68,-0.0314,0.0274,2,1,0,0,0,0,0
HFTUSDT-WAXPUSDT,0.472454,4,3,1,0.75,4273.92,1068.48,5018.97,7732.0,-13496.02,0.4054,0.1573,-0.0173,1.3167,74.0,0.43,-0.0181,0.0193,3,0,1,0,0,0,0
APEUSDT-COMPUSDT,0.472186,3,2,1,0.6667,3139.37,1046.46,1364.99,6529.25,-4754.86,0.4598,0.1885,-0.0093,1.6602,44.0,0.31,-0.0153,0.0104,2,0,1,0,0,0,0
ARPAUSDT-COSUSDT,0.47124,3,2,1,0.6667,2566.63,855.54,3900.14,4692.0,-6025.51,0.4761,0.2823,-0.0069,1.426,86.7,0.26,-0.0064,0.0118,2,0,1,0,0,0,0
GMTUSDT-SEIUSDT,0.469947,3,2,1,0.6667,2817.16,939.05,823.06,6511.38,-4517.29,0.6486,0.1662,-0.0101,1.6236,33.3,0.28,-0.0077,0.014,0,0,3,0,0,0,0
CELOUSDT-MOVEUSDT,0.469739,3,2,1,0.6667,3903.65,1301.22,4390.05,12551.15,-13037.55,0.4926,0.2536,-0.0131,1.2994,45.3,0.39,-0.0231,0.0219,2,0,1,0,0,0,0
ACEUSDT-XRPUSDT,0.469306,3,1,2,0.3333,7063.43,2354.48,-5400.44,19228.87,-6765.0,0.7436,0.4021,-0.0084,1.5806,30.7,0.71,-0.0136,0.0252,1,0,2,0,0,0,0
POWRUSDT-STEEMUSDT,0.468679,3,1,2,0.3333,3328.8,1109.6,-886.11,5264.11,-1049.19,0.6298,0.1303,-0.0059,2.72,20.0,0.33,-0.0076,0.01,1,0,2,0,0,0,0
COMPUSDT-SEIUSDT,0.468183,3,1,2,0.3333,8603.52,2867.84,-6049.96,22750.53,-8097.05,0.7561,0.3137,-0.0213,1.6082,16.0,0.86,-0.023,0.0256,1,2,0,0,0,0,0
DASHUSDT-ICXUSDT,0.465828,3,2,1,0.6667,4499.74,1499.91,2838.2,3964.32,-2302.79,0.5113,0.1244,-0.011,2.954,17.3,0.45,-0.0103,0.0178,0,0,2,0,0,0,0
MEMEUSDT-PIXELUSDT,0.464236,3,2,1,0.6667,1894.1,631.37,684.1,5721.03,-4511.03,0.5495,0.151,-0.0053,1.4199,33.3,0.19,-0.0056,0.0085,1,0,2,0,0,0,0
ANIMEUSDT-ONTUSDT,0.463549,3,1,2,0.3333,4361.58,1453.86,-866.13,7299.99,-2072.29,0.6397,0.2714,-0.0074,2.4843,78.7,0.44,-0.0104,0.012,1,0,2,0,0,0,0
NEARUSDT-RSRUSDT,0.463257,3,2,1,0.6667,2638.98,879.66,3472.04,3916.55,-4749.6,0.4434,0.2244,-0.0087,1.5556,70.7,0.26,-0.0078,0.0168,2,0,1,0,0,0,0
KSMUSDT-PHBUSDT,0.46315,3,2,1,0.6667,4323.28,1441.09,6502.01,13748.69,-15927.43,0.4821,0.0857,-0.017,1.2714,25.3,0.43,-0.0178,0.0252,2,1,0,0,0,0,0
LPTUSDT-METISUSDT,0.462359,3,2,1,0.6667,3306.01,1102.0,449.78,8601.76,-5745.54,0.5442,0.192,-0.0157,1.5754,44.0,0.33,-0.0107,0.0177,1,0,2,0,0,0,0
AEVOUSDT-LSKUSDT,0.460979,5,3,2,0.6,4261.02,852.2,5876.44,11608.2,-17147.17,0.4884,0.1751,-0.0171,1.2099,49.6,0.43,-0.0143,0.0172,3,0,2,0,0,0,0
ACEUSDT-ICXUSDT,0.457752,3,1,2,0.3333,4858.49,1619.5,-1445.92,14121.27,-7816.86,0.7172,0.2429,-0.0093,1.5245,17.3,0.49,-0.0109,0.016,1,0,2,0,0,0,0
ATAUSDT-MBOXUSDT,0.457093,3,2,1,0.6667,3142.39,1047.46,2731.36,5662.14,-5251.12,0.4198,0.2323,-0.0074,1.5984,64.0,0.31,-0.0138,0.0134,2,0,1,0,0,0,0
CKBUSDT-KAITOUSDT,0.451813,3,1,2,0.3333,5714.7,1904.9,-1016.45,17030.42,-10299.26,0.7063,0.2515,-0.0122,1.505,24.0,0.57,-0.0165,0.0207,1,1,1,0,0,0,0
HIGHUSDT-JOEUSDT,0.448918,3,2,1,0.6667,2051.11,683.7,4785.96,5406.15,-8141.0,0.4338,0.1419,-0.0104,1.2519,45.3,0.21,-0.0093,0.0148,2,1,0,0,0,0,0
AEVOUSDT-COMPUSDT,0.448254,3,2,1,0.6667,2288.58,762.86,5120.48,7607.4,-10439.3,0.4352,0.1007,-0.0105,1.2192,29.3,0.23,-0.0131,0.0149,2,1,0,0,0,0,0
SPELLUSDT-VANAUSDT,0.448102,3,1,2,0.3333,8288.1,2762.7,-5889.49,21083.37,-6905.78,0.6758,0.6427,-0.0078,1.6477,33.3,0.83,-0.0157,0.0242,1,0,2,0,0,0,0
CGPTUSDT-SUPERUSDT,0.44786,3,2,1,0.6667,5934.46,1978.15,1362.17,16941.6,-12369.32,0.5136,0.1198,-0.0169,1.4798,24.0,0.59,-0.0155,0.0286,1,1,0,0,0,0,0
ONGUSDT-SUSHIUSDT,0.445861,3,2,1,0.6667,3147.12,1049.04,2193.19,7485.81,-6531.87,0.4971,0.1989,-0.0095,1.4818,68.0,0.31,-0.0109,0.0128,1,0,2,0,0,0,0
HIGHUSDT-TRBUSDT,0.445608,4,2,2,0.5,3842.24,960.56,1759.26,5645.72,-5322.01,0.5111,0.1911,-0.0118,1.5705,44.0,0.38,-0.0082,0.0149,2,1,1,0,0,0,0
GUSDT-SPELLUSDT,0.445413,4,2,2,0.5,4376.03,1094.01,3312.03,9653.27,-11901.3,0.5445,0.189,-0.018,1.3054,50.0,0.44,-0.0149,0.0223,2,0,2,0,0,0,0
ALGOUSDT-ONTUSDT,0.444985,4,3,1,0.75,3492.45,873.11,4240.1,7161.62,-12149.38,0.3963,0.1477,-0.0139,1.2875,65.0,0.35,-0.0121,0.0161,2,1,0,0,0,0,0
PNUTUSDT-TLMUSDT,0.444527,3,2,1,0.6667,4040.1,1346.7,7083.1,11949.49,-14992.49,0.4263,0.058,-0.0151,1.2695,18.7,0.4,-0.0202,0.0223,2,1,0,0,0,0,0
ACXUSDT-WUSDT,0.443609,3,1,2,0.3333,3317.98,1105.99,-1081.21,7374.44,-2975.24,0.6473,0.3396,-0.0082,1.818,52.0,0.33,-0.0067,0.0149,1,0,2,0,0,0,0
1000CHEEMSUSDT-CAKEUSDT,0.443273,3,1,2,0.3333,8593.04,2864.35,-1649.68,17434.19,-7191.46,0.6466,0.2634,-0.0187,1.9719,70.7,0.86,-0.021,0.0272,1,0,2,0,0,0,0
KAITOUSDT-LPTUSDT,0.442358,3,1,2,0.3333,3958.9,1319.63,-492.51,12056.07,-7604.66,0.6779,0.2152,-0.0102,1.4889,32.0,0.4,-0.0086,0.0184,1,0,2,0,0,0,0
CELRUSDT-VANAUSDT,0.441715,3,2,1,0.6667,2017.64,672.55,5192.63,6527.2,-9702.2,0.4168,0.167,-0.0099,1.208,41.3,0.2,-0.0105,0.0141,2,0,1,0,0,0,0
CETUSUSDT-WOOUSDT,0.44102,4,2,2,0.5,2048.78,512.2,1398.9,5368.28,-6117.29,0.5225,0.1293,-0.0073,1.2446,24.0,0.2,-0.009,0.0094,2,0,2,0,0,0,0
AGLDUSDT-USUALUSDT,0.44037,4,3,1,0.75,4183.64,1045.91,9563.94,12357.63,-27301.87,0.343,0.0955,-0.0269,1.1532,35.0,0.42,-0.0301,0.0277,3,1,0,0,0,0,0
KNCUSDT-MOVRUSDT,0.439416,4,2,2,0.5,2773.35,693.34,1552.95,7333.36,-7665.92,0.4413,0.3003,-0.0096,1.3329,60.0,0.28,-0.0139,0.0111,3,0,1,0,0,0,0
CGPTUSDT-FORMUSDT,0.438852,3,2,1,0.6667,5148.35,1716.12,2775.76,11048.63,-8676.04,0.4802,0.2257,-0.0191,1.5934,56.0,0.51,-0.0167,0.0261,1,0,2,0,0,0,0
CRVUSDT-ONEUSDT,0.437581,5,3,2,0.6,4148.63,829.73,1018.95,6490.39,-6765.5,0.5046,0.3168,-0.0142,1.4948,55.2,0.41,-0.013,0.0115,1,0,3,0,1,0,0
ANIMEUSDT-VTHOUSDT,0.436512,3,2,1,0.6667,6186.08,2062.03,4526.08,22016.95,-20356.95,0.408,0.1288,-0.0206,1.3039,50.7,0.62,-0.0249,0.0314,2,1,0,0,0,0,0
HIGHUSDT-NEOUSDT,0.436187,3,1,2,0.3333,3621.67,1207.22,-170.33,6904.55,-3112.56,0.6007,0.1413,-0.0094,2.1032,20.0,0.36,-0.0074,0.0156,1,0,2,0,0,0,0
CHRUSDT-VICUSDT,0.435825,9,5,4,0.5556,4375.28,486.14,1486.02,12400.64,-16926.19,0.4407,0.2501,-0.0256,1.1476,36.0,0.44,-0.0123,0.0163,4,1,4,0,0,0,0
CHRUSDT-PHBUSDT,0.435702,3,1,2,0.3333,2853.5,951.17,-1241.21,6161.59,-2066.88,0.6187,0.2202,-0.007,1.8626,69.3,0.29,-0.0068,0.0135,1,0,2,0,0,0,0
CELRUSDT-MOVEUSDT,0.43556,3,2,1,0.6667,3154.21,1051.4,4700.02,9125.41,-10671.22,0.4876,0.1254,-0.011,1.2956,25.3,0.32,-0.0116,0.018,1,0,1,0,0,0,0
ALICEUSDT-OPUSDT,0.435384,3,2,1,0.6667,3734.57,1244.86,4949.45,9057.68,-10272.56,0.4838,0.1032,-0.0133,1.3635,38.7,0.37,-0.014,0.0183,1,1,1,0,0,0,0
CKBUSDT-PEOPLEUSDT,0.435043,3,2,1,0.6667,2579.3,859.77,841.58,1933.21,-195.49,0.4127,0.107,-0.0066,14.1943,28.0,0.26,-0.0096,0.0083,0,0,3,0,0,0,0
ALTUSDT-FETUSDT,0.434259,3,2,1,0.6667,2651.43,883.81,670.11,5709.06,-3727.74,0.5339,0.1949,-0.007,1.7113,30.7,0.27,-0.0102,0.0103,0,0,3,0,0,0,0
HIVEUSDT-SYSUSDT,0.433589,3,2,1,0.6667,4355.41,1451.8,8794.48,9349.65,-13788.72,0.3888,0.1596,-0.0138,1.3159,73.3,0.44,-0.0233,0.0207,2,1,0,0,0,0,0
AVAXUSDT-INJUSDT,0.433531,4,2,2,0.5,2507.32,626.83,273.62,5949.63,-3989.55,0.4814,0.3212,-0.0049,1.4153,59.0,0.25,-0.0074,0.0084,2,0,2,0,0,0,0
ALTUSDT-HOTUSDT,0.432897,6,3,3,0.5,4456.3,742.72,2121.51,5673.16,-9655.49,0.4544,0.3198,-0.0156,1.3993,65.3,0.45,-0.014,0.0142,3,0,3,0,0,0,0
CGPTUSDT-ZENUSDT,0.431542,3,2,1,0.6667,4447.71,1482.57,4525.09,16136.39,-16213.77,0.393,0.0868,-0.0181,1.2743,34.7,0.44,-0.0201,0.0265,2,1,0,0,0,0,0
MTLUSDT-ONEUSDT,0.430524,4,2,2,0.5,3512.21,878.05,31.67,7293.66,-3844.79,0.4165,0.2164,-0.0209,1.4961,81.0,0.35,-0.0184,0.013,3,0,1,0,0,0,0
LSKUSDT-WIFUSDT,0.430147,3,2,1,0.6667,2603.42,867.81,5558.97,7298.36,-10253.92,0.4753,0.206,-0.0105,1.2539,32.0,0.26,-0.0147,0.0152,1,0,2,0,0,0,0
ALTUSDT-VANAUSDT,0.429949,3,1,2,0.3333,8093.89,2697.96,-1049.87,20848.81,-11705.06,0.6331,0.4721,-0.0134,1.6346,36.0,0.81,-0.0193,0.0251,1,1,1,0,0,0,0
IOSTUSDT-TLMUSDT,0.429528,3,2,1,0.6667,3515.09,1171.7,7053.1,10364.65,-13902.66,0.3831,0.0723,-0.0137,1.2528,28.0,0.35,-0.0198,0.0201,2,1,0,0,0,0,0
PENGUUSDT-SPELLUSDT,0.429038,5,3,2,0.6,3770.6,754.12,4021.95,8397.56,-12037.22,0.3979,0.1162,-0.0191,1.2317,40.0,0.38,-0.0188,0.014,3,1,1,0,0,0,0
RAREUSDT-STEEMUSDT,0.428868,4,2,2,0.5,4461.72,1115.43,-267.67,12766.39,-7769.31,0.493,0.1394,-0.0168,1.3321,27.0,0.45,-0.0137,0.0227,2,1,1,0,0,0,0
DOGEUSDT-LDOUSDT,0.427502,3,2,1,0.6667,1985.57,661.86,577.37,4242.35,-2834.16,0.4183,0.1789,-0.0056,1.7006,76.0,0.2,-0.005,0.0093,1,0,2,0,0,0,0
MEMEUSDT-ZKUSDT,0.426076,3,1,2,0.3333,5591.47,1863.82,-1531.63,10685.03,-3561.93,0.5802,0.2674,-0.015,2.0978,61.3,0.56,-0.0135,0.0188,1,0,2,0,0,0,0
SEIUSDT-WLDUSDT,0.425616,3,1,2,0.3333,2729.84,909.95,-920.77,4611.24,-960.63,0.5317,0.242,-0.0054,2.451,82.7,0.27,-0.0069,0.0117,1,0,2,0,0,0,0
ENJUSDT-IOTXUSDT,0.422646,5,3,2,0.6,4501.0,900.2,4878.83,8405.02,-11567.33,0.4977,0.187,-0.0241,1.2677,40.8,0.45,-0.0186,0.0149,1,1,2,0,1,0,0
CFXUSDT-TLMUSDT,0.422272,3,1,2,0.3333,3975.83,1325.28,-2140.56,8962.62,-2846.22,0.5911,0.3119,-0.0102,1.7973,108.0,0.4,-0.008,0.0217,1,0,2,0,0,0,0
YFIUSDT-ZILUSDT,0.422008,4,2,2,0.5,4434.01,1108.5,-811.8,10616.69,-4559.07,0.5065,0.2891,-0.0121,1.6646,64.0,0.44,-0.0159,0.0162,1,0,3,0,0,0,0
ACHUSDT-HIGHUSDT,0.422003,4,2,2,0.5,3461.75,865.44,1799.06,11786.73,-11923.11,0.4776,0.1584,-0.014,1.2456,32.0,0.35,-0.0137,0.0188,2,0,2,0,0,0,0
DOGSUSDT-PHBUSDT,0.421102,4,3,1,0.75,3503.59,875.9,7010.39,9336.57,-19853.76,0.3499,0.0742,-0.0218,1.1765,35.0,0.35,-0.0179,0.0205,2,1,1,0,0,0,0
KAVAUSDT-TLMUSDT,0.42051,4,2,2,0.5,5438.99,1359.75,1315.12,9336.21,-6527.47,0.5598,0.1309,-0.0126,1.8182,37.0,0.54,-0.0151,0.0125,0,0,4,0,0,0,0
DOGEUSDT-MTLUSDT,0.420048,3,2,1,0.6667,2544.89,848.3,4450.99,7097.4,-9003.5,0.3527,0.1046,-0.0134,1.2827,69.3,0.25,-0.0149,0.0142,2,1,0,0,0,0,0
DYMUSDT-KNCUSDT,0.418457,3,2,1,0.6667,2101.99,700.66,311.75,7260.97,-5470.74,0.3347,0.1367,-0.0108,1.3842,58.7,0.21,-0.0179,0.011,2,0,1,0,0,0,0
ACXUSDT-FLUXUSDT,0.418152,3,1,2,0.3333,3540.13,1180.04,-1045.9,7076.67,-2490.64,0.5556,0.2198,-0.0071,2.001,41.3,0.35,-0.0077,0.0123,1,0,2,0,0,0,0
ENSUSDT-MTLUSDT,0.417997,3,2,1,0.6667,3825.36,1275.12,1064.87,6930.69,-4170.2,0.382,0.0941,-0.0137,1.9173,41.3,0.38,-0.0164,0.0193,1,0,2,0,0,0,0
ACEUSDT-PORTALUSDT,0.416405,3,2,1,0.6667,3752.37,1250.79,1433.6,7197.15,-4878.38,0.4812,0.1447,-0.0097,1.7692,41.3,0.38,-0.0072,0.015,0,0,3,0,0,0,0
ENJUSDT-JASMYUSDT,0.416245,3,2,1,0.6667,2428.15,809.38,6902.71,8139.08,-12613.64,0.3493,0.0947,-0.0126,1.1925,40.0,0.24,-0.0161,0.0175,2,1,0,0,0,0,0
IMXUSDT-UMAUSDT,0.415999,4,3,1,0.75,2407.12,601.78,809.85,4228.66,-3441.24,0.408,0.2175,-0.0075,1.6995,50.0,0.24,-0.0059,0.011,0,0,3,0,1,0,0
ALTUSDT-NKNUSDT,0.415713,4,2,2,0.5,2838.53,709.63,367.3,7605.41,-5501.47,0.448,0.2334,-0.0101,1.3099,57.0,0.28,-0.0079,0.0158,2,0,2,0,0,0,0
KAVAUSDT-QTUMUSDT,0.414769,4,1,3,0.25,5200.91,1300.23,-1155.36,11906.9,-4395.27,0.6165,0.1555,-0.011,1.7756,31.0,0.52,-0.0093,0.0133,1,0,3,0,0,0,0
MLNUSDT-RVNUSDT,0.414581,3,1,2,0.3333,2641.26,880.42,-1997.83,8266.71,-3627.62,0.5919,0.2422,-0.0043,1.4695,16.0,0.26,-0.0063,0.0117,1,0,2,0,0,0,0
ALTUSDT-BEAMXUSDT,0.41159,3,2,1,0.6667,2947.03,982.34,121.14,5478.81,-2652.92,0.4333,0.1903,-0.0086,2.1109,88.0,0.29,-0.0057,0.014,0,0,3,0,0,0,0
FILUSDT-MASKUSDT,0.411206,4,2,2,0.5,2015.12,503.78,-488.14,7483.12,-4491.71,0.497,0.1624,-0.0065,1.3563,31.0,0.2,-0.0061,0.0081,1,0,3,0,0,0,0
HIGHUSDT-STRKUSDT,0.410969,3,1,2,0.3333,5234.97,1744.99,-1594.94,14154.31,-7324.39,0.5867,0.1434,-0.0157,1.5869,26.7,0.52,-0.0157,0.0226,1,0,2,0,0,0,0
CVCUSDT-RPLUSDT,0.410048,3,2,1,0.6667,3257.47,1085.82,4341.11,14821.58,-15905.22,0.3389,0.1476,-0.0186,1.2048,92.0,0.33,-0.0174,0.0336,2,1,0,0,0,0,0
TLMUSDT-UMAUSDT,0.406979,5,3,2,0.6,8093.13,1618.63,11224.27,27346.28,-36143.38,0.3652,0.0914,-0.0361,1.169,28.0,0.81,-0.0331,0.0382,3,2,0,0,0,0,0
CKBUSDT-JUPUSDT,0.405985,3,1,2,0.3333,2405.38,801.79,-1531.87,6941.82,-3004.57,0.5661,0.1266,-0.0074,1.5302,28.0,0.24,-0.0103,0.0081,1,0,2,0,0,0,0
CKBUSDT-KSMUSDT,0.405121,4,2,2,0.5,2467.63,616.91,-75.8,4771.68,-2152.46,0.4456,0.1958,-0.005,1.6902,46.0,0.25,-0.0083,0.0072,1,0,3,0,0,0,0
AEVOUSDT-NFPUSDT,0.403807,4,2,2,0.5,4529.64,1132.41,1379.06,16534.55,-14763.04,0.435,0.2364,-0.0204,1.2438,50.0,0.45,-0.0167,0.0219,2,0,2,0,0,0,0
SUSDT-TSTUSDT,0.403257,7,6,1,0.8571,2493.47,356.21,5447.16,9657.97,-33017.82,0.1662,0.0671,-0.0489,1.0755,64.0,0.25,-0.0219,0.0242,5,1,0,0,0,0,0
GALAUSDT-POLUSDT,0.402044,3,2,1,0.6667,1544.56,514.85,4764.1,4999.31,-8218.85,0.3061,0.0979,-0.0105,1.1879,46.7,0.15,-0.0089,0.0146,2,0,1,0,0,0,0
SUSDT-UMAUSDT,0.40155,3,1,2,0.3333,3756.14,1252.05,-1251.88,8188.99,-3180.96,0.5225,0.2098,-0.0069,1.8473,29.3,0.38,-0.0076,0.0176,1,0,2,0,0,0,0
MANAUSDT-SUSDT,0.401533,4,2,2,0.5,1599.11,399.78,239.27,5883.37,-4762.8,0.4163,0.1491,-0.0093,1.205,26.0,0.16,-0.0067,0.0095,2,0,2,0,0,0,0
ANKRUSDT-JASMYUSDT,0.401219,4,2,2,0.5,2499.96,624.99,2549.33,6324.62,-8923.31,0.4106,0.1601,-0.0103,1.2708,38.0,0.25,-0.0082,0.0128,2,1,1,0,0,0,0
TRUMPUSDT-VELODROMEUSDT,0.399531,4,2,2,0.5,3440.57,860.14,-825.7,12394.91,-7302.95,0.408,0.2248,-0.0119,1.2705,23.0,0.34,-0.0145,0.0159,2,1,1,0,0,0,0
ETCUSDT-SEIUSDT,0.39924,5,2,3,0.4,2427.1,485.42,-1293.37,7824.13,-4717.21,0.4731,0.273,-0.0116,1.2359,43.2,0.24,-0.0092,0.0097,2,0,3,0,0,0,0
LTCUSDT-SPELLUSDT,0.396083,4,2,2,0.5,2656.44,664.11,2097.72,8495.09,-10034.09,0.407,0.1077,-0.0137,1.2057,34.0,0.27,-0.011,0.0143,2,1,1,0,0,0,0
ETCUSDT-USTCUSDT,0.392212,4,2,2,0.5,3124.05,781.01,47.82,6828.42,-3800.0,0.3655,0.1695,-0.0161,1.5617,66.0,0.31,-0.0105,0.016,2,0,2,0,0,0,0
INJUSDT-PEOPLEUSDT,0.39199,3,2,1,0.6667,1025.09,341.7,3389.85,4694.25,-7059.02,0.278,0.0726,-0.0081,1.1452,30.7,0.1,-0.0096,0.0112,2,1,0,0,0,0,0
HIVEUSDT-MOVRUSDT,0.391635,3,2,1,0.6667,2216.05,738.68,6626.98,9763.78,-14174.72,0.2895,0.0543,-0.0175,1.1563,22.7,0.22,-0.0155,0.0235,2,0,1,0,0,0,0
IDUSDT-VELODROMEUSDT,0.391579,5,3,2,0.6,2191.14,438.23,4609.8,7477.28,-9303.0,0.2874,0.1296,-0.01,1.1325,52.8,0.22,-0.0156,0.0145,3,0,2,0,0,0,0
ARKUSDT-SLPUSDT,0.388656,3,1,2,0.3333,3139.25,1046.42,-857.29,7962.0,-3965.46,0.505,0.2423,-0.0073,1.6509,70.7,0.31,-0.0083,0.017,1,0,2,0,0,0,0
GMTUSDT-SHELLUSDT,0.388375,3,2,1,0.6667,3446.11,1148.7,11772.62,18085.1,-26411.6,0.2985,0.0726,-0.0286,1.1305,41.3,0.34,-0.0295,0.0377,2,0,1,0,0,0,0
ALGOUSDT-ONEUSDT,0.38745,3,2,1,0.6667,1688.57,562.86,4077.57,4634.38,-7023.39,0.2598,0.1391,-0.0108,1.2404,80.0,0.17,-0.0097,0.0131,2,1,0,0,0,0,0
CKBUSDT-PYTHUSDT,0.387078,4,2,2,0.5,3171.12,792.78,2137.77,10194.74,-11299.17,0.3847,0.1417,-0.0209,1.2777,72.0,0.32,-0.0142,0.02,2,0,2,0,0,0,0
STEEMUSDT-TURBOUSDT,0.386364,3,1,2,0.3333,18486.66,6162.22,-4549.96,57206.26,-34169.64,0.5583,0.1667,-0.0377,1.4774,29.3,1.85,-0.0459,0.0705,1,1,1,0,0,0,0
HIGHUSDT-VETUSDT,0.385298,3,2,1,0.6667,2957.19,985.73,3343.98,5693.65,-6080.44,0.2455,0.0939,-0.0214,1.4863,101.3,0.3,-0.025,0.0202,2,0,1,0,0,0,0
BANANAUSDT-SCRUSDT,0.384637,3,2,1,0.6667,3632.43,1210.81,3631.01,10095.65,-10094.24,0.4332,0.1453,-0.0124,1.3599,42.7,0.36,-0.0191,0.0205,0,0,2,0,1,0,0
ATOMUSDT-CHRUSDT,0.38438,3,2,1,0.6667,1738.8,579.6,441.92,6451.04,-5154.16,0.3341,0.0712,-0.0087,1.3374,25.3,0.17,-0.0055,0.0125,1,0,2,0,0,0,0
HIVEUSDT-UMAUSDT,0.383677,4,3,1,0.75,1425.37,356.34,4732.58,6998.26,-15038.04,0.1746,0.0441,-0.0184,1.0948,42.0,0.14,-0.0161,0.0177,3,1,0,0,0,0,0
AUCTIONUSDT-COWUSDT,0.383514,3,1,2,0.3333,3682.27,1227.42,-1753.74,9260.84,-3824.82,0.4924,0.1463,-0.0095,1.6601,41.3,0.37,-0.0078,0.0178,1,0,2,0,0,0,0
1MBABYDOGEUSDT-NEARUSDT,0.382543,3,2,1,0.6667,1261.78,420.59,1771.01,5196.06,-5705.29,0.2454,0.1062,-0.0092,1.2212,82.7,0.13,-0.0108,0.0126,2,0,1,0,0,0,0
SYSUSDT-YFIUSDT,0.382131,3,1,2,0.3333,2572.59,857.53,-1771.91,8302.13,-3957.63,0.509,0.146,-0.0097,1.449,25.3,0.26,-0.0096,0.0117,1,0,2,0,0,0,0
CETUSUSDT-INJUSDT,0.381293,3,2,1,0.6667,1059.81,353.27,3439.18,4039.75,-6419.11,0.2436,0.0691,-0.0067,1.1651,52.0,0.11,-0.0097,0.0092,2,1,0,0,0,0,0
ETCUSDT-SPELLUSDT,0.38076,3,2,1,0.6667,1837.02,612.34,5709.11,10804.74,-14676.83,0.2571,0.0671,-0.0146,1.1252,38.7,0.18,-0.0161,0.0191,2,1,0,0,0,0,0
RPLUSDT-STORJUSDT,0.38064,4,3,1,0.75,2156.8,539.2,888.62,6862.19,-6482.62,0.2807,0.1355,-0.0147,1.3327,62.0,0.22,-0.0085,0.0147,1,0,3,0,0,0,0
AUCTIONUSDT-COSUSDT,0.379987,3,1,2,0.3333,5216.39,1738.8,-5137.06,16120.38,-5766.93,0.5103,0.2095,-0.0169,1.4784,26.7,0.52,-0.0182,0.0271,1,0,2,0,0,0,0
ALTUSDT-HBARUSDT,0.379091,4,3,1,0.75,2241.61,560.4,4619.1,6373.37,-13369.96,0.2251,0.1192,-0.0178,1.1677,58.0,0.22,-0.017,0.023,2,1,1,0,0,0,0
JOEUSDT-TLMUSDT,0.376701,4,2,2,0.5,3461.23,865.31,2289.94,10373.17,-11491.83,0.3587,0.1397,-0.0198,1.2227,71.0,0.35,-0.0135,0.0238,2,1,1,0,0,0,0
ARPAUSDT-RAREUSDT,0.375842,3,2,1,0.6667,1863.17,621.06,4769.74,4920.2,-7826.78,0.3244,0.0631,-0.0123,1.2381,34.7,0.19,-0.0084,0.0173,1,1,1,0,0,0,0
HFTUSDT-IMXUSDT,0.373923,4,2,2,0.5,2731.39,682.85,2645.69,6142.36,-8702.35,0.334,0.1251,-0.0123,1.2863,48.0,0.27,-0.0123,0.0108,2,0,2,0,0,0,0
FILUSDT-ONEUSDT,0.373276,3,2,1,0.6667,1114.9,371.63,2748.5,5135.62,-6769.23,0.2237,0.0902,-0.0088,1.1647,45.3,0.11,-0.0115,0.0112,2,0,1,0,0,0,0
CFXUSDT-UMAUSDT,0.373146,5,3,2,0.6,1358.96,271.79,2835.01,8921.02,-9142.36,0.2383,0.118,-0.0094,1.086,40.0,0.14,-0.0121,0.0136,3,1,1,0,0,0,0
NEOUSDT-RENDERUSDT,0.372764,3,2,1,0.6667,1439.05,479.68,4325.49,5301.37,-8187.8,0.2226,0.0662,-0.0098,1.1758,52.0,0.14,-0.0137,0.0136,2,1,0,0,0,0,0
ANKRUSDT-ENAUSDT,0.371961,3,1,2,0.3333,2729.28,909.76,-2340.0,11105.3,-6036.01,0.4948,0.2486,-0.0119,1.3258,60.0,0.27,-0.0129,0.0149,1,0,2,0,0,0,0
BNBUSDT-SUIUSDT,0.370412,3,2,1,0.6667,850.34,283.45,3932.82,4034.93,-7117.41,0.2177,0.0673,-0.0073,1.1195,33.3,0.09,-0.0126,0.0097,2,0,1,0,0,0,0
ACEUSDT-XLMUSDT,0.369673,3,1,2,0.3333,3173.03,1057.68,-3637.99,11694.32,-4883.3,0.4751,0.1311,-0.0058,1.3724,13.3,0.32,-0.0111,0.0146,1,0,2,0,0,0,0
COOKIEUSDT-GALAUSDT,0.368332,3,1,2,0.3333,2355.5,785.17,-1628.46,6244.46,-2260.51,0.4549,0.2422,-0.0099,1.6057,66.7,0.24,-0.0119,0.0135,1,0,2,0,0,0,0
PEOPLEUSDT-TLMUSDT,0.368249,3,2,1,0.6667,1677.16,559.05,5942.47,9016.03,-13281.33,0.2195,0.0381,-0.0133,1.1263,22.7,0.17,-0.016,0.0173,2,1,0,0,0,0,0
BLURUSDT-REDUSDT,0.366936,3,2,1,0.6667,1820.35,606.78,4561.11,6261.67,-9002.43,0.3024,0.1327,-0.0124,1.2022,68.0,0.18,-0.0143,0.0146,1,0,2,0,0,0,0
ARBUSDT-ZKUSDT,0.36659,3,2,1,0.6667,2205.27,735.09,2240.61,3880.19,-3915.53,0.2752,0.1618,-0.0181,1.5632,109.3,0.22,-0.0138,0.0191,1,0,2,0,0,0,0
IOSTUSDT-XLMUSDT,0.366454,5,3,2,0.6,2621.1,524.22,4485.0,12666.15,-18711.73,0.2409,0.0855,-0.0264,1.1114,44.0,0.26,-0.0172,0.0236,3,1,1,0,0,0,0
ONGUSDT-TLMUSDT,0.366121,3,2,1,0.6667,1595.28,531.76,5586.53,7724.91,-11716.16,0.2104,0.0366,-0.0119,1.1362,21.3,0.16,-0.0185,0.0159,2,1,0,0,0,0,0
POWRUSDT-TLMUSDT,0.365919,4,3,1,0.75,1572.99,393.25,2635.82,8818.84,-12517.48,0.184,0.0506,-0.0126,1.1257,36.0,0.16,-0.0135,0.0157,2,1,0,0,0,0,0
AIXBTUSDT-SUIUSDT,0.364203,3,2,1,0.6667,1564.2,521.4,5205.47,10368.75,-14010.02,0.2108,0.0633,-0.0144,1.1116,42.7,0.16,-0.019,0.0188,2,1,0,0,0,0,0
COTIUSDT-UMAUSDT,0.364155,4,2,2,0.5,1924.91,481.23,897.14,10392.69,-10262.06,0.3262,0.11,-0.0168,1.1421,32.0,0.19,-0.0132,0.0145,2,1,1,0,0,0,0
ARPAUSDT-PYTHUSDT,0.363728,3,2,1,0.6667,1325.58,441.86,3129.79,5661.02,-7465.23,0.1936,0.1278,-0.0077,1.1776,86.7,0.13,-0.0159,0.0106,2,0,1,0,0,0,0
RAREUSDT-THETAUSDT,0.363249,3,2,1,0.6667,2373.61,791.2,7060.35,13930.01,-18616.76,0.2124,0.0474,-0.0185,1.1275,41.3,0.24,-0.0222,0.0251,2,1,0,0,0,0,0
1000CATUSDT-CETUSUSDT,0.363213,5,2,3,0.4,2142.94,428.59,-200.16,7158.23,-6666.15,0.3662,0.2099,-0.0074,1.2137,56.8,0.21,-0.0095,0.0112,2,0,3,0,0,0,0
HIVEUSDT-TLMUSDT,0.362013,5,3,2,0.6,2932.22,586.44,172.61,11219.81,-9684.37,0.2678,0.0785,-0.0183,1.1754,36.0,0.29,-0.0141,0.0255,2,1,2,0,0,0,0
GMTUSDT-SYSUSDT,0.361585,3,1,2,0.3333,2794.94,931.65,-675.99,5625.77,-2154.84,0.4961,0.23,-0.011,1.9873,65.3,0.28,-0.0081,0.0124,0,0,3,0,0,0,0
PENGUUSDT-RUNEUSDT,0.360204,3,2,1,0.6667,881.18,293.73,4581.89,5630.34,-9331.06,0.194,0.0613,-0.0095,1.0944,66.7,0.09,-0.012,0.0122,2,1,0,0,0,0,0
KNCUSDT-LDOUSDT,0.358191,3,2,1,0.6667,1279.52,426.51,4206.22,8482.69,-11409.39,0.1917,0.0865,-0.0131,1.1121,45.3,0.13,-0.0183,0.0165,2,0,1,0,0,0,0
HOOKUSDT-NOTUSDT,0.357812,3,2,1,0.6667,1308.9,436.3,101.65,6915.33,-5708.07,0.2723,0.1007,-0.0114,1.2293,49.3,0.13,-0.0101,0.0115,1,0,1,0,1,0,0
CVCUSDT-LRCUSDT,0.357561,3,1,2,0.3333,7054.14,2351.38,-7606.3,31897.2,-17236.75,0.4754,0.1602,-0.0244,1.2839,41.3,0.71,-0.0275,0.036,1,1,1,0,0,0,0
LAYERUSDT-NTRNUSDT,0.356344,3,2,1,0.6667,3060.96,1020.32,6540.16,11791.42,-15270.62,0.2847,0.1207,-0.0211,1.2004,30.7,0.31,-0.0231,0.0269,1,1,1,0,0,0,0
APEUSDT-LINKUSDT,0.356236,6,4,2,0.6667,794.48,132.41,2953.18,6038.56,-8446.76,0.1227,0.0831,-0.0133,1.0483,68.0,0.08,-0.0117,0.0127,4,0,2,0,0,0,0
ALTUSDT-PNUTUSDT,0.356111,4,2,2,0.5,3106.21,776.55,1376.81,6808.45,-6455.86,0.2807,0.1162,-0.0147,1.3474,77.0,0.31,-0.0131,0.0183,2,0,2,0,0,0,0
ARUSDT-XLMUSDT,0.355972,3,2,1,0.6667,947.28,315.76,4058.1,4272.77,-7383.58,0.1798,0.1205,-0.0102,1.1283,73.3,0.09,-0.0127,0.0135,2,0,1,0,0,0,0
ANKRUSDT-MBOXUSDT,0.354688,5,3,2,0.6,1189.8,237.96,1771.61,8712.74,-6827.09,0.1897,0.0791,-0.0125,1.0892,40.8,0.12,-0.0123,0.0105,3,1,1,0,0,0,0
ARKUSDT-LAYERUSDT,0.354568,3,2,1,0.6667,1735.38,578.46,7977.81,12477.57,-18720.0,0.1973,0.0597,-0.0229,1.0927,50.7,0.17,-0.0216,0.029,2,0,1,0,0,0,0
ALTUSDT-DOGEUSDT,0.353337,3,2,1,0.6667,1210.85,403.62,1154.03,12785.05,-12728.23,0.1804,0.0477,-0.0137,1.0951,48.0,0.12,-0.0194,0.0172,2,1,0,0,0,0,0
GALAUSDT-KAVAUSDT,0.352559,5,3,2,0.6,1266.02,253.2,3331.29,5429.37,-8146.13,0.1796,0.0453,-0.0105,1.1017,36.8,0.13,-0.0091,0.014,3,1,1,0,0,0,0
AEVOUSDT-MLNUSDT,0.352355,3,2,1,0.6667,1226.8,408.93,1348.01,5550.34,-5671.55,0.2549,0.1447,-0.0093,1.2163,66.7,0.12,-0.0067,0.0142,1,0,2,0,0,0,0
GALAUSDT-SANDUSDT,0.351753,3,2,1,0.6667,604.39,201.46,513.26,3138.39,-3047.26,0.2466,0.0975,-0.0035,1.1983,29.3,0.06,-0.0041,0.0059,1,0,2,0,0,0,0
ALTUSDT-PYTHUSDT,0.351027,3,2,1,0.6667,1506.62,502.21,2857.33,7615.51,-8966.22,0.1714,0.052,-0.0169,1.168,77.3,0.15,-0.0134,0.02,2,1,0,0,0,0,0
CELRUSDT-GALAUSDT,0.348872,3,2,1,0.6667,761.33,253.78,3655.64,5116.44,-8010.75,0.1606,0.0594,-0.0088,1.095,48.0,0.08,-0.01,0.0129,2,0,1,0,0,0,0
FIDAUSDT-INJUSDT,0.348501,3,1,2,0.3333,2270.85,756.95,-3501.95,11243.59,-5470.78,0.4339,0.2291,-0.0114,1.2531,29.3,0.23,-0.011,0.016,1,0,2,0,0,0,0
AEVOUSDT-MBOXUSDT,0.348378,3,2,1,0.6667,653.59,217.86,4336.75,6557.68,-10240.85,0.1647,0.0409,-0.0106,1.0638,26.7,0.07,-0.0127,0.0132,2,1,0,0,0,0,0
AGLDUSDT-GTCUSDT,0.347409,4,2,2,0.5,1610.76,402.69,-350.31,8629.84,-6318.47,0.2646,0.1368,-0.0102,1.1875,64.0,0.16,-0.0104,0.0105,2,0,2,0,0,0,0
ARPAUSDT-BOMEUSDT,0.346846,3,2,1,0.6667,2356.68,785.56,681.61,10249.49,-8574.42,0.2552,0.061,-0.0244,1.2749,26.7,0.24,-0.0262,0.0141,1,1,1,0,0,0,0
THETAUSDT-XTZUSDT,0.345969,3,2,1,0.6667,736.97,245.66,3471.7,5803.0,-8537.73,0.1564,0.0403,-0.0111,1.0863,30.7,0.07,-0.0126,0.0117,2,1,0,0,0,0,0
1000CATUSDT-BOMEUSDT,0.345759,3,2,1,0.6667,928.97,309.66,2700.99,7861.96,-9633.99,0.1539,0.0517,-0.0104,1.0964,41.3,0.09,-0.0104,0.0132,2,1,0,0,0,0,0
LUMIAUSDT-POWRUSDT,0.345379,3,2,1,0.6667,1827.03,609.01,1578.29,1711.34,-1462.61,0.2362,0.0408,-0.0123,2.2492,24.0,0.18,-0.0055,0.0173,0,0,2,0,1,0,0
DIAUSDT-SUPERUSDT,0.345005,3,2,1,0.6667,2075.54,691.85,3487.77,10410.57,-11822.8,0.2511,0.0853,-0.0185,1.1756,49.3,0.21,-0.0154,0.0259,1,0,1,0,0,0,0
ACXUSDT-KAVAUSDT,0.343814,6,5,1,0.8333,769.1,128.18,5303.48,10889.64,-31532.32,0.0755,0.0199,-0.0369,1.0244,45.3,0.08,-0.0225,0.0237,3,1,2,0,0,0,0
ANKRUSDT-ONTUSDT,0.343798,4,2,2,0.5,1748.82,437.21,543.02,6891.75,-6228.97,0.2492,0.1576,-0.0084,1.2149,61.0,0.17,-0.008,0.0125,2,0,1,0,0,0,0
QTUMUSDT-ZKUSDT,0.343156,3,2,1,0.6667,1862.72,620.91,11494.07,15159.95,-24791.3,0.1728,0.0468,-0.0274,1.0751,68.0,0.19,-0.03,0.0312,2,1,0,0,0,0,0
AVAXUSDT-DOGEUSDT,0.342913,4,3,1,0.75,683.26,170.81,801.3,5264.12,-6183.46,0.1834,0.0776,-0.0072,1.1105,37.0,0.07,-0.0059,0.0076,1,0,3,0,0,0,0
CKBUSDT-SLPUSDT,0.342512,3,1,2,0.3333,2290.61,763.54,-2820.33,8566.75,-3455.81,0.3994,0.1013,-0.0067,1.365,18.7,0.23,-0.0097,0.0127,1,0,2,0,0,0,0
1MBABYDOGEUSDT-SEIUSDT,0.341999,6,3,3,0.5,1205.71,200.95,45.02,5066.43,-4105.78,0.2079,0.1303,-0.0059,1.1152,30.0,0.12,-0.0099,0.0083,3,0,3,0,0,0,0
SKLUSDT-TRUMPUSDT,0.340475,3,2,1,0.6667,1807.22,602.41,1503.86,13114.87,-12811.51,0.2332,0.0439,-0.0128,1.1411,32.0,0.18,-0.0175,0.0179,1,1,0,0,1,0,0
AUCTIONUSDT-OGNUSDT,0.339915,3,1,2,0.3333,2875.02,958.34,-213.88,11439.7,-8350.79,0.4085,0.1198,-0.0163,1.3357,41.3,0.29,-0.0127,0.021,1,0,2,0,0,0,0
CGPTUSDT-COOKIEUSDT,0.339708,3,1,2,0.3333,2323.2,774.4,-311.47,7459.98,-4825.31,0.3844,0.1235,-0.0076,1.4523,30.7,0.23,-0.0123,0.012,1,0,2,0,0,0,0
CTSIUSDT-SAGAUSDT,0.338886,4,2,2,0.5,1653.99,413.5,2177.79,5593.85,-8295.44,0.2474,0.1014,-0.0143,1.1748,62.0,0.17,-0.0094,0.0226,2,0,2,0,0,0,0
PNUTUSDT-SKLUSDT,0.337646,3,1,2,0.3333,3250.93,1083.64,-2437.74,13299.25,-7610.58,0.3981,0.1497,-0.0128,1.3235,58.7,0.33,-0.016,0.019,1,0,2,0,0,0,0
LISTAUSDT-SUSHIUSDT,0.337258,3,1,2,0.3333,1823.23,607.74,-2133.43,7561.61,-3604.96,0.4855,0.1165,-0.0076,1.3177,21.3,0.18,-0.0098,0.0087,0,0,3,0,0,0,0
TSTUSDT-VICUSDT,0.337088,3,2,1,0.6667,1674.77,558.26,9230.69,17052.58,-24608.49,0.1521,0.0251,-0.0246,1.0681,21.3,0.17,-0.0286,0.0298,2,1,0,0,0,0,0
CELRUSDT-NOTUSDT,0.336382,3,2,1,0.6667,1389.03,463.01,2096.44,6852.37,-7559.78,0.2191,0.0661,-0.0139,1.1837,40.0,0.14,-0.0084,0.0203,1,0,2,0,0,0,0
LTCUSDT-PNUTUSDT,0.33517,3,2,1,0.6667,816.65,272.22,5390.8,5449.69,-10023.84,0.1295,0.0405,-0.0135,1.0815,76.0,0.08,-0.0123,0.0172,2,1,0,0,0,0,0
AUCTIONUSDT-YGGUSDT,0.334044,4,3,1,0.75,1127.78,281.94,3628.22,13720.6,-19849.27,0.1105,0.0543,-0.0203,1.0568,85.0,0.11,-0.0247,0.02,2,0,2,0,0,0,0
HFTUSDT-MAGICUSDT,0.332098,3,2,1,0.6667,856.65,285.55,4115.97,10815.21,-14074.52,0.1249,0.0566,-0.0151,1.0609,74.7,0.09,-0.0177,0.0198,2,0,1,0,0,0,0
1000CATUSDT-BMTUSDT,0.331426,3,1,2,0.3333,1209.27,403.09,-1461.18,5026.42,-2355.97,0.3709,0.1086,-0.0057,1.3168,36.0,0.12,-0.0037,0.0095,1,0,2,0,0,0,0
ARKUSDT-ETCUSDT,0.330379,3,1,2,0.3333,1640.9,546.97,-1644.35,6726.31,-3441.06,0.3697,0.1608,-0.0073,1.3227,37.3,0.16,-0.0071,0.0144,1,0,2,0,0,0,0
FLUXUSDT-ICPUSDT,0.33036,3,1,2,0.3333,1972.46,657.49,-476.89,9797.59,-7348.24,0.3767,0.0812,-0.0075,1.2521,22.7,0.2,-0.0082,0.0152,1,1,1,0,0,0,0
AIUSDT-HIVEUSDT,0.329224,3,1,2,0.3333,2263.11,754.37,-1126.05,7222.95,-3833.79,0.3604,0.1687,-0.012,1.4563,66.7,0.23,-0.0073,0.023,1,0,2,0,0,0,0
ENJUSDT-SYSUSDT,0.328541,3,2,1,0.6667,1385.12,461.71,460.68,4278.85,-3354.41,0.1784,0.1272,-0.0164,1.4129,89.3,0.14,-0.0182,0.0069,1,0,2,0,0,0,0
APTUSDT-ETHFIUSDT,0.32817,3,2,1,0.6667,559.7,186.57,2738.23,4523.59,-6702.12,0.1006,0.0488,-0.0074,1.0835,81.3,0.06,-0.0125,0.0089,2,0,1,0,0,0,0
APTUSDT-EIGENUSDT,0.327846,3,2,1,0.6667,526.75,175.58,4928.23,5924.46,-10325.94,0.1101,0.0419,-0.0126,1.051,41.3,0.05,-0.0125,0.0158,2,1,0,0,0,0,0
CETUSUSDT-TIAUSDT,0.327711,4,2,2,0.5,1485.1,371.27,1675.49,5763.63,-7629.52,0.2114,0.139,-0.01,1.1533,109.0,0.15,-0.0111,0.0135,2,0,2,0,0,0,0
NKNUSDT-OXTUSDT,0.327417,3,2,1,0.6667,934.34,311.45,784.92,6149.77,-6000.35,0.192,0.0783,-0.011,1.1557,37.3,0.09,-0.0077,0.0156,1,0,2,0,0,0,0
ARKUSDT-IMXUSDT,0.326756,3,2,1,0.6667,1310.15,436.72,102.41,7590.26,-6382.52,0.1938,0.0774,-0.017,1.2053,57.3,0.13,-0.0125,0.0216,1,0,2,0,0,0,0
POWRUSDT-WIFUSDT,0.32644,3,1,2,0.3333,2719.13,906.38,-1992.88,8752.39,-4040.38,0.3525,0.1668,-0.0117,1.4507,48.0,0.27,-0.0136,0.02,1,0,1,0,0,0,0
BELUSDT-BNTUSDT,0.326029,4,2,2,0.5,2152.53,538.13,-121.34,7605.61,-5210.4,0.261,0.1135,-0.0111,1.3472,34.0,0.22,-0.0162,0.0118,1,0,2,0,0,0,0
DEGOUSDT-VELODROMEUSDT,0.325637,3,2,1,0.6667,724.61,241.54,4885.65,4972.73,-9133.77,0.1,0.0364,-0.0118,1.0793,56.0,0.07,-0.0169,0.015,2,1,0,0,0,0,0
SEIUSDT-XLMUSDT,0.32559,4,2,2,0.5,1146.63,286.66,224.04,3914.95,-3216.41,0.1981,0.0861,-0.0076,1.193,32.0,0.11,-0.0098,0.007,2,0,2,0,0,0,0
EIGENUSDT-METISUSDT,0.324325,3,2,1,0.6667,711.7,237.23,6192.25,8303.48,-13784.03,0.1019,0.0172,-0.0139,1.0516,21.3,0.07,-0.0194,0.0171,2,1,0,0,0,0,0
AIUSDT-FORMUSDT,0.323863,4,2,2,0.5,4021.79,1005.45,-3820.5,32249.43,-20586.64,0.2292,0.1082,-0.0276,1.1145,44.0,0.4,-0.0305,0.0347,2,2,0,0,0,0,0
AIUSDT-BANDUSDT,0.323685,3,2,1,0.6667,426.52,142.17,3715.07,6213.75,-9502.3,0.0956,0.029,-0.0103,1.0449,40.0,0.04,-0.0117,0.0138,2,0,1,0,0,0,0
USTCUSDT-VTHOUSDT,0.322223,5,3,2,0.6,1888.07,377.61,827.61,11805.42,-20576.71,0.1701,0.0595,-0.0235,1.0858,41.6,0.19,-0.0174,0.0199,2,1,2,0,0,0,0
HFTUSDT-NEOUSDT,0.32035,3,2,1,0.6667,549.56,183.19,2266.3,7636.15,-9352.89,0.0848,0.0405,-0.0104,1.0588,61.3,0.05,-0.0202,0.0149,2,0,1,0,0,0,0
ALTUSDT-GALAUSDT,0.319551,3,1,2,0.3333,1809.06,603.02,-2574.77,10146.6,-5762.77,0.353,0.149,-0.0103,1.217,42.7,0.18,-0.0107,0.0143,1,0,2,0,0,0,0
CVCUSDT-OPUSDT,0.318283,3,1,2,0.3333,1737.67,579.22,-4932.27,14249.71,-7579.77,0.3602,0.1441,-0.0126,1.1389,22.7,0.17,-0.014,0.0163,1,0,2,0,0,0,0
MAVUSDT-ORCAUSDT,0.318126,3,1,2,0.3333,1208.87,402.96,-1467.7,5961.37,-3284.81,0.3366,0.1115,-0.0041,1.2544,32.0,0.12,-0.0068,0.0072,1,0,2,0,0,0,0
ALGOUSDT-GRTUSDT,0.317969,3,1,2,0.3333,1234.04,411.35,-1964.43,8504.52,-5306.05,0.3461,0.0995,-0.0054,1.1697,20.0,0.12,-0.008,0.0097,1,0,2,0,0,0,0
DYDXUSDT-MAVUSDT,0.317531,3,2,1,0.6667,477.03,159.01,4566.45,5061.5,-9150.92,0.0779,0.0348,-0.0107,1.0521,49.3,0.05,-0.0158,0.013,2,0,1,0,0,0,0
ILVUSDT-RENDERUSDT,0.317261,4,2,2,0.5,1292.44,323.11,2008.88,6861.73,-9587.04,0.1934,0.0463,-0.0157,1.1145,39.0,0.13,-0.0112,0.0165,2,1,1,0,0,0,0
DEGOUSDT-TSTUSDT,0.316679,4,2,2,0.5,1413.8,353.45,638.54,7009.22,-6872.51,0.1848,0.0742,-0.0119,1.1283,61.0,0.14,-0.0148,0.0115,2,0,2,0,0,0,0
ALTUSDT-MLNUSDT,0.315415,3,2,1,0.6667,1336.64,445.55,553.87,8564.12,-7781.35,0.254,0.0974,-0.0129,1.1718,57.3,0.13,-0.0089,0.0204,0,0,3,0,0,0,0
COTIUSDT-LISTAUSDT,0.314951,3,1,2,0.3333,1803.3,601.1,-1741.45,8394.68,-4849.92,0.3346,0.1298,-0.0103,1.2736,37.3,0.18,-0.0127,0.0128,1,0,2,0,0,0,0
TLMUSDT-TURBOUSDT,0.314863,3,2,1,0.6667,583.32,194.44,6167.0,8890.8,-14474.49,0.077,0.0118,-0.0146,1.0403,18.7,0.06,-0.0227,0.0179,2,1,0,0,0,0,0
CVCUSDT-SEIUSDT,0.313054,3,1,2,0.3333,2569.95,856.65,-2251.0,18628.67,-13807.71,0.3519,0.0915,-0.0187,1.16,40.0,0.26,-0.0201,0.0218,1,0,2,0,0,0,0
APEUSDT-COOKIEUSDT,0.312617,3,2,1,0.6667,519.41,173.14,5511.86,5519.32,-10511.78,0.0716,0.0356,-0.0159,1.0494,93.3,0.05,-0.0142,0.0197,2,0,1,0,0,0,0
ICXUSDT-LINKUSDT,0.311393,4,2,2,0.5,941.11,235.28,-127.04,6016.92,-4821.73,0.1679,0.1086,-0.0102,1.1231,68.0,0.09,-0.0093,0.015,2,0,2,0,0,0,0
KAVAUSDT-NMRUSDT,0.311133,3,2,1,0.6667,591.84,197.28,2903.53,6361.38,-8673.06,0.1507,0.0388,-0.0089,1.0682,18.7,0.06,-0.0132,0.0111,1,0,2,0,0,0,0
MEUSDT-RONINUSDT,0.310669,4,2,2,0.5,2401.97,600.49,653.62,5581.49,-4486.76,0.2913,0.142,-0.0145,1.3709,41.0,0.24,-0.0102,0.0169,0,0,4,0,0,0,0
BMTUSDT-XLMUSDT,0.309398,7,4,3,0.5714,403.68,57.67,3749.76,6505.17,-8419.84,0.0604,0.0366,-0.0159,1.0187,54.9,0.04,-0.0107,0.0147,4,2,1,0,0,0,0
STORJUSDT-VETUSDT,0.307243,7,4,3,0.5714,697.36,99.62,1836.49,9700.01,-12938.01,0.0899,0.0614,-0.0133,1.0326,61.7,0.07,-0.0127,0.0137,3,0,3,0,0,0,0
APEUSDT-ETCUSDT,0.307004,3,1,2,0.3333,632.01,210.67,-268.52,1362.82,-462.29,0.3389,0.1046,-0.002,1.8648,18.7,0.06,-0.0007,0.0045,0,0,3,0,0,0,0
BMTUSDT-ILVUSDT,0.306334,3,2,1,0.6667,875.76,291.92,772.13,1215.86,-1112.23,0.1633,0.075,-0.0086,1.7874,72.0,0.09,-0.0053,0.0132,0,0,3,0,0,0,0
UMAUSDT-WUSDT,0.303499,3,1,2,0.3333,1826.09,608.7,-685.23,6791.03,-4279.71,0.2912,0.0996,-0.0092,1.3678,49.3,0.18,-0.0134,0.01,1,0,2,0,0,0,0
DIAUSDT-MEMEUSDT,0.302988,3,2,1,0.6667,199.21,66.4,4661.68,9124.96,-13587.43,0.0443,0.0154,-0.0138,1.0147,46.7,0.02,-0.0148,0.0167,2,0,1,0,0,0,0
FIDAUSDT-TLMUSDT,0.302517,5,2,3,0.4,2823.27,564.65,-5114.19,19748.09,-11255.91,0.2915,0.1094,-0.0294,1.108,34.4,0.28,-0.017,0.024,1,2,2,0,0,0,0
1MBABYDOGEUSDT-KSMUSDT,0.301618,3,1,2,0.3333,1543.57,514.52,-1751.15,8258.35,-4963.64,0.3008,0.1377,-0.0104,1.2299,38.7,0.15,-0.0098,0.0124,1,0,2,0,0,0,0
DENTUSDT-DIAUSDT,0.300597,3,1,2,0.3333,1191.35,397.12,-1644.86,5555.89,-2719.68,0.2871,0.1515,-0.0058,1.273,32.0,0.12,-0.0055,0.013,1,0,2,0,0,0,0
BMTUSDT-MOVEUSDT,0.299961,4,2,2,0.5,2286.36,571.59,-3232.69,19585.36,-10833.62,0.2138,0.1197,-0.0154,1.1257,40.0,0.23,-0.0176,0.0214,1,0,3,0,0,0,0
TAOUSDT-WOOUSDT,0.298732,4,2,2,0.5,1169.27,292.32,158.03,13964.91,-13111.7,0.1527,0.0814,-0.0204,1.0565,40.0,0.12,-0.0168,0.0201,2,0,2,0,0,0,0
PEOPLEUSDT-SEIUSDT,0.298718,3,2,1,0.6667,89.72,29.91,3406.83,5324.18,-8641.29,0.0261,0.0091,-0.0093,1.0104,30.7,0.01,-0.0143,0.0113,2,1,0,0,0,0,0
BMTUSDT-CELRUSDT,0.297527,3,2,1,0.6667,890.16,296.72,147.38,8178.73,-7435.96,0.1067,0.0395,-0.0087,1.1197,29.3,0.09,-0.0205,0.012,1,0,2,0,0,0,0
AEVOUSDT-KSMUSDT,0.295416,3,2,1,0.6667,761.83,253.94,2906.96,3706.97,-5852.1,0.1911,0.0697,-0.0061,1.1302,25.3,0.08,-0.0074,0.01,0,0,3,0,0,0,0
ONEUSDT-TLMUSDT,0.295037,3,2,1,0.6667,128.39,42.8,6049.19,8529.13,-14449.93,0.0309,0.0081,-0.0199,1.0089,45.3,0.01,-0.0164,0.0242,2,1,0,0,0,0,0
MOVRUSDT-OXTUSDT,0.293801,4,3,1,0.75,-140.12,-35.03,2586.98,6299.74,-11613.83,-0.0068,-0.0031,-0.0141,0.9879,58.0,-0.01,-0.0108,0.0152,2,0,2,0,0,0,0
ALTUSDT-GRTUSDT,0.293158,3,2,1,0.6667,-16.46,-5.49,3056.95,6197.79,-9271.2,0.0139,0.0058,-0.0111,0.9982,81.3,-0.0,-0.021,0.0135,2,0,1,0,0,0,0
ENAUSDT-STRKUSDT,0.29203,3,2,1,0.6667,-22.76,-7.59,632.32,5733.38,-6388.46,0.0099,0.0045,-0.0104,0.9964,74.7,-0.0,-0.0152,0.0141,2,0,1,0,0,0,0
BMTUSDT-SUPERUSDT,0.291354,4,2,2,0.5,698.15,174.54,847.8,5949.71,-6947.16,0.1818,0.0592,-0.0073,1.0827,28.0,0.07,-0.0084,0.0082,1,0,3,0,0,0,0
COMPUSDT-IMXUSDT,0.290413,3,2,1,0.6667,554.29,184.76,467.57,7225.53,-7138.82,0.0937,0.0353,-0.011,1.0776,30.7,0.06,-0.011,0.0124,1,0,2,0,0,0,0
PEOPLEUSDT-STORJUSDT,0.290154,3,2,1,0.6667,800.63,266.88,406.96,7064.45,-6670.79,0.1779,0.0347,-0.0067,1.12,21.3,0.08,-0.0118,0.01,0,1,2,0,0,0,0
MBOXUSDT-PHAUSDT,0.289294,3,2,1,0.6667,-42.44,-14.15,5010.24,7618.73,-12671.41,0.0084,0.0016,-0.0148,0.9967,36.0,-0.0,-0.0153,0.0177,2,1,0,0,0,0,0
RENDERUSDT-UNIUSDT,0.289138,3,1,2,0.3333,1571.41,523.8,-1345.2,7208.19,-4291.58,0.2584,0.1176,-0.0089,1.2788,54.7,0.16,-0.0083,0.0138,1,0,2,0,0,0,0
DIAUSDT-RENDERUSDT,0.28868,4,2,2,0.5,779.18,194.79,-43.61,9967.62,-9101.22,0.1124,0.0683,-0.0116,1.0453,58.0,0.08,-0.0172,0.0184,2,0,2,0,0,0,0
MOVRUSDT-WAXPUSDT,0.286501,3,2,1,0.6667,487.05,162.35,1325.94,9009.9,-9848.79,0.0837,0.0235,-0.01,1.0495,32.0,0.05,-0.0161,0.0124,1,0,2,0,0,0,0
EGLDUSDT-VELODROMEUSDT,0.286433,3,1,2,0.3333,2595.76,865.25,-2319.31,7525.81,-2610.74,0.3271,0.1064,-0.0123,1.5265,42.7,0.26,-0.0159,0.0171,0,0,3,0,0,0,0
ALTUSDT-HOOKUSDT,0.285108,3,2,1,0.6667,281.35,93.78,1960.47,5312.22,-6991.34,0.0764,0.0199,-0.0071,1.0402,20.0,0.03,-0.0087,0.0087,1,0,2,0,0,0,0
BLURUSDT-BMTUSDT,0.283066,4,2,2,0.5,437.5,109.38,81.64,7629.68,-7355.46,0.0969,0.0445,-0.0115,1.0382,44.0,0.04,-0.0093,0.0112,2,0,2,0,0,0,0
HIVEUSDT-XLMUSDT,0.28264,3,2,1,0.6667,312.83,104.28,4284.12,5492.61,-9463.89,0.0737,0.0156,-0.0096,1.0331,28.0,0.03,-0.0102,0.0116,1,1,1,0,0,0,0
JOEUSDT-SUSDT,0.281142,3,1,2,0.3333,1307.47,435.82,-1473.04,6647.71,-3867.2,0.239,0.0867,-0.0091,1.2448,42.7,0.13,-0.0131,0.0143,1,0,2,0,0,0,0
HIGHUSDT-SKLUSDT,0.281102,7,4,3,0.5714,-368.06,-52.58,1153.46,9020.25,-15810.57,-0.0086,-0.0044,-0.0219,0.9844,46.3,-0.04,-0.0175,0.0174,4,1,2,0,0,0,0
GASUSDT-ONGUSDT,0.28061,5,3,2,0.6,-134.97,-26.99,3545.08,4790.23,-8784.67,-0.0132,-0.0055,-0.0121,0.9897,45.6,-0.01,-0.0115,0.0118,3,0,2,0,0,0,0
ANKRUSDT-NEOUSDT,0.276851,4,2,2,0.5,775.84,193.96,-958.08,6271.37,-3579.37,0.1362,0.0581,-0.0074,1.1282,69.0,0.08,-0.0074,0.0129,1,0,3,0,0,0,0
ADAUSDT-ORCAUSDT,0.275879,3,1,2,0.3333,844.22,281.41,-897.71,6196.53,-4454.6,0.2275,0.0935,-0.0058,1.1577,33.3,0.08,-0.0054,0.0116,1,0,2,0,0,0,0
ANKRUSDT-SPELLUSDT,0.272856,3,1,2,0.3333,1344.9,448.3,-1331.97,7138.7,-4461.83,0.2131,0.0512,-0.0067,1.2321,26.7,0.13,-0.012,0.0102,1,0,2,0,0,0,0
KAITOUSDT-VELODROMEUSDT,0.272524,3,2,1,0.6667,269.44,89.81,2222.88,7056.91,-9010.35,0.0491,0.0246,-0.0124,1.0299,64.0,0.03,-0.0132,0.0189,1,0,2,0,0,0,0
STEEMUSDT-USTCUSDT,0.268139,4,1,3,0.25,1469.55,367.39,-968.37,9770.15,-6363.87,0.2497,0.1246,-0.0076,1.177,41.0,0.15,-0.009,0.012,1,0,3,0,0,0,0
COOKIEUSDT-SUIUSDT,0.267112,3,1,2,0.3333,1548.43,516.14,-3298.88,8777.42,-3930.11,0.2017,0.0994,-0.009,1.2142,65.3,0.15,-0.0128,0.0187,1,0,2,0,0,0,0
AIUSDT-SUIUSDT,0.266016,3,2,1,0.6667,-411.13,-137.04,5532.24,5794.11,-11737.47,-0.0564,-0.0194,-0.014,0.965,50.7,-0.04,-0.0138,0.0163,2,1,0,0,0,0,0
DYDXUSDT-EIGENUSDT,0.26412,5,3,2,0.6,-88.8,-17.76,2453.96,6578.15,-7360.31,-0.0053,-0.003,-0.0108,0.9936,36.0,-0.01,-0.0103,0.0121,2,1,1,0,0,0,0
CETUSUSDT-KSMUSDT,0.263066,3,1,2,0.3333,1189.97,396.66,-4375.34,10120.15,-4554.85,0.2062,0.1184,-0.0149,1.1333,57.3,0.12,-0.0125,0.0201,1,0,2,0,0,0,0
ARKMUSDT-BROCCOLI714USDT,0.261768,3,2,1,0.6667,480.62,160.21,172.48,2569.15,-2261.01,0.0918,0.0296,-0.0093,1.2126,42.7,0.05,-0.0047,0.0134,0,0,3,0,0,0,0
HFTUSDT-VTHOUSDT,0.260947,5,3,2,0.6,-227.56,-45.51,689.88,5284.38,-6695.32,-0.012,-0.0066,-0.0115,0.9788,42.4,-0.02,-0.0142,0.0112,2,0,3,0,0,0,0
BICOUSDT-ENAUSDT,0.260945,4,2,2,0.5,164.34,41.08,1227.66,6311.12,-8602.1,0.0371,0.0155,-0.0124,1.0164,47.0,0.02,-0.0146,0.0122,2,1,1,0,0,0,0
GALAUSDT-WLDUSDT,0.260176,5,3,2,0.6,-372.03,-74.41,2659.29,3913.62,-7289.91,-0.0752,-0.0357,-0.0077,0.9626,46.4,-0.04,-0.008,0.0073,3,0,2,0,0,0,0
ATAUSDT-SPELLUSDT,0.259421,4,2,2,0.5,564.1,141.03,-996.36,8613.76,-6056.94,0.0987,0.0299,-0.0118,1.0645,32.0,0.06,-0.0138,0.0105,1,0,3,0,0,0,0
RPLUSDT-UMAUSDT,0.259341,4,2,2,0.5,169.38,42.34,911.52,6951.31,-8604.96,0.0372,0.0137,-0.0156,1.0146,45.0,0.02,-0.0125,0.0139,2,0,2,0,0,0,0
FLUXUSDT-PIXELUSDT,0.259093,3,1,2,0.3333,807.81,269.27,-616.09,2744.44,-1320.54,0.2478,0.086,-0.0042,1.4171,25.3,0.08,-0.0028,0.0079,0,0,3,0,0,0,0
CTKUSDT-TUSDT,0.258033,3,2,1,0.6667,-12.83,-4.28,366.09,8998.47,-9377.39,0.0066,0.0019,-0.0096,0.9986,48.0,-0.0,-0.0122,0.0112,1,1,1,0,0,0,0
AGLDUSDT-BMTUSDT,0.257703,5,4,1,0.8,-4334.59,-866.92,5016.31,9116.77,-28437.46,-0.21,-0.0473,-0.0306,0.8476,32.8,-0.43,-0.0217,0.0193,4,1,0,0,0,0,0
SPELLUSDT-WLDUSDT,0.257321,3,2,1,0.6667,-1056.84,-352.28,8125.55,10046.38,-19228.76,-0.0645,-0.012,-0.0243,0.945,34.7,-0.11,-0.0211,0.0275,2,1,0,0,0,0,0
KSMUSDT-VANAUSDT,0.256937,3,2,1,0.6667,-599.36,-199.79,3221.61,4798.99,-8619.96,-0.0839,-0.0261,-0.0106,0.9305,41.3,-0.06,-0.0188,0.012,2,0,1,0,0,0,0
METISUSDT-TUTUSDT,0.256632,4,2,2,0.5,84.69,21.17,453.51,10806.98,-11629.31,0.0265,0.0121,-0.0128,1.0045,30.0,0.01,-0.0184,0.0188,2,0,2,0,0,0,0
EGLDUSDT-IMXUSDT,0.256092,4,3,1,0.75,-1077.8,-269.45,3814.86,6246.5,-14954.01,-0.1063,-0.0189,-0.0159,0.9279,23.0,-0.11,-0.0136,0.0148,2,1,1,0,0,0,0
ARBUSDT-CELRUSDT,0.255564,3,2,1,0.6667,-458.04,-152.68,3818.62,4437.18,-8713.84,-0.0893,-0.0418,-0.0106,0.9474,42.7,-0.05,-0.011,0.0126,2,0,1,0,0,0,0
ARKUSDT-NEARUSDT,0.254552,4,2,2,0.5,699.45,174.86,390.52,15860.67,-15942.25,0.0999,0.0594,-0.0207,1.0388,32.0,0.07,-0.0146,0.0197,1,0,3,0,0,0,0
JASMYUSDT-SUSDT,0.254476,3,2,1,0.6667,-728.97,-242.99,3462.81,7623.29,-11815.07,-0.0895,-0.036,-0.0121,0.9383,68.0,-0.07,-0.0232,0.0144,2,0,1,0,0,0,0
ARBUSDT-VELODROMEUSDT,0.253435,3,2,1,0.6667,-861.49,-287.16,6034.01,6093.94,-12989.43,-0.0885,-0.0389,-0.0145,0.9337,82.7,-0.09,-0.0215,0.0165,2,1,0,0,0,0,0
CRVUSDT-PEOPLEUSDT,0.252572,3,1,2,0.3333,814.7,271.57,-670.22,6729.48,-5244.57,0.1654,0.0623,-0.0076,1.1377,49.3,0.08,-0.0102,0.0093,1,0,2,0,0,0,0
ARKUSDT-DYDXUSDT,0.251214,5,3,2,0.6,-806.0,-161.2,5919.79,9047.1,-17593.55,-0.0841,-0.0426,-0.0196,0.9653,39.2,-0.08,-0.0226,0.016,3,0,2,0,0,0,0
AVAXUSDT-CRVUSDT,0.250354,4,2,2,0.5,330.23,82.56,-695.61,5134.23,-3412.78,0.0664,0.0278,-0.0063,1.0493,38.0,0.03,-0.0068,0.0102,1,0,3,0,0,0,0
MEMEUSDT-RPLUSDT,0.249825,4,2,2,0.5,-29.72,-7.43,2762.67,8322.94,-13877.98,0.0143,0.0026,-0.0175,0.9981,20.0,-0.0,-0.0175,0.0141,2,1,1,0,0,0,0
JOEUSDT-SPELLUSDT,0.249443,3,2,1,0.6667,-200.25,-66.75,410.61,5999.69,-6610.55,-0.0105,-0.0044,-0.0128,0.9697,54.7,-0.02,-0.0155,0.0184,1,0,1,0,1,0,0
LPTUSDT-VETUSDT,0.248168,3,1,2,0.3333,819.71,273.24,-1870.12,7649.55,-4959.72,0.1553,0.0502,-0.0081,1.12,28.0,0.08,-0.0114,0.0096,1,0,1,0,0,0,0
BROCCOLI714USDT-CETUSUSDT,0.248016,4,2,2,0.5,-128.67,-32.17,-741.45,9255.74,-7901.5,0.0092,0.0047,-0.0171,0.9913,76.0,-0.01,-0.0206,0.0195,2,0,2,0,0,0,0
HIVEUSDT-KAVAUSDT,0.247223,4,3,1,0.75,-3624.06,-906.02,5831.26,13034.98,-28321.56,-0.1775,-0.0374,-0.03,0.872,44.0,-0.36,-0.0251,0.024,3,1,0,0,0,0,0
BMTUSDT-ICXUSDT,0.245445,4,2,2,0.5,-181.69,-45.42,-299.56,3703.12,-3285.69,-0.0051,-0.0033,-0.0108,0.9701,128.0,-0.02,-0.0105,0.0104,2,0,2,0,0,0,0
CRVUSDT-PHBUSDT,0.243716,4,3,1,0.75,-1215.8,-303.95,1841.81,5520.86,-10420.28,-0.1448,-0.0533,-0.0107,0.8833,48.0,-0.12,-0.0167,0.0087,2,0,2,0,0,0,0
AUCTIONUSDT-SPELLUSDT,0.24059,4,2,2,0.5,-217.45,-54.36,2313.05,10672.94,-15516.48,-0.0035,-0.001,-0.0229,0.989,39.0,-0.02,-0.0198,0.0201,2,1,1,0,0,0,0
STORJUSDT-TRUUSDT,0.238083,3,1,2,0.3333,809.95,269.98,-64.07,8782.2,-7908.17,0.1334,0.0389,-0.0118,1.1016,42.7,0.08,-0.0152,0.0146,1,0,2,0,0,0,0
AVAXUSDT-NEARUSDT,0.238047,3,2,1,0.6667,-231.45,-77.15,711.98,5834.05,-6777.49,-0.0487,-0.0193,-0.0086,0.9659,60.0,-0.02,-0.0092,0.0091,1,0,2,0,0,0,0
AVAXUSDT-RPLUSDT,0.235226,3,1,2,0.3333,787.2,262.4,-4174.56,9651.12,-4689.35,0.1243,0.0512,-0.0102,1.0888,52.0,0.08,-0.0112,0.0116,1,0,2,0,0,0,0
AEVOUSDT-VICUSDT,0.235063,4,2,2,0.5,-1367.89,-341.97,3180.58,9753.67,-17482.72,-0.0927,-0.0399,-0.0178,0.9323,61.0,-0.14,-0.0268,0.0187,3,1,0,0,0,0,0
ICXUSDT-REDUSDT,0.233653,5,3,2,0.6,-2370.44,-474.09,4499.86,19380.24,-24695.29,-0.1114,-0.0311,-0.033,0.9259,37.6,-0.24,-0.0226,0.0217,3,1,1,0,0,0,0
CVCUSDT-KSMUSDT,0.233505,4,1,3,0.25,1256.35,314.09,-3810.75,13436.35,-4558.51,0.1644,0.0503,-0.0122,1.1031,31.0,0.13,-0.0182,0.0135,1,0,3,0,0,0,0
ENSUSDT-USTCUSDT,0.231647,3,1,2,0.3333,666.88,222.29,-2364.34,10649.27,-7618.05,0.1162,0.0423,-0.0103,1.0668,36.0,0.07,-0.0137,0.0129,1,0,2,0,0,0,0
BLURUSDT-DUSDT,0.230598,3,2,1,0.6667,-945.52,-315.17,2898.91,7000.5,-10844.92,-0.1558,-0.0831,-0.0117,0.9128,122.7,-0.09,-0.0148,0.0123,2,0,1,0,0,0,0
API3USDT-MEMEUSDT,0.229799,3,2,1,0.6667,-500.59,-166.86,1954.98,7148.41,-9603.99,-0.0592,-0.0249,-0.0166,0.9479,52.0,-0.05,-0.0166,0.0212,1,0,2,0,0,0,0
ETCUSDT-XRPUSDT,0.229103,4,3,1,0.75,-1141.32,-285.33,1988.91,5000.99,-10120.13,-0.1855,-0.067,-0.0117,0.8872,53.0,-0.11,-0.0121,0.0106,2,0,2,0,0,0,0
COMPUSDT-SNXUSDT,0.227649,4,2,2,0.5,-415.5,-103.88,404.9,7961.47,-9186.78,-0.0532,-0.0276,-0.0125,0.9667,29.0,-0.04,-0.0159,0.0105,2,0,2,0,0,0,0
DOTUSDT-WOOUSDT,0.225097,3,2,1,0.6667,-1103.65,-367.88,5538.27,7909.36,-14551.28,-0.1686,-0.032,-0.0145,0.9242,21.3,-0.11,-0.0167,0.0158,2,0,1,0,0,0,0
TIAUSDT-UMAUSDT,0.224321,3,2,1,0.6667,-872.78,-290.93,427.96,7557.94,-8858.68,-0.0789,-0.0453,-0.0107,0.9015,90.7,-0.09,-0.0219,0.0139,1,0,1,0,1,0,0
ARUSDT-RVNUSDT,0.222755,4,2,2,0.5,-559.32,-139.83,-144.23,6891.38,-7162.24,-0.0657,-0.0306,-0.0124,0.949,42.0,-0.06,-0.0131,0.012,2,0,2,0,0,0,0
BMTUSDT-PYTHUSDT,0.222095,5,3,2,0.6,-2256.6,-451.32,4537.87,8385.57,-11179.16,-0.1575,-0.0753,-0.0212,0.8876,52.8,-0.23,-0.0187,0.0161,3,2,0,0,0,0,0
CKBUSDT-USTCUSDT,0.221657,5,3,2,0.6,-2213.17,-442.63,2824.11,10886.07,-12464.86,-0.1638,-0.0697,-0.0182,0.8948,48.0,-0.22,-0.0224,0.0174,3,1,1,0,0,0,0
SUSDT-WUSDT,0.221134,3,1,2,0.3333,258.74,86.25,-2264.01,5215.35,-2692.6,0.0816,0.0296,-0.0061,1.0522,24.0,0.03,-0.0078,0.0078,1,0,2,0,0,0,0
BMTUSDT-CTSIUSDT,0.220964,3,1,2,0.3333,596.73,198.91,-1557.71,11787.61,-9633.17,0.0883,0.0318,-0.0112,1.0533,54.7,0.06,-0.012,0.021,1,1,1,0,0,0,0
AEVOUSDT-PHAUSDT,0.220898,3,2,1,0.6667,-881.08,-293.69,3996.45,9243.26,-14120.79,-0.0817,-0.0174,-0.018,0.9376,38.7,-0.09,-0.0154,0.0222,1,1,1,0,0,0,0
AVAXUSDT-IDUSDT,0.220455,3,1,2,0.3333,864.9,288.3,-885.45,8353.35,-6603.0,0.1712,0.0464,-0.0077,1.1155,30.7,0.09,-0.0113,0.0097,0,0,3,0,0,0,0
1000CATUSDT-MOVEUSDT,0.220394,3,1,2,0.3333,435.77,145.26,-3771.84,11276.61,-7069.0,0.0861,0.0296,-0.0099,1.0402,30.7,0.04,-0.0151,0.0163,1,0,2,0,0,0,0
1000SATSUSDT-REDUSDT,0.219635,4,2,2,0.5,-1414.64,-353.66,5328.09,16312.82,-28383.63,-0.045,-0.0099,-0.0334,0.9544,36.0,-0.14,-0.0288,0.0294,2,1,1,0,0,0,0
BLURUSDT-DIAUSDT,0.218537,4,2,2,0.5,-442.86,-110.72,-885.21,6986.35,-5658.78,-0.0865,-0.0329,-0.0068,0.9573,29.0,-0.04,-0.0084,0.0101,2,0,2,0,0,0,0
ASTRUSDT-IMXUSDT,0.218203,4,2,2,0.5,-758.54,-189.63,876.85,8194.15,-10706.4,-0.0738,-0.0226,-0.0161,0.9528,39.0,-0.08,-0.0155,0.0134,2,1,1,0,0,0,0
MTLUSDT-NOTUSDT,0.218117,4,2,2,0.5,-216.07,-54.02,-942.06,7782.29,-6114.25,-0.0146,-0.0072,-0.0091,0.9739,41.0,-0.02,-0.011,0.0103,1,0,3,0,0,0,0
APEUSDT-ARBUSDT,0.217948,3,2,1,0.6667,-1067.92,-355.97,3555.67,6984.53,-11608.12,-0.1891,-0.0689,-0.0134,0.908,52.0,-0.11,-0.0126,0.0147,2,0,1,0,0,0,0
ENJUSDT-PHAUSDT,0.217163,6,4,2,0.6667,-4822.36,-803.73,5344.92,17069.56,-23849.73,-0.23,-0.0704,-0.0336,0.8848,32.7,-0.48,-0.023,0.0226,4,2,0,0,0,0,0
SKLUSDT-TUTUSDT,0.216006,4,1,3,0.25,1063.03,265.76,-1204.11,13836.48,-10365.23,0.125,0.0779,-0.0183,1.0832,86.0,0.11,-0.0136,0.0211,1,0,3,0,0,0,0
AUCTIONUSDT-SUSDT,0.215415,4,3,1,0.75,-3695.08,-923.77,7066.9,11928.79,-29757.67,-0.1983,-0.0417,-0.0294,0.8758,43.0,-0.37,-0.027,0.0233,2,1,1,0,0,0,0
FORMUSDT-MEMEUSDT,0.215152,4,3,1,0.75,-1566.05,-391.51,3696.3,7490.97,-16449.61,-0.1404,-0.0232,-0.0223,0.9048,21.0,-0.16,-0.0136,0.0186,1,1,2,0,0,0,0
ARUSDT-PHAUSDT,0.214042,3,2,1,0.6667,-1497.87,-499.29,4323.47,5555.06,-11376.39,-0.1992,-0.0448,-0.0115,0.8683,52.0,-0.15,-0.0174,0.0117,2,1,0,0,0,0,0
HBARUSDT-VETUSDT,0.214,5,3,2,0.6,-902.61,-180.52,1518.44,4053.15,-5374.32,-0.1457,-0.0454,-0.0072,0.9108,24.0,-0.09,-0.0089,0.0076,2,1,2,0,0,0,0
IDUSDT-IMXUSDT,0.213972,3,1,2,0.3333,236.2,78.73,-3477.24,7392.31,-3678.87,0.0662,0.0172,-0.0083,1.033,25.3,0.02,-0.009,0.0089,1,0,2,0,0,0,0
SUSDT-WIFUSDT,0.212424,3,2,1,0.6667,-342.98,-114.33,1484.45,4542.39,-6369.82,-0.0197,-0.0055,-0.0122,0.9462,50.7,-0.03,-0.0132,0.0134,0,0,3,0,0,0,0
ONEUSDT-SEIUSDT,0.211563,3,2,1,0.6667,-625.11,-208.37,36.51,839.76,-1501.38,-0.0865,-0.0443,-0.0097,0.5836,90.7,-0.06,-0.0076,0.0105,1,0,2,0,0,0,0
CETUSUSDT-NEARUSDT,0.211471,3,1,2,0.3333,237.49,79.16,-1689.34,6572.23,-4645.4,0.0571,0.018,-0.0073,1.0375,40.0,0.02,-0.0077,0.0112,1,0,2,0,0,0,0
ICXUSDT-NEOUSDT,0.207953,3,2,1,0.6667,-170.32,-56.77,1682.93,4318.27,-6171.52,-0.0401,-0.0131,-0.0086,0.9724,38.7,-0.02,-0.0066,0.0108,0,0,3,0,0,0,0
LINKUSDT-STEEMUSDT,0.207083,3,2,1,0.6667,-912.86,-304.29,772.12,4338.46,-6023.44,-0.1232,-0.0569,-0.0106,0.8484,68.0,-0.09,-0.0095,0.0149,1,0,2,0,0,0,0
INJUSDT-WIFUSDT,0.206582,3,2,1,0.6667,-735.57,-245.19,1259.15,5656.81,-7651.53,-0.1338,-0.0299,-0.0079,0.9039,22.7,-0.07,-0.0126,0.0108,1,1,1,0,0,0,0
COTIUSDT-TUTUSDT,0.206356,3,1,2,0.3333,275.55,91.85,-1064.09,9906.8,-8567.15,0.0503,0.0186,-0.0122,1.0286,38.7,0.03,-0.0144,0.0151,1,0,2,0,0,0,0
CTKUSDT-DOGEUSDT,0.205444,3,2,1,0.6667,-1661.61,-553.87,3545.53,5431.94,-10639.08,-0.2223,-0.0887,-0.0108,0.8438,60.0,-0.17,-0.0143,0.0107,2,0,1,0,0,0,0
AIXBTUSDT-KAITOUSDT,0.205383,4,3,1,0.75,-1426.14,-356.54,1156.47,3982.24,-7721.32,-0.1749,-0.0576,-0.0118,0.8153,34.0,-0.14,-0.0108,0.012,1,0,2,0,0,0,0
GMTUSDT-WAXPUSDT,0.204967,3,2,1,0.6667,-298.62,-99.54,577.18,2695.26,-3571.07,-0.0453,-0.0142,-0.0072,0.9164,38.7,-0.03,-0.0054,0.01,0,0,3,0,0,0,0
FLUXUSDT-LINKUSDT,0.204378,5,2,3,0.4,-654.69,-130.94,-758.22,9579.63,-12314.85,-0.0525,-0.017,-0.0151,0.9606,33.6,-0.07,-0.0117,0.0147,2,0,3,0,0,0,0
LTCUSDT-XRPUSDT,0.204112,3,2,1,0.6667,-943.77,-314.59,982.9,7370.96,-9297.63,-0.1378,-0.0315,-0.0097,0.8985,53.3,-0.09,-0.0103,0.0144,1,1,1,0,0,0,0
ACTUSDT-NTRNUSDT,0.19843,3,1,2,0.3333,118.45,39.48,-5507.91,12661.26,-7034.9,0.0296,0.0081,-0.0123,1.0094,28.0,0.01,-0.0158,0.0223,1,0,2,0,0,0,0
NFPUSDT-TRBUSDT,0.198408,3,2,1,0.6667,-857.47,-285.82,3396.8,3520.92,-7775.18,-0.2508,-0.0404,-0.0081,0.8897,16.0,-0.09,-0.0084,0.0084,2,1,0,0,0,0,0
TONUSDT-XTZUSDT,0.198072,3,2,1,0.6667,-1143.81,-381.27,3230.67,5146.48,-9520.96,-0.2481,-0.0949,-0.0099,0.8799,28.0,-0.11,-0.0134,0.0107,2,0,1,0,0,0,0
AIUSDT-WUSDT,0.197696,3,1,2,0.3333,70.23,23.41,-1367.42,6153.32,-4715.67,0.0237,0.0075,-0.0097,1.0115,33.3,0.01,-0.0086,0.0118,1,0,2,0,0,0,0
TWTUSDT-WUSDT,0.197348,5,3,2,0.6,-2011.76,-402.35,4358.61,5612.58,-9763.42,-0.2414,-0.0962,-0.0118,0.8839,56.0,-0.2,-0.0169,0.011,3,0,2,0,0,0,0
QTUMUSDT-TAOUSDT,0.197277,5,2,3,0.4,-260.23,-52.05,-3024.23,9722.6,-4803.54,-0.0212,-0.0117,-0.0123,0.9776,49.6,-0.03,-0.0091,0.0145,1,0,4,0,0,0,0
AVAUSDT-WIFUSDT,0.197195,3,1,2,0.3333,81.56,27.19,-1616.79,7640.85,-5942.49,0.0247,0.0041,-0.0114,1.0108,25.3,0.01,-0.0095,0.0129,1,0,2,0,0,0,0
SKLUSDT-WOOUSDT,0.196953,4,2,2,0.5,-63.09,-15.77,-360.5,2158.7,-1500.79,-0.007,-0.003,-0.0066,0.9732,18.0,-0.01,-0.0066,0.0066,0,0,3,0,0,0,0
ANKRUSDT-RSRUSDT,0.196606,7,4,3,0.5714,-1788.26,-255.47,1193.04,7905.74,-10067.52,-0.1745,-0.0767,-0.013,0.9148,46.3,-0.18,-0.0108,0.013,2,2,3,0,0,0,0
COMPUSDT-MTLUSDT,0.195712,3,2,1,0.6667,-3371.45,-1123.82,1525.34,11658.94,-16555.74,-0.2373,-0.1074,-0.0167,0.7964,102.7,-0.34,-0.0327,0.0163,2,1,0,0,0,0,0
AVAXUSDT-SEIUSDT,0.193697,3,1,2,0.3333,-1.69,-0.56,-64.54,2734.74,-2671.89,0.0053,0.0022,-0.004,0.9994,42.7,-0.0,-0.0058,0.0063,1,0,2,0,0,0,0
GASUSDT-RAREUSDT,0.193309,3,1,2,0.3333,-65.37,-21.79,-10689.52,23770.1,-13145.94,0.0182,0.0044,-0.0137,0.9973,24.0,-0.01,-0.0259,0.0279,1,2,0,0,0,0,0
CKBUSDT-DOTUSDT,0.191145,3,2,1,0.6667,-598.31,-199.44,1471.25,4259.85,-6329.41,-0.1803,-0.0282,-0.0063,0.9055,17.3,-0.06,-0.0068,0.007,1,0,2,0,0,0,0
CELOUSDT-ETHUSDT,0.190228,3,1,2,0.3333,-874.91,-291.64,-3732.03,7985.01,-5127.89,-0.0804,-0.0324,-0.0111,0.9013,68.0,-0.09,-0.0137,0.018,2,0,1,0,0,0,0
CRVUSDT-UMAUSDT,0.189269,5,2,3,0.4,-363.7,-72.74,-3038.17,9665.93,-5408.65,-0.0503,-0.0184,-0.0074,0.9696,28.0,-0.04,-0.0087,0.0111,1,1,2,0,1,0,0
ICXUSDT-SCRUSDT,0.188684,6,3,3,0.5,-1929.99,-321.66,1337.94,6436.89,-14092.79,-0.1885,-0.0779,-0.0205,0.897,63.3,-0.19,-0.0124,0.0123,3,1,2,0,0,0,0
DIAUSDT-RAREUSDT,0.188129,4,2,2,0.5,-1750.23,-437.56,436.03,13302.95,-15925.25,-0.1503,-0.0457,-0.0207,0.9229,54.0,-0.18,-0.0189,0.0222,2,1,1,0,0,0,0
ARPAUSDT-HFTUSDT,0.187384,3,2,1,0.6667,-3625.83,-1208.61,5203.11,16732.96,-25561.9,-0.2549,-0.0758,-0.0251,0.8582,24.0,-0.36,-0.0357,0.0251,2,0,1,0,0,0,0
MBOXUSDT-MOVRUSDT,0.18711,3,2,1,0.6667,-407.79,-135.93,3081.75,3140.11,-6629.66,-0.0958,-0.0328,-0.009,0.9385,29.3,-0.04,-0.0071,0.0108,0,0,3,0,0,0,0
CTKUSDT-HOTUSDT,0.18442,3,2,1,0.6667,-1516.14,-505.38,1452.04,3962.48,-6930.66,-0.1793,-0.0526,-0.0122,0.7812,40.0,-0.15,-0.0138,0.0141,1,1,1,0,0,0,0
HFTUSDT-SNXUSDT,0.18381,4,2,2,0.5,-1251.33,-312.83,-1175.8,6909.74,-5809.48,-0.1749,-0.0949,-0.0086,0.8708,44.0,-0.13,-0.0118,0.0098,2,0,2,0,0,0,0
MTLUSDT-STORJUSDT,0.181782,3,1,2,0.3333,-149.59,-49.86,-2517.13,10299.69,-7932.14,-0.0131,-0.0061,-0.0141,0.9857,62.7,-0.01,-0.0123,0.0185,1,0,2,0,0,0,0
REZUSDT-TAOUSDT,0.181052,3,2,1,0.6667,-2718.64,-906.21,5244.83,6009.92,-13973.39,-0.2837,-0.052,-0.0141,0.8054,25.3,-0.27,-0.0183,0.0134,2,1,0,0,0,0,0
ENSUSDT-ONEUSDT,0.179526,4,3,1,0.75,-2288.78,-572.2,2642.14,5318.87,-12891.94,-0.3905,-0.2182,-0.013,0.8225,75.0,-0.23,-0.0141,0.0098,3,0,1,0,0,0,0
ALGOUSDT-IOTXUSDT,0.17786,4,2,2,0.5,-1318.83,-329.71,1225.77,5790.99,-9561.36,-0.1925,-0.0814,-0.0098,0.8946,27.0,-0.13,-0.0129,0.0104,2,1,1,0,0,0,0
1000CHEEMSUSDT-THETAUSDT,0.177052,3,2,1,0.6667,-3776.74,-1258.91,9146.69,10172.84,-23096.27,-0.2854,-0.0963,-0.023,0.8365,25.3,-0.38,-0.035,0.0224,2,0,1,0,0,0,0
CVCUSDT-SFPUSDT,0.175058,5,2,3,0.4,-842.65,-168.53,-1994.65,9899.93,-8316.33,-0.0799,-0.0388,-0.013,0.9384,52.0,-0.08,-0.0161,0.0124,1,0,4,0,0,0,0
SUSHIUSDT-XRPUSDT,0.174049,6,3,3,0.5,-1930.53,-321.76,2319.25,7123.28,-11403.42,-0.231,-0.0825,-0.0203,0.9008,29.3,-0.19,-0.0121,0.0121,3,1,2,0,0,0,0
COMPUSDT-USTCUSDT,0.172829,4,2,2,0.5,-1873.47,-468.37,784.58,5270.04,-8712.66,-0.1925,-0.1128,-0.0158,0.8336,58.0,-0.19,-0.022,0.0151,2,0,2,0,0,0,0
ANKRUSDT-FILUSDT,0.172155,3,2,1,0.6667,-3047.24,-1015.75,5817.96,6345.9,-15211.1,-0.3004,-0.0686,-0.0198,0.7997,62.7,-0.3,-0.0181,0.0199,2,1,0,0,0,0,0
1000CATUSDT-WIFUSDT,0.171115,5,3,2,0.6,-1266.91,-253.38,41.94,4697.61,-3420.0,-0.2596,-0.1562,-0.0065,0.8086,47.2,-0.13,-0.0072,0.0054,2,0,3,0,0,0,0
1MBABYDOGEUSDT-APTUSDT,0.170215,3,2,1,0.6667,-2143.42,-714.47,2494.49,7116.52,-11754.43,-0.319,-0.1048,-0.0119,0.8177,48.0,-0.21,-0.0181,0.0115,2,0,1,0,0,0,0
ADAUSDT-SKLUSDT,0.169437,5,1,4,0.2,-7.05,-1.41,-1626.96,8185.7,-3689.85,0.0098,0.0049,-0.0111,0.9991,32.8,-0.0,-0.0082,0.0117,1,0,4,0,0,0,0
REDUSDT-RSRUSDT,0.169315,4,2,2,0.5,-2204.17,-551.04,-903.65,9970.43,-10367.3,-0.2032,-0.0695,-0.0184,0.8805,37.0,-0.22,-0.0205,0.0142,2,0,2,0,0,0,0
ACXUSDT-VTHOUSDT,0.168622,3,1,2,0.3333,-361.59,-120.53,-1518.98,6773.36,-5615.97,-0.0547,-0.0179,-0.0089,0.9493,44.0,-0.04,-0.0129,0.008,1,0,2,0,0,0,0
VELODROMEUSDT-ZKUSDT,0.167412,4,2,2,0.5,-2484.64,-621.16,179.63,11167.38,-14011.28,-0.2074,-0.0666,-0.02,0.8905,45.0,-0.25,-0.0232,0.0175,2,1,1,0,0,0,0
INJUSDT-QTUMUSDT,0.16652,3,2,1,0.6667,-1972.97,-657.66,1438.74,4041.04,-7452.74,-0.327,-0.1301,-0.0082,0.7353,72.0,-0.2,-0.0167,0.008,2,0,1,0,0,0,0
1MBABYDOGEUSDT-BROCCOLI714USDT,0.165494,3,2,1,0.6667,-1248.22,-416.07,1673.7,7208.97,-10130.89,-0.2433,-0.0729,-0.0116,0.8768,33.3,-0.12,-0.0123,0.0144,1,1,1,0,0,0,0
CTSIUSDT-NFPUSDT,0.165463,4,2,2,0.5,-1583.99,-396.0,841.85,7878.7,-11146.39,-0.2233,-0.0949,-0.0114,0.8705,47.0,-0.16,-0.0107,0.0122,2,1,1,0,0,0,0
SPELLUSDT-WOOUSDT,0.16319,5,3,2,0.6,-3124.1,-624.82,3958.29,9031.98,-14736.52,-0.2653,-0.1051,-0.0215,0.8552,51.2,-0.31,-0.0146,0.017,2,1,1,0,1,0,0
AUCTIONUSDT-NEARUSDT,0.162937,3,2,1,0.6667,-5037.41,-1679.14,10187.06,12054.89,-27279.36,-0.3181,-0.0421,-0.027,0.8153,30.7,-0.5,-0.03,0.0256,2,1,0,0,0,0,0
RAREUSDT-SLPUSDT,0.16252,4,2,2,0.5,-575.43,-143.86,-527.59,5008.94,-4529.19,-0.0965,-0.0234,-0.0085,0.9073,28.0,-0.06,-0.0125,0.0074,0,0,4,0,0,0,0
BANDUSDT-COTIUSDT,0.161998,3,2,1,0.6667,-1520.44,-506.81,1224.93,6245.04,-8990.41,-0.2474,-0.0785,-0.0126,0.8309,37.3,-0.15,-0.0109,0.0142,1,0,2,0,0,0,0
STXUSDT-UMAUSDT,0.161606,4,3,1,0.75,-2944.65,-736.16,2311.81,4390.79,-11959.05,-0.4357,-0.1499,-0.0127,0.7538,65.0,-0.29,-0.0144,0.0099,3,1,0,0,0,0,0
FIDAUSDT-VTHOUSDT,0.161477,3,2,1,0.6667,-1832.47,-610.82,1535.62,5656.95,-9025.04,-0.3438,-0.0947,-0.0106,0.797,38.7,-0.18,-0.0142,0.009,2,0,1,0,0,0,0
IOSTUSDT-MBOXUSDT,0.161237,3,1,2,0.3333,-648.59,-216.2,-1133.81,11557.06,-11071.84,-0.0649,-0.0223,-0.0163,0.9469,25.3,-0.06,-0.0174,0.0191,1,1,1,0,0,0,0
ACEUSDT-KNCUSDT,0.161085,3,1,2,0.3333,-742.53,-247.51,-1052.81,7819.49,-7509.21,-0.0601,-0.0386,-0.0178,0.9133,84.0,-0.07,-0.0091,0.0248,1,0,2,0,0,0,0
GUSDT-HBARUSDT,0.160912,3,1,2,0.3333,-947.53,-315.84,-1121.97,17605.21,-17430.77,-0.0611,-0.0099,-0.0198,0.9489,25.3,-0.09,-0.0207,0.0228,1,1,1,0,0,0,0
BNTUSDT-LTCUSDT,0.160804,3,1,2,0.3333,-248.19,-82.73,-1208.32,4875.38,-3915.25,-0.0825,-0.0271,-0.0052,0.9516,34.7,-0.02,-0.0058,0.0081,1,0,2,0,0,0,0
HIGHUSDT-NEIROUSDT,0.158846,3,2,1,0.6667,-3639.28,-1213.09,1784.12,14513.01,-19936.41,-0.339,-0.1427,-0.0206,0.8175,89.3,-0.36,-0.029,0.0205,2,1,0,0,0,0,0
BROCCOLI714USDT-SKLUSDT,0.158778,3,2,1,0.6667,-1859.12,-619.71,2353.59,8233.09,-12445.81,-0.2587,-0.0456,-0.0125,0.8506,22.7,-0.19,-0.0158,0.0129,1,1,1,0,0,0,0
1000CATUSDT-1000SATSUSDT,0.1581,3,2,1,0.6667,-2329.19,-776.4,5122.35,10844.4,-18295.94,-0.3466,-0.1391,-0.0205,0.8727,44.0,-0.23,-0.0201,0.0212,2,1,0,0,0,0,0
1000SATSUSDT-TWTUSDT,0.158039,4,2,2,0.5,-1889.87,-472.47,2692.63,7682.79,-14957.92,-0.2387,-0.0912,-0.0166,0.8877,30.0,-0.19,-0.0195,0.013,2,0,2,0,0,0,0
UMAUSDT-YGGUSDT,0.157486,3,1,2,0.3333,-647.1,-215.7,-2113.33,4713.76,-3247.54,-0.0791,-0.033,-0.0094,0.8793,69.3,-0.06,-0.0134,0.0161,1,0,2,0,0,0,0
ETCUSDT-INJUSDT,0.156894,3,1,2,0.3333,-315.09,-105.03,-2474.59,4735.79,-2576.3,-0.094,-0.0527,-0.004,0.9376,49.3,-0.03,-0.0057,0.0071,1,0,2,0,0,0,0
CVCUSDT-DOTUSDT,0.156692,4,2,2,0.5,-1079.16,-269.79,-859.39,8449.26,-7809.63,-0.1802,-0.0475,-0.0115,0.9062,20.0,-0.11,-0.0138,0.0097,1,0,3,0,0,0,0
HFTUSDT-VANAUSDT,0.156686,6,3,3,0.5,-3827.02,-637.84,2437.4,9908.61,-20584.76,-0.2707,-0.0704,-0.025,0.868,27.3,-0.38,-0.0209,0.0165,3,1,2,0,0,0,0
MBOXUSDT-MEMEUSDT,0.156446,3,2,1,0.6667,-804.74,-268.25,797.99,1806.18,-3408.92,-0.1684,-0.0374,-0.0079,0.7639,17.3,-0.08,-0.0088,0.0037,0,0,3,0,0,0,0
SKLUSDT-USTCUSDT,0.156153,3,2,1,0.6667,-3442.77,-1147.59,3421.59,14642.44,-21506.8,-0.2523,-0.094,-0.0215,0.8399,50.7,-0.34,-0.0348,0.0245,1,1,0,0,1,0,0
BMTUSDT-GTCUSDT,0.153676,9,4,5,0.4444,-2917.72,-324.19,-1270.56,7321.73,-6152.17,-0.2552,-0.242,-0.0141,0.817,45.8,-0.29,-0.0104,0.01,3,0,6,0,0,0,0
KAVAUSDT-OPUSDT,0.153416,4,1,3,0.25,-666.77,-166.69,-2240.84,9660.68,-5845.78,-0.0482,-0.0267,-0.0124,0.9354,85.0,-0.07,-0.0189,0.0118,1,0,3,0,0,0,0
FIDAUSDT-YGGUSDT,0.149975,3,1,2,0.3333,-1227.99,-409.33,-7617.58,14295.9,-7906.32,-0.0912,-0.0334,-0.0187,0.9209,32.0,-0.12,-0.0276,0.0197,1,0,2,0,0,0,0
DOGEUSDT-WLDUSDT,0.149577,4,2,2,0.5,-1557.68,-389.42,302.29,1790.63,-3952.89,-0.1779,-0.0766,-0.0125,0.6832,68.0,-0.16,-0.0109,0.0093,1,0,3,0,0,0,0
KAITOUSDT-REDUSDT,0.145882,5,2,3,0.4,-2838.63,-567.73,-4453.98,16847.52,-15618.52,-0.2004,-0.1068,-0.0245,0.8993,30.4,-0.28,-0.0239,0.0208,2,1,2,0,0,0,0
BNTUSDT-SUSHIUSDT,0.144606,6,2,4,0.3333,-1512.8,-252.13,-1313.37,6685.72,-3921.33,-0.1811,-0.125,-0.0087,0.8198,44.7,-0.15,-0.0096,0.009,2,0,4,0,0,0,0
CELRUSDT-CETUSUSDT,0.144044,3,2,1,0.6667,-1571.83,-523.94,181.98,4838.42,-6592.23,-0.2981,-0.1181,-0.0085,0.7616,37.3,-0.16,-0.0121,0.0072,1,0,2,0,0,0,0
ARKUSDT-BLURUSDT,0.143305,3,1,2,0.3333,-1271.37,-423.79,-4220.91,14935.98,-11986.44,-0.1176,-0.0615,-0.0136,0.9216,52.0,-0.13,-0.018,0.023,1,0,2,0,0,0,0
ARPAUSDT-CHRUSDT,0.143038,5,2,3,0.4,-2282.83,-456.57,-486.2,4057.37,-6424.91,-0.2121,-0.148,-0.0129,0.7635,83.2,-0.23,-0.0126,0.0111,2,0,3,0,0,0,0
MBOXUSDT-SPELLUSDT,0.142288,5,2,3,0.4,-2072.72,-414.54,-3018.76,7851.0,-7394.32,-0.2133,-0.107,-0.0211,0.8771,58.4,-0.21,-0.0143,0.016,2,2,1,0,0,0,0
IDUSDT-KAIAUSDT,0.140733,3,2,1,0.6667,-991.87,-330.62,258.51,2179.2,-3429.58,-0.2084,-0.0832,-0.0078,0.7108,68.0,-0.1,-0.0038,0.0096,0,0,3,0,0,0,0
SEIUSDT-VETUSDT,0.13887,5,3,2,0.6,-1730.97,-346.19,2324.36,5187.66,-7837.82,-0.3479,-0.1116,-0.0129,0.8651,20.0,-0.17,-0.0097,0.0084,2,2,1,0,0,0,0
SKLUSDT-UNIUSDT,0.138715,5,2,3,0.4,-2303.34,-460.67,-3812.46,12665.92,-14670.44,-0.2345,-0.0606,-0.0149,0.8998,30.4,-0.23,-0.0151,0.015,2,1,2,0,0,0,0
SKLUSDT-WIFUSDT,0.138395,3,1,2,0.3333,-1517.22,-505.74,-4998.84,15835.41,-12353.78,-0.1209,-0.0378,-0.0205,0.9126,33.3,-0.15,-0.0292,0.0223,1,0,2,0,0,0,0
NEOUSDT-PHAUSDT,0.136863,3,2,1,0.6667,-3465.74,-1155.25,4110.67,4360.45,-11936.86,-0.3988,-0.1134,-0.0156,0.7097,74.7,-0.35,-0.017,0.0146,2,1,0,0,0,0,0
DIAUSDT-JASMYUSDT,0.136772,3,1,2,0.3333,-1328.01,-442.67,-2051.61,7218.57,-6494.97,-0.1334,-0.06,-0.0105,0.8446,82.7,-0.13,-0.0121,0.0115,1,0,2,0,0,0,0
OGNUSDT-XLMUSDT,0.136697,7,2,5,0.2857,-1502.04,-214.58,-749.39,11336.38,-11775.99,-0.1387,-0.0812,-0.0152,0.9178,43.4,-0.15,-0.0116,0.0107,1,1,5,0,0,0,0
AXLUSDT-TUSDT,0.135912,3,2,1,0.6667,-2858.65,-952.88,4601.36,6617.86,-14077.87,-0.3111,-0.0585,-0.018,0.7969,30.7,-0.29,-0.0162,0.017,1,1,0,0,0,0,0
KAITOUSDT-PORTALUSDT,0.131727,3,2,1,0.6667,-3404.2,-1134.73,7107.66,10161.99,-20673.84,-0.4182,-0.1036,-0.0206,0.8353,29.3,-0.34,-0.0227,0.02,2,0,1,0,0,0,0
1000CATUSDT-RENDERUSDT,0.131476,5,3,2,0.6,-3723.58,-744.72,5095.74,12151.57,-16494.53,-0.3564,-0.0885,-0.0214,0.8593,32.0,-0.37,-0.0177,0.0192,2,2,1,0,0,0,0
AXLUSDT-TLMUSDT,0.129934,5,3,2,0.6,-5471.13,-1094.23,21.16,10908.91,-16498.87,-0.2878,-0.0889,-0.0226,0.7117,39.2,-0.55,-0.0202,0.0206,1,1,2,0,0,0,0
BICOUSDT-BLURUSDT,0.129411,3,1,2,0.3333,-728.0,-242.67,-1228.35,4968.39,-4468.04,-0.1586,-0.0502,-0.0094,0.8722,37.3,-0.07,-0.0079,0.0097,1,0,2,0,0,0,0
RDNTUSDT-SEIUSDT,0.128767,3,1,2,0.3333,-1478.17,-492.72,-1062.49,4454.13,-4869.81,-0.1432,-0.04,-0.0134,0.7508,36.0,-0.15,-0.0084,0.0138,1,0,2,0,0,0,0
ARKUSDT-UNIUSDT,0.128672,3,1,2,0.3333,-862.82,-287.61,-1450.57,9628.87,-9041.11,-0.1644,-0.0463,-0.0099,0.9178,28.0,-0.09,-0.0137,0.0123,1,0,2,0,0,0,0
AAVEUSDT-STEEMUSDT,0.127842,3,1,2,0.3333,-1438.83,-479.61,-3633.0,6817.64,-4623.47,-0.1551,-0.0849,-0.0119,0.8257,41.3,-0.14,-0.0158,0.0142,1,0,2,0,0,0,0
COSUSDT-HIGHUSDT,0.127485,4,3,1,0.75,-3123.33,-780.83,1129.63,3900.6,-9283.19,-0.3746,-0.1238,-0.0177,0.6636,67.0,-0.31,-0.0133,0.0135,1,0,3,0,0,0,0
ANKRUSDT-VTHOUSDT,0.1249,4,2,2,0.5,-1701.35,-425.34,-96.22,1935.28,-3444.2,-0.167,-0.0939,-0.0157,0.6275,107.0,-0.17,-0.013,0.0111,0,0,3,0,1,0,0
BELUSDT-KSMUSDT,0.124231,3,1,2,0.3333,-1324.13,-441.38,-6507.14,13082.0,-7899.0,-0.1761,-0.0421,-0.0099,0.9081,24.0,-0.13,-0.0165,0.0189,1,1,1,0,0,0,0
NEARUSDT-WIFUSDT,0.123347,3,1,2,0.3333,-910.02,-303.34,-20.69,7290.71,-8180.04,-0.1791,-0.0398,-0.0083,0.889,26.7,-0.09,-0.0088,0.0129,1,1,1,0,0,0,0
RSRUSDT-VICUSDT,0.123216,5,3,2,0.6,-3373.65,-674.73,1837.15,10672.98,-11686.36,-0.3901,-0.0994,-0.0134,0.8461,30.4,-0.34,-0.0163,0.0139,2,1,1,0,1,0,0
MBOXUSDT-NKNUSDT,0.120204,3,1,2,0.3333,-728.04,-242.68,-762.5,2949.08,-2914.62,-0.1849,-0.0575,-0.0047,0.802,42.7,-0.07,-0.0083,0.0059,1,0,2,0,0,0,0
ENJUSDT-RENDERUSDT,0.119976,3,1,2,0.3333,-1754.8,-584.93,-2416.47,12445.69,-11784.01,-0.1746,-0.0358,-0.0173,0.8764,21.3,-0.18,-0.0152,0.0218,1,1,1,0,0,0,0
AIUSDT-BBUSDT,0.119846,3,2,1,0.6667,-3386.0,-1128.67,2419.88,13311.43,-19117.31,-0.3466,-0.0938,-0.027,0.8229,40.0,-0.34,-0.0244,0.0241,1,1,1,0,0,0,0
MBOXUSDT-REDUSDT,0.117071,3,1,2,0.3333,-1434.44,-478.15,-2989.73,8084.92,-6529.62,-0.1857,-0.07,-0.0136,0.8493,53.3,-0.14,-0.0108,0.0188,1,0,2,0,0,0,0
1000CHEEMSUSDT-STEEMUSDT,0.115584,3,1,2,0.3333,-941.79,-313.93,-684.88,1185.03,-1441.94,-0.067,-0.0178,-0.0136,0.5572,40.0,-0.09,-0.0108,0.0171,0,0,3,0,0,0,0
BMTUSDT-TLMUSDT,0.110393,4,2,2,0.5,-2228.28,-557.07,-229.52,8175.07,-9944.32,-0.3066,-0.1008,-0.0116,0.8459,39.0,-0.22,-0.0122,0.0159,1,1,2,0,0,0,0
FLUXUSDT-OPUSDT,0.11026,3,2,1,0.6667,-4082.16,-1360.72,3393.23,8920.06,-16395.46,-0.3795,-0.0937,-0.0184,0.751,50.7,-0.41,-0.0212,0.0164,1,1,1,0,0,0,0
UMAUSDT-USTCUSDT,0.108682,3,1,2,0.3333,-1444.6,-481.53,-3255.93,8086.9,-6275.57,-0.2164,-0.0861,-0.0088,0.8484,44.0,-0.14,-0.0149,0.0117,1,0,2,0,0,0,0
NMRUSDT-SYNUSDT,0.108236,3,1,2,0.3333,-2948.01,-982.67,-938.49,6479.32,-8488.84,-0.2934,-0.1146,-0.0117,0.6873,104.0,-0.29,-0.0238,0.0114,2,0,1,0,0,0,0
EIGENUSDT-TAOUSDT,0.106423,3,2,1,0.6667,-3036.5,-1012.17,228.43,6093.23,-9358.16,-0.3864,-0.2222,-0.0161,0.6755,50.7,-0.3,-0.0182,0.0174,1,0,2,0,0,0,0
KAITOUSDT-SANDUSDT,0.10542,3,1,2,0.3333,-2103.65,-701.22,-6176.35,12649.44,-8576.74,-0.2162,-0.1036,-0.0161,0.8574,77.3,-0.21,-0.0171,0.0221,1,0,2,0,0,0,0
ARUSDT-LUMIAUSDT,0.105018,3,1,2,0.3333,-1088.26,-362.75,-4494.67,9630.6,-6224.19,-0.2332,-0.0643,-0.0077,0.8985,20.0,-0.11,-0.0114,0.0129,1,0,2,0,0,0,0
QTUMUSDT-SPELLUSDT,0.10346,3,2,1,0.6667,-6140.29,-2046.76,6726.59,10788.32,-23655.2,-0.4741,-0.1398,-0.0316,0.7404,82.7,-0.61,-0.0288,0.0265,2,0,1,0,0,0,0
HIVEUSDT-TIAUSDT,0.102154,3,1,2,0.3333,-1244.24,-414.75,-1951.27,3963.29,-3256.26,-0.2246,-0.1055,-0.0103,0.7611,49.3,-0.12,-0.0191,0.0048,1,0,2,0,0,0,0
NFPUSDT-NOTUSDT,0.101909,4,1,3,0.25,-1638.16,-409.54,-3361.4,11048.62,-5963.98,-0.1946,-0.0979,-0.0086,0.8709,53.0,-0.16,-0.0152,0.0114,1,0,3,0,0,0,0
HIVEUSDT-IDUSDT,0.099305,4,2,2,0.5,-4333.95,-1083.49,760.73,6267.5,-12122.91,-0.3905,-0.1585,-0.0181,0.7419,65.0,-0.43,-0.0136,0.0166,2,1,1,0,0,0,0
BMTUSDT-WIFUSDT,0.098297,4,2,2,0.5,-1894.49,-473.62,787.09,5065.76,-8534.43,-0.4083,-0.1467,-0.0143,0.8405,33.0,-0.19,-0.0112,0.0102,2,1,1,0,0,0,0
NOTUSDT-XRPUSDT,0.097529,3,2,1,0.6667,-1640.48,-546.83,87.79,5023.11,-6751.38,-0.3378,-0.1422,-0.0068,0.757,36.0,-0.16,-0.0072,0.0149,0,0,3,0,0,0,0
AEVOUSDT-NEARUSDT,0.094176,3,2,1,0.6667,-3527.86,-1175.95,4214.28,7467.12,-15209.26,-0.5266,-0.0966,-0.0154,0.768,22.7,-0.35,-0.0193,0.0139,2,1,0,0,0,0,0
MTLUSDT-VTHOUSDT,0.093891,3,1,2,0.3333,-2471.18,-823.73,-587.14,7758.83,-9642.86,-0.342,-0.1738,-0.0112,0.7584,73.3,-0.25,-0.0178,0.0135,2,1,0,0,0,0,0
BMTUSDT-KNCUSDT,0.093607,3,1,2,0.3333,-803.22,-267.74,-639.55,3645.38,-3809.04,-0.2617,-0.0691,-0.0053,0.8194,37.3,-0.08,-0.0066,0.0065,1,0,2,0,0,0,0
SNXUSDT-ZKUSDT,0.093217,3,2,1,0.6667,-4776.25,-1592.08,4273.35,8190.72,-17240.33,-0.427,-0.1414,-0.0173,0.723,56.0,-0.48,-0.0262,0.0146,1,0,2,0,0,0,0
CKBUSDT-LRCUSDT,0.09197,3,1,2,0.3333,-2097.29,-699.1,-4111.14,7456.88,-5443.03,-0.2547,-0.0838,-0.0109,0.7805,50.7,-0.21,-0.0176,0.0151,1,0,2,0,0,0,0
ARKUSDT-SOLUSDT,0.087801,4,2,2,0.5,-4162.43,-1040.61,1558.33,7266.96,-14546.04,-0.4275,-0.184,-0.017,0.769,33.0,-0.42,-0.0203,0.0145,2,0,2,0,0,0,0
ALGOUSDT-PYTHUSDT,0.086489,3,1,2,0.3333,-1655.21,-551.74,-3309.57,7651.77,-5997.41,-0.2764,-0.0994,-0.0095,0.8222,26.7,-0.17,-0.0103,0.0089,1,0,2,0,0,0,0
ETCUSDT-MTLUSDT,0.084748,3,2,1,0.6667,-5321.16,-1773.72,1550.44,2758.37,-9629.96,-0.4328,-0.1527,-0.0118,0.4474,80.0,-0.53,-0.0229,0.011,1,1,1,0,0,0,0
BMTUSDT-CKBUSDT,0.083784,3,1,2,0.3333,-2274.57,-758.19,-2807.57,4719.79,-4186.79,-0.2694,-0.121,-0.0099,0.6748,54.7,-0.23,-0.0164,0.0084,1,0,2,0,0,0,0
1000CATUSDT-IMXUSDT,0.083551,3,1,2,0.3333,-2233.41,-744.47,-3088.76,5871.12,-5015.77,-0.2723,-0.1498,-0.0117,0.7244,114.7,-0.22,-0.0116,0.0188,1,0,2,0,0,0,0
ARPAUSDT-ENAUSDT,0.083509,3,2,1,0.6667,-5037.29,-1679.1,2214.22,7887.32,-15138.82,-0.446,-0.0611,-0.0197,0.6673,28.0,-0.5,-0.0166,0.0176,1,1,1,0,0,0,0
BMTUSDT-ONEUSDT,0.083456,3,2,1,0.6667,-2464.84,-821.61,5274.71,6530.14,-14269.69,-0.4679,-0.2064,-0.0151,0.8273,57.3,-0.25,-0.0176,0.0149,1,0,2,0,0,0,0
CFXUSDT-COMPUSDT,0.081612,4,2,2,0.5,-4397.2,-1099.3,-916.82,7917.6,-10481.16,-0.4394,-0.1563,-0.0161,0.6949,38.0,-0.44,-0.0181,0.015,2,1,1,0,0,0,0
1000CATUSDT-DIAUSDT,0.080658,4,2,2,0.5,-4446.15,-1111.54,2243.62,9007.9,-17941.29,-0.4415,-0.1362,-0.0206,0.7558,58.0,-0.44,-0.0183,0.0121,2,1,1,0,0,0,0
AAVEUSDT-BNTUSDT,0.080364,3,2,1,0.6667,-2805.53,-935.18,2144.65,3922.09,-8872.26,-0.5668,-0.2373,-0.0092,0.6838,62.7,-0.28,-0.0144,0.0077,2,1,0,0,0,0,0
COSUSDT-TWTUSDT,0.079854,3,1,2,0.3333,-1338.92,-446.31,-1358.34,5112.78,-5093.37,-0.2946,-0.0914,-0.008,0.7925,44.0,-0.13,-0.0107,0.0061,1,0,2,0,0,0,0
RAREUSDT-VETUSDT,0.077997,3,2,1,0.6667,-3064.78,-1021.59,37.38,6423.25,-9525.41,-0.4705,-0.072,-0.0143,0.6783,16.0,-0.31,-0.0115,0.0136,1,1,1,0,0,0,0
ARKUSDT-COMPUSDT,0.077661,3,1,2,0.3333,-2906.39,-968.8,-5041.02,8640.32,-6505.69,-0.2907,-0.1321,-0.0122,0.7483,53.3,-0.29,-0.0238,0.0115,1,0,2,0,0,0,0
AVAXUSDT-ICXUSDT,0.075806,4,2,2,0.5,-2803.75,-700.94,-1173.77,3973.06,-4429.26,-0.394,-0.1876,-0.0086,0.6813,68.0,-0.28,-0.0099,0.0109,1,0,3,0,0,0,0
COTIUSDT-MEMEUSDT,0.075797,3,2,1,0.6667,-5564.68,-1854.89,7582.27,7733.21,-20880.17,-0.5639,-0.1013,-0.0237,0.7335,30.7,-0.56,-0.0258,0.0179,2,0,1,0,0,0,0
COTIUSDT-ICPUSDT,0.075696,3,1,2,0.3333,-2215.43,-738.48,-5203.48,10394.09,-7406.03,-0.3026,-0.1383,-0.0129,0.8243,36.0,-0.22,-0.0162,0.0183,1,1,1,0,0,0,0
IDUSDT-POLUSDT,0.075165,5,2,3,0.4,-3422.92,-684.58,-3051.57,7291.05,-9725.46,-0.3366,-0.1548,-0.0228,0.7838,51.2,-0.34,-0.0138,0.0153,1,0,4,0,0,0,0
CRVUSDT-INJUSDT,0.069753,5,2,3,0.4,-5088.27,-1017.65,-1120.02,16196.35,-12529.55,-0.3644,-0.2693,-0.0136,0.7751,61.6,-0.51,-0.0192,0.0154,1,1,2,0,1,0,0
RUNEUSDT-WIFUSDT,0.069051,3,1,2,0.3333,-1570.04,-523.35,-817.4,6507.64,-7260.28,-0.325,-0.1031,-0.0092,0.8056,48.0,-0.16,-0.0099,0.0108,1,0,2,0,0,0,0
AIXBTUSDT-METISUSDT,0.068735,3,1,2,0.3333,-2880.74,-960.25,-724.32,12077.48,-14233.9,-0.3152,-0.0937,-0.0168,0.8074,41.3,-0.29,-0.0205,0.0204,1,1,1,0,0,0,0
LISTAUSDT-ZKUSDT,0.068542,3,1,2,0.3333,-1602.24,-534.08,-290.64,3615.93,-4927.53,-0.2159,-0.0762,-0.0124,0.693,40.0,-0.16,-0.0116,0.0199,0,0,3,0,0,0,0
ARUSDT-NFPUSDT,0.067768,3,1,2,0.3333,-2284.18,-761.39,-377.05,9927.42,-11834.56,-0.3212,-0.2064,-0.0149,0.8129,89.3,-0.23,-0.0179,0.0158,1,0,1,0,1,0,0
COSUSDT-USTCUSDT,0.066677,3,1,2,0.3333,-1508.3,-502.77,-1439.74,7507.12,-7575.68,-0.3356,-0.13,-0.0084,0.8327,40.0,-0.15,-0.0108,0.0101,1,0,2,0,0,0,0
NFPUSDT-TWTUSDT,0.065751,3,1,2,0.3333,-1483.27,-494.42,-4190.05,7037.1,-4330.32,-0.3342,-0.1012,-0.0108,0.8259,25.3,-0.15,-0.0128,0.0082,1,0,2,0,0,0,0
AEVOUSDT-ARKMUSDT,0.06323,4,1,3,0.25,-3401.01,-850.25,-586.14,7421.18,-9649.91,-0.3511,-0.1526,-0.0141,0.6857,77.0,-0.34,-0.0154,0.0161,2,1,1,0,0,0,0
BLURUSDT-COTIUSDT,0.061579,3,1,2,0.3333,-1276.83,-425.61,-2222.85,7220.08,-6274.06,-0.3548,-0.0654,-0.0063,0.8497,20.0,-0.13,-0.0093,0.0088,1,0,2,0,0,0,0
LINKUSDT-LRCUSDT,0.059361,3,2,1,0.6667,-3187.71,-1062.57,114.31,550.27,-3852.29,-0.4818,-0.2344,-0.01,0.1725,94.7,-0.32,-0.0124,0.0081,1,0,1,0,1,0,0
FILUSDT-MTLUSDT,0.057972,3,2,1,0.6667,-5709.21,-1903.07,3208.6,7938.09,-16855.9,-0.5185,-0.1711,-0.0196,0.6613,105.3,-0.57,-0.02,0.0182,1,1,1,0,0,0,0
HIVEUSDT-RENDERUSDT,0.057918,4,2,2,0.5,-5631.45,-1407.86,-818.13,11913.41,-15908.61,-0.5149,-0.1698,-0.0171,0.7905,43.0,-0.56,-0.0229,0.0192,2,0,2,0,0,0,0
BELUSDT-RVNUSDT,0.057686,4,2,2,0.5,-4011.95,-1002.99,-603.55,8018.36,-10823.21,-0.4438,-0.0819,-0.0109,0.6947,18.0,-0.4,-0.0179,0.0091,1,1,2,0,0,0,0
ATOMUSDT-STXUSDT,0.057539,3,1,2,0.3333,-2101.66,-700.55,-4421.76,7233.66,-4913.56,-0.3487,-0.1148,-0.0136,0.7749,34.7,-0.21,-0.015,0.0145,1,0,2,0,0,0,0
DEGOUSDT-MOVEUSDT,0.052945,3,1,2,0.3333,-2072.99,-691.0,-465.45,3346.11,-4953.65,-0.2528,-0.0711,-0.0127,0.6175,46.7,-0.21,-0.0095,0.0117,0,0,3,0,0,0,0
CAKEUSDT-MAVUSDT,0.048467,4,2,2,0.5,-4488.84,-1122.21,-164.65,7303.68,-11463.21,-0.5393,-0.2541,-0.0128,0.7,63.0,-0.45,-0.0165,0.0124,2,0,2,0,0,0,0
SKLUSDT-ZRXUSDT,0.047989,3,1,2,0.3333,-3968.45,-1322.82,-2497.53,6417.49,-7888.41,-0.4549,-0.1867,-0.0145,0.6179,98.7,-0.4,-0.0158,0.0157,2,1,0,0,0,0,0
DOTUSDT-MBOXUSDT,0.047483,5,2,3,0.4,-3264.28,-652.86,-308.35,2772.83,-4518.56,-0.4005,-0.1946,-0.0154,0.5131,68.0,-0.33,-0.012,0.0105,1,0,3,0,1,0,0
MTLUSDT-WIFUSDT,0.047185,3,1,2,0.3333,-2350.14,-783.38,-3109.79,6675.09,-5915.44,-0.3786,-0.208,-0.011,0.7396,61.3,-0.24,-0.0132,0.0179,1,0,2,0,0,0,0
GRTUSDT-IDUSDT,0.0426,3,1,2,0.3333,-2173.94,-724.65,-302.66,4695.73,-6567.02,-0.3855,-0.1362,-0.0116,0.6835,69.3,-0.22,-0.0099,0.0103,1,1,1,0,0,0,0
ARPAUSDT-MBOXUSDT,0.041263,3,2,1,0.6667,-4668.86,-1556.29,3549.48,7255.99,-15474.33,-0.6708,-0.1405,-0.0156,0.6983,37.3,-0.47,-0.0213,0.0129,2,1,0,0,0,0,0
JOEUSDT-SCRTUSDT,0.037112,3,1,2,0.3333,-2195.24,-731.75,-3374.33,7835.21,-6656.13,-0.4157,-0.0903,-0.008,0.7811,25.3,-0.22,-0.0138,0.0092,1,1,1,0,0,0,0
MTLUSDT-RENDERUSDT,0.035419,4,2,2,0.5,-6574.98,-1643.74,-1272.47,8151.81,-12181.86,-0.5584,-0.313,-0.0205,0.6236,88.0,-0.66,-0.0227,0.015,2,0,2,0,0,0,0
COMPUSDT-XLMUSDT,0.034874,5,2,3,0.4,-4343.46,-868.69,-1771.23,10920.86,-11093.08,-0.5105,-0.3236,-0.0217,0.784,51.2,-0.43,-0.0145,0.0169,2,0,3,0,0,0,0
EIGENUSDT-PENGUUSDT,0.034849,3,2,1,0.6667,-5417.54,-1805.85,4368.68,7830.25,-17616.48,-0.6829,-0.1645,-0.0195,0.6925,38.7,-0.54,-0.0206,0.0154,2,1,0,0,0,0,0
CAKEUSDT-SEIUSDT,0.031846,3,1,2,0.3333,-2521.77,-840.59,-1244.5,3124.99,-4402.25,-0.4056,-0.1633,-0.0104,0.5534,64.0,-0.25,-0.0177,0.0056,1,0,2,0,0,0,0
ACXUSDT-ALICEUSDT,0.03133,3,2,1,0.6667,-9962.81,-3320.94,7061.28,9420.29,-26444.38,-0.6767,-0.1535,-0.0263,0.6233,41.3,-1.0,-0.0351,0.0194,2,0,1,0,0,0,0
MTLUSDT-TRBUSDT,0.030688,3,0,3,0.0,-1212.06,-404.02,-170.03,-90.71,-951.32,-0.1714,-0.0969,-0.0064,0.0,106.7,-0.12,-0.0124,0.0059,1,0,2,0,0,0,0
EIGENUSDT-REZUSDT,0.028989,3,1,2,0.3333,-2455.67,-818.56,-1586.98,7906.93,-8775.62,-0.4309,-0.1165,-0.0124,0.763,18.7,-0.25,-0.0134,0.0094,1,1,1,0,0,0,0
1000SATSUSDT-C98USDT,0.02865,3,2,1,0.6667,-8470.52,-2823.51,8009.02,11592.63,-28072.17,-0.6841,-0.1863,-0.0315,0.6983,62.7,-0.85,-0.0338,0.0283,2,0,1,0,0,0,0
ARUSDT-HIGHUSDT,0.028579,4,2,2,0.5,-5110.9,-1277.73,-1895.15,6879.11,-8199.71,-0.5873,-0.2779,-0.0179,0.6833,60.0,-0.51,-0.0153,0.0123,2,2,0,0,0,0,0
TWTUSDT-ZILUSDT,0.028335,3,1,2,0.3333,-2161.23,-720.41,-504.36,6516.17,-8173.04,-0.4351,-0.0999,-0.0099,0.7509,33.3,-0.22,-0.0091,0.0112,1,0,2,0,0,0,0
NMRUSDT-OGNUSDT,0.028211,4,2,2,0.5,-4416.04,-1104.01,328.47,5053.37,-10126.35,-0.5929,-0.1536,-0.0141,0.6738,41.0,-0.44,-0.0171,0.0086,2,0,2,0,0,0,0
EGLDUSDT-YGGUSDT,0.026483,4,3,1,0.75,-6912.92,-1728.23,4918.95,7200.94,-23951.76,-0.7275,-0.1427,-0.0258,0.7114,28.0,-0.69,-0.0219,0.0171,2,0,2,0,0,0,0
AXSUSDT-CTSIUSDT,0.026424,3,2,1,0.6667,-5316.12,-1772.04,3314.94,5124.97,-13756.03,-0.7067,-0.0879,-0.0145,0.6135,16.0,-0.53,-0.0179,0.0108,2,1,0,0,0,0,0
KNCUSDT-WIFUSDT,0.025535,3,1,2,0.3333,-2622.15,-874.05,-3350.45,5911.59,-5183.29,-0.4328,-0.188,-0.0133,0.6927,54.7,-0.26,-0.0144,0.0144,1,0,2,0,0,0,0
CGPTUSDT-GRTUSDT,0.023742,3,1,2,0.3333,-1919.46,-639.82,-1340.11,4333.98,-4913.33,-0.4493,-0.1346,-0.0053,0.6931,37.3,-0.19,-0.0068,0.0098,1,0,2,0,0,0,0
FIDAUSDT-PNUTUSDT,0.021263,3,1,2,0.3333,-1773.15,-591.05,-817.67,6029.43,-6984.91,-0.4574,-0.1067,-0.0099,0.7727,17.3,-0.18,-0.0105,0.0084,1,0,2,0,0,0,0
SEIUSDT-WIFUSDT,0.020218,3,1,2,0.3333,-1726.85,-575.62,-2803.84,4911.96,-3834.97,-0.4649,-0.1367,-0.0046,0.7399,33.3,-0.17,-0.0082,0.0062,1,0,2,0,0,0,0
RSRUSDT-WOOUSDT,0.017618,3,1,2,0.3333,-2332.1,-777.37,-3415.35,7682.27,-6599.01,-0.4654,-0.1395,-0.0112,0.7671,26.7,-0.23,-0.0106,0.0155,1,0,2,0,0,0,0
UNIUSDT-XLMUSDT,0.015604,4,2,2,0.5,-5234.25,-1308.56,-310.78,7897.98,-12510.67,-0.6319,-0.2126,-0.0154,0.7253,26.0,-0.52,-0.0155,0.0149,2,1,1,0,0,0,0
SNXUSDT-SOLUSDT,0.015094,3,2,1,0.6667,-7346.17,-2448.72,4334.79,8958.48,-20639.44,-0.7324,-0.1927,-0.0212,0.6441,53.3,-0.73,-0.0279,0.0168,2,0,1,0,0,0,0
COTIUSDT-VELODROMEUSDT,0.014881,4,2,2,0.5,-5328.18,-1332.04,-151.96,8494.19,-13518.46,-0.6279,-0.118,-0.0211,0.7466,18.0,-0.53,-0.0174,0.0139,2,1,1,0,0,0,0
1000CATUSDT-JOEUSDT,0.013759,3,1,2,0.3333,-1300.15,-433.38,-2382.58,3749.48,-2667.05,-0.4825,-0.1537,-0.0054,0.7425,33.3,-0.13,-0.0072,0.0044,1,0,2,0,0,0,0
HIVEUSDT-JOEUSDT,0.013116,6,3,3,0.5,-9114.21,-1519.04,937.45,8212.39,-12492.61,-0.6663,-0.2928,-0.0224,0.6748,36.0,-0.91,-0.0216,0.018,3,2,1,0,0,0,0
MASKUSDT-ONEUSDT,0.011967,4,2,2,0.5,-3404.43,-851.11,-531.48,4100.01,-6441.47,-0.6465,-0.2975,-0.0091,0.6742,27.0,-0.34,-0.0118,0.0091,2,0,1,0,0,0,0
WLDUSDT-WOOUSDT,0.010725,3,1,2,0.3333,-3223.16,-1074.39,-1677.05,9428.33,-10974.44,-0.4715,-0.1462,-0.0193,0.7452,40.0,-0.32,-0.0149,0.0221,1,1,1,0,0,0,0
TSTUSDT-UNIUSDT,0.010081,3,2,1,0.6667,-9665.22,-3221.74,4467.34,8057.96,-22190.51,-0.6308,-0.1104,-0.0304,0.5644,37.3,-0.97,-0.0368,0.0229,1,0,2,0,0,0,0
ADAUSDT-HOOKUSDT,0.006279,3,1,2,0.3333,-2244.38,-748.13,-2403.49,6136.34,-5977.22,-0.4971,-0.1943,-0.0094,0.7322,32.0,-0.22,-0.0088,0.0162,1,0,2,0,0,0,0
INJUSDT-LSKUSDT,0.00573,3,1,2,0.3333,-2525.01,-841.67,-4364.34,7131.01,-5291.68,-0.4978,-0.1899,-0.0104,0.7385,33.3,-0.25,-0.0111,0.0136,1,0,2,0,0,0,0
BOMEUSDT-PENGUUSDT,0.001556,5,2,3,0.4,-3283.3,-656.66,-1457.71,7449.95,-6434.9,-0.4977,-0.2225,-0.0114,0.6953,44.0,-0.33,-0.0087,0.0131,0,0,4,0,1,0,0
ALTUSDT-NFPUSDT,0.00116,4,2,2,0.5,-6379.69,-1594.92,398.77,5574.14,-12751.36,-0.6621,-0.1674,-0.0164,0.6241,36.0,-0.64,-0.0164,0.012,2,1,1,0,0,0,0
ANKRUSDT-IMXUSDT,-0.000629,3,1,2,0.3333,-1883.34,-627.78,-2256.58,3862.01,-3488.77,-0.5187,-0.2172,-0.0041,0.6722,42.7,-0.19,-0.0088,0.005,1,0,2,0,0,0,0
GMTUSDT-RDNTUSDT,-0.002965,3,1,2,0.3333,-4544.07,-1514.69,-87.48,209.17,-4665.76,-0.3515,-0.1369,-0.0172,0.044,44.0,-0.45,-0.0247,0.0056,0,0,3,0,0,0,0
AUCTIONUSDT-LDOUSDT,-0.005759,5,3,2,0.6,-14176.27,-2835.25,6675.78,13924.6,-33888.11,-0.7724,-0.2103,-0.0334,0.6907,44.8,-1.42,-0.0321,0.0263,3,1,1,0,0,0,0
AUCTIONUSDT-DYDXUSDT,-0.005905,3,2,1,0.6667,-12528.93,-4176.31,6032.08,9811.3,-28372.31,-0.7741,-0.1351,-0.0283,0.5584,37.3,-1.25,-0.039,0.0184,2,1,0,0,0,0,0
HIVEUSDT-SNXUSDT,-0.008272,4,2,2,0.5,-4624.12,-1156.03,-681.33,5964.36,-9225.83,-0.7052,-0.2487,-0.0099,0.6958,46.0,-0.46,-0.0125,0.0101,2,2,0,0,0,0,0
QTUMUSDT-VELODROMEUSDT,-0.009122,3,2,1,0.6667,-3818.27,-1272.76,1479.77,1811.82,-7109.85,-0.7005,-0.1669,-0.0132,0.463,44.0,-0.38,-0.0143,0.0079,1,1,1,0,0,0,0
IDUSDT-TURBOUSDT,-0.012945,4,2,2,0.5,-6612.49,-1653.12,-264.44,9351.82,-15435.44,-0.6376,-0.1407,-0.0158,0.6848,32.0,-0.66,-0.0173,0.0141,1,1,2,0,0,0,0
ANKRUSDT-DUSDT,-0.013662,3,1,2,0.3333,-2108.28,-702.76,-3370.24,7495.09,-6233.14,-0.555,-0.219,-0.012,0.7805,48.0,-0.21,-0.0104,0.0124,1,0,2,0,0,0,0
NOTUSDT-OPUSDT,-0.014325,3,1,2,0.3333,-3839.28,-1279.76,-2972.87,5766.33,-6632.75,-0.5329,-0.2141,-0.0168,0.6003,61.3,-0.38,-0.0167,0.0151,1,0,2,0,0,0,0
CVCUSDT-ICXUSDT,-0.017198,5,1,4,0.2,-3210.97,-642.19,-1687.92,11214.75,-8879.48,-0.4927,-0.1851,-0.0179,0.7774,42.4,-0.32,-0.014,0.0112,1,1,3,0,0,0,0
SUIUSDT-XAIUSDT,-0.019078,4,2,2,0.5,-7062.54,-1765.63,-1339.28,13846.39,-18230.36,-0.719,-0.2791,-0.0235,0.7207,61.0,-0.71,-0.0228,0.0199,2,0,2,0,0,0,0
CELRUSDT-COMPUSDT,-0.020448,3,1,2,0.3333,-3579.69,-1193.23,-2395.12,7523.64,-8708.21,-0.5532,-0.1508,-0.0199,0.6776,40.0,-0.36,-0.0218,0.0094,1,1,1,0,0,0,0
APTUSDT-RSRUSDT,-0.020585,3,1,2,0.3333,-2966.65,-988.88,-1094.36,3372.31,-5244.61,-0.4595,-0.1555,-0.0094,0.532,32.0,-0.3,-0.014,0.0104,0,0,3,0,0,0,0
ARKUSDT-SEIUSDT,-0.020606,5,2,3,0.4,-7800.95,-1560.19,-2974.37,10872.24,-17872.58,-0.6579,-0.3951,-0.0247,0.7121,61.6,-0.78,-0.018,0.0175,2,1,2,0,0,0,0
HIVEUSDT-VTHOUSDT,-0.022416,5,2,3,0.4,-17538.98,-3507.8,-82.85,22668.98,-42410.53,-0.6197,-0.1577,-0.0477,0.6019,41.6,-1.75,-0.0311,0.0251,2,1,2,0,0,0,0
BNTUSDT-LINKUSDT,-0.022609,7,4,3,0.5714,-4123.04,-589.01,1367.9,2584.81,-7619.27,-0.8594,-0.3661,-0.0133,0.6763,39.4,-0.41,-0.0075,0.0055,4,1,2,0,0,0,0
DOTUSDT-FILUSDT,-0.02441,4,2,2,0.5,-4791.48,-1197.87,-213.36,4804.0,-9168.76,-0.7439,-0.2049,-0.0093,0.6101,49.0,-0.48,-0.0115,0.0068,2,1,1,0,0,0,0
CTSIUSDT-FLUXUSDT,-0.025957,3,2,1,0.6667,-4958.18,-1652.73,4.83,6158.39,-11121.39,-0.7543,-0.2471,-0.0153,0.5542,49.3,-0.5,-0.0126,0.0144,1,0,2,0,0,0,0
1000CATUSDT-TIAUSDT,-0.026135,3,2,1,0.6667,-6656.26,-2218.75,3174.94,3512.21,-13343.41,-0.8475,-0.163,-0.0135,0.5012,41.3,-0.67,-0.0163,0.0084,2,1,0,0,0,0,0
CHRUSDT-GMTUSDT,-0.028788,3,1,2,0.3333,-3883.07,-1294.36,-5008.05,7870.96,-6745.97,-0.5908,-0.1439,-0.0098,0.6696,22.7,-0.39,-0.0159,0.0091,1,0,2,0,0,0,0
BLURUSDT-IMXUSDT,-0.030558,3,1,2,0.3333,-2473.95,-824.65,-1890.66,3596.07,-4179.36,-0.5942,-0.2067,-0.0058,0.5924,40.0,-0.25,-0.0062,0.0093,1,0,2,0,0,0,0
SPELLUSDT-TIAUSDT,-0.031851,3,2,1,0.6667,-10762.54,-3587.51,7127.98,7363.03,-25253.55,-0.8463,-0.1222,-0.0306,0.5738,22.7,-1.08,-0.0278,0.0232,2,1,0,0,0,0,0
ACEUSDT-ALICEUSDT,-0.032095,5,3,2,0.6,-15199.74,-3039.95,3193.74,12273.71,-36286.63,-0.8325,-0.2395,-0.0393,0.6192,45.6,-1.52,-0.0291,0.0218,3,1,1,0,0,0,0
ANKRUSDT-SKLUSDT,-0.032621,3,2,1,0.6667,-4533.15,-1511.05,272.85,1536.3,-6342.3,-0.6528,-0.2973,-0.0151,0.2853,66.7,-0.45,-0.0113,0.0174,0,0,3,0,0,0,0
BMTUSDT-HOTUSDT,-0.033024,5,2,3,0.4,-3449.72,-689.94,-1528.81,4776.39,-6985.27,-0.6539,-0.1971,-0.0097,0.6724,23.2,-0.34,-0.0099,0.0065,1,0,3,0,1,0,0
DEGOUSDT-STORJUSDT,-0.033062,3,1,2,0.3333,-4126.7,-1375.57,-3471.35,10867.46,-11522.81,-0.6055,-0.1415,-0.0117,0.7248,28.0,-0.41,-0.0187,0.0125,1,1,1,0,0,0,0
ETCUSDT-WLDUSDT,-0.035021,3,1,2,0.3333,-2186.55,-728.85,-928.59,4494.01,-5751.97,-0.6124,-0.1253,-0.0073,0.6727,34.7,-0.22,-0.007,0.0079,1,0,2,0,0,0,0
ARKUSDT-MOVRUSDT,-0.035026,3,1,2,0.3333,-5210.01,-1736.67,-3294.68,6465.77,-8381.11,-0.5912,-0.2537,-0.0143,0.5538,44.0,-0.52,-0.0189,0.0115,1,0,2,0,0,0,0
ANKRUSDT-BROCCOLI714USDT,-0.03641,3,1,2,0.3333,-4239.99,-1413.33,-2992.73,2284.28,-3531.54,-0.5726,-0.2181,-0.0164,0.3501,62.7,-0.42,-0.021,0.0069,1,0,2,0,0,0,0
ICPUSDT-ZKUSDT,-0.038601,3,1,2,0.3333,-6429.13,-2143.04,-7553.2,11733.01,-10608.94,-0.5955,-0.2211,-0.0245,0.646,69.3,-0.64,-0.0241,0.0204,1,0,2,0,0,0,0
SEIUSDT-SPELLUSDT,-0.038805,4,2,2,0.5,-9671.48,-2417.87,1729.02,10356.53,-23486.05,-0.7658,-0.2431,-0.0235,0.6197,59.0,-0.97,-0.0287,0.0153,2,0,2,0,0,0,0
DEXEUSDT-SNXUSDT,-0.039178,3,1,2,0.3333,-7809.89,-2603.3,-9134.73,17152.4,-15827.56,-0.5916,-0.1135,-0.0311,0.6871,25.3,-0.78,-0.0342,0.0198,1,1,1,0,0,0,0
AIUSDT-IOUSDT,-0.040667,4,2,2,0.5,-11053.01,-2763.25,-2683.36,10208.49,-15894.78,-0.7557,-0.2168,-0.0346,0.625,40.0,-1.11,-0.0242,0.0223,2,2,0,0,0,0,0
BELUSDT-RAREUSDT,-0.040742,4,3,1,0.75,-15412.01,-3853.0,4213.6,10183.22,-34022.44,-0.8926,-0.1387,-0.0338,0.547,22.0,-1.54,-0.0287,0.0176,2,1,1,0,0,0,0
ETCUSDT-SUSHIUSDT,-0.040944,4,3,1,0.75,-6564.17,-1641.04,1428.46,3482.82,-12903.91,-0.9162,-0.2812,-0.0139,0.4913,67.0,-0.66,-0.0112,0.0086,2,1,1,0,0,0,0
NEIROUSDT-PNUTUSDT,-0.041476,3,1,2,0.3333,-2969.76,-989.92,-3116.83,4445.24,-4298.16,-0.6249,-0.2215,-0.0066,0.5995,68.0,-0.3,-0.0103,0.0089,1,0,2,0,0,0,0
1MBABYDOGEUSDT-BEAMXUSDT,-0.041702,4,2,2,0.5,-3834.33,-958.58,676.29,5557.23,-10744.14,-0.7976,-0.3043,-0.0141,0.726,46.0,-0.38,-0.0123,0.0096,2,0,2,0,0,0,0
JOEUSDT-NFPUSDT,-0.041967,5,2,3,0.4,-4169.6,-833.92,-1819.48,5344.19,-6622.3,-0.731,-0.3527,-0.0106,0.6267,45.6,-0.42,-0.0104,0.0112,2,0,3,0,0,0,0
CVCUSDT-VANRYUSDT,-0.043177,3,1,2,0.3333,-5742.86,-1914.29,-134.28,14123.98,-19732.57,-0.6169,-0.1418,-0.0231,0.7109,36.0,-0.57,-0.0251,0.0187,1,1,1,0,0,0,0
ARPAUSDT-PHAUSDT,-0.043251,4,2,2,0.5,-11050.41,-2762.6,2262.3,5496.64,-21071.65,-0.7569,-0.3058,-0.0293,0.4802,59.0,-1.11,-0.0277,0.0211,2,0,1,0,1,0,0
CELRUSDT-USTCUSDT,-0.044169,3,2,1,0.6667,-6979.04,-2326.35,708.32,7260.37,-14947.73,-0.8018,-0.2602,-0.0171,0.5331,64.0,-0.7,-0.0207,0.0149,1,0,2,0,0,0,0
AIXBTUSDT-DASHUSDT,-0.044423,3,1,2,0.3333,-7846.92,-2615.64,-4565.32,13519.4,-16801.0,-0.6029,-0.2179,-0.0301,0.6327,53.3,-0.78,-0.0375,0.0227,1,0,2,0,0,0,0
LINKUSDT-TRBUSDT,-0.047165,3,1,2,0.3333,-3658.53,-1219.51,-1225.57,4077.08,-6510.04,-0.7246,-0.2665,-0.01,0.5271,49.3,-0.37,-0.015,0.0078,2,1,0,0,0,0,0
BANANAUSDT-ETHFIUSDT,-0.051074,3,1,2,0.3333,-8756.52,-2918.84,-2988.69,10028.79,-15796.62,-0.7225,-0.437,-0.0198,0.5339,150.7,-0.88,-0.034,0.0178,2,1,0,0,0,0,0
HFTUSDT-REDUSDT,-0.051226,4,2,2,0.5,-11379.35,-2844.84,-3823.55,5891.0,-9623.25,-0.7007,-0.2365,-0.0277,0.376,51.0,-1.14,-0.0308,0.0142,1,1,2,0,0,0,0
ARPAUSDT-STEEMUSDT,-0.052126,3,1,2,0.3333,-9708.3,-3236.1,-4278.11,1001.58,-6431.77,-0.4825,-0.0858,-0.0272,0.0935,20.0,-0.97,-0.03,0.0147,0,0,3,0,0,0,0
C98USDT-PHAUSDT,-0.052267,3,1,2,0.3333,-5641.17,-1880.39,-566.64,7548.54,-12623.07,-0.6447,-0.1598,-0.0125,0.5723,50.7,-0.56,-0.0186,0.0115,1,1,1,0,0,0,0
HIVEUSDT-RAREUSDT,-0.052455,3,2,1,0.6667,-6534.7,-2178.23,2597.8,5650.55,-14783.05,-0.8199,-0.161,-0.0226,0.558,22.7,-0.65,-0.0176,0.0178,1,1,0,0,1,0,0
CELRUSDT-GTCUSDT,-0.054325,3,1,2,0.3333,-4674.11,-1558.04,-2633.71,3112.84,-5153.24,-0.6428,-0.4173,-0.0064,0.3998,82.7,-0.47,-0.0153,0.0048,1,0,2,0,0,0,0
ALICEUSDT-ARKMUSDT,-0.05448,4,3,1,0.75,-15647.71,-3911.93,4459.61,4928.68,-29495.62,-1.0294,-0.1599,-0.0309,0.4695,19.0,-1.56,-0.03,0.014,3,1,0,0,0,0,0
CVCUSDT-ENJUSDT,-0.055046,3,1,2,0.3333,-6049.57,-2016.52,-6331.74,13497.08,-13214.91,-0.6506,-0.1926,-0.0218,0.6905,45.3,-0.6,-0.0247,0.0173,1,1,1,0,0,0,0
SAGAUSDT-TIAUSDT,-0.05811,3,1,2,0.3333,-5644.51,-1881.5,-3268.63,11190.14,-13566.02,-0.6663,-0.1246,-0.0152,0.6647,28.0,-0.56,-0.0199,0.0142,1,1,1,0,0,0,0
ASTRUSDT-IOSTUSDT,-0.058686,3,1,2,0.3333,-7027.22,-2342.41,-572.2,14067.17,-20522.19,-0.6598,-0.1463,-0.0211,0.6669,28.0,-0.7,-0.0246,0.0161,1,0,1,0,0,0,0
STORJUSDT-UMAUSDT,-0.059971,4,2,2,0.5,-9319.12,-2329.78,389.82,6869.36,-16968.11,-0.8222,-0.1695,-0.0215,0.5469,32.0,-0.93,-0.0188,0.014,2,1,1,0,0,0,0
ALTUSDT-ENJUSDT,-0.061146,3,2,1,0.6667,-7645.63,-2548.54,3813.51,5746.71,-17205.85,-0.9475,-0.2174,-0.0172,0.5556,34.7,-0.76,-0.0211,0.0115,2,1,0,0,0,0,0
MEMEUSDT-REZUSDT,-0.062281,4,3,1,0.75,-18693.4,-4673.35,2799.92,8094.9,-32388.13,-0.9377,-0.2836,-0.037,0.4228,68.0,-1.87,-0.0501,0.0136,2,1,1,0,0,0,0
DOGEUSDT-SPELLUSDT,-0.062729,3,1,2,0.3333,-4369.47,-1456.49,-2770.31,6470.79,-8069.95,-0.6828,-0.206,-0.0084,0.5969,38.7,-0.44,-0.0139,0.0077,1,1,1,0,0,0,0
SPELLUSDT-YFIUSDT,-0.064723,3,1,2,0.3333,-6762.77,-2254.26,-1929.79,11375.5,-16208.47,-0.674,-0.0937,-0.0205,0.6272,22.7,-0.68,-0.0222,0.0156,1,1,1,0,0,0,0
ALGOUSDT-SANDUSDT,-0.070332,4,1,3,0.25,-3131.95,-782.99,-943.03,3636.96,-4882.85,-0.6546,-0.2983,-0.0089,0.5373,61.0,-0.31,-0.0084,0.0067,1,1,2,0,0,0,0
LISTAUSDT-WUSDT,-0.073768,3,2,1,0.6667,-4081.13,-1360.38,663.13,1772.43,-6516.69,-0.7852,-0.2163,-0.0106,0.3737,34.7,-0.41,-0.0143,0.0048,0,0,3,0,0,0,0
PIXELUSDT-SEIUSDT,-0.074753,3,2,1,0.6667,-5936.99,-1979.0,407.19,3686.41,-10030.59,-0.8829,-0.3248,-0.0132,0.4081,57.3,-0.59,-0.0171,0.0092,1,0,1,0,0,0,0
STGUSDT-ZROUSDT,-0.075035,5,3,2,0.6,-1945.99,-389.2,151.24,1673.47,-2649.79,-1.0645,-0.263,-0.0032,0.5493,16.0,-0.19,-0.003,0.0026,3,1,1,0,0,0,0
ARPAUSDT-CKBUSDT,-0.07515,3,1,2,0.3333,-6189.7,-2063.23,-5772.67,5905.2,-6322.23,-0.6797,-0.1884,-0.0282,0.4882,52.0,-0.62,-0.0217,0.0168,1,0,2,0,0,0,0
HMSTRUSDT-JASMYUSDT,-0.075394,3,1,2,0.3333,-13591.43,-4530.48,-3609.03,23416.37,-33398.77,-0.6791,-0.0953,-0.0387,0.6327,17.3,-1.36,-0.0436,0.0264,1,1,1,0,0,0,0
AUCTIONUSDT-CRVUSDT,-0.07711,3,1,2,0.3333,-10594.83,-3531.61,-963.57,16433.93,-26065.19,-0.7003,-0.1449,-0.0257,0.608,50.7,-1.06,-0.0312,0.019,1,1,1,0,0,0,0
INJUSDT-UMAUSDT,-0.078235,5,3,2,0.6,-7467.77,-1493.55,2851.06,4443.49,-12787.52,-1.2326,-0.4268,-0.013,0.6004,28.0,-0.75,-0.0145,0.0083,3,1,1,0,0,0,0
PHAUSDT-RSRUSDT,-0.078445,4,2,2,0.5,-7501.76,-1875.44,-1382.16,8951.45,-13688.88,-0.8882,-0.326,-0.0203,0.6675,48.0,-0.75,-0.0233,0.0142,2,1,1,0,0,0,0
CETUSUSDT-SPELLUSDT,-0.078734,4,2,2,0.5,-6499.37,-1624.84,-1233.91,6409.73,-10441.27,-0.8951,-0.2508,-0.0139,0.636,28.0,-0.65,-0.0171,0.0137,2,2,0,0,0,0,0
BELUSDT-TRBUSDT,-0.078931,4,2,2,0.5,-7123.94,-1780.98,-1264.13,6352.75,-10948.42,-0.8999,-0.2316,-0.0112,0.6399,33.0,-0.71,-0.0197,0.0113,2,2,0,0,0,0,0
IDUSDT-LPTUSDT,-0.080134,3,2,1,0.6667,-6567.16,-2189.05,1651.18,4653.22,-12871.56,-1.1499,-0.3736,-0.014,0.4898,77.3,-0.66,-0.0204,0.0094,2,0,1,0,0,0,0
SPELLUSDT-ZILUSDT,-0.080221,3,1,2,0.3333,-5473.3,-1824.43,-1142.71,4874.34,-9204.93,-0.7135,-0.2236,-0.0135,0.4711,37.3,-0.55,-0.0185,0.011,1,1,1,0,0,0,0
AEVOUSDT-ENSUSDT,-0.08176,3,2,1,0.6667,-8096.38,-2698.79,1998.85,5156.18,-15251.41,-1.1012,-0.5365,-0.0159,0.4691,78.7,-0.81,-0.0261,0.0108,2,0,1,0,0,0,0
AEVOUSDT-UMAUSDT,-0.081894,5,2,3,0.4,-7855.45,-1571.09,-4176.09,6158.75,-10562.69,-0.8271,-0.2876,-0.022,0.61,33.6,-0.79,-0.0177,0.0113,2,1,2,0,0,0,0
BMTUSDT-MAGICUSDT,-0.082133,3,2,1,0.6667,-9862.34,-3287.45,4778.71,6953.03,-21594.08,-1.0884,-0.2601,-0.0216,0.5433,57.3,-0.99,-0.024,0.0139,2,1,0,0,0,0,0
DOTUSDT-MTLUSDT,-0.082983,3,2,1,0.6667,-9390.38,-3130.13,4838.06,4893.4,-19121.84,-1.0719,-0.2187,-0.021,0.5089,40.0,-0.94,-0.0214,0.0141,2,1,0,0,0,0,0
FIDAUSDT-WLDUSDT,-0.083383,3,1,2,0.3333,-1918.49,-639.5,-1533.6,4522.38,-4907.27,-0.6599,-0.2534,-0.0061,0.7021,33.3,-0.19,-0.007,0.0074,0,0,3,0,0,0,0
RPLUSDT-SANDUSDT,-0.083446,4,2,2,0.5,-4116.61,-1029.15,-699.35,3496.67,-6214.58,-0.8297,-0.3449,-0.0092,0.4869,37.0,-0.41,-0.009,0.0049,1,0,3,0,0,0,0
FETUSDT-UMAUSDT,-0.084221,3,1,2,0.3333,-4546.7,-1515.57,-5106.5,8138.27,-7578.46,-0.7493,-0.379,-0.0078,0.6416,29.3,-0.45,-0.0166,0.0098,1,0,2,0,0,0,0
COSUSDT-SCRTUSDT,-0.08441,3,2,1,0.6667,-10907.5,-3635.83,3764.63,5295.87,-19967.99,-1.0045,-0.2296,-0.0202,0.4538,60.0,-1.09,-0.0267,0.0111,2,1,0,0,0,0,0
NEIROUSDT-PENGUUSDT,-0.08465,3,1,2,0.3333,-8032.22,-2677.41,-2089.53,9101.17,-15043.87,-0.726,-0.1852,-0.0176,0.5312,37.3,-0.8,-0.0251,0.0124,1,1,1,0,0,0,0
IDUSDT-WUSDT,-0.084754,3,1,2,0.3333,-3279.18,-1093.06,-1856.12,2166.49,-3589.55,-0.6334,-0.2994,-0.0071,0.3978,62.7,-0.33,-0.0069,0.0103,0,0,3,0,0,0,0
IOTXUSDT-RVNUSDT,-0.085556,4,2,2,0.5,-6122.28,-1530.57,-1113.47,6286.57,-10181.91,-0.9089,-0.2628,-0.018,0.6374,43.0,-0.61,-0.0151,0.0121,2,2,0,0,0,0,0
HIVEUSDT-ICXUSDT,-0.08556,3,1,2,0.3333,-2928.03,-976.01,-1502.86,5177.8,-6602.97,-0.7505,-0.1909,-0.0095,0.6388,36.0,-0.29,-0.0098,0.0076,1,1,1,0,0,0,0
FLUXUSDT-HFTUSDT,-0.08604,3,1,2,0.3333,-6497.74,-2165.91,-3011.16,10483.24,-13969.82,-0.7331,-0.1357,-0.0212,0.6174,28.0,-0.65,-0.0231,0.0121,1,1,1,0,0,0,0
AGLDUSDT-SLPUSDT,-0.086165,3,2,1,0.6667,-13465.29,-4488.43,3442.64,10887.96,-27795.89,-1.1063,-0.1971,-0.0278,0.5156,21.3,-1.35,-0.0306,0.0171,2,1,0,0,0,0,0
1000SATSUSDT-ONTUSDT,-0.086512,3,2,1,0.6667,-10997.39,-3665.8,5631.23,5872.89,-22501.51,-1.1925,-0.7289,-0.0282,0.5113,113.3,-1.1,-0.029,0.0173,2,0,0,0,0,0,1
DOGSUSDT-THETAUSDT,-0.086601,3,2,1,0.6667,-12391.61,-4130.54,4267.84,4925.59,-21585.04,-1.1125,-0.2356,-0.0227,0.4259,32.0,-1.24,-0.0303,0.0111,2,1,0,0,0,0,0
OXTUSDT-VTHOUSDT,-0.086645,3,2,1,0.6667,-12174.13,-4058.04,2936.65,4667.3,-19778.08,-1.526,-0.2641,-0.02,0.3845,34.7,-1.22,-0.0218,0.0094,2,1,0,0,0,0,0
AUCTIONUSDT-C98USDT,-0.086754,4,2,2,0.5,-14508.37,-3627.09,-913.23,10979.91,-23661.83,-0.8958,-0.2951,-0.0243,0.5578,86.0,-1.45,-0.0286,0.0215,2,1,1,0,0,0,0
HFTUSDT-JUPUSDT,-0.087736,3,1,2,0.3333,-3766.39,-1255.46,-5998.09,9714.55,-7482.86,-0.7575,-0.2298,-0.0143,0.7206,25.3,-0.38,-0.0144,0.0124,1,0,2,0,0,0,0
KSMUSDT-SEIUSDT,-0.087866,5,3,2,0.6,-4769.79,-953.96,1019.76,3536.54,-7422.32,-0.9698,-0.286,-0.0111,0.5663,26.4,-0.48,-0.0104,0.0058,2,0,3,0,0,0,0
BNTUSDT-USTCUSDT,-0.088669,3,2,1,0.6667,-5744.14,-1914.71,10.64,6687.63,-12442.41,-0.936,-0.4205,-0.0124,0.5383,40.0,-0.57,-0.0166,0.0083,1,0,2,0,0,0,0
TSTUSDT-XLMUSDT,-0.089203,3,1,2,0.3333,-3532.6,-1177.53,-1031.66,4826.31,-7327.26,-0.6588,-0.1089,-0.0101,0.5774,18.7,-0.35,-0.0128,0.0083,0,0,2,0,1,0,0
IMXUSDT-VICUSDT,-0.089298,3,1,2,0.3333,-4028.29,-1342.76,-3945.72,6397.22,-6479.79,-0.7506,-0.2753,-0.0152,0.6136,44.0,-0.4,-0.0121,0.0131,1,0,2,0,0,0,0
METISUSDT-SANDUSDT,-0.089337,4,2,2,0.5,-13635.4,-3408.85,2915.42,9917.44,-29383.68,-0.892,-0.1766,-0.0332,0.5742,39.0,-1.36,-0.0263,0.0183,2,1,1,0,0,0,0
SUSHIUSDT-WOOUSDT,-0.089372,3,1,2,0.3333,-3292.51,-1097.5,-586.49,3167.99,-5874.02,-0.745,-0.122,-0.011,0.4904,10.7,-0.33,-0.0116,0.004,1,1,1,0,0,0,0
JASMYUSDT-XTZUSDT,-0.090727,3,1,2,0.3333,-4184.34,-1394.78,-3833.13,8524.0,-8875.2,-0.7637,-0.2296,-0.0127,0.6707,13.3,-0.42,-0.0138,0.0101,1,1,1,0,0,0,0
CAKEUSDT-KAVAUSDT,-0.091659,5,2,3,0.4,-4172.47,-834.49,-2533.68,5011.92,-5201.36,-0.8196,-0.2155,-0.0089,0.6416,23.2,-0.42,-0.009,0.0059,1,0,4,0,0,0,0
CGPTUSDT-TSTUSDT,-0.093647,4,2,2,0.5,-6366.35,-1591.59,-2310.02,5879.8,-7626.12,-0.9305,-0.3027,-0.0154,0.5823,43.0,-0.64,-0.0168,0.0082,2,1,1,0,0,0,0
COMPUSDT-ORCAUSDT,-0.093722,3,2,1,0.6667,-11883.0,-3961.0,319.37,859.4,-13061.76,-1.3987,-0.409,-0.0146,0.0902,76.0,-1.19,-0.0239,0.0035,2,1,0,0,0,0,0
CFXUSDT-MBOXUSDT,-0.093867,3,1,2,0.3333,-7721.82,-2573.94,-3487.4,3756.97,-7991.4,-0.734,-0.4899,-0.0168,0.3273,157.3,-0.77,-0.022,0.012,1,1,1,0,0,0,0
IDUSDT-STXUSDT,-0.095036,4,2,2,0.5,-7753.2,-1938.3,-309.58,7905.05,-15039.1,-1.0302,-0.4694,-0.0215,0.6122,78.0,-0.78,-0.0199,0.0146,3,0,1,0,0,0,0
ARPAUSDT-CGPTUSDT,-0.096034,7,4,3,0.5714,-11216.3,-1602.33,1870.26,6088.0,-19169.59,-1.1628,-0.4912,-0.0301,0.631,42.9,-1.12,-0.0158,0.0107,3,2,1,0,0,0,0
PHAUSDT-RVNUSDT,-0.096808,3,2,1,0.6667,-4273.07,-1424.36,1185.3,4551.16,-10009.54,-0.9609,-0.2709,-0.0137,0.5731,33.3,-0.43,-0.0108,0.0119,1,1,1,0,0,0,0
AXLUSDT-VANRYUSDT,-0.099712,3,1,2,0.3333,-11018.84,-3672.95,-8030.3,14648.6,-17637.14,-0.7529,-0.2195,-0.0316,0.5707,61.3,-1.1,-0.0297,0.0287,1,1,0,0,0,0,0
HOOKUSDT-KAVAUSDT,-0.101547,3,2,1,0.6667,-27181.17,-9060.39,3218.34,4469.1,-34868.61,-1.2767,-0.2124,-0.0389,0.2205,40.0,-2.72,-0.0451,0.0148,2,1,0,0,0,0,0
IDUSDT-LISTAUSDT,-0.102879,5,3,2,0.6,-8700.2,-1740.04,2606.27,5984.8,-10799.42,-1.4632,-0.554,-0.0208,0.5783,38.4,-0.87,-0.0162,0.0087,2,1,2,0,0,0,0
ONTUSDT-VELODROMEUSDT,-0.103232,3,2,1,0.6667,-33064.46,-11021.49,3211.29,6144.37,-42420.12,-1.481,-0.2289,-0.0423,0.2205,34.7,-3.31,-0.0533,0.0116,2,1,0,0,0,0,0
KAVAUSDT-STRKUSDT,-0.105339,3,2,1,0.6667,-35121.47,-11707.16,4364.45,5470.99,-44956.91,-1.5724,-0.2826,-0.0464,0.2188,54.7,-3.51,-0.0532,0.0139,2,1,0,0,0,0,0
OMUSDT-UMAUSDT,-0.105481,3,1,2,0.3333,-4823.05,-1607.68,-2741.54,3642.09,-5723.6,-0.692,-0.1253,-0.0097,0.4302,18.7,-0.48,-0.0144,0.0065,0,0,2,0,1,0,0
ASTRUSDT-MINAUSDT,-0.105894,3,1,2,0.3333,-5255.51,-1751.84,-3427.22,10419.62,-12247.9,-0.8039,-0.2114,-0.0145,0.6647,33.3,-0.53,-0.0181,0.0148,1,1,1,0,0,0,0
ILVUSDT-NILUSDT,-0.106122,3,2,1,0.6667,-37912.92,-12637.64,5775.09,7641.82,-51329.84,-1.6482,-0.2254,-0.0508,0.2614,25.3,-3.79,-0.0572,0.0157,2,1,0,0,0,0,0
KAITOUSDT-RSRUSDT,-0.106222,4,2,2,0.5,-15473.51,-3868.38,-376.63,17085.48,-31805.72,-0.921,-0.382,-0.0533,0.6751,53.0,-1.55,-0.0471,0.034,2,0,2,0,0,0,0
CTSIUSDT-RPLUSDT,-0.108976,3,1,2,0.3333,-2932.48,-977.49,-1627.9,1949.99,-3254.57,-0.7028,-0.2945,-0.007,0.3994,25.3,-0.29,-0.0049,0.01,0,0,3,0,0,0,0
TRUMPUSDT-ZROUSDT,-0.111678,3,2,1,0.6667,-5719.64,-1906.55,1867.46,4737.82,-12324.92,-1.0036,-0.2698,-0.0135,0.5359,40.0,-0.57,-0.0146,0.009,1,0,2,0,0,0,0
AIXBTUSDT-EIGENUSDT,-0.111866,4,3,1,0.75,-21356.5,-5339.13,1101.3,6174.5,-29733.61,-1.2512,-0.3032,-0.0331,0.2817,58.0,-2.14,-0.0292,0.0135,1,1,2,0,0,0,0
JOEUSDT-TRUUSDT,-0.112813,3,2,1,0.6667,-5504.76,-1834.92,219.93,4330.49,-10055.18,-1.141,-0.2836,-0.0102,0.4525,40.0,-0.55,-0.0122,0.0072,1,1,1,0,0,0,0
ICPUSDT-PIXELUSDT,-0.114177,3,1,2,0.3333,-10393.21,-3464.4,-4087.17,15014.04,-21320.09,-0.8106,-0.1396,-0.0214,0.5909,30.7,-1.04,-0.0277,0.0172,1,1,1,0,0,0,0
CVCUSDT-KAIAUSDT,-0.115428,3,1,2,0.3333,-14080.17,-4693.39,-1929.31,17020.88,-29171.75,-0.7888,-0.2592,-0.0363,0.5473,122.7,-1.41,-0.0343,0.0368,1,1,1,0,0,0,0
BOMEUSDT-DOGEUSDT,-0.115458,4,2,2,0.5,-4722.89,-1180.72,293.71,3809.96,-9120.27,-1.0192,-0.346,-0.0117,0.6034,50.0,-0.47,-0.0113,0.0094,2,1,1,0,0,0,0
ANKRUSDT-VETUSDT,-0.115905,4,2,2,0.5,-4821.66,-1205.41,-251.34,4381.67,-8700.65,-1.02,-0.4102,-0.013,0.6092,48.0,-0.48,-0.0111,0.0077,2,0,2,0,0,0,0
QTUMUSDT-SAGAUSDT,-0.117433,3,2,1,0.6667,-9541.73,-3180.58,929.12,5510.52,-15981.37,-1.0166,-0.3603,-0.0162,0.4029,52.0,-0.95,-0.0272,0.01,1,0,1,0,0,0,0
ARUSDT-STXUSDT,-0.118558,4,2,2,0.5,-8734.36,-2183.59,-727.28,5936.33,-13216.15,-1.0031,-0.2045,-0.0155,0.5661,26.0,-0.87,-0.018,0.0114,2,2,0,0,0,0,0
BELUSDT-CHRUSDT,-0.118915,5,2,3,0.4,-5624.42,-1124.88,-724.36,3699.04,-7788.5,-0.938,-0.2922,-0.0142,0.5471,22.4,-0.56,-0.0125,0.0058,2,1,2,0,0,0,0
ETCUSDT-NEARUSDT,-0.119452,7,3,4,0.4286,-8844.16,-1263.45,-2750.59,4127.13,-8987.64,-1.4271,-0.3478,-0.0137,0.5397,20.6,-0.88,-0.0099,0.0058,3,1,3,0,0,0,0
ALGOUSDT-AVAUSDT,-0.119597,3,1,2,0.3333,-4248.68,-1416.23,-4541.08,5676.75,-5384.35,-0.8435,-0.4272,-0.008,0.5719,62.7,-0.42,-0.0109,0.0108,1,0,2,0,0,0,0
MBOXUSDT-RSRUSDT,-0.120399,5,1,4,0.2,-8268.64,-1653.73,-3717.06,7354.87,-5727.02,-0.7561,-0.3085,-0.0194,0.4708,38.4,-0.83,-0.0134,0.01,1,0,4,0,0,0,0
AVAUSDT-CELRUSDT,-0.120788,3,2,1,0.6667,-8744.76,-2914.92,139.89,3441.85,-12326.5,-1.5315,-0.6917,-0.0154,0.2906,56.0,-0.87,-0.0168,0.0095,1,0,2,0,0,0,0
KNCUSDT-PEOPLEUSDT,-0.120843,4,2,2,0.5,-10179.84,-2544.96,-440.03,4995.7,-14295.48,-1.4776,-0.545,-0.0144,0.4813,53.0,-1.02,-0.0201,0.0087,2,0,2,0,0,0,0
ARPAUSDT-CETUSUSDT,-0.121146,3,1,2,0.3333,-3796.56,-1265.52,-1488.23,6369.89,-8678.22,-0.8454,-0.3037,-0.0134,0.6266,50.7,-0.38,-0.0122,0.0128,1,1,0,0,0,0,0
GASUSDT-NEOUSDT,-0.121697,3,2,1,0.6667,-9414.69,-3138.23,641.0,2719.0,-12774.69,-1.4624,-0.2424,-0.0154,0.263,24.0,-0.94,-0.0169,0.0069,1,0,1,0,0,0,0
HIVEUSDT-IMXUSDT,-0.121887,4,2,2,0.5,-11247.0,-2811.75,772.03,6588.69,-19379.75,-1.1851,-0.2631,-0.0197,0.5302,27.0,-1.12,-0.0226,0.0112,2,0,2,0,0,0,0
ANKRUSDT-PYTHUSDT,-0.122316,4,2,2,0.5,-12412.07,-3103.02,-2352.18,6505.55,-14213.26,-1.3958,-0.4374,-0.0181,0.4931,52.0,-1.24,-0.0245,0.0112,2,0,2,0,0,0,0
ARUSDT-CHRUSDT,-0.12278,3,0,3,0.0,-1833.28,-611.09,-741.65,-221.09,-870.54,-0.5165,-0.1478,-0.0051,0.0,20.0,-0.18,-0.0059,0.0053,0,0,3,0,0,0,0
RSRUSDT-VANAUSDT,-0.123535,4,2,2,0.5,-11054.88,-2763.72,-875.26,7066.91,-16371.26,-1.5179,-0.5159,-0.0246,0.5538,36.0,-1.11,-0.0213,0.0121,2,1,1,0,0,0,0
ATOMUSDT-NFPUSDT,-0.124007,4,2,2,0.5,-9651.65,-2412.91,-653.14,6408.09,-14753.45,-1.3134,-0.3826,-0.0242,0.5337,37.0,-0.97,-0.0209,0.0132,2,1,1,0,0,0,0
IDUSDT-WOOUSDT,-0.124601,6,3,3,0.5,-11657.63,-1942.94,-1865.49,7058.37,-13057.61,-1.4978,-0.5549,-0.0209,0.5262,39.3,-1.17,-0.0145,0.0097,2,1,3,0,0,0,0
HIVEUSDT-NFPUSDT,-0.124629,6,3,3,0.5,-13725.2,-2287.53,-1115.57,7594.48,-14673.79,-0.9909,-0.4658,-0.0243,0.4799,62.0,-1.37,-0.0186,0.0181,2,2,1,0,0,0,0
AUCTIONUSDT-ZKUSDT,-0.12467,3,1,2,0.3333,-13402.22,-4467.41,-278.11,15811.08,-28935.19,-0.8254,-0.1419,-0.0287,0.5412,36.0,-1.34,-0.0325,0.022,1,1,1,0,0,0,0
API3USDT-REDUSDT,-0.127049,3,2,1,0.6667,-18568.58,-6189.53,3083.26,4561.86,-26213.7,-1.178,-0.2539,-0.028,0.2916,46.7,-1.86,-0.032,0.0177,1,1,1,0,0,0,0
C98USDT-MINAUSDT,-0.127273,4,2,2,0.5,-18881.76,-4720.44,-2774.07,7413.56,-20747.17,-1.4066,-0.3715,-0.0231,0.42,53.0,-1.89,-0.029,0.015,2,1,1,0,0,0,0
EGLDUSDT-FLUXUSDT,-0.127373,4,2,2,0.5,-13231.11,-3307.78,-2930.89,5798.31,-13167.65,-1.5003,-0.4072,-0.0222,0.4029,34.0,-1.32,-0.0222,0.0084,2,1,1,0,0,0,0
BROCCOLI714USDT-CELRUSDT,-0.127951,6,4,2,0.6667,-258341.97,-43056.99,5527.03,13605.93,-285668.1,-1.6832,-0.3937,-0.2847,0.1115,46.7,-25.83,-0.1712,0.023,3,0,2,0,0,1,0
THETAUSDT-UMAUSDT,-0.128611,3,1,2,0.3333,-4989.14,-1663.05,-3813.08,3959.62,-5135.68,-0.8481,-0.2196,-0.0142,0.4425,26.7,-0.5,-0.0167,0.0092,1,0,2,0,0,0,0
AUCTIONUSDT-ENSUSDT,-0.129788,4,2,2,0.5,-21187.53,-5296.88,-3355.44,11466.22,-25942.86,-1.1884,-0.3864,-0.0272,0.4055,76.0,-2.12,-0.0361,0.0183,2,1,1,0,0,0,0
BROCCOLI714USDT-UMAUSDT,-0.129856,6,4,2,0.6667,-272584.1,-45430.68,2678.43,6677.68,-284131.66,-1.8022,-0.3987,-0.287,0.0543,40.0,-27.26,-0.1685,0.0104,3,0,2,0,0,1,0
IDUSDT-RENDERUSDT,-0.131167,4,1,3,0.25,-5434.88,-1358.72,-4431.52,10762.71,-7334.56,-0.8367,-0.3135,-0.0116,0.6645,34.0,-0.54,-0.0134,0.0114,1,1,2,0,0,0,0
AXLUSDT-CETUSUSDT,-0.13289,3,1,2,0.3333,-11132.6,-3710.87,-3131.19,10066.68,-18068.09,-0.8474,-0.205,-0.0254,0.4749,48.0,-1.11,-0.0273,0.0247,1,1,1,0,0,0,0
SEIUSDT-UNIUSDT,-0.133462,4,2,2,0.5,-23737.98,-5934.49,-1241.02,5809.51,-27065.45,-1.6297,-0.3074,-0.0282,0.3094,32.0,-2.37,-0.031,0.0105,2,1,1,0,0,0,0
STEEMUSDT-VETUSDT,-0.134571,6,3,3,0.5,-27622.34,-4603.72,-3157.73,13822.85,-33287.88,-1.3568,-0.2511,-0.035,0.4375,19.3,-2.76,-0.0272,0.0163,2,3,1,0,0,0,0
ICPUSDT-JASMYUSDT,-0.135821,3,2,1,0.6667,-23670.1,-7890.03,2832.88,7627.23,-34130.21,-1.6685,-0.3902,-0.0465,0.3065,34.7,-2.37,-0.0492,0.0168,1,1,0,0,1,0,0
ARKUSDT-BROCCOLI714USDT,-0.13641,3,2,1,0.6667,-224367.04,-74789.01,5250.26,17224.65,-246841.95,-1.6953,-0.3568,-0.2478,0.091,74.7,-22.44,-0.282,0.0287,2,0,0,0,0,1,0
ARUSDT-BROCCOLI714USDT,-0.137036,3,2,1,0.6667,-282502.77,-94167.59,8920.53,13087.34,-304510.64,-1.7559,-0.239,-0.3024,0.0723,30.7,-28.25,-0.3429,0.0291,2,0,0,0,0,1,0
BOMEUSDT-TLMUSDT,-0.137648,3,2,1,0.6667,-34323.41,-11441.14,2223.31,9798.9,-46345.62,-1.5041,-0.2634,-0.047,0.2594,33.3,-3.43,-0.053,0.0158,1,1,1,0,0,0,0
ALTUSDT-BROCCOLI714USDT,-0.137751,3,2,1,0.6667,-264182.47,-88060.82,6322.07,7821.43,-278325.97,-1.809,-0.3405,-0.2776,0.0508,53.3,-26.42,-0.3195,0.0185,2,0,0,0,0,1,0
BROCCOLI714USDT-NEOUSDT,-0.137912,3,2,1,0.6667,-288980.75,-96326.92,6634.1,7302.29,-302917.15,-1.8153,-0.3248,-0.3014,0.046,41.3,-28.9,-0.3471,0.0165,2,0,0,0,0,1,0
BROCCOLI714USDT-STXUSDT,-0.137984,3,2,1,0.6667,-314295.36,-104765.12,5341.49,9063.63,-328700.48,-1.8142,-0.3248,-0.3275,0.0438,50.7,-31.43,-0.3792,0.0186,2,0,0,0,0,1,0
AEVOUSDT-BROCCOLI714USDT,-0.138131,3,2,1,0.6667,-295886.19,-98628.73,4908.62,7239.34,-308034.14,-1.8031,-0.2091,-0.3098,0.0394,22.7,-29.59,-0.3451,0.0195,2,0,0,0,0,1,0
TURBOUSDT-WLDUSDT,-0.13815,3,0,3,0.0,-3426.66,-1142.22,-1150.29,-95.49,-2180.87,-0.5501,-0.1411,-0.0123,0.0,40.0,-0.34,-0.0125,0.004,0,0,3,0,0,0,0
BELUSDT-BROCCOLI714USDT,-0.139418,5,3,2,0.6,-248871.05,-49774.21,5925.72,6441.68,-267265.15,-1.7562,-0.2032,-0.2648,0.0695,15.2,-24.89,-0.1798,0.0133,3,0,1,0,0,1,0
1INCHUSDT-SKLUSDT,-0.140821,5,2,3,0.4,-9299.98,-1860.0,-117.37,7619.15,-16083.41,-0.932,-0.2469,-0.0198,0.5107,37.6,-0.93,-0.017,0.0094,1,1,3,0,0,0,0
CFXUSDT-DOTUSDT,-0.1436,5,2,3,0.4,-4782.07,-956.41,-764.7,6797.7,-8042.26,-0.9614,-0.3381,-0.0118,0.6158,27.2,-0.48,-0.009,0.0076,1,1,3,0,0,0,0
IOSTUSDT-PORTALUSDT,-0.144105,3,1,2,0.3333,-10209.23,-3403.08,-853.83,7374.51,-16729.91,-0.8856,-0.235,-0.0174,0.4194,50.7,-1.02,-0.0266,0.0148,1,1,1,0,0,0,0
STGUSDT-YFIUSDT,-0.144127,3,1,2,0.3333,-7243.84,-2414.61,-3263.25,8364.69,-12345.28,-0.8986,-0.1114,-0.0161,0.5359,6.7,-0.72,-0.0172,0.0099,1,1,1,0,0,0,0
CHRUSDT-TWTUSDT,-0.14561,4,2,2,0.5,-6456.85,-1614.21,-2447.3,5429.62,-6991.87,-1.1925,-0.4592,-0.0127,0.4636,47.0,-0.65,-0.0149,0.0056,1,0,3,0,0,0,0
BNTUSDT-SOLUSDT,-0.146823,4,2,2,0.5,-6306.68,-1576.67,-2615.16,4310.26,-5386.62,-1.4451,-0.6774,-0.0115,0.4094,33.0,-0.63,-0.0091,0.0053,1,0,3,0,0,0,0
BNTUSDT-XLMUSDT,-0.148094,4,1,3,0.25,-4733.09,-1183.27,-1187.88,4329.93,-6687.26,-0.8679,-0.2955,-0.0111,0.4778,39.0,-0.47,-0.0115,0.0075,1,1,2,0,0,0,0
ARKUSDT-INJUSDT,-0.148261,5,2,3,0.4,-14982.01,-2996.4,-2436.59,7472.83,-13714.96,-1.6468,-0.7518,-0.0249,0.4784,51.2,-1.5,-0.0219,0.0158,2,0,3,0,0,0,0
LSKUSDT-VETUSDT,-0.148802,4,2,2,0.5,-8690.8,-2172.7,-2320.24,5543.22,-9593.54,-1.4276,-0.5757,-0.0143,0.3909,40.0,-0.87,-0.0155,0.0086,1,1,2,0,0,0,0
JOEUSDT-NEOUSDT,-0.149134,3,1,2,0.3333,-4405.81,-1468.6,-1790.1,4697.75,-7313.46,-0.9209,-0.2002,-0.0092,0.516,22.7,-0.44,-0.0136,0.0082,1,1,1,0,0,0,0
GPSUSDT-QTUMUSDT,-0.150518,3,2,1,0.6667,-14252.32,-4750.77,726.61,11261.11,-26240.04,-0.9874,-0.1556,-0.0281,0.4568,28.0,-1.43,-0.0309,0.0167,0,1,0,0,2,0,0
SANTOSUSDT-TRXUSDT,-0.150677,3,1,2,0.3333,-5516.68,-1838.89,-4112.35,5158.47,-6562.8,-0.8235,-0.1631,-0.0116,0.4832,25.3,-0.55,-0.0123,0.0126,0,0,3,0,0,0,0
COSUSDT-WLDUSDT,-0.151683,4,2,2,0.5,-13999.95,-3499.99,-3570.85,6727.28,-13585.53,-1.9457,-0.7244,-0.0164,0.3371,60.0,-1.4,-0.0172,0.0126,1,1,2,0,0,0,0
ARKUSDT-SPELLUSDT,-0.152048,5,2,3,0.4,-20818.01,-4163.6,-1126.48,6131.21,-21135.49,-2.2152,-0.507,-0.0231,0.3377,32.0,-2.08,-0.0218,0.0082,2,1,2,0,0,0,0
1000SATSUSDT-IOSTUSDT,-0.152502,3,1,2,0.3333,-9603.26,-3201.09,-1917.71,10857.16,-18542.71,-0.9101,-0.1473,-0.0244,0.5306,18.7,-0.96,-0.0281,0.0172,1,1,1,0,0,0,0
LUMIAUSDT-REZUSDT,-0.153437,5,2,3,0.4,-6183.56,-1236.71,-3213.67,7223.59,-6652.54,-0.9825,-0.2229,-0.0152,0.5927,26.4,-0.62,-0.0116,0.0082,1,1,2,0,0,0,0
CGPTUSDT-SLPUSDT,-0.153696,3,2,1,0.6667,-5616.6,-1872.2,231.22,1068.18,-6916.01,-1.2529,-0.788,-0.0077,0.1879,57.3,-0.56,-0.0077,0.0088,0,0,3,0,0,0,0
AVAXUSDT-XAIUSDT,-0.153841,3,1,2,0.3333,-10004.96,-3334.99,-1954.31,8224.52,-16275.17,-0.915,-0.1523,-0.0184,0.4512,17.3,-1.0,-0.026,0.0096,1,1,1,0,0,0,0
COMPUSDT-HFTUSDT,-0.154547,5,2,3,0.4,-19037.12,-3807.42,-5663.1,8108.46,-13837.53,-2.2478,-1.0507,-0.0296,0.3589,47.2,-1.9,-0.021,0.0112,2,1,2,0,0,0,0
NEARUSDT-WOOUSDT,-0.15474,3,1,2,0.3333,-4901.96,-1633.99,-2412.91,4330.27,-6819.32,-0.9344,-0.2343,-0.0077,0.469,30.7,-0.49,-0.0166,0.0056,1,0,2,0,0,0,0
ARPAUSDT-HOOKUSDT,-0.154832,4,2,2,0.5,-14000.65,-3500.16,-2108.32,5963.03,-15747.04,-1.6762,-0.5756,-0.0241,0.3572,70.0,-1.4,-0.0209,0.0092,1,1,2,0,0,0,0
ARPAUSDT-SYSUSDT,-0.155026,4,2,2,0.5,-15521.07,-3880.27,-454.22,6807.2,-21419.84,-1.8285,-0.5803,-0.0289,0.4243,53.0,-1.55,-0.0233,0.0123,1,1,2,0,0,0,0
GMTUSDT-MBOXUSDT,-0.156249,5,2,3,0.4,-20397.84,-4079.57,-557.6,5005.97,-20268.6,-1.5496,-0.3839,-0.0309,0.3284,39.2,-2.04,-0.0243,0.0097,2,1,2,0,0,0,0
KNCUSDT-SUSDT,-0.156551,6,2,4,0.3333,-10674.51,-1779.08,-1978.8,7947.93,-11382.76,-1.1647,-0.3379,-0.0224,0.5891,27.3,-1.07,-0.0158,0.0123,2,0,4,0,0,0,0
AEVOUSDT-SPELLUSDT,-0.157656,4,2,2,0.5,-17329.01,-4332.25,-3987.54,5395.49,-14749.42,-2.311,-0.4756,-0.0228,0.2539,15.0,-1.73,-0.0199,0.0056,1,2,1,0,0,0,0
ATAUSDT-HIVEUSDT,-0.157708,4,1,3,0.25,-7026.38,-1756.6,-1892.26,1560.53,-4802.39,-0.7885,-0.2531,-0.0162,0.1817,34.0,-0.7,-0.017,0.0094,0,0,4,0,0,0,0
AIUSDT-SEIUSDT,-0.15822,5,2,3,0.4,-6719.6,-1343.92,-4585.55,5143.13,-6233.55,-1.2639,-0.52,-0.012,0.5847,36.8,-0.67,-0.0122,0.0101,1,0,4,0,0,0,0
ARKUSDT-PENGUUSDT,-0.158444,3,2,1,0.6667,-16306.04,-5435.35,1788.61,4684.12,-22778.77,-2.0725,-0.9267,-0.0236,0.2842,88.0,-1.63,-0.0262,0.0143,0,1,2,0,0,0,0
HFTUSDT-TRBUSDT,-0.159703,3,1,2,0.3333,-7887.67,-2629.22,-826.6,165.64,-7226.71,-0.9941,-0.3774,-0.0126,0.0206,65.3,-0.79,-0.0236,0.0066,2,0,1,0,0,0,0
ICPUSDT-MINAUSDT,-0.163001,3,2,1,0.6667,-17054.42,-5684.81,163.55,2055.85,-19273.83,-1.8096,-0.2345,-0.0215,0.1152,16.0,-1.71,-0.0234,0.0046,0,1,2,0,0,0,0
1000CATUSDT-ILVUSDT,-0.163671,3,2,1,0.6667,-10151.68,-3383.89,87.98,240.37,-10480.04,-1.4278,-0.3951,-0.0172,0.0313,33.3,-1.02,-0.0153,0.0081,0,1,2,0,0,0,0
ASTRUSDT-CHRUSDT,-0.164461,6,2,4,0.3333,-17810.51,-2968.42,-3184.08,5129.63,-12857.39,-2.0372,-0.5397,-0.0206,0.3259,25.3,-1.78,-0.0186,0.0078,2,2,2,0,0,0,0
GALAUSDT-SPELLUSDT,-0.165614,4,2,2,0.5,-26249.11,-6562.28,-6996.07,5092.09,-17349.07,-2.1098,-0.851,-0.0334,0.1733,111.0,-2.62,-0.0284,0.0128,1,2,0,0,1,0,0
IOTAUSDT-TLMUSDT,-0.165963,3,1,2,0.3333,-10158.0,-3386.0,-3247.24,10622.45,-17533.2,-0.9424,-0.1903,-0.0274,0.5112,42.7,-1.02,-0.0243,0.0187,1,0,2,0,0,0,0
ADAUSDT-CKBUSDT,-0.16629,3,1,2,0.3333,-4474.77,-1491.59,-3647.0,4048.3,-4876.07,-0.9688,-0.5355,-0.0072,0.475,54.7,-0.45,-0.0108,0.0071,1,0,2,0,0,0,0
SAGAUSDT-TLMUSDT,-0.168206,4,2,2,0.5,-39861.74,-9965.44,-2327.57,9688.19,-44894.79,-1.5709,-0.3004,-0.0461,0.2859,31.0,-3.99,-0.0461,0.0232,1,2,0,0,1,0,0
API3USDT-RENDERUSDT,-0.169148,3,1,2,0.3333,-6392.71,-2130.9,-1798.51,1124.48,-5718.67,-0.9439,-0.2825,-0.0086,0.1496,46.7,-0.64,-0.0188,0.0032,1,0,2,0,0,0,0
RAREUSDT-VANRYUSDT,-0.169399,3,1,2,0.3333,-6443.05,-2147.68,-2990.97,762.8,-4214.88,-0.8339,-0.2518,-0.0166,0.1059,36.0,-0.64,-0.009,0.0157,0,0,2,0,0,0,0
ARKUSDT-HFTUSDT,-0.169485,4,1,3,0.25,-7600.83,-1900.21,-4520.88,9766.28,-8325.35,-0.9297,-0.4699,-0.0163,0.5623,54.0,-0.76,-0.015,0.014,1,0,3,0,0,0,0
ANKRUSDT-VICUSDT,-0.169744,4,2,2,0.5,-5421.06,-1355.27,221.66,3177.54,-9041.91,-1.0526,-0.1471,-0.0104,0.4552,16.0,-0.54,-0.008,0.006,0,1,3,0,0,0,0
BANANAUSDT-WLDUSDT,-0.170819,5,2,3,0.4,-18420.45,-3684.09,-4961.18,9718.81,-12551.77,-1.7551,-1.2052,-0.0221,0.3593,101.6,-1.84,-0.0217,0.0158,1,0,4,0,0,0,0
TRUMPUSDT-ZKUSDT,-0.171027,4,2,2,0.5,-33857.39,-8464.35,-4352.64,4174.93,-29327.05,-3.0947,-0.7273,-0.0405,0.1178,41.0,-3.39,-0.0317,0.0068,1,1,2,0,0,0,0
BROCCOLI714USDT-PYTHUSDT,-0.171341,3,2,1,0.6667,-309568.03,-103189.34,6356.48,7592.8,-323517.3,-1.8222,-0.2796,-0.3227,0.0431,38.7,-30.96,-0.3685,0.0185,1,0,1,0,0,1,0
OGNUSDT-STXUSDT,-0.172708,3,1,2,0.3333,-3027.78,-1009.26,-1395.08,5119.51,-6752.21,-1.1764,-0.2778,-0.0084,0.6284,25.3,-0.3,-0.0085,0.0066,1,0,2,0,0,0,0
BICOUSDT-ILVUSDT,-0.172819,3,1,2,0.3333,-2123.86,-707.95,-1359.62,2904.81,-3669.04,-1.1576,-0.2198,-0.0053,0.5776,16.0,-0.21,-0.0051,0.0037,1,0,2,0,0,0,0
COMPUSDT-VANAUSDT,-0.173932,5,2,3,0.4,-22195.36,-4439.07,-4745.53,11057.26,-21292.03,-1.9883,-0.5288,-0.0333,0.4328,25.6,-2.22,-0.0272,0.0129,1,2,2,0,0,0,0
AEVOUSDT-IMXUSDT,-0.175227,5,2,3,0.4,-17829.49,-3565.9,-871.42,8154.41,-21068.15,-1.6,-0.7424,-0.0289,0.3294,74.4,-1.78,-0.0195,0.016,1,1,3,0,0,0,0
AVAXUSDT-RVNUSDT,-0.175248,3,1,2,0.3333,-5022.86,-1674.29,-2784.6,6342.83,-8581.08,-1.315,-0.4034,-0.0088,0.5581,33.3,-0.5,-0.0121,0.009,1,1,1,0,0,0,0
FIDAUSDT-XRPUSDT,-0.176103,3,1,2,0.3333,-4321.34,-1440.45,-3665.92,5618.5,-6273.93,-1.1178,-0.3619,-0.011,0.5653,37.3,-0.43,-0.0129,0.007,1,0,2,0,0,0,0
SPELLUSDT-STXUSDT,-0.176722,3,1,2,0.3333,-8976.72,-2992.24,-10391.24,12095.2,-10680.68,-1.1873,-0.267,-0.0128,0.574,14.7,-0.9,-0.0251,0.0139,1,2,0,0,0,0,0
THETAUSDT-USTCUSDT,-0.177095,3,1,2,0.3333,-4567.38,-1522.46,-794.24,4928.5,-8701.64,-1.3302,-0.3931,-0.0099,0.519,38.7,-0.46,-0.0103,0.0086,1,0,2,0,0,0,0
KAVAUSDT-ONEUSDT,-0.17723,4,2,2,0.5,-5866.05,-1466.51,322.7,938.84,-7450.29,-1.1729,-0.4045,-0.0104,0.2308,27.0,-0.59,-0.0112,0.0059,0,0,4,0,0,0,0
SUSDT-VICUSDT,-0.177576,3,1,2,0.3333,-5975.13,-1991.71,-4424.97,7747.22,-9297.38,-1.1165,-0.388,-0.0139,0.5646,29.3,-0.6,-0.0181,0.0113,1,0,2,0,0,0,0
IMXUSDT-KSMUSDT,-0.178633,3,1,2,0.3333,-4613.77,-1537.92,-3169.19,3971.59,-5416.17,-1.4402,-0.4482,-0.0092,0.4626,29.3,-0.46,-0.0123,0.0051,1,0,2,0,0,0,0
PHBUSDT-REDUSDT,-0.179052,4,2,2,0.5,-12135.68,-3033.92,-443.9,3015.05,-14262.93,-1.411,-0.3032,-0.0191,0.3053,33.0,-1.21,-0.0149,0.0089,0,0,4,0,0,0,0
MOVRUSDT-SNXUSDT,-0.179066,3,1,2,0.3333,-6986.67,-2328.89,-5047.53,8375.28,-10314.42,-1.0119,-0.2166,-0.0156,0.5452,37.3,-0.7,-0.0176,0.0123,1,1,1,0,0,0,0
COMPUSDT-DOTUSDT,-0.179252,3,1,2,0.3333,-5470.0,-1823.33,-1801.04,4687.77,-8356.72,-1.0524,-0.4064,-0.0104,0.4615,53.3,-0.55,-0.0124,0.0067,1,1,1,0,0,0,0
LPTUSDT-OXTUSDT,-0.179391,3,1,2,0.3333,-5167.69,-1722.56,-447.12,4318.16,-9038.73,-1.3149,-0.2126,-0.0102,0.4552,10.7,-0.52,-0.0124,0.0053,1,1,0,0,0,0,0
PENDLEUSDT-SKLUSDT,-0.179837,3,1,2,0.3333,-7980.07,-2660.02,-2502.97,9766.67,-15243.77,-1.1356,-0.4214,-0.0175,0.5503,34.7,-0.8,-0.0219,0.013,1,0,2,0,0,0,0
ONTUSDT-RSRUSDT,-0.180002,3,1,2,0.3333,-7835.98,-2611.99,-4141.58,5869.2,-9563.59,-1.215,-0.1514,-0.0097,0.4282,14.7,-0.78,-0.0152,0.0094,1,1,1,0,0,0,0
COSUSDT-ENJUSDT,-0.180074,3,1,2,0.3333,-7124.33,-2374.78,-6974.13,6953.79,-7103.99,-1.6644,-0.4812,-0.0142,0.4939,33.3,-0.71,-0.0151,0.0086,1,1,1,0,0,0,0
TLMUSDT-WLDUSDT,-0.18085,4,2,2,0.5,-53243.94,-13310.98,-7672.31,5705.93,-43605.24,-2.1847,-0.5547,-0.0611,0.1317,68.0,-5.32,-0.0523,0.013,1,1,2,0,0,0,0
ALTUSDT-SNXUSDT,-0.181017,3,1,2,0.3333,-7074.84,-2358.28,-5484.99,7101.18,-8691.03,-1.015,-0.3619,-0.0165,0.5009,50.7,-0.71,-0.0195,0.0142,1,0,2,0,0,0,0
AUCTIONUSDT-RPLUSDT,-0.181466,3,1,2,0.3333,-10210.84,-3403.61,-5573.38,6770.84,-11408.3,-0.9799,-0.3355,-0.0247,0.3987,66.7,-1.02,-0.027,0.0141,1,0,2,0,0,0,0
BELUSDT-XAIUSDT,-0.181514,3,1,2,0.3333,-7821.14,-2607.05,-2432.42,5316.46,-10705.19,-1.44,-0.2747,-0.0111,0.4047,25.3,-0.78,-0.015,0.0083,1,1,1,0,0,0,0
BANANAUSDT-MOVRUSDT,-0.181841,3,1,2,0.3333,-7712.14,-2570.71,-5935.55,6864.47,-8641.06,-1.2263,-0.3056,-0.0162,0.4709,32.0,-0.77,-0.019,0.0125,1,0,2,0,0,0,0
CETUSUSDT-TSTUSDT,-0.182122,3,1,2,0.3333,-8018.96,-2672.99,-3024.96,6099.65,-11093.65,-1.7151,-0.3455,-0.0142,0.432,21.3,-0.8,-0.0152,0.0088,1,1,1,0,0,0,0
CAKEUSDT-COOKIEUSDT,-0.182623,3,1,2,0.3333,-10322.35,-3440.78,-5253.16,12834.61,-17903.81,-1.0754,-0.2182,-0.0233,0.5542,32.0,-1.03,-0.0252,0.0194,1,1,1,0,0,0,0
MBOXUSDT-PIXELUSDT,-0.182686,3,1,2,0.3333,-7200.03,-2400.01,-5864.19,4715.89,-6051.73,-1.4589,-0.5942,-0.0129,0.3958,89.3,-0.72,-0.0141,0.0091,1,1,1,0,0,0,0
CRVUSDT-VANAUSDT,-0.18302,3,1,2,0.3333,-9963.07,-3321.02,-5825.11,7511.57,-11649.53,-1.56,-0.3511,-0.0158,0.4299,21.3,-1.0,-0.0189,0.0137,1,1,1,0,0,0,0
AXLUSDT-BANDUSDT,-0.183311,3,1,2,0.3333,-11212.17,-3737.39,-8412.73,6096.51,-8895.95,-2.017,-0.3119,-0.0112,0.3522,13.3,-1.12,-0.0187,0.007,1,1,1,0,0,0,0
LRCUSDT-USTCUSDT,-0.183481,3,1,2,0.3333,-8738.52,-2912.84,-4909.62,4972.16,-8801.06,-1.4708,-0.3352,-0.0122,0.3626,37.3,-0.87,-0.0188,0.0071,1,0,2,0,0,0,0
1MBABYDOGEUSDT-DIAUSDT,-0.183504,3,1,2,0.3333,-8409.19,-2803.06,-3522.75,5907.19,-10793.63,-1.6921,-0.4053,-0.0156,0.4126,32.0,-0.84,-0.0194,0.0075,1,0,2,0,0,0,0
COMPUSDT-NEARUSDT,-0.183738,3,1,2,0.3333,-9713.39,-3237.8,-6363.18,5367.5,-8717.7,-1.5982,-0.4183,-0.0123,0.3559,20.0,-0.97,-0.0174,0.0086,1,1,1,0,0,0,0
STORJUSDT-TUTUSDT,-0.183809,3,1,2,0.3333,-7851.79,-2617.26,-6114.52,4894.19,-6631.47,-1.1105,-0.2818,-0.0143,0.384,41.3,-0.79,-0.0168,0.0097,1,0,2,0,0,0,0
ARPAUSDT-ICXUSDT,-0.184076,3,1,2,0.3333,-12776.03,-4258.68,-5909.07,8022.46,-14889.42,-2.0295,-0.4309,-0.015,0.3857,30.7,-1.28,-0.0226,0.0106,1,1,1,0,0,0,0
COSUSDT-IOTAUSDT,-0.184132,3,1,2,0.3333,-7042.02,-2347.34,-5402.35,4039.58,-5679.25,-1.0416,-0.5965,-0.0137,0.3645,97.3,-0.7,-0.0139,0.0141,1,0,2,0,0,0,0
NEOUSDT-USTCUSDT,-0.18421,4,1,3,0.25,-15425.37,-3856.34,-3245.07,4444.11,-13379.35,-1.5566,-0.6557,-0.0239,0.2237,69.0,-1.54,-0.0241,0.0109,2,1,1,0,0,0,0
COSUSDT-VICUSDT,-0.184246,3,1,2,0.3333,-7271.9,-2423.97,-3404.44,2960.29,-6827.76,-2.0007,-0.7087,-0.0089,0.2893,41.3,-0.73,-0.0131,0.0036,1,1,1,0,0,0,0
ARKUSDT-LDOUSDT,-0.184277,3,1,2,0.3333,-13630.01,-4543.34,-5920.25,9753.24,-17463.0,-1.8157,-0.8151,-0.0175,0.4171,58.7,-1.36,-0.0267,0.0176,1,0,2,0,0,0,0
KNCUSDT-ONEUSDT,-0.184534,3,1,2,0.3333,-7147.26,-2382.42,-3939.63,2843.97,-6051.6,-1.3043,-0.4258,-0.0092,0.2846,54.7,-0.71,-0.0169,0.0044,1,0,2,0,0,0,0
COTIUSDT-XAIUSDT,-0.18471,3,1,2,0.3333,-9062.76,-3020.92,-4651.12,5450.05,-9861.69,-1.4865,-0.2776,-0.0156,0.3755,16.0,-0.91,-0.0156,0.009,1,1,1,0,0,0,0
CGPTUSDT-LISTAUSDT,-0.185066,3,1,2,0.3333,-9630.9,-3210.3,-6055.04,5408.37,-8984.23,-1.7313,-0.5013,-0.0152,0.3596,37.3,-0.96,-0.0197,0.0082,1,0,2,0,0,0,0
RVNUSDT-SPELLUSDT,-0.185103,3,1,2,0.3333,-13872.67,-4624.22,-5847.31,8443.92,-16469.28,-1.449,-0.2023,-0.0165,0.3784,16.0,-1.39,-0.0243,0.0097,1,2,0,0,0,0,0
ACXUSDT-COMPUSDT,-0.185285,3,1,2,0.3333,-9631.03,-3210.34,-5777.2,6280.88,-10134.71,-1.2003,-0.3974,-0.018,0.3947,56.0,-0.96,-0.023,0.0074,1,0,2,0,0,0,0
BELUSDT-VETUSDT,-0.185329,3,1,2,0.3333,-12976.65,-4325.55,-9714.08,6785.78,-10048.35,-1.8225,-0.3453,-0.0147,0.3434,32.0,-1.3,-0.0226,0.01,1,2,0,0,0,0,0
KNCUSDT-RSRUSDT,-0.185431,4,1,3,0.25,-14943.46,-3735.86,-3667.16,2114.89,-9724.02,-1.5477,-0.8703,-0.0197,0.124,109.0,-1.49,-0.0292,0.0098,2,0,2,0,0,0,0
NEARUSDT-TIAUSDT,-0.185542,3,1,2,0.3333,-9251.11,-3083.7,-5830.85,4452.82,-7873.07,-1.712,-0.4978,-0.0139,0.3249,44.0,-0.93,-0.0168,0.0053,1,1,1,0,0,0,0
FILUSDT-TIAUSDT,-0.185697,3,1,2,0.3333,-9483.68,-3161.23,-4074.66,3292.84,-8701.85,-3.2132,-0.8771,-0.0097,0.2577,38.7,-0.95,-0.0137,0.0043,1,0,2,0,0,0,0
APEUSDT-SUIUSDT,-0.185774,3,1,2,0.3333,-11770.18,-3923.39,-7593.96,4730.95,-8907.17,-2.256,-0.6224,-0.0118,0.2867,37.3,-1.18,-0.0197,0.0075,1,1,1,0,0,0,0
AIXBTUSDT-REZUSDT,-0.185891,5,2,3,0.4,-40339.24,-8067.85,-9687.85,8788.25,-27140.38,-2.3344,-0.4855,-0.0434,0.2257,18.4,-4.03,-0.0368,0.0097,1,3,1,0,0,0,0
FLUXUSDT-TRBUSDT,-0.185994,3,1,2,0.3333,-9145.16,-3048.39,-583.46,5707.48,-14269.18,-1.5533,-0.478,-0.0187,0.3843,44.0,-0.91,-0.016,0.0183,1,1,1,0,0,0,0
RVNUSDT-STXUSDT,-0.186077,3,1,2,0.3333,-10638.0,-3546.0,-2190.23,4672.47,-13120.24,-1.6983,-0.3247,-0.0136,0.3052,25.3,-1.06,-0.0179,0.0066,1,1,1,0,0,0,0
CFXUSDT-HFTUSDT,-0.186527,3,1,2,0.3333,-11683.72,-3894.57,-6163.66,4351.41,-9871.47,-2.2948,-0.7161,-0.0123,0.2714,25.3,-1.17,-0.0195,0.0057,1,1,1,0,0,0,0
GLMUSDT-MANTAUSDT,-0.186688,3,1,2,0.3333,-12858.7,-4286.23,-10904.66,9039.3,-10993.34,-1.8273,-0.3406,-0.022,0.4128,16.0,-1.29,-0.0238,0.0108,1,2,0,0,0,0,0
NFPUSDT-ZILUSDT,-0.186697,4,1,3,0.25,-7505.86,-1876.46,-2795.18,3035.31,-4950.8,-0.8874,-0.4047,-0.012,0.2879,51.0,-0.75,-0.0139,0.0093,0,0,4,0,0,0,0
ARKUSDT-CGPTUSDT,-0.186815,4,1,3,0.25,-9210.29,-2302.57,-4358.96,5797.66,-6290.03,-0.9546,-0.3528,-0.0218,0.3863,61.0,-0.92,-0.0178,0.0123,1,0,2,0,0,0,0
ALTUSDT-STORJUSDT,-0.186961,3,1,2,0.3333,-8612.94,-2870.98,-3800.39,3197.67,-8010.22,-1.1569,-0.5377,-0.0131,0.2707,90.7,-0.86,-0.0154,0.0107,1,0,2,0,0,0,0
CRVUSDT-RUNEUSDT,-0.18707,3,1,2,0.3333,-7074.79,-2358.26,-2009.23,1978.02,-7043.58,-1.5169,-0.7799,-0.0098,0.2185,58.7,-0.71,-0.0149,0.0027,1,0,2,0,0,0,0
NEIROUSDT-SPELLUSDT,-0.187093,4,2,2,0.5,-19911.37,-4977.84,-5001.38,2138.4,-12047.01,-1.955,-0.4518,-0.0249,0.151,16.0,-1.99,-0.0245,0.0066,0,2,1,0,1,0,0
LDOUSDT-RSRUSDT,-0.187169,3,1,2,0.3333,-11232.01,-3744.0,-6246.8,3504.2,-8489.4,-1.4722,-0.5948,-0.0113,0.2378,77.3,-1.12,-0.0177,0.0094,1,1,1,0,0,0,0
CGPTUSDT-IDUSDT,-0.187318,3,1,2,0.3333,-9644.13,-3214.71,-6499.34,3465.59,-6610.38,-1.2248,-0.3204,-0.0134,0.2644,40.0,-0.96,-0.016,0.0096,1,0,2,0,0,0,0
LISTAUSDT-TAOUSDT,-0.187518,3,1,2,0.3333,-18346.64,-6115.55,-7802.72,12646.33,-23190.24,-1.5833,-0.4042,-0.0233,0.408,29.3,-1.83,-0.0368,0.0175,1,1,1,0,0,0,0
APEUSDT-VANAUSDT,-0.187551,3,1,2,0.3333,-11996.78,-3998.93,-5744.8,5801.79,-12053.77,-2.4629,-0.6125,-0.0179,0.326,25.3,-1.2,-0.0192,0.0069,1,0,2,0,0,0,0
API3USDT-POLYXUSDT,-0.187943,3,1,2,0.3333,-16892.25,-5630.75,-5294.67,9674.23,-21271.81,-1.355,-0.2246,-0.0213,0.3642,20.0,-1.69,-0.031,0.0112,1,1,1,0,0,0,0
ANKRUSDT-JOEUSDT,-0.187968,3,1,2,0.3333,-8917.07,-2972.36,-4673.94,2905.61,-7148.74,-1.66,-0.5642,-0.0134,0.2458,66.7,-0.89,-0.0169,0.0088,1,0,2,0,0,0,0
HIVEUSDT-ILVUSDT,-0.188032,3,1,2,0.3333,-15806.29,-5268.76,-5422.81,6759.79,-17143.27,-1.8751,-0.3154,-0.0171,0.2996,14.7,-1.58,-0.0245,0.0079,1,0,2,0,0,0,0
HBARUSDT-UMAUSDT,-0.188081,3,1,2,0.3333,-13788.62,-4596.21,-7576.4,8186.12,-14398.34,-1.8392,-0.4996,-0.0221,0.3725,32.0,-1.38,-0.0239,0.0096,1,2,0,0,0,0,0
ARKUSDT-HEIUSDT,-0.188435,3,1,2,0.3333,-12299.55,-4099.85,-4794.5,5312.41,-12817.46,-1.6287,-0.4582,-0.0181,0.3016,58.7,-1.23,-0.0195,0.0148,1,1,1,0,0,0,0
LSKUSDT-VANAUSDT,-0.188485,3,1,2,0.3333,-12862.72,-4287.57,-7066.65,6486.58,-12282.66,-1.957,-0.6524,-0.0204,0.3352,36.0,-1.29,-0.0221,0.0079,1,1,1,0,0,0,0
FLUXUSDT-IMXUSDT,-0.188571,3,1,2,0.3333,-16494.89,-5498.3,-6703.37,6214.2,-16005.73,-1.916,-0.2717,-0.0165,0.2736,18.7,-1.65,-0.0247,0.0076,1,1,1,0,0,0,0
COSUSDT-STXUSDT,-0.18859,3,1,2,0.3333,-17088.34,-5696.11,-7558.34,7991.51,-17521.51,-2.5951,-1.001,-0.0195,0.3186,58.7,-1.71,-0.0273,0.012,1,0,2,0,0,0,0
AEVOUSDT-DOGSUSDT,-0.188649,3,1,2,0.3333,-11556.71,-3852.24,-5500.65,3975.42,-10031.48,-1.7383,-0.4203,-0.0155,0.2559,29.3,-1.16,-0.0232,0.0047,1,1,1,0,0,0,0
NEOUSDT-STORJUSDT,-0.188695,3,1,2,0.3333,-12679.04,-4226.35,-4543.35,4384.97,-12520.66,-2.2897,-0.6179,-0.0156,0.257,32.0,-1.27,-0.021,0.0091,1,1,1,0,0,0,0
EGLDUSDT-TWTUSDT,-0.188702,3,1,2,0.3333,-12939.43,-4313.14,-5909.38,5700.85,-12730.9,-1.7946,-0.4954,-0.0189,0.3058,40.0,-1.29,-0.0245,0.0074,1,0,2,0,0,0,0
CELRUSDT-SNXUSDT,-0.18895,3,1,2,0.3333,-11470.02,-3823.34,-3716.98,5218.3,-12971.34,-1.8645,-0.8863,-0.0199,0.3127,72.0,-1.15,-0.0236,0.0072,1,1,1,0,0,0,0
EGLDUSDT-SKLUSDT,-0.189249,3,1,2,0.3333,-14097.42,-4699.14,-807.31,10047.84,-23337.95,-1.5539,-0.3647,-0.0274,0.4161,30.7,-1.41,-0.0327,0.0128,1,1,1,0,0,0,0
DIAUSDT-HBARUSDT,-0.189577,3,1,2,0.3333,-10951.57,-3650.52,-5594.62,3531.49,-8888.44,-2.1502,-0.6803,-0.0165,0.2438,40.0,-1.1,-0.0155,0.0107,1,0,2,0,0,0,0
ARPAUSDT-SANDUSDT,-0.189633,3,1,2,0.3333,-12434.19,-4144.73,-741.4,4014.71,-15707.5,-1.425,-0.4848,-0.0166,0.2441,84.0,-1.24,-0.0202,0.0164,1,1,0,0,0,0,0
FLUXUSDT-RSRUSDT,-0.189696,3,1,2,0.3333,-14691.9,-4897.3,-9125.74,6034.75,-11600.91,-1.7283,-0.5804,-0.0199,0.2912,53.3,-1.47,-0.0289,0.0105,1,1,1,0,0,0,0
HIVEUSDT-WAXPUSDT,-0.189951,3,1,2,0.3333,-11759.92,-3919.97,-4589.62,4200.14,-11370.44,-1.8288,-0.3169,-0.0186,0.2632,14.7,-1.18,-0.0172,0.0082,1,1,1,0,0,0,0
ALTUSDT-VETUSDT,-0.190008,3,1,2,0.3333,-15816.39,-5272.13,-8687.31,4839.02,-11968.11,-2.0232,-0.3805,-0.0167,0.2343,30.7,-1.58,-0.0224,0.0094,1,2,0,0,0,0,0
CTSIUSDT-JOEUSDT,-0.191109,4,1,3,0.25,-5895.58,-1473.89,-2897.41,7518.26,-7619.01,-1.0445,-0.5091,-0.0102,0.5605,36.0,-0.59,-0.0143,0.008,1,0,3,0,0,0,0
ALGOUSDT-GASUSDT,-0.191276,3,1,2,0.3333,-14385.95,-4795.32,-7723.93,6168.2,-12830.22,-2.4395,-0.6326,-0.0237,0.3001,40.0,-1.44,-0.0223,0.0111,1,1,1,0,0,0,0
COSUSDT-EGLDUSDT,-0.191346,3,1,2,0.3333,-15083.53,-5027.84,-6835.47,5955.99,-14204.05,-1.6735,-0.5255,-0.0227,0.2831,88.0,-1.51,-0.0241,0.0129,1,1,1,0,0,0,0
BMTUSDT-HBARUSDT,-0.191397,3,1,2,0.3333,-15873.04,-5291.01,-5713.44,3919.4,-14079.0,-2.5116,-0.6331,-0.0171,0.198,30.7,-1.59,-0.0223,0.0063,1,1,1,0,0,0,0
COSUSDT-HOOKUSDT,-0.191442,3,1,2,0.3333,-12664.09,-4221.36,-4609.52,2625.02,-10679.6,-2.681,-0.5606,-0.0154,0.1717,21.3,-1.27,-0.0196,0.0034,1,1,1,0,0,0,0
DENTUSDT-LDOUSDT,-0.191474,3,1,2,0.3333,-10181.41,-3393.8,-2851.77,2218.75,-9548.39,-1.0904,-0.5412,-0.016,0.1789,100.0,-1.02,-0.0219,0.0085,1,0,2,0,0,0,0
DOGSUSDT-SAGAUSDT,-0.191829,3,1,2,0.3333,-17910.51,-5970.17,-12573.43,9608.09,-14945.17,-2.0644,-0.5591,-0.028,0.3491,29.3,-1.79,-0.0302,0.0134,1,1,1,0,0,0,0
KNCUSDT-KSMUSDT,-0.192105,3,1,2,0.3333,-8988.25,-2996.08,-3718.4,624.61,-5894.47,-1.8553,-0.5966,-0.0097,0.065,45.3,-0.9,-0.0192,0.0021,1,0,2,0,0,0,0
TLMUSDT-WIFUSDT,-0.19233,3,1,2,0.3333,-18254.76,-6084.92,-9313.52,8410.76,-17352.0,-1.7354,-0.2772,-0.0268,0.3154,17.3,-1.83,-0.0291,0.016,1,2,0,0,0,0,0
JASMYUSDT-TRUUSDT,-0.192525,3,1,2,0.3333,-19723.94,-6574.65,-15146.48,12241.45,-16818.92,-2.2891,-0.7547,-0.0317,0.383,37.3,-1.97,-0.0353,0.0139,1,1,1,0,0,0,0
KSMUSDT-SPELLUSDT,-0.192547,3,1,2,0.3333,-15761.83,-5253.94,-5785.52,7676.35,-17652.66,-1.341,-0.3057,-0.028,0.3275,32.0,-1.58,-0.032,0.0174,1,1,1,0,0,0,0
NKNUSDT-SPELLUSDT,-0.192567,3,1,2,0.3333,-18203.68,-6067.89,-1773.7,5789.53,-22219.51,-1.5722,-0.2532,-0.0223,0.2413,16.0,-1.82,-0.0334,0.0075,1,1,1,0,0,0,0
COSUSDT-SPELLUSDT,-0.192571,3,1,2,0.3333,-13494.52,-4498.17,-6062.96,6000.83,-13432.4,-1.8676,-0.7874,-0.0268,0.3078,73.3,-1.35,-0.0258,0.0106,1,1,1,0,0,0,0
KAVAUSDT-UMAUSDT,-0.193018,3,1,2,0.3333,-18833.66,-6277.89,-542.6,7187.15,-25478.21,-1.3824,-0.1795,-0.0256,0.2762,24.0,-1.88,-0.0312,0.0084,1,1,1,0,0,0,0
KAVAUSDT-SLPUSDT,-0.193039,4,1,3,0.25,-7566.41,-1891.6,-3078.92,6978.67,-8387.24,-1.1015,-0.2851,-0.0087,0.4798,30.0,-0.76,-0.0166,0.0075,1,0,3,0,0,0,0
ENJUSDT-WAXPUSDT,-0.193158,4,1,3,0.25,-6312.76,-1578.19,-2850.86,6017.24,-6628.29,-1.0449,-0.4313,-0.0095,0.488,42.0,-0.63,-0.0105,0.0093,1,0,3,0,0,0,0
GLMUSDT-MUBARAKUSDT,-0.193244,3,1,2,0.3333,-20896.49,-6965.5,-14405.36,16103.9,-22595.04,-2.09,-0.6806,-0.0366,0.4352,26.7,-2.09,-0.0438,0.0209,1,0,2,0,0,0,0
COMPUSDT-GASUSDT,-0.193415,3,1,2,0.3333,-13697.68,-4565.89,-7907.64,4960.15,-10750.18,-1.636,-0.3853,-0.0257,0.2658,32.0,-1.37,-0.0205,0.0189,1,1,1,0,0,0,0
ARPAUSDT-VICUSDT,-0.193578,3,1,2,0.3333,-8923.51,-2974.5,-1556.0,2964.84,-10332.35,-1.1013,-0.3901,-0.0249,0.2494,78.7,-0.89,-0.0153,0.0234,1,0,2,0,0,0,0
LSKUSDT-RSRUSDT,-0.193627,3,1,2,0.3333,-14551.91,-4850.64,-3024.91,2358.15,-13885.14,-1.6419,-0.7499,-0.0177,0.1395,74.7,-1.46,-0.025,0.0118,1,0,2,0,0,0,0
ARKUSDT-RENDERUSDT,-0.193801,4,2,2,0.5,-35151.44,-8787.86,-7897.48,2331.95,-21688.43,-3.6976,-1.6943,-0.0352,0.1042,59.0,-3.52,-0.0355,0.0093,0,0,4,0,0,0,0
GMTUSDT-SKLUSDT,-0.193818,3,1,2,0.3333,-18087.26,-6029.09,-5356.37,6863.0,-19593.89,-1.6494,-0.471,-0.0271,0.2751,54.7,-1.81,-0.0353,0.0099,1,1,1,0,0,0,0
CTSIUSDT-MTLUSDT,-0.194128,3,1,2,0.3333,-15121.98,-5040.66,-5845.46,4430.04,-13706.56,-1.8868,-0.8259,-0.0245,0.2266,74.7,-1.51,-0.0244,0.0189,1,0,2,0,0,0,0
NEOUSDT-VTHOUSDT,-0.194347,3,1,2,0.3333,-16483.9,-5494.63,-3642.36,3593.97,-16435.51,-1.3442,-0.4154,-0.0217,0.179,112.0,-1.65,-0.0248,0.011,1,1,1,0,0,0,0
ANKRUSDT-INJUSDT,-0.19442,3,1,2,0.3333,-17699.45,-5899.82,-777.59,4588.96,-21510.82,-1.6543,-0.51,-0.0237,0.2059,80.0,-1.77,-0.0248,0.0149,1,1,1,0,0,0,0
LPTUSDT-RPLUSDT,-0.194814,3,1,2,0.3333,-15333.07,-5111.02,-7228.86,2429.94,-10534.15,-2.3204,-0.643,-0.0199,0.1368,56.0,-1.53,-0.0218,0.0096,1,1,1,0,0,0,0
FIDAUSDT-XLMUSDT,-0.19487,4,1,3,0.25,-7143.59,-1785.9,-1936.2,6199.72,-9470.91,-1.6621,-0.5113,-0.0113,0.4646,22.0,-0.71,-0.013,0.0056,1,0,3,0,0,0,0
CTSIUSDT-HFTUSDT,-0.195198,4,1,3,0.25,-8873.62,-2218.41,-5352.28,9395.32,-7564.38,-1.1481,-0.5061,-0.0153,0.5143,30.0,-0.89,-0.0154,0.0118,1,0,3,0,0,0,0
ILVUSDT-MINAUSDT,-0.195294,3,1,2,0.3333,-19252.79,-6417.6,-5713.58,4403.48,-17942.69,-1.9197,-0.4015,-0.0241,0.1861,46.7,-1.93,-0.0257,0.0064,1,1,1,0,0,0,0
ATAUSDT-SANDUSDT,-0.195486,3,1,2,0.3333,-17602.28,-5867.43,-8271.46,3254.44,-12585.26,-3.1624,-0.8875,-0.0225,0.156,30.7,-1.76,-0.0253,0.0071,1,1,1,0,0,0,0
KNCUSDT-VANAUSDT,-0.1958,3,1,2,0.3333,-13418.14,-4472.71,-1127.5,1146.69,-13437.34,-2.0103,-0.8364,-0.018,0.0787,60.0,-1.34,-0.0255,0.0058,1,1,1,0,0,0,0
UMAUSDT-WIFUSDT,-0.195988,4,1,3,0.25,-6735.05,-1683.76,-2131.63,4938.84,-7410.63,-1.1902,-0.3792,-0.0108,0.4231,34.0,-0.67,-0.0127,0.008,1,1,2,0,0,0,0
AUCTIONUSDT-WLDUSDT,-0.196145,3,1,2,0.3333,-25431.79,-8477.26,-4624.43,9377.58,-30184.95,-1.3534,-0.2774,-0.0314,0.2694,42.7,-2.54,-0.0465,0.0178,1,1,1,0,0,0,0
BMTUSDT-CVCUSDT,-0.196364,4,1,3,0.25,-9865.35,-2466.34,-4288.68,6522.52,-7810.5,-1.6876,-0.3989,-0.0099,0.398,14.0,-0.99,-0.0165,0.006,1,1,2,0,0,0,0
JASMYUSDT-SANDUSDT,-0.19642,3,1,2,0.3333,-12732.41,-4244.14,-4987.52,546.65,-8291.54,-2.0287,-0.6667,-0.0167,0.0412,49.3,-1.27,-0.0224,0.0026,1,1,1,0,0,0,0
ATAUSDT-DOGEUSDT,-0.196537,4,1,3,0.25,-9532.5,-2383.12,-3210.4,8333.94,-11445.64,-1.6191,-0.3508,-0.0148,0.4665,18.0,-0.95,-0.0155,0.0086,1,1,2,0,0,0,0
CETUSUSDT-DEGOUSDT,-0.196648,4,1,3,0.25,-9751.4,-2437.85,-3434.95,6310.35,-9191.86,-1.4981,-0.3117,-0.0101,0.3929,15.0,-0.98,-0.0132,0.0086,1,1,2,0,0,0,0
ANKRUSDT-TSTUSDT,-0.196668,3,1,2,0.3333,-23896.26,-7965.42,-8007.05,10374.92,-26264.13,-1.883,-0.336,-0.0346,0.3027,29.3,-2.39,-0.0383,0.0121,1,1,1,0,0,0,0
HFTUSDT-LRCUSDT,-0.196874,3,1,2,0.3333,-26771.05,-8923.68,-5321.42,6613.35,-28062.98,-1.7765,-0.3546,-0.0281,0.1981,28.0,-2.68,-0.0366,0.0111,1,0,2,0,0,0,0
BOMEUSDT-COMPUSDT,-0.19715,3,1,2,0.3333,-30375.51,-10125.17,-17765.92,8792.46,-21402.04,-2.8158,-0.4951,-0.0304,0.2245,16.0,-3.04,-0.0437,0.0104,1,2,0,0,0,0,0
DYDXUSDT-REZUSDT,-0.197462,4,1,3,0.25,-9997.81,-2499.45,-3598.99,8833.57,-11633.39,-1.3101,-0.3912,-0.0168,0.4691,30.0,-1.0,-0.0184,0.0076,1,1,2,0,0,0,0
LISTAUSDT-UMAUSDT,-0.197596,3,1,2,0.3333,-25786.14,-8595.38,-2583.19,6950.89,-30153.84,-1.6899,-0.3759,-0.0305,0.2123,64.0,-2.58,-0.038,0.0088,1,1,1,0,0,0,0
ENAUSDT-HOOKUSDT,-0.198075,4,1,3,0.25,-12396.45,-3099.11,-4005.15,7748.4,-12134.54,-1.5331,-0.251,-0.0124,0.3846,9.0,-1.24,-0.0184,0.0067,1,2,1,0,0,0,0
WAXPUSDT-YFIUSDT,-0.198302,4,1,3,0.25,-10249.29,-2562.32,-2466.58,9489.13,-14805.27,-1.1715,-0.494,-0.0193,0.4807,51.0,-1.02,-0.0223,0.0122,1,0,3,0,0,0,0
IDUSDT-RPLUSDT,-0.198539,3,1,2,0.3333,-18253.37,-6084.46,-7718.47,2559.54,-13094.44,-1.934,-0.7518,-0.0264,0.123,101.3,-1.83,-0.0235,0.0114,1,1,1,0,0,0,0
AUCTIONUSDT-DFUSDT,-0.198617,3,1,2,0.3333,-28162.39,-9387.46,-10303.59,7801.02,-25659.82,-1.8513,-0.43,-0.0328,0.2169,58.7,-2.82,-0.0436,0.0144,1,1,1,0,0,0,0
YFIUSDT-ZRXUSDT,-0.19871,4,1,3,0.25,-9086.48,-2271.62,-2084.97,7094.58,-12011.13,-1.578,-0.3924,-0.0173,0.4384,28.0,-0.91,-0.0152,0.0076,1,1,2,0,0,0,0
ARPAUSDT-LPTUSDT,-0.199048,3,1,2,0.3333,-16434.98,-5478.33,-2473.99,42.98,-14003.96,-2.4999,-0.622,-0.0194,0.0026,45.3,-1.64,-0.0245,0.0035,1,1,1,0,0,0,0
API3USDT-ONTUSDT,-0.199565,3,1,2,0.3333,-22442.33,-7480.78,-5067.21,3308.9,-20684.02,-1.7634,-0.4212,-0.0288,0.1285,73.3,-2.24,-0.0289,0.0144,1,1,1,0,0,0,0
ARKUSDT-CKBUSDT,-0.19999,4,1,3,0.25,-11652.97,-2913.24,-3581.19,8143.64,-12634.23,-1.9815,-0.872,-0.018,0.4114,40.0,-1.17,-0.0163,0.0094,1,0,3,0,0,0,0
FIOUSDT-GTCUSDT,-0.200079,3,1,2,0.3333,-27755.28,-9251.76,-8229.74,4990.09,-24515.63,-1.8135,-0.4568,-0.0314,0.1524,74.7,-2.78,-0.0391,0.0092,1,1,1,0,0,0,0
HMSTRUSDT-ZKUSDT,-0.200087,3,1,2,0.3333,-27389.18,-9129.73,-1322.89,18300.15,-44366.44,-1.0852,-0.2522,-0.048,0.4005,65.3,-2.74,-0.0535,0.0288,1,1,1,0,0,0,0
MTLUSDT-ONGUSDT,-0.200193,5,1,4,0.2,-21146.93,-4229.39,-3193.65,6480.0,-15556.15,-1.6171,-0.9469,-0.0326,0.2346,127.2,-2.11,-0.0265,0.0102,2,2,1,0,0,0,0
DIAUSDT-MBOXUSDT,-0.200641,4,1,3,0.25,-9450.77,-2362.69,-3511.57,7402.97,-9830.61,-1.9873,-0.6303,-0.0212,0.4392,23.0,-0.95,-0.0136,0.0103,1,0,3,0,0,0,0
LUMIAUSDT-WUSDT,-0.200688,4,1,3,0.25,-6749.27,-1687.32,-1271.47,1216.42,-5422.75,-0.9153,-0.4207,-0.0114,0.1527,54.0,-0.67,-0.0074,0.0138,0,0,4,0,0,0,0
REDUSDT-SKLUSDT,-0.200949,3,1,2,0.3333,-32274.23,-10758.08,-5085.39,6732.5,-33921.33,-2.0435,-0.3283,-0.0345,0.1726,26.7,-3.23,-0.0466,0.0089,1,0,2,0,0,0,0
KSMUSDT-LPTUSDT,-0.20109,3,1,2,0.3333,-25089.74,-8363.25,-4294.92,1757.41,-22552.23,-2.2085,-0.5553,-0.0277,0.0655,68.0,-2.51,-0.0313,0.0031,1,1,1,0,0,0,0
ALICEUSDT-ICXUSDT,-0.201158,3,1,2,0.3333,-26357.6,-8785.87,-5215.2,5464.28,-26606.68,-1.8544,-0.4607,-0.0349,0.1717,58.7,-2.64,-0.0348,0.0122,1,0,2,0,0,0,0
GMTUSDT-HOOKUSDT,-0.201329,3,1,2,0.3333,-28743.8,-9581.27,-4012.05,5146.26,-29878.0,-2.4628,-0.4326,-0.0339,0.1519,36.0,-2.87,-0.0384,0.006,1,1,1,0,0,0,0
BICOUSDT-HBARUSDT,-0.201781,4,1,3,0.25,-9316.19,-2329.05,-2360.64,5992.33,-10587.25,-1.5538,-0.4727,-0.0203,0.3914,35.0,-0.93,-0.0131,0.01,1,1,2,0,0,0,0
QTUMUSDT-RSRUSDT,-0.201785,3,1,2,0.3333,-15928.41,-5309.47,-5803.05,64.57,-10189.93,-1.3576,-0.7077,-0.0249,0.004,121.3,-1.59,-0.0254,0.0095,1,0,2,0,0,0,0
KAITOUSDT-MBOXUSDT,-0.201842,4,1,3,0.25,-11843.98,-2961.0,-3930.87,6444.7,-10426.94,-1.3597,-0.4798,-0.0178,0.3524,51.0,-1.18,-0.0179,0.0117,1,1,1,0,1,0,0
DFUSDT-IOUSDT,-0.201854,4,1,3,0.25,-12194.97,-3048.74,-4382.36,7310.28,-10740.52,-1.6915,-0.4063,-0.0193,0.3748,22.0,-1.22,-0.018,0.0088,1,1,2,0,0,0,0
CFXUSDT-MAGICUSDT,-0.201885,3,1,2,0.3333,-30941.98,-10313.99,-14436.46,8830.96,-25336.48,-2.3144,-0.4284,-0.0397,0.222,38.7,-3.09,-0.0437,0.0124,1,2,0,0,0,0,0
ARPAUSDT-WUSDT,-0.202288,3,1,2,0.3333,-26126.96,-8708.99,-14178.22,2320.84,-14269.58,-2.3138,-0.5382,-0.0311,0.0816,64.0,-2.61,-0.0367,0.0062,1,2,0,0,0,0,0
CGPTUSDT-VELODROMEUSDT,-0.202582,5,1,4,0.2,-6907.54,-1381.51,-2630.77,4912.25,-6257.15,-1.1722,-0.4435,-0.0094,0.4156,36.8,-0.69,-0.0093,0.0085,1,0,4,0,0,0,0
AIUSDT-ONEUSDT,-0.203025,4,1,3,0.25,-13169.12,-3292.28,-4710.88,6528.52,-10275.88,-1.357,-0.5725,-0.0188,0.3314,43.0,-1.32,-0.0243,0.0074,1,1,2,0,0,0,0
AEVOUSDT-TNSRUSDT,-0.203315,3,1,2,0.3333,-38255.34,-12751.78,-15271.91,7165.05,-30148.48,-2.2514,-0.3714,-0.0383,0.1577,36.0,-3.83,-0.0523,0.0085,1,2,0,0,0,0,0
DIAUSDT-SUSDT,-0.203869,5,1,4,0.2,-9217.82,-1843.56,-3166.82,7672.1,-6447.13,-1.0011,-0.5749,-0.0146,0.4542,50.4,-0.92,-0.0154,0.0106,1,0,4,0,0,0,0
1000CATUSDT-HIVEUSDT,-0.204989,4,1,3,0.25,-7660.34,-1915.08,-3183.65,2007.51,-3300.55,-1.6788,-0.6018,-0.0144,0.2076,51.0,-0.77,-0.0092,0.0077,1,0,3,0,0,0,0
PHBUSDT-SLPUSDT,-0.205346,4,1,3,0.25,-12954.96,-3238.74,-816.07,4914.67,-16237.48,-1.4049,-0.2266,-0.0196,0.275,20.0,-1.3,-0.0164,0.0069,1,1,2,0,0,0,0
AIUSDT-STEEMUSDT,-0.205855,3,1,2,0.3333,-36862.58,-12287.53,-3341.05,8075.65,-41597.17,-1.662,-0.1761,-0.0448,0.1797,12.0,-3.69,-0.0536,0.0094,1,1,1,0,0,0,0
AXLUSDT-EIGENUSDT,-0.206107,3,1,2,0.3333,-37887.49,-12629.16,-19898.46,7147.05,-25136.08,-2.3134,-0.511,-0.0439,0.1587,41.3,-3.79,-0.0495,0.0244,1,0,2,0,0,0,0
CTSIUSDT-STXUSDT,-0.206347,4,1,3,0.25,-14618.9,-3654.72,-3499.62,4907.6,-12527.26,-2.4626,-0.5949,-0.0201,0.2513,25.0,-1.46,-0.0168,0.0062,1,1,2,0,0,0,0
GTCUSDT-TUSDT,-0.206712,5,1,4,0.2,-11632.36,-2326.47,-3395.05,6912.4,-10375.92,-2.0162,-0.8819,-0.0148,0.3727,37.6,-1.16,-0.0122,0.0083,1,0,4,0,0,0,0
HFTUSDT-LINKUSDT,-0.206714,4,1,3,0.25,-18504.39,-4626.1,-6922.08,6709.03,-11369.26,-2.5108,-0.7664,-0.0218,0.2661,24.0,-1.85,-0.0225,0.0076,1,0,3,0,0,0,0
CVCUSDT-SKLUSDT,-0.206886,3,1,2,0.3333,-34915.34,-11638.45,-5328.4,8320.83,-37907.78,-1.6525,-0.2495,-0.0477,0.1925,22.7,-3.49,-0.0586,0.0096,1,1,1,0,0,0,0
ANIMEUSDT-TONUSDT,-0.206988,3,1,2,0.3333,-36369.4,-12123.13,-8797.97,9997.71,-37569.13,-2.088,-0.4362,-0.0495,0.2156,40.0,-3.64,-0.051,0.0152,1,1,1,0,0,0,0
SUIUSDT-SUSHIUSDT,-0.20701,4,1,3,0.25,-16682.77,-4170.69,-4850.78,3684.44,-10665.65,-2.3543,-0.6013,-0.0167,0.1809,44.0,-1.67,-0.0178,0.0064,1,2,1,0,0,0,0
AVAXUSDT-TRBUSDT,-0.207344,4,1,3,0.25,-19391.49,-4847.87,-6750.48,5201.46,-11091.98,-3.1539,-0.6796,-0.0194,0.2115,17.0,-1.94,-0.0216,0.0047,1,2,1,0,0,0,0
BELUSDT-ENSUSDT,-0.207407,4,1,3,0.25,-17167.05,-4291.76,-5652.87,6668.69,-12530.0,-1.7328,-0.5609,-0.0241,0.2798,45.0,-1.72,-0.0289,0.0142,1,2,1,0,0,0,0
SLPUSDT-SYSUSDT,-0.207862,4,1,3,0.25,-18489.17,-4622.29,-3508.22,11238.01,-22710.74,-1.323,-0.2505,-0.0315,0.378,24.0,-1.85,-0.033,0.0116,1,1,2,0,0,0,0
ANKRUSDT-STEEMUSDT,-0.208644,4,1,3,0.25,-13509.83,-3377.46,-3473.27,3364.57,-9927.86,-2.0833,-0.5355,-0.0212,0.1994,25.0,-1.35,-0.0186,0.0035,1,1,2,0,0,0,0
ALICEUSDT-FLUXUSDT,-0.209405,3,1,2,0.3333,-47348.77,-15782.92,-15100.55,5938.47,-38186.68,-2.7708,-0.4222,-0.0473,0.1114,12.0,-4.73,-0.0607,0.007,1,2,0,0,0,0,0
QTUMUSDT-TIAUSDT,-0.210994,4,1,3,0.25,-23641.61,-5910.4,-6502.54,8018.53,-18655.06,-2.2249,-1.0704,-0.0295,0.2533,87.0,-2.36,-0.0286,0.0198,1,1,2,0,0,0,0
1000CATUSDT-WLDUSDT,-0.212266,4,1,3,0.25,-15728.24,-3932.06,-4327.21,1979.61,-9053.43,-2.3959,-0.8947,-0.0226,0.1118,55.0,-1.57,-0.0186,0.0038,1,1,2,0,0,0,0
CGPTUSDT-DFUSDT,-0.21325,5,1,4,0.2,-14347.76,-2869.55,-1200.26,3893.52,-9542.27,-2.624,-0.7239,-0.0173,0.2134,19.2,-1.43,-0.0141,0.0049,1,1,3,0,0,0,0
RSRUSDT-SKLUSDT,-0.213783,4,1,3,0.25,-22658.58,-5664.64,-4411.66,7158.34,-20993.6,-1.9083,-0.4907,-0.0342,0.2401,43.0,-2.27,-0.0243,0.013,1,1,2,0,0,0,0
OXTUSDT-VETUSDT,-0.215023,4,1,3,0.25,-22891.91,-5722.98,-7390.35,3803.2,-11914.42,-2.8343,-1.5988,-0.0301,0.1425,98.0,-2.29,-0.0278,0.0099,1,0,3,0,0,0,0
BOMEUSDT-WLDUSDT,-0.215204,4,1,3,0.25,-23241.63,-5810.41,-8674.72,4245.94,-10138.13,-2.9599,-1.0428,-0.0313,0.1545,50.0,-2.32,-0.0247,0.005,1,0,3,0,0,0,0
HEIUSDT-PHAUSDT,-0.215923,4,1,3,0.25,-24053.23,-6013.31,-6114.24,3935.85,-15760.59,-2.0386,-0.4186,-0.0318,0.1406,25.0,-2.41,-0.0274,0.0071,1,1,2,0,0,0,0
ACHUSDT-QTUMUSDT,-0.216723,4,1,3,0.25,-27528.63,-6882.16,-4865.92,3789.21,-21586.0,-2.275,-0.8837,-0.0321,0.121,68.0,-2.75,-0.0282,0.0153,1,2,1,0,0,0,0
ACEUSDT-MOVRUSDT,-0.218013,4,1,3,0.25,-16478.2,-4119.55,-3116.3,2614.38,-12859.98,-1.322,-0.4735,-0.0358,0.1369,58.0,-1.65,-0.0252,0.0124,1,1,1,0,0,0,0
DOGSUSDT-WIFUSDT,-0.218186,3,1,2,0.3333,-7323.68,-2441.23,-2073.31,4941.51,-10191.88,-1.2474,-0.5433,-0.0177,0.4029,69.3,-0.73,-0.0143,0.014,0,0,2,0,1,0,0
ARPAUSDT-HIVEUSDT,-0.218199,4,1,3,0.25,-31792.16,-7948.04,-8727.55,6066.43,-20403.48,-3.3304,-0.8271,-0.0377,0.1602,22.0,-3.18,-0.0319,0.0088,1,1,2,0,0,0,0
GALAUSDT-PHBUSDT,-0.218499,3,1,2,0.3333,-8016.15,-2672.05,-1876.57,3475.64,-9615.23,-1.4597,-0.5516,-0.0116,0.3024,60.0,-0.8,-0.0122,0.011,0,1,2,0,0,0,0
ARKMUSDT-SPELLUSDT,-0.218947,3,1,2,0.3333,-9667.69,-3222.56,-4294.53,5935.7,-11308.86,-1.7705,-0.3666,-0.0177,0.3804,14.7,-0.97,-0.0168,0.0092,0,1,2,0,0,0,0
TUTUSDT-WLDUSDT,-0.220478,3,1,2,0.3333,-6555.22,-2185.07,-2611.2,2353.99,-6298.01,-1.7296,-0.4424,-0.013,0.2642,30.7,-0.66,-0.0114,0.0065,0,0,3,0,0,0,0
LPTUSDT-THETAUSDT,-0.220686,3,1,2,0.3333,-7050.61,-2350.2,-3519.7,1857.0,-5387.91,-1.4389,-0.6668,-0.0097,0.2085,52.0,-0.71,-0.0132,0.0057,0,0,3,0,0,0,0
FILUSDT-XRPUSDT,-0.221722,3,1,2,0.3333,-5807.05,-1935.68,-194.24,1047.26,-6660.07,-2.4403,-0.448,-0.0081,0.1528,18.7,-0.58,-0.0083,0.0028,0,0,3,0,0,0,0
GRTUSDT-SANDUSDT,-0.222166,3,1,2,0.3333,-5430.47,-1810.16,-1484.99,940.2,-4885.68,-1.4704,-0.4189,-0.0086,0.1476,41.3,-0.54,-0.0081,0.0047,0,1,2,0,0,0,0
IDUSDT-PNUTUSDT,-0.222425,3,1,2,0.3333,-7081.67,-2360.56,-2951.55,1271.75,-5401.87,-2.2875,-0.9418,-0.0094,0.1522,38.7,-0.71,-0.01,0.006,0,0,3,0,0,0,0
1000CATUSDT-BLURUSDT,-0.223363,3,1,2,0.3333,-8804.11,-2934.7,-1669.09,1509.95,-8644.96,-2.633,-0.5279,-0.0109,0.1464,21.3,-0.88,-0.0109,0.0047,0,0,3,0,0,0,0
ARPAUSDT-OGNUSDT,-0.223692,3,1,2,0.3333,-14364.41,-4788.14,-3953.49,5195.52,-15606.44,-2.3852,-0.338,-0.0195,0.2656,17.3,-1.44,-0.0212,0.006,0,1,2,0,0,0,0
NOTUSDT-VICUSDT,-0.223744,3,1,2,0.3333,-10430.74,-3476.91,-3664.67,3302.05,-10068.12,-1.634,-0.3151,-0.018,0.2405,25.3,-1.04,-0.0169,0.0076,0,1,2,0,0,0,0
ARPAUSDT-BMTUSDT,-0.223816,3,1,2,0.3333,-12675.35,-4225.12,-3492.44,4875.38,-14058.28,-1.9712,-0.4535,-0.0206,0.2778,34.7,-1.27,-0.0224,0.0095,0,1,2,0,0,0,0
FIDAUSDT-MBOXUSDT,-0.223992,3,1,2,0.3333,-11614.38,-3871.46,-3927.22,1856.32,-9543.48,-2.3773,-0.4945,-0.0116,0.1378,25.3,-1.16,-0.0172,0.0038,0,0,3,0,0,0,0
AEVOUSDT-HOTUSDT,-0.224118,3,1,2,0.3333,-9387.69,-3129.23,-5145.05,1725.94,-5968.58,-1.9804,-0.8003,-0.013,0.1553,37.3,-0.94,-0.0166,0.007,0,0,3,0,0,0,0
COMPUSDT-ENSUSDT,-0.224257,7,1,6,0.1429,-47887.99,-6841.14,-4144.33,4260.74,-19876.34,-3.7253,-1.378,-0.0499,0.0817,51.4,-4.79,-0.0274,0.0065,2,3,2,0,0,0,0
CETUSUSDT-PENGUUSDT,-0.224485,5,1,4,0.2,-32339.83,-6467.97,-5123.74,6871.75,-19385.3,-4.0102,-1.3759,-0.0372,0.1752,36.8,-3.23,-0.0266,0.0088,1,1,3,0,0,0,0
SEIUSDT-XTZUSDT,-0.224524,3,1,2,0.3333,-9177.9,-3059.3,-4629.42,1087.45,-5635.93,-2.2581,-0.5652,-0.0106,0.1059,32.0,-0.92,-0.0113,0.0025,0,1,2,0,0,0,0
CKBUSDT-SCRUSDT,-0.224529,3,1,2,0.3333,-7811.13,-2603.71,-3041.73,539.83,-5309.22,-2.7069,-0.8493,-0.0078,0.0646,20.0,-0.78,-0.0112,0.0019,0,0,3,0,0,0,0
NEOUSDT-SCRUSDT,-0.224545,3,1,2,0.3333,-8005.75,-2668.58,-4049.0,575.65,-4532.4,-1.808,-0.4118,-0.008,0.0671,24.0,-0.8,-0.0115,0.0033,0,0,3,0,0,0,0
1000SATSUSDT-TRBUSDT,-0.22504,3,1,2,0.3333,-9927.66,-3309.22,-4840.08,2535.93,-7623.52,-1.0392,-0.387,-0.0181,0.2035,78.7,-0.99,-0.0256,0.0074,0,0,3,0,0,0,0
CELRUSDT-LSKUSDT,-0.225055,3,1,2,0.3333,-10547.79,-3515.93,-301.04,968.85,-11215.6,-0.9837,-0.4221,-0.0216,0.0841,81.3,-1.05,-0.018,0.0105,0,1,2,0,0,0,0
MEUSDT-TUSDT,-0.225057,3,1,2,0.3333,-15273.81,-5091.27,-3548.36,4054.71,-15780.17,-2.8699,-0.9337,-0.0185,0.2098,42.7,-1.53,-0.0222,0.01,0,0,3,0,0,0,0
ADAUSDT-EIGENUSDT,-0.22508,3,1,2,0.3333,-10113.41,-3371.14,-5350.29,1175.1,-5938.22,-2.3031,-0.6734,-0.0115,0.1041,26.7,-1.01,-0.012,0.0063,0,0,2,0,1,0,0
PHBUSDT-RPLUSDT,-0.225219,3,1,2,0.3333,-6698.71,-2232.9,-1091.58,394.88,-6002.01,-1.5811,-0.4882,-0.0086,0.0557,37.3,-0.67,-0.0104,0.0053,0,0,3,0,0,0,0
ETCUSDT-TLMUSDT,-0.225376,3,1,2,0.3333,-9881.56,-3293.85,-2227.36,1976.22,-9630.42,-1.5413,-0.2965,-0.0163,0.1667,25.3,-0.99,-0.0145,0.0094,0,1,2,0,0,0,0
ARPAUSDT-MEMEUSDT,-0.225977,3,1,2,0.3333,-15493.25,-5164.42,-7325.38,3791.71,-11959.58,-1.8495,-0.5533,-0.0195,0.1966,49.3,-1.55,-0.0209,0.0135,0,1,1,0,1,0,0
1MBABYDOGEUSDT-OXTUSDT,-0.226172,3,1,2,0.3333,-11955.25,-3985.08,-3340.49,1355.5,-9970.25,-2.8888,-0.7459,-0.0136,0.1018,26.7,-1.2,-0.0174,0.004,0,0,3,0,0,0,0
ADAUSDT-LPTUSDT,-0.226614,3,1,2,0.3333,-15763.6,-5254.53,-4116.49,3809.02,-15456.14,-1.7868,-0.342,-0.0206,0.1946,33.3,-1.58,-0.0212,0.007,0,1,2,0,0,0,0
ARKMUSDT-CKBUSDT,-0.227204,3,1,2,0.3333,-15506.01,-5168.67,-5232.81,1719.82,-11993.02,-3.7049,-0.8761,-0.0155,0.0998,26.7,-1.55,-0.0195,0.0052,0,0,3,0,0,0,0
SKLUSDT-SNXUSDT,-0.227347,3,1,2,0.3333,-15767.88,-5255.96,-1686.88,2124.47,-16205.46,-2.2182,-0.3767,-0.0171,0.1187,24.0,-1.58,-0.0215,0.0039,0,0,3,0,0,0,0
LISTAUSDT-RPLUSDT,-0.227769,3,1,2,0.3333,-15504.38,-5168.13,-7780.55,1916.15,-9639.98,-1.7234,-0.6442,-0.0173,0.11,50.7,-1.55,-0.0195,0.0083,0,1,2,0,0,0,0
DUSDT-SSVUSDT,-0.227882,3,1,2,0.3333,-18642.35,-6214.12,-4439.65,8816.69,-23019.39,-1.0033,-0.4154,-0.0316,0.3211,82.7,-1.86,-0.0517,0.02,0,0,2,0,1,0,0
SLPUSDT-XLMUSDT,-0.227988,3,1,2,0.3333,-16704.54,-5568.18,-7947.32,2981.75,-11738.97,-2.1889,-0.3969,-0.0205,0.1515,24.0,-1.67,-0.0214,0.0052,0,1,2,0,0,0,0
CKBUSDT-TAOUSDT,-0.228066,3,1,2,0.3333,-14678.27,-4892.76,-4702.33,962.92,-10938.86,-2.1736,-0.745,-0.0147,0.0616,21.3,-1.47,-0.0226,0.0038,0,0,3,0,0,0,0
DOGSUSDT-SPELLUSDT,-0.228322,3,1,2,0.3333,-14189.28,-4729.76,-304.61,2165.63,-16050.3,-1.4813,-0.2586,-0.0199,0.1324,25.3,-1.42,-0.0176,0.0114,0,1,2,0,0,0,0
KAITOUSDT-MASKUSDT,-0.228698,3,1,2,0.3333,-13867.14,-4622.38,-1891.96,498.53,-12473.71,-3.7753,-0.7379,-0.0142,0.0347,16.0,-1.39,-0.017,0.0014,0,1,2,0,0,0,0
CAKEUSDT-PHAUSDT,-0.229014,3,1,2,0.3333,-13221.15,-4407.05,-7264.57,1371.96,-7328.55,-1.5747,-0.3805,-0.0187,0.094,24.0,-1.32,-0.0157,0.01,0,0,3,0,0,0,0
IDUSDT-KAITOUSDT,-0.229323,4,1,3,0.25,-47784.46,-11946.12,-12763.07,8076.45,-30334.78,-2.7952,-0.7314,-0.0589,0.1446,50.0,-4.78,-0.0459,0.0164,1,1,2,0,0,0,0
AIUSDT-NFPUSDT,-0.230611,3,0,3,0.0,-2589.03,-863.01,-608.35,-460.81,-1519.87,-0.8243,-0.3066,-0.0053,0.0,34.7,-0.26,-0.0057,0.0062,0,0,3,0,0,0,0
COSUSDT-NEOUSDT,-0.230656,5,1,4,0.2,-9684.22,-1936.84,-1554.01,2707.93,-5772.24,-1.6944,-0.8885,-0.0124,0.2185,38.4,-0.97,-0.0093,0.0077,0,0,5,0,0,0,0
JASMYUSDT-MTLUSDT,-0.23074,3,1,2,0.3333,-13772.79,-4590.93,-6895.23,3534.43,-10412.0,-1.5735,-0.505,-0.0295,0.2042,38.7,-1.38,-0.0249,0.0164,0,0,3,0,0,0,0
IOTXUSDT-SLPUSDT,-0.231057,3,1,2,0.3333,-15674.65,-5224.88,-3500.04,157.29,-12331.9,-2.6184,-0.7064,-0.0172,0.0099,44.0,-1.57,-0.0202,0.0064,0,1,2,0,0,0,0
BNTUSDT-ETHUSDT,-0.231094,4,1,3,0.25,-7967.69,-1991.92,-1415.22,1000.68,-6137.93,-3.4538,-0.8992,-0.0102,0.1116,21.0,-0.8,-0.0082,0.0021,0,0,4,0,0,0,0
ENSUSDT-PNUTUSDT,-0.23135,4,1,3,0.25,-9410.36,-2352.59,-2196.12,1020.42,-6038.52,-2.5161,-0.5182,-0.0098,0.0978,18.0,-0.94,-0.0092,0.0026,0,0,4,0,0,0,0
BMTUSDT-MBOXUSDT,-0.231784,4,1,3,0.25,-12718.16,-3179.54,-2148.49,5650.68,-14071.86,-1.637,-0.705,-0.0247,0.3076,101.0,-1.27,-0.0176,0.0109,0,1,3,0,0,0,0
ADAUSDT-PNUTUSDT,-0.231927,4,1,3,0.25,-13260.08,-3315.02,-1863.9,3084.11,-12616.38,-1.9201,-0.583,-0.017,0.1887,35.0,-1.33,-0.0172,0.0036,0,1,3,0,0,0,0
IOTXUSDT-YGGUSDT,-0.232003,3,1,2,0.3333,-16181.58,-5393.86,-6039.69,1272.35,-11414.24,-2.1702,-0.7373,-0.0233,0.0729,66.7,-1.62,-0.0205,0.0134,0,1,2,0,0,0,0
MTLUSDT-VANRYUSDT,-0.232475,3,1,2,0.3333,-17337.71,-5779.24,-2227.96,630.81,-15740.55,-2.4769,-0.5376,-0.0217,0.0351,32.0,-1.73,-0.0223,0.0051,0,1,2,0,0,0,0
HIVEUSDT-VANAUSDT,-0.233901,3,1,2,0.3333,-22221.72,-7407.24,-9368.93,274.52,-13127.3,-3.6074,-0.7361,-0.0231,0.0122,21.3,-2.22,-0.0285,0.0014,0,2,1,0,0,0,0
DOTUSDT-KSMUSDT,-0.235317,3,0,3,0.0,-3540.74,-1180.25,-844.84,-648.5,-2047.41,-0.8325,-0.1846,-0.009,0.0,13.3,-0.35,-0.0105,0.0012,0,0,3,0,0,0,0
1000CHEEMSUSDT-STRKUSDT,-0.236556,3,1,2,0.3333,-26834.07,-8944.69,-8614.09,1553.36,-19773.34,-2.908,-0.5078,-0.0312,0.0547,18.7,-2.68,-0.0322,0.0068,0,0,2,0,0,0,0
AIXBTUSDT-BROCCOLI714USDT,-0.236866,3,1,2,0.3333,-30606.47,-10202.16,-9565.75,5107.72,-26148.43,-2.1615,-0.3047,-0.0377,0.143,20.0,-3.06,-0.0391,0.0103,0,1,2,0,0,0,0
MOVRUSDT-RSRUSDT,-0.237805,4,1,3,0.25,-19159.05,-4789.76,-5048.67,3664.75,-12726.47,-2.8467,-0.9845,-0.0269,0.1606,29.0,-1.92,-0.0213,0.0071,0,1,3,0,0,0,0
BROCCOLI714USDT-ENSUSDT,-0.238731,3,1,2,0.3333,-312848.41,-104282.8,-2232.77,6846.3,-317461.94,-1.8683,-0.3167,-0.3223,0.0214,45.3,-31.28,-0.3614,0.015,1,0,1,0,0,1,0
ARKUSDT-PNUTUSDT,-0.239325,4,1,3,0.25,-20544.03,-5136.01,-3905.37,1655.61,-14388.89,-2.2303,-0.7891,-0.0242,0.0746,49.0,-2.05,-0.0242,0.0081,0,1,3,0,0,0,0
BELUSDT-UMAUSDT,-0.239785,4,1,3,0.25,-19936.21,-4984.05,-7883.43,5507.27,-9676.63,-2.3688,-0.7133,-0.0346,0.2165,23.0,-1.99,-0.0254,0.0081,0,1,3,0,0,0,0
HOOKUSDT-IOUSDT,-0.245345,5,1,4,0.2,-22785.79,-4557.16,-5328.54,132.02,-8775.25,-2.1066,-0.9444,-0.0276,0.0058,49.6,-2.28,-0.0185,0.0136,0,0,5,0,0,0,0
CRVUSDT-SKLUSDT,-0.245631,4,1,3,0.25,-33176.18,-8294.04,-7248.94,2939.68,-21617.98,-2.9111,-0.5551,-0.0373,0.0814,30.0,-3.32,-0.0295,0.0059,0,1,2,0,0,0,0
GUSDT-VTHOUSDT,-0.24763,4,1,3,0.25,-28679.07,-7169.77,-6971.92,2045.93,-16781.17,-2.1831,-0.6171,-0.0403,0.0666,37.0,-2.87,-0.0307,0.0185,0,1,3,0,0,0,0
AIUSDT-HIGHUSDT,-0.251042,5,1,4,0.2,-34532.97,-6906.59,-8233.35,104.61,-10391.24,-4.3589,-1.1074,-0.0388,0.003,16.0,-3.45,-0.0246,0.0018,0,3,2,0,0,0,0
COMPUSDT-MOVEUSDT,-0.257462,4,1,3,0.25,-53965.24,-13491.31,-18243.87,1576.01,-19053.51,-3.7545,-0.773,-0.0574,0.0284,19.0,-5.4,-0.0471,0.0024,0,3,1,0,0,0,0
HFTUSDT-LSKUSDT,-0.261566,3,0,3,0.0,-7536.09,-2512.03,-3071.49,-995.2,-3469.4,-1.0467,-0.291,-0.0109,0.0,53.3,-0.75,-0.0192,0.0047,1,0,2,0,0,0,0
BMTUSDT-WUSDT,-0.265311,3,0,3,0.0,-14966.68,-4988.89,-4291.54,-1269.56,-9405.57,-2.0238,-0.7972,-0.0184,0.0,93.3,-1.5,-0.0218,0.0074,1,1,1,0,0,0,0
ENSUSDT-VANAUSDT,-0.265551,4,0,4,0.0,-16490.8,-4122.7,-3674.2,-535.75,-8606.65,-2.217,-0.9912,-0.0217,0.0,66.0,-1.65,-0.0222,0.0054,1,0,3,0,0,0,0
ILVUSDT-RPLUSDT,-0.272835,3,0,3,0.0,-30125.7,-10041.9,-3651.97,-663.68,-25810.05,-2.7532,-1.6269,-0.0334,0.0,138.7,-3.01,-0.0408,0.0116,1,0,2,0,0,0,0
CRVUSDT-ORDIUSDT,-0.278961,3,0,3,0.0,-3846.99,-1282.33,-519.67,-164.12,-3163.2,-0.9602,-0.3535,-0.0069,0.0,37.3,-0.38,-0.0092,0.0042,0,0,3,0,0,0,0
CHRUSDT-LPTUSDT,-0.285334,4,0,4,0.0,-10437.05,-2609.26,-1817.09,-876.69,-5926.19,-2.6498,-0.6368,-0.0113,0.0,22.0,-1.04,-0.0088,0.0018,0,0,4,0,0,0,0
CHRUSDT-IOUSDT,-0.285613,4,0,4,0.0,-10348.2,-2587.05,-2929.76,-540.03,-3948.64,-1.5743,-0.4018,-0.0118,0.0,22.0,-1.03,-0.0131,0.0056,0,0,4,0,0,0,0
POWRUSDT-TUSDT,-0.286263,4,0,4,0.0,-10751.86,-2687.96,-2485.2,-539.95,-5241.5,-2.3441,-0.8439,-0.0131,0.0,32.0,-1.08,-0.0116,0.0059,0,0,4,0,0,0,0
HFTUSDT-SPELLUSDT,-0.288924,4,0,4,0.0,-13778.38,-3444.59,-1932.24,-1429.83,-8484.06,-2.4082,-0.7316,-0.0185,0.0,28.0,-1.38,-0.0121,0.0042,0,0,4,0,0,0,0
PYTHUSDT-UMAUSDT,-0.289046,4,0,4,0.0,-16052.87,-4013.22,-3591.02,-3071.0,-5799.84,-2.9225,-1.549,-0.0187,0.0,56.0,-1.61,-0.014,0.0061,0,0,4,0,0,0,0
SKLUSDT-YFIUSDT,-0.291969,4,0,4,0.0,-24541.72,-6135.43,-5277.15,-635.42,-13352.0,-3.461,-0.6941,-0.0245,0.0,16.0,-2.45,-0.0208,0.0045,0,0,4,0,0,0,0
AIUSDT-GTCUSDT,-0.292312,3,0,3,0.0,-5734.01,-1911.34,-2093.76,-1309.35,-2330.89,-1.7605,-0.5874,-0.0057,0.0,24.0,-0.57,-0.0097,0.0008,0,0,3,0,0,0,0
ADAUSDT-GRTUSDT,-0.292465,3,0,3,0.0,-5056.17,-1685.39,-537.77,-393.98,-4124.43,-1.7072,-0.4048,-0.006,0.0,22.7,-0.51,-0.0077,0.0016,0,0,3,0,0,0,0
ARKUSDT-CETUSUSDT,-0.292595,4,0,4,0.0,-20847.44,-5211.86,-4005.47,-2955.31,-9881.2,-3.8195,-1.2461,-0.0258,0.0,28.0,-2.08,-0.0167,0.0043,0,0,4,0,0,0,0
ENSUSDT-PENGUUSDT,-0.292882,4,0,4,0.0,-23592.8,-5898.2,-5466.18,-2264.57,-10395.86,-3.6554,-1.3293,-0.0264,0.0,37.0,-2.36,-0.0216,0.0026,0,1,3,0,0,0,0
INJUSDT-XLMUSDT,-0.292901,3,0,3,0.0,-5377.02,-1792.34,-2208.75,-917.11,-2251.17,-1.2553,-0.2945,-0.0069,0.0,33.3,-0.54,-0.0117,0.002,0,0,3,0,0,0,0
OXTUSDT-XLMUSDT,-0.293524,3,0,3,0.0,-6638.07,-2212.69,-2229.25,-73.64,-4335.18,-1.893,-0.6093,-0.0082,0.0,29.3,-0.66,-0.0099,0.0023,0,0,3,0,0,0,0
APEUSDT-DOTUSDT,-0.293743,3,0,3,0.0,-8595.6,-2865.2,-1563.11,-1318.39,-5714.11,-2.5568,-0.6862,-0.0086,0.0,30.7,-0.86,-0.0103,0.0012,0,1,2,0,0,0,0
COSUSDT-NKNUSDT,-0.293818,3,0,3,0.0,-5575.2,-1858.4,-2230.86,-450.04,-2894.31,-1.6269,-0.376,-0.0087,0.0,29.3,-0.56,-0.0091,0.0032,0,0,3,0,0,0,0
TUSDT-WAXPUSDT,-0.293875,3,0,3,0.0,-6436.45,-2145.48,-2042.86,-659.12,-3734.48,-1.6895,-0.3426,-0.0089,0.0,18.7,-0.64,-0.0114,0.0005,0,0,3,0,0,0,0
DENTUSDT-SKLUSDT,-0.294198,3,0,3,0.0,-5501.29,-1833.76,-1396.73,-1261.56,-2842.99,-1.1219,-0.4807,-0.0095,0.0,56.0,-0.55,-0.0065,0.0136,0,0,3,0,0,0,0
ALTUSDT-LSKUSDT,-0.294283,3,0,3,0.0,-7831.67,-2610.56,-3038.89,-715.74,-4077.04,-2.1978,-0.6131,-0.0097,0.0,22.7,-0.78,-0.0128,0.0,0,0,3,0,0,0,0
CTSIUSDT-SUSHIUSDT,-0.29431,3,0,3,0.0,-6021.6,-2007.2,-1170.18,-364.92,-4486.49,-1.6429,-0.4627,-0.0097,0.0,30.7,-0.6,-0.0107,0.0029,0,0,3,0,0,0,0
WLDUSDT-XLMUSDT,-0.29439,3,0,3,0.0,-9546.32,-3182.11,-2358.14,-928.72,-6259.46,-2.4297,-0.8431,-0.0099,0.0,36.0,-0.95,-0.0122,0.0019,0,0,3,0,0,0,0
AAVEUSDT-TRBUSDT,-0.294473,3,0,3,0.0,-10051.1,-3350.37,-4270.68,-1381.5,-4398.91,-2.7362,-0.9037,-0.0101,0.0,32.0,-1.01,-0.0104,0.0049,0,0,3,0,0,0,0
1000CATUSDT-NFPUSDT,-0.294501,3,0,3,0.0,-8965.51,-2988.5,-1915.08,-1427.94,-5622.49,-3.022,-1.0586,-0.0101,0.0,38.7,-0.9,-0.0093,0.0029,0,0,3,0,0,0,0
KAITOUSDT-POWRUSDT,-0.294655,3,0,3,0.0,-4556.07,-1518.69,-1159.54,-117.21,-3279.32,-1.3074,-0.3762,-0.0104,0.0,21.3,-0.46,-0.0079,0.0057,0,0,3,0,0,0,0
AVAXUSDT-GMTUSDT,-0.294681,3,0,3,0.0,-10025.48,-3341.83,-2583.66,-2453.2,-4988.62,-2.9139,-0.5321,-0.0105,0.0,20.0,-1.0,-0.0126,0.0017,0,0,3,0,0,0,0
HOOKUSDT-MBOXUSDT,-0.294768,3,0,3,0.0,-9838.84,-3279.61,-1342.98,-1009.41,-7486.45,-3.0261,-0.713,-0.0106,0.0,17.3,-0.98,-0.0127,0.0,0,1,2,0,0,0,0
CGPTUSDT-KNCUSDT,-0.295137,3,0,3,0.0,-9861.91,-3287.3,-2254.09,-118.61,-7489.21,-3.3139,-0.597,-0.0114,0.0,14.7,-0.99,-0.0124,0.0004,0,0,3,0,0,0,0
FIOUSDT-HOTUSDT,-0.295185,3,0,3,0.0,-9516.61,-3172.2,-2405.62,-1107.79,-6003.21,-1.7363,-0.5241,-0.0115,0.0,29.3,-0.95,-0.0123,0.0046,0,0,3,0,0,0,0
RSRUSDT-STRKUSDT,-0.295297,3,0,3,0.0,-8790.46,-2930.15,-2811.0,-1046.58,-4932.89,-1.5324,-0.43,-0.0117,0.0,36.0,-0.88,-0.0179,0.0056,0,0,3,0,0,0,0
ICXUSDT-PEOPLEUSDT,-0.295346,3,0,3,0.0,-7775.29,-2591.76,-2936.47,-1833.11,-3005.72,-2.1486,-0.7909,-0.0118,0.0,37.3,-0.78,-0.0126,0.0038,0,0,3,0,0,0,0
CETUSUSDT-MBOXUSDT,-0.295477,3,0,3,0.0,-12062.79,-4020.93,-3746.15,-3295.35,-5021.29,-2.9058,-1.1116,-0.0121,0.0,53.3,-1.21,-0.0131,0.0076,0,0,3,0,0,0,0
COMPUSDT-XRPUSDT,-0.295979,4,0,4,0.0,-30728.48,-7682.12,-8272.93,-3499.35,-10683.27,-3.8852,-1.086,-0.0326,0.0,41.0,-3.07,-0.0263,0.0048,0,2,2,0,0,0,0
ARPAUSDT-IMXUSDT,-0.29599,3,0,3,0.0,-12755.52,-4251.84,-3365.54,-1647.27,-7742.72,-3.2805,-0.587,-0.0131,0.0,16.0,-1.28,-0.0139,0.0018,0,1,2,0,0,0,0
AIXBTUSDT-SKLUSDT,-0.296043,3,0,3,0.0,-10698.29,-3566.1,-3485.0,-3244.35,-3968.93,-1.3133,-0.6942,-0.0132,0.0,90.7,-1.07,-0.0174,0.0118,0,0,3,0,0,0,0
ARPAUSDT-TLMUSDT,-0.296187,4,0,4,0.0,-24353.02,-6088.25,-4975.66,-2465.91,-11935.78,-2.5779,-0.6547,-0.033,0.0,32.0,-2.44,-0.027,0.0017,0,1,2,0,0,0,0
ALGOUSDT-ONGUSDT,-0.296271,3,0,3,0.0,-11624.38,-3874.79,-3246.82,-1887.14,-6490.42,-2.2832,-0.8428,-0.0137,0.0,54.7,-1.16,-0.0167,0.0027,0,0,3,0,0,0,0
CETUSUSDT-COOKIEUSDT,-0.296302,3,0,3,0.0,-12624.45,-4208.15,-4457.3,-120.29,-8046.85,-2.3414,-0.5369,-0.0137,0.0,20.0,-1.26,-0.0169,0.0015,0,0,3,0,0,0,0
KSMUSDT-UNIUSDT,-0.296587,3,0,3,0.0,-10884.97,-3628.32,-2555.5,-2124.16,-6205.3,-2.2727,-0.5367,-0.0143,0.0,25.3,-1.09,-0.0134,0.0044,0,0,2,0,0,0,0
GTCUSDT-SPELLUSDT,-0.296745,3,0,3,0.0,-13973.5,-4657.83,-2592.42,-1034.17,-10346.92,-2.3742,-0.8862,-0.0146,0.0,46.7,-1.4,-0.0196,0.0033,0,0,3,0,0,0,0
COSUSDT-DOGEUSDT,-0.296751,3,0,3,0.0,-12825.12,-4275.04,-4221.66,-287.98,-8315.48,-2.8563,-1.2795,-0.0146,0.0,66.7,-1.28,-0.0135,0.0081,0,0,3,0,0,0,0
NEARUSDT-PEOPLEUSDT,-0.296866,3,0,3,0.0,-13699.33,-4566.44,-6167.14,-1348.63,-6183.57,-3.6631,-0.8949,-0.0148,0.0,18.7,-1.37,-0.0158,0.0013,0,0,3,0,0,0,0
QTUMUSDT-VICUSDT,-0.297056,3,0,3,0.0,-10592.96,-3530.99,-2844.28,-538.88,-7209.8,-1.9511,-0.3821,-0.0152,0.0,16.0,-1.06,-0.0177,0.0031,0,1,2,0,0,0,0
ACEUSDT-LTCUSDT,-0.297066,3,0,3,0.0,-12266.91,-4088.97,-3633.25,-259.16,-8374.51,-2.4963,-0.9803,-0.0152,0.0,38.7,-1.23,-0.0136,0.0064,0,0,3,0,0,0,0
SKLUSDT-WUSDT,-0.297122,3,0,3,0.0,-12505.89,-4168.63,-1243.32,-985.65,-10276.92,-2.7634,-1.1077,-0.0154,0.0,61.3,-1.25,-0.0133,0.0033,0,0,3,0,0,0,0
TURBOUSDT-VICUSDT,-0.297211,3,0,3,0.0,-15272.77,-5090.92,-1548.41,-207.08,-13517.28,-3.4824,-0.9209,-0.0155,0.0,29.3,-1.53,-0.0186,0.0005,0,0,2,0,1,0,0
CTSIUSDT-INJUSDT,-0.297282,3,0,3,0.0,-14236.05,-4745.35,-3454.06,-1923.59,-8858.4,-2.672,-0.6,-0.0157,0.0,26.7,-1.42,-0.0161,0.0018,0,1,2,0,0,0,0
DYMUSDT-ENSUSDT,-0.2974,3,0,3,0.0,-11170.52,-3723.51,-1258.11,-1023.72,-8888.69,-2.0012,-0.4999,-0.0159,0.0,41.3,-1.12,-0.0148,0.0057,0,0,3,0,0,0,0
BMTUSDT-NOTUSDT,-0.297422,3,0,3,0.0,-12946.53,-4315.51,-2413.26,-1448.15,-9085.12,-2.8161,-0.6632,-0.016,0.0,24.0,-1.29,-0.0169,0.0049,0,0,3,0,0,0,0
MAVUSDT-ROSEUSDT,-0.297467,3,0,3,0.0,-15815.28,-5271.76,-3612.02,-987.8,-11215.47,-2.5174,-0.3229,-0.016,0.0,10.7,-1.58,-0.0192,0.0009,0,1,2,0,0,0,0
COTIUSDT-MBOXUSDT,-0.297786,3,0,3,0.0,-14127.61,-4709.2,-5115.05,-375.21,-8637.36,-2.6902,-0.7849,-0.0167,0.0,38.7,-1.41,-0.0176,0.0063,0,1,2,0,0,0,0
CVCUSDT-WIFUSDT,-0.297918,3,0,3,0.0,-13607.91,-4535.97,-4325.11,-1376.98,-7905.83,-2.889,-0.7152,-0.0169,0.0,20.0,-1.36,-0.0196,0.0035,0,0,3,0,0,0,0
ATOMUSDT-ZKUSDT,-0.297924,3,0,3,0.0,-14646.38,-4882.13,-5165.21,-3725.54,-5755.63,-2.7543,-0.9429,-0.017,0.0,42.7,-1.46,-0.0207,0.0049,0,0,3,0,0,0,0
GALAUSDT-RSRUSDT,-0.298074,3,0,3,0.0,-12118.93,-4039.64,-3712.54,-1416.88,-6989.51,-2.9609,-0.8159,-0.0173,0.0,25.3,-1.21,-0.0172,0.0023,0,0,3,0,0,0,0
INJUSDT-XRPUSDT,-0.298504,3,0,3,0.0,-18117.46,-6039.15,-4392.52,-2631.75,-11093.18,-3.8597,-0.6655,-0.0181,0.0,14.7,-1.81,-0.0193,0.0,0,0,3,0,0,0,0
BMTUSDT-ONTUSDT,-0.298565,3,0,3,0.0,-12920.93,-4306.98,-3268.44,-2994.88,-6657.61,-3.083,-0.8202,-0.0182,0.0,33.3,-1.29,-0.0155,0.0063,0,0,3,0,0,0,0
ETCUSDT-STORJUSDT,-0.298759,3,0,3,0.0,-16382.11,-5460.7,-4554.52,-3176.3,-8651.29,-3.8747,-1.6936,-0.0186,0.0,65.3,-1.64,-0.0186,0.0045,0,0,3,0,0,0,0
BLURUSDT-VICUSDT,-0.298822,3,0,3,0.0,-18137.5,-6045.83,-8103.37,-1764.71,-8269.42,-4.4755,-0.9821,-0.0188,0.0,20.0,-1.81,-0.0203,0.0014,0,1,2,0,0,0,0
COMPUSDT-MAGICUSDT,-0.298836,3,0,3,0.0,-18781.07,-6260.36,-7119.73,-2120.71,-9540.63,-4.6958,-0.9082,-0.0188,0.0,13.3,-1.88,-0.0203,0.0001,0,1,2,0,0,0,0
KAITOUSDT-NOTUSDT,-0.299011,3,0,3,0.0,-12946.34,-4315.45,-2760.55,-336.2,-9849.6,-1.8276,-0.5012,-0.0191,0.0,40.0,-1.29,-0.022,0.0084,0,1,2,0,0,0,0
ETCUSDT-STEEMUSDT,-0.299417,3,0,3,0.0,-15666.04,-5222.01,-3923.08,-2658.79,-9084.17,-2.3899,-0.5489,-0.0199,0.0,37.3,-1.57,-0.025,0.003,0,0,3,0,0,0,0
DIAUSDT-ENAUSDT,-0.29951,3,0,3,0.0,-19845.13,-6615.04,-5555.47,-1187.55,-13102.11,-3.201,-0.733,-0.0201,0.0,24.0,-1.98,-0.0223,0.0075,0,0,3,0,0,0,0
IOTXUSDT-SCRUSDT,-0.299518,3,0,3,0.0,-19290.62,-6430.21,-6047.17,-5428.69,-7814.76,-3.5634,-0.6874,-0.0201,0.0,16.0,-1.93,-0.0209,0.0024,0,1,2,0,0,0,0
HOOKUSDT-NFPUSDT,-0.299741,3,0,3,0.0,-16376.52,-5458.84,-3492.07,-2527.86,-10356.6,-3.0348,-0.8071,-0.0206,0.0,38.7,-1.64,-0.0174,0.0051,0,1,2,0,0,0,0
IOTXUSDT-XLMUSDT,-0.299849,3,0,3,0.0,-18008.9,-6002.97,-5890.74,-1251.23,-10866.93,-2.696,-0.4518,-0.0208,0.0,12.0,-1.8,-0.0226,0.0036,0,1,2,0,0,0,0
KSMUSDT-PNUTUSDT,-0.299888,3,0,3,0.0,-20355.87,-6785.29,-6373.9,-420.53,-13561.43,-3.4943,-0.7104,-0.0209,0.0,26.7,-2.04,-0.0229,0.0016,0,1,2,0,0,0,0
CFXUSDT-VANAUSDT,-0.300184,3,0,3,0.0,-18405.19,-6135.06,-6210.38,-2350.65,-9844.16,-3.496,-0.8564,-0.0215,0.0,14.7,-1.84,-0.0221,0.0017,0,0,3,0,0,0,0
ATAUSDT-LISTAUSDT,-0.300481,3,0,3,0.0,-18900.12,-6300.04,-7980.11,-105.3,-10814.71,-2.9352,-0.9482,-0.0221,0.0,40.0,-1.89,-0.0213,0.0082,0,0,3,0,0,0,0
OXTUSDT-RVNUSDT,-0.300722,3,0,3,0.0,-22553.09,-7517.7,-10222.81,-279.55,-12050.73,-2.4111,-0.6797,-0.0226,0.0,36.0,-2.26,-0.035,0.0063,0,1,2,0,0,0,0
HIVEUSDT-TRUUSDT,-0.3008,3,0,3,0.0,-21950.95,-7316.98,-8783.06,-1891.26,-11276.63,-3.4642,-1.007,-0.0227,0.0,44.0,-2.2,-0.025,0.0055,0,1,2,0,0,0,0
HOOKUSDT-SPELLUSDT,-0.300805,3,0,3,0.0,-19924.2,-6641.4,-7943.31,-2697.63,-9283.25,-2.6541,-1.0547,-0.0227,0.0,81.3,-1.99,-0.027,0.0039,0,1,2,0,0,0,0
GRTUSDT-USTCUSDT,-0.30081,3,0,3,0.0,-22627.08,-7542.36,-4666.2,-1738.15,-16222.73,-4.1206,-0.8846,-0.0227,0.0,20.0,-2.26,-0.0245,0.0045,0,0,3,0,0,0,0
VANAUSDT-VTHOUSDT,-0.300939,3,0,3,0.0,-15331.58,-5110.53,-3070.72,-1418.53,-10842.33,-2.0815,-1.0909,-0.023,0.0,93.3,-1.53,-0.0201,0.0127,0,0,3,0,0,0,0
PYTHUSDT-RVNUSDT,-0.301425,3,0,3,0.0,-23522.59,-7840.86,-9801.38,-1667.43,-12053.78,-3.4132,-0.498,-0.024,0.0,13.3,-2.35,-0.0257,0.0006,0,2,1,0,0,0,0
MEMEUSDT-SYSUSDT,-0.301588,4,0,4,0.0,-35505.75,-8876.44,-8741.53,-4750.08,-13272.61,-2.969,-0.8882,-0.0438,0.0,39.0,-3.55,-0.0291,0.0145,0,1,3,0,0,0,0
LSKUSDT-SEIUSDT,-0.301758,3,0,3,0.0,-23856.12,-7952.04,-6614.82,-4363.7,-12877.6,-3.1749,-0.82,-0.0246,0.0,30.7,-2.39,-0.0266,0.0046,0,1,2,0,0,0,0
ALTUSDT-IOUSDT,-0.302031,3,0,3,0.0,-16531.58,-5510.53,-6092.47,-3726.69,-6712.43,-2.0041,-0.9648,-0.0252,0.0,73.3,-1.65,-0.0186,0.0204,0,0,3,0,0,0,0
ACEUSDT-CAKEUSDT,-0.302766,3,0,3,0.0,-26641.37,-8880.46,-7716.78,-5484.51,-13440.08,-3.2032,-1.2126,-0.0266,0.0,37.3,-2.66,-0.029,0.0079,0,0,3,0,0,0,0
MTLUSDT-VETUSDT,-0.303948,3,0,3,0.0,-29005.28,-9668.43,-11110.32,-3851.72,-14043.24,-4.4788,-1.2478,-0.029,0.0,30.7,-2.9,-0.0314,0.0063,0,2,1,0,0,0,0
MOVEUSDT-SCRUSDT,-0.304032,3,0,3,0.0,-24640.04,-8213.35,-5207.92,-1844.32,-17587.81,-2.2675,-0.6169,-0.0292,0.0,64.0,-2.46,-0.028,0.0117,0,1,2,0,0,0,0
KAITOUSDT-SUIUSDT,-0.305531,3,0,3,0.0,-32171.6,-10723.87,-13388.99,-2339.18,-16443.43,-3.9174,-1.1938,-0.0322,0.0,38.7,-3.22,-0.0367,0.0068,0,2,1,0,0,0,0
COMPUSDT-NEOUSDT,-0.305536,3,0,3,0.0,-27605.59,-9201.86,-10423.86,-1126.28,-16055.45,-3.9465,-0.8967,-0.0322,0.0,36.0,-2.76,-0.0299,0.0079,0,2,1,0,0,0,0
EIGENUSDT-FORMUSDT,-0.305885,3,0,3,0.0,-30304.79,-10101.6,-7275.08,-966.64,-22063.07,-2.7839,-0.8044,-0.0329,0.0,72.0,-3.03,-0.0347,0.0107,0,1,2,0,0,0,0
DUSKUSDT-LUMIAUSDT,-0.306829,3,0,3,0.0,-29116.29,-9705.43,-7094.61,-5060.99,-16960.69,-2.5788,-0.6805,-0.0348,0.0,32.0,-2.91,-0.0416,0.0032,0,0,3,0,0,0,0
KAITOUSDT-LDOUSDT,-0.307809,3,0,3,0.0,-32905.06,-10968.35,-10343.24,-8091.29,-14470.53,-4.9025,-1.7062,-0.0367,0.0,54.7,-3.29,-0.0358,0.0045,0,1,2,0,0,0,0
COMPUSDT-QTUMUSDT,-0.307964,4,0,4,0.0,-56531.48,-14132.87,-15573.19,-6438.28,-18946.81,-4.2185,-1.3479,-0.0565,0.0,63.0,-5.65,-0.0463,0.004,0,3,1,0,0,0,0
COMPUSDT-KSMUSDT,-0.308154,3,0,3,0.0,-34183.13,-11394.38,-8618.74,-4740.82,-20823.57,-3.5981,-1.1096,-0.0374,0.0,88.0,-3.42,-0.0398,0.0116,0,1,2,0,0,0,0
DOGSUSDT-JASMYUSDT,-0.308276,3,0,3,0.0,-37443.76,-12481.25,-10760.64,-4335.15,-22347.97,-4.0591,-0.6817,-0.0377,0.0,12.0,-3.74,-0.0413,0.0004,0,2,1,0,0,0,0
LPTUSDT-STRKUSDT,-0.308758,3,0,3,0.0,-29088.52,-9696.17,-2673.12,-1.53,-26413.87,-2.2095,-0.4038,-0.0386,0.0,25.3,-2.91,-0.0389,0.0055,0,1,2,0,0,0,0
GMTUSDT-JASMYUSDT,-0.30879,3,0,3,0.0,-33005.9,-11001.97,-5674.43,-5546.17,-21785.3,-2.6153,-0.5042,-0.0387,0.0,38.7,-3.3,-0.0359,0.0085,0,1,2,0,0,0,0
AUCTIONUSDT-BANDUSDT,-0.309356,3,0,3,0.0,-33774.99,-11258.33,-10281.92,-822.22,-22670.86,-4.3526,-1.0494,-0.0398,0.0,16.0,-3.38,-0.0407,0.0031,0,1,2,0,0,0,0
ANIMEUSDT-LTCUSDT,-0.310421,3,0,3,0.0,-41951.32,-13983.77,-2928.72,-2059.68,-36962.91,-2.3895,-0.3212,-0.042,0.0,12.0,-4.2,-0.0458,0.0,0,1,2,0,0,0,0
KAITOUSDT-SNXUSDT,-0.310938,3,0,3,0.0,-42984.69,-14328.23,-18693.32,-52.47,-24238.91,-3.097,-0.5939,-0.043,0.0,25.3,-4.3,-0.0536,0.0054,0,2,0,0,1,0,0
RDNTUSDT-ZKUSDT,-0.312693,3,0,3,0.0,-46496.1,-15498.7,-13271.7,-12498.19,-20726.21,-3.3239,-1.153,-0.0465,0.0,69.3,-4.65,-0.0509,0.017,0,2,1,0,0,0,0
OMUSDT-POLUSDT,-0.312874,3,0,3,0.0,-40576.81,-13525.6,-6905.92,-1848.12,-31822.77,-2.0767,-0.6498,-0.0469,0.0,108.0,-4.06,-0.0553,0.0077,0,1,2,0,0,0,0
CVCUSDT-MEMEUSDT,-0.314255,3,0,3,0.0,-45490.01,-15163.34,-5453.7,-2706.96,-37329.35,-2.2688,-0.3322,-0.0496,0.0,17.3,-4.55,-0.0554,0.0014,0,1,2,0,0,0,0
